{
  "title": "BENÁTSKY MOTÍV",
  "author": "BELOTTO, BERNARDO, TIRONI, FRANCESCO",
  "year": "(1733 - 1753)",
  "id": "SNG-0001009209",
  "width": 2048,
  "height": 1536,
  "file": "GNZ--M_195--1_1--2014_12_16--L2_WEB_20428.webp",
  "tiles_x": 4,
  "tiles_y": 3,
  "offset_x": 0.0,
  "offset_y": 0.0,
  "tiles": [
    {
      "margin": false,
      "index": 0,
      "file": null,
      "u": 0.0,
      "v": 0.0,
      "uw": 0.25,
      "vh": 0.333333343,
      "width": 512,
      "height": 512,
      "descriptor": [
        161,
        118,
        77,
        94,
        68,
        35,
        127,
        99,
        72,
        89,
        64,
        41,
        188,
        146,
        89,
        154,
        129,
        87,
        165,
        130,
        75,
        159,
        112,
        62,
        130,
        95,
        61,
        75,
        71,
        59,
        147,
        165,
        159,
        162,
        178,
        174,
        135,
        98,
        65,
        85,
        80,
        66,
        145,
        161,
        159,
        151,
        177,
        174
      ]
    },
    {
      "margin": false,
      "index": 1,
      "file": null,
      "u": 0.25,
      "v": 0.0,
      "uw": 0.25,
      "vh": 0.333333343,
      "width": 512,
      "height": 512,
      "descriptor": [
        98,
        81,
        50,
        107,
        70,
        44,
        106,
        71,
        45,
        109,
        59,
        46,
        160,
        120,
        72,
        132,
        100,
        65,
        147,
        112,
        64,
        169,
        127,
        78,
        144,
        166,
        165,
        155,
        173,
        174,
        158,
        174,
        169,
        150,
        162,
        159,
        148,
        164,
        162,
        148,
        165,
        163,
        150,
        170,
        170,
        157,
        171,
        165
      ]
    },
    {
      "margin": false,
      "index": 2,
      "file": null,
      "u": 0.5,
      "v": 0.0,
      "uw": 0.25,
      "vh": 0.333333343,
      "width": 512,
      "height": 512,
      "descriptor": [
        109,
        67,
        45,
        89,
        50,
        33,
        90,
        44,
        29,
        106,
        61,
        44,
        190,
        142,
        85,
        154,
        108,
        61,
        133,
        94,
        45,
        151,
        115,
        66,
        144,
        152,
        152,
        141,
        148,
        147,
        152,
        163,
        160,
        155,
        173,
        172,
        158,
        174,
        169,
        163,
        175,
        172,
        184,
        193,
        185,
        173,
        199,
        197
      ]
    },
    {
      "margin": false,
      "index": 3,
      "file": null,
      "u": 0.75,
      "v": 0.0,
      "uw": 0.25,
      "vh": 0.333333343,
      "width": 512,
      "height": 512,
      "descriptor": [
        76,
        57,
        42,
        81,
        55,
        37,
        181,
        122,
        72,
        223,
        181,
        122,
        140,
        110,
        73,
        141,
        98,
        50,
        152,
        120,
        74,
        222,
        173,
        122,
        169,
        194,
        193,
        155,
        177,
        176,
        77,
        74,
        64,
        207,
        153,
        94,
        165,
        182,
        180,
        169,
        189,
        188,
        155,
        169,
        159,
        203,
        153,
        101
      ]
    },
    {
      "margin": false,
      "index": 4,
      "file": null,
      "u": 0.0,
      "v": 0.333333343,
      "uw": 0.25,
      "vh": 0.333333343,
      "width": 512,
      "height": 512,
      "descriptor": [
        137,
        100,
        63,
        50,
        53,
        49,
        136,
        119,
        97,
        72,
        66,
        60,
        115,
        83,
        52,
        74,
        72,
        64,
        103,
        93,
        75,
        101,
        91,
        73,
        140,
        99,
        54,
        80,
        70,
        61,
        71,
        75,
        72,
        131,
        112,
        86,
        144,
        102,
        58,
        65,
        67,
        62,
        60,
        62,
        61,
        116,
        102,
        89
      ]
    },
    {
      "margin": false,
      "index": 5,
      "file": null,
      "u": 0.25,
      "v": 0.333333343,
      "uw": 0.25,
      "vh": 0.333333343,
      "width": 512,
      "height": 512,
      "descriptor": [
        154,
        166,
        164,
        139,
        155,
        152,
        156,
        178,
        178,
        155,
        174,
        174,
        101,
        85,
        65,
        153,
        171,
        166,
        169,
        183,
        183,
        158,
        171,
        168,
        194,
        169,
        120,
        210,
        182,
        139,
        120,
        111,
        94,
        138,
        125,
        99,
        138,
        117,
        89,
        147,
        131,
        102,
        121,
        105,
        78,
        88,
        82,
        67
      ]
    },
    {
      "margin": false,
      "index": 6,
      "file": null,
      "u": 0.5,
      "v": 0.333333343,
      "uw": 0.25,
      "vh": 0.333333343,
      "width": 512,
      "height": 512,
      "descriptor": [
        158,
        181,
        180,
        152,
        178,
        175,
        173,
        190,
        185,
        169,
        188,
        185,
        165,
        178,
        177,
        167,
        191,
        190,
        166,
        173,
        170,
        201,
        203,
        194,
        159,
        172,
        169,
        158,
        173,
        168,
        181,
        184,
        178,
        189,
        187,
        178,
        108,
        100,
        84,
        132,
        124,
        100,
        134,
        121,
        110,
        121,
        104,
        87
      ]
    },
    {
      "margin": false,
      "index": 7,
      "file": null,
      "u": 0.75,
      "v": 0.333333343,
      "uw": 0.25,
      "vh": 0.333333343,
      "width": 512,
      "height": 512,
      "descriptor": [
        172,
        193,
        191,
        173,
        193,
        191,
        60,
        64,
        59,
        241,
        188,
        132,
        176,
        192,
        188,
        186,
        200,
        195,
        58,
        62,
        57,
        221,
        172,
        120,
        190,
        197,
        191,
        191,
        191,
        180,
        78,
        70,
        63,
        215,
        168,
        113,
        105,
        99,
        86,
        178,
        190,
        183,
        71,
        77,
        73,
        229,
        178,
        121
      ]
    },
    {
      "margin": false,
      "index": 8,
      "file": null,
      "u": 0.0,
      "v": 0.6666667,
      "uw": 0.25,
      "vh": 0.333333343,
      "width": 512,
      "height": 512,
      "descriptor": [
        131,
        92,
        51,
        65,
        64,
        57,
        71,
        71,
        65,
        133,
        118,
        94,
        80,
        63,
        51,
        91,
        74,
        60,
        84,
        81,
        73,
        121,
        101,
        83,
        125,
        91,
        59,
        160,
        121,
        74,
        126,
        105,
        78,
        210,
        152,
        86,
        146,
        105,
        73,
        193,
        153,
        99,
        119,
        119,
        119,
        119,
        119,
        119
      ]
    },
    {
      "margin": false,
      "index": 9,
      "file": null,
      "u": 0.25,
      "v": 0.6666667,
      "uw": 0.25,
      "vh": 0.333333343,
      "width": 512,
      "height": 512,