{
  "title": "ZBOŽNOSŤ",
  "author": "RAKÚSKY GRAFIK ČINNÝ ZAČIATKOM 19. STOROČIA",
  "year": "(1790 - 1810)",
  "id": "SNG-0001025903",
  "width": 1600,
  "height": 2048,
  "file": "GNZ--G_822--1_1--_2015_03_20_--L2_WEB_117357.webp",
  "tiles_x": 3,
  "tiles_y": 3,
  "offset_x": 0.0,
  "offset_y": 0.109375,
  "tiles": [
    {
      "margin": false,
      "index": 6,
      "file": null,
      "u": 0.0,
      "v": 0.109375,
      "uw": 0.3333333,
      "vh": 0.260416657,
      "width": 533,
      "height": 533,
      "descriptor": [
        107,
        86,
        66,
        106,
        84,
        63,
        100,
        80,
        62,
        90,
        74,
        61,
        99,
        80,
        61,
        94,
        75,
        58,
        95,
        77,
        62,
        111,
        93,
        79,
        86,
        70,
        58,
        95,
        78,
        62,
        99,
        81,
        64,
        159,
        136,
        115,
        89,
        77,
        68,
        86,
        70,
        58,
        111,
        90,
        73,
        173,
        128,
        100
      ]
    },
    {
      "margin": false,
      "index": 7,
      "file": null,
      "u": 0.3333333,
      "v": 0.109375,
      "uw": 0.3333333,
      "vh": 0.260416657,
      "width": 533,
      "height": 533,
      "descriptor": [
        99,
        83,
        70,
        93,
        76,
        62,
        105,
        87,
        72,
        89,
        73,
        59,
        108,
        90,
        74,
        98,
        79,
        65,
        96,
        78,
        65,
        94,
        77,
        66,
        133,
        101,
        80,
        217,
        185,
        153,
        208,
        173,
        143,
        97,
        77,
        61,
        195,
        156,
        125,
        230,
        204,
        177,
        214,
        173,
        139,
        157,
        115,
        82
      ]
    },
    {
      "margin": false,
      "index": 8,
      "file": null,
      "u": 0.6666666,
      "v": 0.109375,
      "uw": 0.3333333,
      "vh": 0.260416657,
      "width": 533,
      "height": 533,
      "descriptor": [
        93,
        79,
        67,
        66,
        56,
        49,
        74,
        65,
        58,
        67,
        57,
        50,
        80,
        69,
        59,
        87,
        71,
        59,
        82,
        70,
        59,
        75,
        65,
        57,
        81,
        70,
        62,
        84,
        67,
        55,
        89,
        74,
        60,
        75,
        65,
        56,
        66,
        58,
        54,
        84,
        71,
        61,
        80,
        64,
        51,
        77,
        65,
        58
      ]
    },
    {
      "margin": false,
      "index": 9,
      "file": null,
      "u": 0.0,
      "v": 0.369791657,
      "uw": 0.3333333,
      "vh": 0.260416657,
      "width": 533,
      "height": 533,
      "descriptor": [
        80,
        68,
        58,
        95,
        80,
        68,
        203,
        160,
        123,
        220,
        181,
        148,
        70,
        59,
        52,
        84,
        72,
        61,
        210,
        175,
        144,
        218,
        173,
        139,
        68,
        58,
        51,
        72,
        61,
        51,
        109,
        92,
        76,
        86,
        70,
        58,
        75,
        64,
        55,
        95,
        78,
        65,
        99,
        81,
        63,
        95,
        76,
        59
      ]
    },
    {
      "margin": false,
      "index": 10,
      "file": null,
      "u": 0.3333333,
      "v": 0.369791657,
      "uw": 0.3333333,
      "vh": 0.260416657,
      "width": 533,
      "height": 533,
      "descriptor": [
        207,
        164,
        132,
        213,
        170,
        137,
        220,
        173,
        137,
        213,
        164,
        128,
        211,
        161,
        126,
        207,
        160,
        125,
        214,
        167,
        131,
        189,
        143,
        112,
        199,
        154,
        124,
        139,
        119,
        101,
        96,
        76,
        62,
        197,
        144,
        114,
        203,
        163,
        132,
        102,
        80,
        63,
        86,
        68,
        58,
        126,
        74,
        59
      ]
    },
    {
      "margin": false,
      "index": 11,
      "file": null,
      "u": 0.6666666,
      "v": 0.369791657,
      "uw": 0.3333333,
      "vh": 0.260416657,
      "width": 533,
      "height": 533,
      "descriptor": [
        159,
        117,
        91,
        100,
        86,
        73,
        89,
        78,
        69,
        74,
        63,
        55,
        195,
        152,
        120,
        153,
        118,
        91,
        92,
        79,
        67,
        77,
        67,
        59,
        225,
        179,
        145,
        225,
        188,
        156,
        218,
        192,
        167,
        167,
        144,
        122,
        221,
        180,
        148,
        214,
        185,
        156,
        198,
        177,
        155,
        181,
        149,
        121
      ]
    },
    {
      "margin": false,
      "index": 12,
      "file": null,
      "u": 0.0,
      "v": 0.6302083,
      "uw": 0.3333333,
      "vh": 0.260416657,
      "width": 533,
      "height": 533,
      "descriptor": [
        80,
        70,
        62,
        212,
        172,
        141,
        202,
        159,
        127,
        96,
        77,
        63,
        76,
        66,
        58,
        197,
        169,
        143,
        222,
        184,
        153,
        191,
        136,
        106,
        68,
        57,
        49,
        71,
        79,
        91,
        225,
        190,
        159,
        195,
        145,
        113,
        110,
        119,
        116,
        193,
        163,
        130,
        167,
        121,
        95,
        111,
        120,
        116
      ]
    },
    {
      "margin": false,
      "index": 13,
      "file": null,
      "u": 0.3333333,
      "v": 0.6302083,
      "uw": 0.3333333,
      "vh": 0.260416657,
      "width": 533,
      "height": 533,
      "descriptor": [
        215,
        172,
        141,
        127,
        96,
        76,
        129,
        66,
        51,
        213,
        167,
        133,
        211,
        161,
        127,
        156,
        97,
        74,
        215,
        173,
        138,
        229,
        182,
        148,
        148,
        77,
        57,
        237,
        201,
        168,
        216,
        162,
        128,
        194,
        104,
        81,
        190,
        106,
        80,
        210,
        159,
        124,
        145,
        70,
        53,
        170,
        82,
        62
      ]
    },
    {
      "margin": false,
      "index": 14,
      "file": null,
      "u": 0.6666666,
      "v": 0.6302083,
      "uw": 0.3333333,
      "vh": 0.260416657,
      "width": 533,
      "height": 533,
      "descriptor": [
        222,
        184,
        154,
        225,
        203,
        180,
        172,
        99,
        76,
        160,
        85,
        65,
        231,
        203,
        175,
        169,
        91,
        70,
        174,
        95,
        74,
        163,
        86,
        65,
        178,
        86,
        67,
        174,
        90,
        69,
        171,
        89,
        67,
        163,
        84,
        63,
        167,
        88,
        66,
        183,
        103,
        80,
        172,
        86,
        66,
        154,
        71,
        55
      ]
    }
  ],
  "margins": [
    {
      "margin": true,
      "index": 0,
      "file": null,
      "u": 0.0,
      "v": 0.0,
      "uw": 0.3333333,
      "vh": 0.109375,