{
  "title": "GOTICKÁ SIEŇ",
  "author": "WINCKELMANN A SYN",
  "year": "1830",
  "id": "SNG-0001038349",
  "width": 2048,
  "height": 1664,
  "file": "GNZ--G_1130--1_1--2015_03_17--L2_WEB_1630505.webp",
  "tiles_x": 3,
  "tiles_y": 3,
  "offset_x": 0.09375,
  "offset_y": 0.0,
  "tiles": [
    {
      "margin": false,
      "index": 6,
      "file": null,
      "u": 0.09375,
      "v": 0.0,
      "uw": 0.270833343,
      "vh": 0.333333343,
      "width": 554,
      "height": 554,
      "descriptor": [
        219,
        202,
        179,
        222,
        205,
        183,
        218,
        201,
        178,
        215,
        199,
        176,
        78,
        63,
        50,
        97,
        83,
        71,
        80,
        68,
        53,
        84,
        75,
        60,
        77,
        67,
        58,
        139,
        129,
        115,
        79,
        59,
        45,
        117,
        109,
        99,
        79,
        65,
        57,
        94,
        82,
        69,
        123,
        111,
        97,
        69,
        55,
        47
      ]
    },
    {
      "margin": false,
      "index": 7,
      "file": null,
      "u": 0.364583343,
      "v": 0.0,
      "uw": 0.270833343,
      "vh": 0.333333343,
      "width": 554,
      "height": 554,
      "descriptor": [
        220,
        204,
        181,
        220,
        204,
        183,
        216,
        199,
        179,
        224,
        208,
        188,
        90,
        69,
        59,
        91,
        75,
        59,
        97,
        80,
        68,
        82,
        65,
        52,
        118,
        109,
        96,
        65,
        56,
        46,
        184,
        168,
        147,
        187,
        171,
        152,
        77,
        67,
        52,
        79,
        64,
        51,
        203,
        180,
        155,
        122,
        100,
        77
      ]
    },
    {
      "margin": false,
      "index": 8,
      "file": null,
      "u": 0.6354167,
      "v": 0.0,
      "uw": 0.270833343,
      "vh": 0.333333343,
      "width": 554,
      "height": 554,
      "descriptor": [
        217,
        200,
        178,
        225,
        207,
        184,
        227,
        209,
        187,
        224,
        207,
        184,
        97,
        81,
        64,
        91,
        75,
        61,
        107,
        85,
        72,
        92,
        78,
        68,
        153,
        139,
        124,
        115,
        100,
        81,
        148,
        133,
        114,
        102,
        93,
        83,
        123,
        110,
        98,
        165,
        146,
        124,
        155,
        134,
        111,
        144,
        134,
        121
      ]
    },
    {
      "margin": false,
      "index": 9,
      "file": null,
      "u": 0.09375,
      "v": 0.333333343,
      "uw": 0.270833343,
      "vh": 0.333333343,
      "width": 554,
      "height": 554,
      "descriptor": [
        80,
        73,
        64,
        117,
        104,
        91,
        70,
        56,
        42,
        76,
        59,
        45,
        80,
        72,
        60,
        91,
        81,
        65,
        105,
        96,
        80,
        103,
        92,
        79,
        68,
        64,
        53,
        80,
        98,
        105,
        86,
        75,
        65,
        97,
        88,
        75,
        63,
        57,
        52,
        145,
        164,
        168,
        116,
        105,
        94,
        74,
        64,
        58
      ]
    },
    {
      "margin": false,
      "index": 10,
      "file": null,
      "u": 0.364583343,
      "v": 0.333333343,
      "uw": 0.270833343,
      "vh": 0.333333343,
      "width": 554,
      "height": 554,
      "descriptor": [
        95,
        77,
        63,
        97,
        76,
        62,
        113,
        88,
        70,
        120,
        99,
        80,
        139,
        130,
        109,
        129,
        118,
        105,
        128,
        115,
        102,
        93,
        76,
        61,
        94,
        85,
        71,
        144,
        135,
        120,
        77,
        62,
        55,
        63,
        50,
        44,
        83,
        72,
        59,
        141,
        128,
        111,
        78,
        65,
        56,
        91,
        80,
        69
      ]
    },
    {
      "margin": false,
      "index": 11,
      "file": null,
      "u": 0.6354167,
      "v": 0.333333343,
      "uw": 0.270833343,
      "vh": 0.333333343,
      "width": 554,
      "height": 554,
      "descriptor": [
        76,
        60,
        48,
        110,
        85,
        65,
        132,
        114,
        91,
        101,
        84,
        64,
        112,
        99,
        84,
        102,
        91,
        79,
        104,
        89,
        76,
        83,
        70,
        59,
        125,
        108,
        87,
        115,
        97,
        81,
        96,
        80,
        65,
        111,
        87,
        60,
        119,
        108,
        93,
        129,
        117,
        98,
        141,
        128,
        111,
        165,
        150,
        132
      ]
    },
    {
      "margin": false,
      "index": 12,
      "file": null,
      "u": 0.09375,
      "v": 0.6666667,
      "uw": 0.270833343,
      "vh": 0.333333343,
      "width": 554,
      "height": 554,
      "descriptor": [
        82,
        74,
        62,
        82,
        66,
        55,
        80,
        70,
        59,
        73,
        61,
        48,
        84,
        77,
        69,
        110,
        91,
        74,
        110,
        101,
        88,
        118,
        110,
        95,
        74,
        63,
        53,
        96,
        104,
        109,
        110,
        94,
        80,
        160,
        75,
        88,
        230,
        211,
        191,
        225,
        204,
        186,
        220,
        198,
        178,
        231,
        209,
        195
      ]
    },
    {
      "margin": false,
      "index": 13,
      "file": null,
      "u": 0.364583343,
      "v": 0.6666667,
      "uw": 0.270833343,
      "vh": 0.333333343,
      "width": 554,
      "height": 554,
      "descriptor": [
        155,
        154,
        144,
        146,
        128,
        105,
        90,
        79,
        66,
        96,
        79,
        69,
        163,
        151,
        136,
        140,
        124,
        107,
        99,
        90,
        77,
        76,
        63,
        50,
        142,
        67,
        78,
        119,
        100,
        85,
        96,
        83,
        72,
        148,
        122,
        100,
        218,
        199,
        182,
        230,
        212,
        194,
        218,
        200,
        179,
        230,
        210,
        190
      ]
    },
    {
      "margin": false,
      "index": 14,
      "file": null,
      "u": 0.6354167,
      "v": 0.6666667,
      "uw": 0.270833343,
      "vh": 0.333333343,
      "width": 554,
      "height": 554,
      "descriptor": [
        136,
        134,
        120,
        104,
        125,
        133,
        143,
        124,
        98,
        96,
        81,
        67,
        98,
        90,
        81,
        164,
        147,
        126,
        104,
        94,
        77,
        121,
        110,
        95,
        132,
        115,
        103,
        124,
        113,
        96,
        111,
        96,
        79,
        128,
        111,
        96,
        224,
        205,
        187,
        227,
        206,
        186,
        213,
        196,
        178,
        226,
        208,
        192
      ]
    }
  ],
  "margins": [
    {
      "margin": true,
      "index": 0,
      "file": null,
      "u": 0.0,
      "v": 0.0,
      "uw": 0.09375,
      "vh": 0.333333343,