{
  "title": "PORTRÉT MLADEJ VDOVY",
  "author": "BARABÁS, MIKLÓS",
  "year": "1842",
  "id": "SNG-0001009212",
  "width": 1728,
  "height": 2048,
  "file": "GNZ--M_59--1_1--2014_12_17--L2_WEB_21686.webp",
  "tiles_x": 3,
  "tiles_y": 3,
  "offset_x": 0.0,
  "offset_y": 0.078125,
  "tiles": [
    {
      "margin": false,
      "index": 6,
      "file": null,
      "u": 0.0,
      "v": 0.078125,
      "uw": 0.333333343,
      "vh": 0.28125,
      "width": 576,
      "height": 576,
      "descriptor": [
        107,
        86,
        46,
        175,
        136,
        76,
        55,
        53,
        45,
        62,
        54,
        43,
        142,
        102,
        41,
        154,
        121,
        65,
        42,
        39,
        33,
        51,
        42,
        33,
        143,
        104,
        45,
        159,
        126,
        65,
        41,
        38,
        32,
        51,
        39,
        30,
        153,
        110,
        50,
        170,
        133,
        67,
        33,
        28,
        24,
        45,
        34,
        27
      ]
    },
    {
      "margin": false,
      "index": 7,
      "file": null,
      "u": 0.333333343,
      "v": 0.078125,
      "uw": 0.333333343,
      "vh": 0.28125,
      "width": 576,
      "height": 576,
      "descriptor": [
        62,
        50,
        37,
        86,
        75,
        59,
        77,
        75,
        64,
        74,
        69,
        56,
        70,
        52,
        36,
        86,
        66,
        46,
        79,
        54,
        30,
        83,
        61,
        41,
        63,
        48,
        35,
        34,
        33,
        31,
        49,
        39,
        34,
        89,
        62,
        40,
        34,
        32,
        30,
        46,
        44,
        38,
        96,
        70,
        53,
        87,
        62,
        39
      ]
    },
    {
      "margin": false,
      "index": 8,
      "file": null,
      "u": 0.6666667,
      "v": 0.078125,
      "uw": 0.333333343,
      "vh": 0.28125,
      "width": 576,
      "height": 576,
      "descriptor": [
        72,
        68,
        59,
        55,
        57,
        47,
        155,
        120,
        69,
        167,
        132,
        78,
        65,
        53,
        38,
        61,
        52,
        41,
        166,
        127,
        70,
        177,
        130,
        62,
        72,
        56,
        37,
        69,
        56,
        43,
        210,
        161,
        85,
        180,
        132,
        65,
        78,
        55,
        36,
        68,
        50,
        32,
        187,
        144,
        83,
        176,
        129,
        63
      ]
    },
    {
      "margin": false,
      "index": 9,
      "file": null,
      "u": 0.0,
      "v": 0.359375,
      "uw": 0.333333343,
      "vh": 0.28125,
      "width": 576,
      "height": 576,
      "descriptor": [
        152,
        105,
        54,
        154,
        121,
        61,
        21,
        23,
        21,
        43,
        42,
        37,
        135,
        99,
        40,
        135,
        108,
        50,
        21,
        23,
        20,
        45,
        48,
        44,
        134,
        98,
        39,
        154,
        120,
        58,
        70,
        39,
        32,
        27,
        32,
        30,
        136,
        99,
        41,
        170,
        134,
        72,
        23,
        37,
        34,
        35,
        41,
        37
      ]
    },
    {
      "margin": false,
      "index": 10,
      "file": null,
      "u": 0.333333343,
      "v": 0.359375,
      "uw": 0.333333343,
      "vh": 0.28125,
      "width": 576,
      "height": 576,
      "descriptor": [
        64,
        51,
        41,
        70,
        63,
        53,
        110,
        82,
        61,
        93,
        68,
        48,
        206,
        167,
        141,
        199,
        165,
        137,
        137,
        104,
        74,
        81,
        65,
        50,
        37,
        40,
        40,
        29,
        33,
        32,
        221,
        183,
        160,
        29,
        32,
        30,
        27,
        32,
        30,
        23,
        29,
        29,
        34,
        40,
        36,
        24,
        29,
        28
      ]
    },
    {
      "margin": false,
      "index": 11,
      "file": null,
      "u": 0.6666667,
      "v": 0.359375,
      "uw": 0.333333343,
      "vh": 0.28125,
      "width": 576,
      "height": 576,
      "descriptor": [
        77,
        56,
        40,
        66,
        53,
        40,
        173,
        136,
        77,
        176,
        140,
        69,
        59,
        45,
        33,
        69,
        54,
        40,
        191,
        154,
        94,
        177,
        132,
        67,
        53,
        41,
        34,
        50,
        43,
        35,
        168,
        140,
        92,
        169,
        123,
        58,
        25,
        28,
        27,
        46,
        39,
        34,
        164,
        130,
        66,
        180,
        134,
        68
      ]
    },
    {
      "margin": false,
      "index": 12,
      "file": null,
      "u": 0.0,
      "v": 0.640625,
      "uw": 0.333333343,
      "vh": 0.28125,
      "width": 576,
      "height": 576,
      "descriptor": [
        120,
        89,
        43,
        175,
        130,
        67,
        28,
        33,
        32,
        29,
        33,
        32,
        144,
        108,
        49,
        156,
        121,
        68,
        23,
        30,
        29,
        218,
        190,
        164,
        150,
        113,
        52,
        204,
        154,
        84,
        28,
        30,
        29,
        152,
        140,
        130,
        141,
        108,
        51,
        152,
        118,
        71,
        48,
        37,
        32,
        124,
        106,
        92
      ]
    },
    {
      "margin": false,
      "index": 13,
      "file": null,
      "u": 0.333333343,
      "v": 0.640625,
      "uw": 0.333333343,
      "vh": 0.28125,
      "width": 576,
      "height": 576,
      "descriptor": [
        23,
        26,
        26,
        28,
        37,
        36,
        19,
        23,
        23,
        31,
        41,
        39,
        188,
        157,
        132,
        16,
        26,
        25,
        29,
        35,
        33,
        25,
        24,
        26,
        208,
        198,
        181,
        31,
        35,
        35,
        199,
        166,
        141,
        25,
        26,
        26,
        79,
        38,
        41,
        78,
        49,
        47,
        39,
        46,
        44,
        42,
        45,
        46
      ]
    },
    {
      "margin": false,
      "index": 14,
      "file": null,
      "u": 0.6666667,
      "v": 0.640625,
      "uw": 0.333333343,
      "vh": 0.28125,
      "width": 576,
      "height": 576,
      "descriptor": [
        124,
        120,
        107,
        55,
        43,
        40,
        158,
        122,
        68,
        180,
        129,
        66,
        175,
        145,
        125,
        88,
        73,
        60,
        177,
        141,
        78,
        179,
        131,
        63,
        45,
        58,
        57,
        198,
        158,
        134,
        172,
        131,
        65,
        174,
        120,
        59,
        43,
        52,
        51,
        31,
        36,
        37,
        164,
        129,
        65,
        171,
        126,
        59
      ]
    }
  ],
  "margins": [
    {
      "margin": true,
      "index": 0,
      "file": null,
      "u": 0.0,
      "v": 0.0,
      "uw": 0.333333343,
      "vh": 0.078125,
      "width": 576,
      "height": 160,
      "descriptor": null
    },
    {
      "margin": true,
      "index": 1,
      "file": null,