{
  "title": "VOJENSKÝ INVALID U SLEPÉHO OTCA",
  "author": "DESMAISONS, ÉMILE",
  "year": "1840",
  "id": "SNG-0001025885",
  "width": 1600,
  "height": 2048,
  "file": "GNZ--G_738--1_1--_2015_03_25_--L2_WEB_127.webp",
  "tiles_x": 3,
  "tiles_y": 3,
  "offset_x": 0.0,
  "offset_y": 0.109375,
  "tiles": [
    {
      "margin": false,
      "index": 6,
      "file": null,
      "u": 0.0,
      "v": 0.109375,
      "uw": 0.3333333,
      "vh": 0.260416657,
      "width": 533,
      "height": 533,
      "descriptor": [
        74,
        71,
        64,
        112,
        110,
        101,
        95,
        89,
        76,
        112,
        95,
        77,
        79,
        72,
        58,
        101,
        102,
        97,
        104,
        104,
        90,
        123,
        120,
        100,
        89,
        81,
        68,
        63,
        68,
        61,
        151,
        132,
        102,
        185,
        161,
        128,
        68,
        49,
        43,
        81,
        80,
        62,
        161,
        130,
        98,
        190,
        165,
        129
      ]
    },
    {
      "margin": false,
      "index": 7,
      "file": null,
      "u": 0.3333333,
      "v": 0.109375,
      "uw": 0.3333333,
      "vh": 0.260416657,
      "width": 533,
      "height": 533,
      "descriptor": [
        56,
        56,
        52,
        62,
        50,
        36,
        60,
        58,
        57,
        56,
        42,
        37,
        97,
        95,
        91,
        94,
        72,
        48,
        118,
        100,
        81,
        121,
        111,
        88,
        81,
        75,
        67,
        160,
        119,
        86,
        194,
        167,
        129,
        175,
        151,
        118,
        80,
        74,
        67,
        106,
        74,
        40,
        204,
        153,
        110,
        92,
        59,
        14
      ]
    },
    {
      "margin": false,
      "index": 8,
      "file": null,
      "u": 0.6666666,
      "v": 0.109375,
      "uw": 0.3333333,
      "vh": 0.260416657,
      "width": 533,
      "height": 533,
      "descriptor": [
        168,
        151,
        127,
        199,
        179,
        152,
        197,
        174,
        146,
        161,
        145,
        123,
        177,
        156,
        128,
        153,
        138,
        116,
        197,
        169,
        137,
        182,
        162,
        134,
        154,
        144,
        135,
        156,
        137,
        131,
        189,
        145,
        105,
        211,
        183,
        153,
        52,
        39,
        39,
        150,
        131,
        115,
        181,
        152,
        123,
        174,
        162,
        153
      ]
    },
    {
      "margin": false,
      "index": 9,
      "file": null,
      "u": 0.0,
      "v": 0.369791657,
      "uw": 0.3333333,
      "vh": 0.260416657,
      "width": 533,
      "height": 533,
      "descriptor": [
        34,
        30,
        24,
        67,
        65,
        64,
        196,
        163,
        121,
        194,
        168,
        132,
        51,
        40,
        37,
        62,
        52,
        52,
        188,
        152,
        109,
        198,
        163,
        122,
        90,
        83,
        72,
        206,
        166,
        115,
        218,
        178,
        125,
        62,
        56,
        52,
        151,
        125,
        95,
        126,
        124,
        105,
        105,
        90,
        65,
        87,
        75,
        66
      ]
    },
    {
      "margin": false,
      "index": 10,
      "file": null,
      "u": 0.3333333,
      "v": 0.369791657,
      "uw": 0.3333333,
      "vh": 0.260416657,
      "width": 533,
      "height": 533,
      "descriptor": [
        107,
        96,
        86,
        123,
        79,
        68,
        162,
        106,
        75,
        133,
        78,
        73,
        198,
        155,
        117,
        68,
        59,
        46,
        95,
        59,
        27,
        77,
        51,
        28,
        212,
        182,
        144,
        43,
        41,
        40,
        48,
        48,
        50,
        44,
        41,
        40,
        56,
        44,
        40,
        56,
        35,
        33,
        30,
        30,
        29,
        29,
        31,
        29
      ]
    },
    {
      "margin": false,
      "index": 11,
      "file": null,
      "u": 0.6666666,
      "v": 0.369791657,
      "uw": 0.3333333,
      "vh": 0.260416657,
      "width": 533,
      "height": 533,
      "descriptor": [
        150,
        121,
        92,
        131,
        109,
        109,
        106,
        90,
        65,
        88,
        93,
        94,
        138,
        113,
        85,
        81,
        85,
        81,
        103,
        115,
        122,
        68,
        67,
        64,
        112,
        111,
        103,
        165,
        122,
        81,
        80,
        82,
        87,
        81,
        76,
        70,
        110,
        115,
        115,
        158,
        103,
        89,
        93,
        86,
        76,
        105,
        96,
        84
      ]
    },
    {
      "margin": false,
      "index": 12,
      "file": null,
      "u": 0.0,
      "v": 0.6302083,
      "uw": 0.3333333,
      "vh": 0.260416657,
      "width": 533,
      "height": 533,
      "descriptor": [
        117,
        94,
        82,
        84,
        80,
        73,
        32,
        28,
        26,
        105,
        98,
        94,
        40,
        33,
        32,
        122,
        121,
        106,
        81,
        71,
        61,
        118,
        109,
        103,
        52,
        43,
        40,
        72,
        62,
        52,
        42,
        37,
        36,
        98,
        88,
        82,
        53,
        39,
        32,
        81,
        69,
        53,
        78,
        60,
        45,
        56,
        47,
        45
      ]
    },
    {
      "margin": false,
      "index": 13,
      "file": null,
      "u": 0.3333333,
      "v": 0.6302083,
      "uw": 0.3333333,
      "vh": 0.260416657,
      "width": 533,
      "height": 533,
      "descriptor": [
        162,
        155,
        144,
        118,
        77,
        64,
        44,
        41,
        39,
        70,
        68,
        58,
        65,
        60,
        61,
        66,
        49,
        40,
        50,
        49,
        47,
        56,
        51,
        42,
        119,
        111,
        100,
        59,
        52,
        50,
        67,
        54,
        43,
        64,
        71,
        70,
        76,
        73,
        68,
        159,
        135,
        99,
        151,
        129,
        102,
        146,
        119,
        90
      ]
    },
    {
      "margin": false,
      "index": 14,
      "file": null,
      "u": 0.6666666,
      "v": 0.6302083,
      "uw": 0.3333333,
      "vh": 0.260416657,
      "width": 533,
      "height": 533,
      "descriptor": [
        83,
        89,
        88,
        150,
        95,
        82,
        90,
        95,
        92,
        111,
        108,
        97,
        58,
        24,
        17,
        101,
        71,
        57,
        94,
        95,
        84,
        124,
        118,
        102,
        90,
        78,
        59,
        66,
        67,
        62,
        106,
        95,
        79,
        131,
        120,
        99,
        156,
        127,
        95,
        99,
        83,
        65,
        49,
        36,
        25,
        98,
        42,
        11
      ]
    }
  ],
  "margins": [
    {
      "margin": true,
      "index": 0,
      "file": null,
      "u": 0.0,
      "v": 0.0,
      "uw": 0.3333333,
      "vh": 0.109375,
      "width": 533,
      "height": 224,