{
  "title": "NÁMESTIE SV.MARKA",
  "author": "BELOTTO, BERNARDO, TIRONI, FRANCESCO",
  "year": "(1733 - 1753)",
  "id": "SNG-0001009173",
  "width": 2048,
  "height": 1472,
  "file": "GNZ--M_197--1_1--2014_12_16--L2_WEB_17181.webp",
  "tiles_x": 4,
  "tiles_y": 3,
  "offset_x": 0.0208333433,
  "offset_y": 0.0,
  "tiles": [
    {
      "margin": false,
      "index": 6,
      "file": null,
      "u": 0.0208333433,
      "v": 0.0,
      "uw": 0.239583328,
      "vh": 0.3333333,
      "width": 490,
      "height": 490,
      "descriptor": [
        136,
        105,
        72,
        210,
        157,
        102,
        70,
        54,
        42,
        51,
        31,
        21,
        195,
        153,
        103,
        190,
        142,
        91,
        87,
        71,
        48,
        166,
        124,
        75,
        138,
        101,
        55,
        145,
        175,
        173,
        147,
        179,
        179,
        149,
        173,
        170,
        255,
        230,
        183,
        166,
        189,
        190,
        156,
        178,
        178,
        159,
        187,
        186
      ]
    },
    {
      "margin": false,
      "index": 7,
      "file": null,
      "u": 0.2604167,
      "v": 0.0,
      "uw": 0.239583328,
      "vh": 0.3333333,
      "width": 490,
      "height": 490,
      "descriptor": [
        71,
        62,
        53,
        125,
        126,
        130,
        117,
        116,
        115,
        117,
        116,
        115,
        176,
        133,
        82,
        138,
        107,
        72,
        96,
        77,
        52,
        137,
        100,
        59,
        141,
        171,
        168,
        141,
        168,
        167,
        127,
        150,
        145,
        142,
        174,
        171,
        153,
        174,
        170,
        146,
        176,
        175,
        142,
        164,
        165,
        155,
        173,
        171
      ]
    },
    {
      "margin": false,
      "index": 8,
      "file": null,
      "u": 0.5,
      "v": 0.0,
      "uw": 0.239583328,
      "vh": 0.3333333,
      "width": 490,
      "height": 490,
      "descriptor": [
        121,
        120,
        120,
        119,
        119,
        119,
        119,
        119,
        119,
        120,
        119,
        120,
        101,
        75,
        45,
        106,
        79,
        51,
        89,
        68,
        50,
        106,
        79,
        44,
        140,
        170,
        169,
        144,
        179,
        181,
        146,
        166,
        163,
        141,
        162,
        161,
        152,
        176,
        171,
        145,
        174,
        172,
        145,
        171,
        171,
        141,
        160,
        161
      ]
    },
    {
      "margin": false,
      "index": 9,
      "file": null,
      "u": 0.7395834,
      "v": 0.0,
      "uw": 0.239583328,
      "vh": 0.3333333,
      "width": 490,
      "height": 490,
      "descriptor": [
        120,
        119,
        120,
        120,
        119,
        119,
        108,
        82,
        45,
        109,
        80,
        55,
        211,
        167,
        106,
        97,
        77,
        52,
        138,
        97,
        55,
        216,
        160,
        106,
        140,
        151,
        150,
        142,
        140,
        123,
        137,
        148,
        144,
        204,
        168,
        114,
        140,
        159,
        157,
        140,
        152,
        151,
        148,
        161,
        158,
        124,
        92,
        60
      ]
    },
    {
      "margin": false,
      "index": 10,
      "file": null,
      "u": 0.0208333433,
      "v": 0.3333333,
      "uw": 0.239583328,
      "vh": 0.3333333,
      "width": 490,
      "height": 490,
      "descriptor": [
        112,
        78,
        39,
        164,
        182,
        179,
        160,
        178,
        173,
        157,
        175,
        173,
        149,
        116,
        89,
        182,
        199,
        195,
        181,
        194,
        188,
        169,
        188,
        187,
        130,
        97,
        61,
        183,
        187,
        175,
        190,
        199,
        189,
        174,
        187,
        181,
        142,
        105,
        50,
        154,
        145,
        121,
        159,
        167,
        157,
        166,
        174,
        168
      ]
    },
    {
      "margin": false,
      "index": 11,
      "file": null,
      "u": 0.2604167,
      "v": 0.3333333,
      "uw": 0.239583328,
      "vh": 0.3333333,
      "width": 490,
      "height": 490,
      "descriptor": [
        152,
        176,
        174,
        156,
        178,
        170,
        158,
        181,
        180,
        154,
        178,
        175,
        173,
        191,
        189,
        193,
        192,
        179,
        155,
        166,
        161,
        164,
        185,
        181,
        176,
        193,
        190,
        175,
        177,
        164,
        171,
        179,
        173,
        169,
        177,
        174,
        165,
        172,
        165,
        110,
        102,
        87,
        127,
        113,
        92,
        136,
        123,
        97
      ]
    },
    {
      "margin": false,
      "index": 12,
      "file": null,
      "u": 0.5,
      "v": 0.3333333,
      "uw": 0.239583328,
      "vh": 0.3333333,
      "width": 490,
      "height": 490,
      "descriptor": [
        174,
        179,
        177,
        156,
        176,
        174,
        141,
        177,
        179,
        141,
        179,
        182,
        157,
        162,
        154,
        161,
        173,
        167,
        154,
        175,
        167,
        156,
        167,
        161,
        167,
        179,
        172,
        129,
        110,
        94,
        167,
        181,
        175,
        125,
        120,
        114,
        140,
        108,
        83,
        93,
        72,
        63,
        186,
        155,
        113,
        84,
        79,
        70
      ]
    },
    {
      "margin": false,
      "index": 13,
      "file": null,
      "u": 0.7395834,
      "v": 0.3333333,
      "uw": 0.239583328,
      "vh": 0.3333333,
      "width": 490,
      "height": 490,
      "descriptor": [
        182,
        187,
        175,
        185,
        186,
        178,
        151,
        168,
        162,
        108,
        81,
        62,
        164,
        173,
        166,
        153,
        165,
        159,
        141,
        145,
        140,
        126,
        90,
        58,
        95,
        88,
        72,
        127,
        115,
        88,
        172,
        147,
        109,
        158,
        130,
        95,
        133,
        120,
        92,
        140,
        127,
        97,
        92,
        86,
        72,
        163,
        127,
        81
      ]
    },
    {
      "margin": false,
      "index": 14,
      "file": null,
      "u": 0.0208333433,
      "v": 0.6666666,
      "uw": 0.239583328,
      "vh": 0.3333333,
      "width": 490,
      "height": 490,
      "descriptor": [
        113,
        86,
        61,
        79,
        75,
        66,
        148,
        160,
        147,
        139,
        144,
        131,
        197,
        151,
        107,
        80,
        67,
        61,
        192,
        191,
        169,
        144,
        141,
        118,
        226,
        182,
        131,
        170,
        129,
        81,
        231,
        186,
        134,
        122,
        111,
        75,
        149,
        118,
        76,
        165,
        130,
        74,
        119,
        119,
        119,
        119,
        119,
        120
      ]
    },
    {
      "margin": false,