{
  "title": "KRAJINA",
  "author": "NIZOZEMSKÝ MALIAR",
  "year": "(1660 - 1680)",
  "id": "SNG-0001009352",
  "width": 2048,
  "height": 1536,
  "file": "GNZ--M_477--1_1--2014_11_27--L2_WEB_120441.webp",
  "tiles_x": 4,
  "tiles_y": 3,
  "offset_x": 0.0,
  "offset_y": 0.0,
  "tiles": [
    {
      "margin": false,
      "index": 0,
      "file": null,
      "u": 0.0,
      "v": 0.0,
      "uw": 0.25,
      "vh": 0.333333343,
      "width": 512,
      "height": 512,
      "descriptor": [
        85,
        96,
        99,
        103,
        113,
        121,
        74,
        78,
        74,
        56,
        54,
        47,
        61,
        65,
        58,
        58,
        62,
        56,
        52,
        53,
        47,
        59,
        62,
        56,
        71,
        72,
        65,
        64,
        64,
        56,
        61,
        64,
        56,
        65,
        64,
        53,
        97,
        101,
        99,
        76,
        78,
        69,
        78,
        75,
        64,
        79,
        76,
        65
      ]
    },
    {
      "margin": false,
      "index": 1,
      "file": null,
      "u": 0.25,
      "v": 0.0,
      "uw": 0.25,
      "vh": 0.333333343,
      "width": 512,
      "height": 512,
      "descriptor": [
        73,
        74,
        66,
        62,
        60,
        52,
        57,
        55,
        47,
        60,
        57,
        49,
        67,
        67,
        60,
        81,
        81,
        71,
        104,
        104,
        89,
        70,
        67,
        60,
        88,
        84,
        72,
        90,
        86,
        72,
        92,
        100,
        104,
        112,
        122,
        130,
        172,
        150,
        114,
        102,
        98,
        80,
        113,
        113,
        101,
        144,
        138,
        121
      ]
    },
    {
      "margin": false,
      "index": 2,
      "file": null,
      "u": 0.5,
      "v": 0.0,
      "uw": 0.25,
      "vh": 0.333333343,
      "width": 512,
      "height": 512,
      "descriptor": [
        74,
        73,
        66,
        77,
        74,
        66,
        108,
        110,
        99,
        120,
        129,
        128,
        76,
        72,
        62,
        109,
        106,
        89,
        116,
        123,
        121,
        100,
        105,
        99,
        102,
        110,
        103,
        95,
        98,
        89,
        67,
        67,
        59,
        44,
        50,
        47,
        107,
        108,
        99,
        49,
        50,
        39,
        128,
        125,
        106,
        103,
        100,
        71
      ]
    },
    {
      "margin": false,
      "index": 3,
      "file": null,
      "u": 0.75,
      "v": 0.0,
      "uw": 0.25,
      "vh": 0.333333343,
      "width": 512,
      "height": 512,
      "descriptor": [
        93,
        93,
        79,
        47,
        50,
        43,
        58,
        58,
        49,
        57,
        58,
        52,
        104,
        102,
        81,
        71,
        69,
        54,
        77,
        71,
        58,
        52,
        50,
        42,
        61,
        60,
        52,
        71,
        66,
        52,
        63,
        54,
        45,
        61,
        54,
        45,
        55,
        49,
        40,
        131,
        123,
        94,
        138,
        130,
        101,
        55,
        50,
        43
      ]
    },
    {
      "margin": false,
      "index": 4,
      "file": null,
      "u": 0.0,
      "v": 0.333333343,
      "uw": 0.25,
      "vh": 0.333333343,
      "width": 512,
      "height": 512,
      "descriptor": [
        92,
        99,
        100,
        116,
        114,
        93,
        81,
        80,
        69,
        78,
        78,
        68,
        97,
        104,
        102,
        112,
        108,
        90,
        92,
        100,
        92,
        109,
        107,
        95,
        92,
        91,
        76,
        66,
        67,
        56,
        81,
        82,
        71,
        84,
        85,
        72,
        68,
        66,
        55,
        53,
        57,
        51,
        84,
        84,
        76,
        62,
        67,
        60
      ]
    },
    {
      "margin": false,
      "index": 5,
      "file": null,
      "u": 0.25,
      "v": 0.333333343,
      "uw": 0.25,
      "vh": 0.333333343,
      "width": 512,
      "height": 512,
      "descriptor": [
        84,
        82,
        70,
        90,
        86,
        72,
        111,
        115,
        101,
        138,
        140,
        116,
        77,
        75,
        64,
        87,
        81,
        69,
        104,
        97,
        81,
        134,
        124,
        98,
        79,
        78,
        65,
        93,
        87,
        74,
        149,
        130,
        102,
        52,
        53,
        47,
        78,
        75,
        62,
        42,
        41,
        36,
        44,
        47,
        43,
        42,
        50,
        45
      ]
    },
    {
      "margin": false,
      "index": 6,
      "file": null,
      "u": 0.5,
      "v": 0.333333343,
      "uw": 0.25,
      "vh": 0.333333343,
      "width": 512,
      "height": 512,
      "descriptor": [
        152,
        140,
        117,
        115,
        110,
        89,
        121,
        113,
        89,
        92,
        88,
        71,
        110,
        103,
        84,
        119,
        111,
        84,
        150,
        139,
        105,
        132,
        114,
        79,
        52,
        52,
        47,
        45,
        47,
        40,
        47,
        48,
        44,
        52,
        54,
        49,
        44,
        48,
        44,
        62,
        63,
        53,
        54,
        58,
        53,
        54,
        56,
        49
      ]
    },
    {
      "margin": false,
      "index": 7,
      "file": null,
      "u": 0.75,
      "v": 0.333333343,
      "uw": 0.25,
      "vh": 0.333333343,
      "width": 512,
      "height": 512,
      "descriptor": [
        144,
        126,
        85,
        155,
        137,
        91,
        49,
        46,
        39,
        59,
        49,
        39,
        137,
        120,
        87,
        112,
        103,
        75,
        106,
        87,
        65,
        50,
        46,
        38,
        48,
        50,
        44,
        42,
        47,
        42,
        46,
        49,
        45,
        43,
        44,
        37,
        48,
        53,
        48,
        46,
        47,
        40,
        47,
        51,
        46,
        48,
        49,
        44
      ]
    },
    {
      "margin": false,
      "index": 8,
      "file": null,
      "u": 0.0,
      "v": 0.6666667,
      "uw": 0.25,
      "vh": 0.333333343,
      "width": 512,
      "height": 512,
      "descriptor": [
        44,
        50,
        45,
        38,
        43,
        39,
        42,
        39,
        35,
        39,
        42,
        35,
        48,
        49,
        43,
        51,
        56,
        52,
        58,
        58,
        51,
        54,
        54,
        48,
        46,
        51,
        45,
        43,
        48,
        44,
        50,
        51,
        46,
        57,
        61,
        57,
        44,
        42,
        40,
        49,
        52,
        47,
        49,
        52,
        46,
        54,
        56,
        50
      ]
    },
    {
      "margin": false,
      "index": 9,
      "file": null,
      "u": 0.25,
      "v": 0.6666667,
      "uw": 0.25,
      "vh": 0.333333343,
      "width": 512,
      "height": 512,