{
  "title": "PORTRÉT CHLAPCA",
  "author": "MÜLLER, GUSTAV ADOLF",
  "year": "1837",
  "id": "SNG-0001009137",
  "width": 1408,
  "height": 2048,
  "file": "GNZ--M_292--1_1--2014_12_09--L2_WEB_126005.webp",
  "tiles_x": 3,
  "tiles_y": 4,
  "offset_x": 0.0,
  "offset_y": 0.0416666567,
  "tiles": [
    {
      "margin": false,
      "index": 6,
      "file": null,
      "u": 0.0,
      "v": 0.0416666567,
      "uw": 0.333333343,
      "vh": 0.229166672,
      "width": 469,
      "height": 469,
      "descriptor": [
        73,
        77,
        72,
        75,
        78,
        73,
        79,
        82,
        75,
        88,
        89,
        82,
        72,
        76,
        70,
        75,
        79,
        74,
        80,
        84,
        78,
        89,
        90,
        82,
        65,
        70,
        66,
        69,
        73,
        68,
        78,
        81,
        75,
        83,
        83,
        76,
        65,
        70,
        66,
        70,
        75,
        71,
        75,
        78,
        72,
        82,
        84,
        77
      ]
    },
    {
      "margin": false,
      "index": 7,
      "file": null,
      "u": 0.333333343,
      "v": 0.0416666567,
      "uw": 0.333333343,
      "vh": 0.229166672,
      "width": 469,
      "height": 469,
      "descriptor": [
        95,
        95,
        87,
        94,
        94,
        85,
        92,
        92,
        84,
        97,
        96,
        87,
        92,
        93,
        85,
        95,
        95,
        86,
        98,
        97,
        86,
        100,
        98,
        87,
        84,
        85,
        78,
        92,
        91,
        79,
        80,
        81,
        76,
        102,
        98,
        86,
        83,
        82,
        76,
        130,
        116,
        102,
        112,
        99,
        87,
        86,
        83,
        78
      ]
    },
    {
      "margin": false,
      "index": 8,
      "file": null,
      "u": 0.6666667,
      "v": 0.0416666567,
      "uw": 0.333333343,
      "vh": 0.229166672,
      "width": 469,
      "height": 469,
      "descriptor": [
        96,
        96,
        86,
        96,
        95,
        85,
        96,
        96,
        86,
        94,
        94,
        83,
        100,
        98,
        87,
        104,
        102,
        91,
        99,
        99,
        88,
        95,
        95,
        84,
        100,
        98,
        85,
        105,
        103,
        91,
        110,
        105,
        91,
        97,
        97,
        86,
        107,
        103,
        89,
        104,
        101,
        90,
        108,
        106,
        95,
        98,
        99,
        87
      ]
    },
    {
      "margin": false,
      "index": 9,
      "file": null,
      "u": 0.0,
      "v": 0.2708333,
      "uw": 0.333333343,
      "vh": 0.229166672,
      "width": 469,
      "height": 469,
      "descriptor": [
        63,
        69,
        66,
        68,
        73,
        69,
        73,
        76,
        71,
        81,
        83,
        77,
        60,
        66,
        63,
        70,
        76,
        72,
        74,
        79,
        75,
        76,
        77,
        72,
        58,
        65,
        61,
        67,
        73,
        69,
        71,
        76,
        72,
        76,
        80,
        75,
        64,
        69,
        64,
        70,
        76,
        73,
        70,
        75,
        71,
        69,
        73,
        69
      ]
    },
    {
      "margin": false,
      "index": 10,
      "file": null,
      "u": 0.333333343,
      "v": 0.2708333,
      "uw": 0.333333343,
      "vh": 0.229166672,
      "width": 469,
      "height": 469,
      "descriptor": [
        67,
        66,
        63,
        211,
        182,
        165,
        209,
        176,
        162,
        192,
        158,
        139,
        72,
        74,
        71,
        121,
        118,
        107,
        195,
        163,
        133,
        104,
        99,
        91,
        89,
        85,
        80,
        213,
        173,
        168,
        195,
        162,
        143,
        184,
        142,
        132,
        95,
        97,
        93,
        187,
        148,
        129,
        177,
        111,
        99,
        144,
        113,
        98
      ]
    },
    {
      "margin": false,
      "index": 11,
      "file": null,
      "u": 0.6666667,
      "v": 0.2708333,
      "uw": 0.333333343,
      "vh": 0.229166672,
      "width": 469,
      "height": 469,
      "descriptor": [
        107,
        104,
        91,
        111,
        107,
        93,
        102,
        102,
        89,
        97,
        97,
        85,
        114,
        109,
        95,
        112,
        110,
        98,
        103,
        102,
        89,
        98,
        96,
        84,
        122,
        117,
        100,
        115,
        110,
        96,
        99,
        97,
        86,
        95,
        93,
        82,
        117,
        111,
        93,
        115,
        111,
        96,
        116,
        114,
        101,
        95,
        94,
        81
      ]
    },
    {
      "margin": false,
      "index": 12,
      "file": null,
      "u": 0.0,
      "v": 0.5,
      "uw": 0.333333343,
      "vh": 0.229166672,
      "width": 469,
      "height": 469,
      "descriptor": [
        59,
        65,
        62,
        69,
        75,
        72,
        73,
        79,
        76,
        76,
        80,
        76,
        58,
        65,
        62,
        66,
        72,
        70,
        71,
        76,
        73,
        69,
        75,
        70,
        64,
        71,
        70,
        65,
        72,
        69,
        65,
        72,
        70,
        55,
        67,
        67,
        62,
        69,
        66,
        60,
        67,
        65,
        54,
        66,
        66,
        53,
        65,
        65
      ]
    },
    {
      "margin": false,
      "index": 13,
      "file": null,
      "u": 0.333333343,
      "v": 0.5,
      "uw": 0.333333343,
      "vh": 0.229166672,
      "width": 469,
      "height": 469,
      "descriptor": [
        58,
        67,
        65,
        60,
        68,
        65,
        149,
        124,
        113,
        57,
        69,
        69,
        55,
        67,
        68,
        113,
        110,
        104,
        52,
        65,
        65,
        119,
        120,
        112,
        51,
        64,
        64,
        60,
        73,
        73,
        47,
        60,
        62,
        164,
        163,
        152,
        53,
        65,
        65,
        51,
        64,
        64,
        200,
        202,
        190,
        175,
        177,
        167
      ]
    },
    {
      "margin": false,
      "index": 14,
      "file": null,
      "u": 0.6666667,
      "v": 0.5,
      "uw": 0.333333343,
      "vh": 0.229166672,
      "width": 469,
      "height": 469,
      "descriptor": [
        124,
        119,
        102,
        114,
        111,
        94,
        103,
        101,
        88,
        96,
        95,
        84,
        114,
        110,
        95,
        114,
        111,
        97,
        100,
        99,
        87,
        88,
        90,
        80,
        71,
        82,
        84,
        104,
        101,
        89,
        90,
        91,
        79,
        84,
        87,
        80,
        53,
        66,
        66,
        59,
        71,
        72,
        83,
        86,
        79,
        74,
        78,
        71
      ]
    },
    {
      "margin": false,
      "index": 15,
      "file": null,
      "u": 0.0,
      "v": 0.7291666,
      "uw": 0.333333343,
      "vh": 0.229166672,
      "width": 469,
      "height": 469,