{
  "title": "DEŇ",
  "author": "HAANEN, REMIGIUS ADRIANUS",
  "year": "(1850 - 1870)",
  "id": "SNG-0001009223",
  "width": 2048,
  "height": 1600,
  "file": "GNZ--M_164--1_1--2014_12_16--L2_WEB_99858.webp",
  "tiles_x": 3,
  "tiles_y": 3,
  "offset_x": 0.109375,
  "offset_y": 0.0,
  "tiles": [
    {
      "margin": false,
      "index": 6,
      "file": null,
      "u": 0.109375,
      "v": 0.0,
      "uw": 0.260416657,
      "vh": 0.3333333,
      "width": 533,
      "height": 533,
      "descriptor": [
        29,
        30,
        19,
        77,
        68,
        48,
        167,
        166,
        156,
        166,
        170,
        162,
        50,
        41,
        23,
        187,
        172,
        149,
        204,
        183,
        152,
        181,
        173,
        156,
        56,
        46,
        25,
        58,
        43,
        26,
        154,
        136,
        93,
        174,
        182,
        176,
        92,
        72,
        42,
        135,
        114,
        63,
        184,
        187,
        180,
        181,
        185,
        179
      ]
    },
    {
      "margin": false,
      "index": 7,
      "file": null,
      "u": 0.369791657,
      "v": 0.0,
      "uw": 0.260416657,
      "vh": 0.3333333,
      "width": 533,
      "height": 533,
      "descriptor": [
        174,
        176,
        172,
        170,
        163,
        149,
        187,
        170,
        144,
        146,
        134,
        123,
        168,
        170,
        164,
        164,
        172,
        172,
        172,
        173,
        161,
        161,
        169,
        161,
        171,
        178,
        176,
        174,
        177,
        169,
        162,
        162,
        147,
        168,
        177,
        174,
        174,
        182,
        177,
        181,
        178,
        167,
        172,
        179,
        176,
        220,
        196,
        161
      ]
    },
    {
      "margin": false,
      "index": 8,
      "file": null,
      "u": 0.6302083,
      "v": 0.0,
      "uw": 0.260416657,
      "vh": 0.3333333,
      "width": 533,
      "height": 533,
      "descriptor": [
        161,
        150,
        130,
        158,
        165,
        160,
        157,
        169,
        165,
        155,
        163,
        156,
        157,
        149,
        137,
        180,
        166,
        148,
        166,
        150,
        134,
        173,
        163,
        137,
        187,
        179,
        157,
        166,
        171,
        166,
        162,
        166,
        159,
        200,
        173,
        145,
        210,
        185,
        157,
        206,
        181,
        154,
        213,
        184,
        157,
        199,
        168,
        136
      ]
    },
    {
      "margin": false,
      "index": 9,
      "file": null,
      "u": 0.109375,
      "v": 0.3333333,
      "uw": 0.260416657,
      "vh": 0.3333333,
      "width": 533,
      "height": 533,
      "descriptor": [
        192,
        182,
        161,
        196,
        187,
        169,
        194,
        187,
        178,
        196,
        190,
        177,
        214,
        195,
        169,
        211,
        194,
        172,
        209,
        191,
        162,
        203,
        192,
        176,
        231,
        201,
        161,
        232,
        205,
        170,
        227,
        200,
        165,
        220,
        199,
        170,
        232,
        194,
        150,
        220,
        182,
        139,
        208,
        180,
        148,
        171,
        155,
        135
      ]
    },
    {
      "margin": false,
      "index": 10,
      "file": null,
      "u": 0.369791657,
      "v": 0.3333333,
      "uw": 0.260416657,
      "vh": 0.3333333,
      "width": 533,
      "height": 533,
      "descriptor": [
        184,
        184,
        176,
        186,
        188,
        179,
        180,
        183,
        176,
        173,
        180,
        175,
        202,
        192,
        181,
        193,
        188,
        177,
        105,
        91,
        66,
        84,
        75,
        60,
        154,
        134,
        98,
        224,
        202,
        167,
        130,
        107,
        77,
        100,
        84,
        62,
        120,
        108,
        74,
        77,
        66,
        49,
        76,
        68,
        45,
        49,
        48,
        37
      ]
    },
    {
      "margin": false,
      "index": 11,
      "file": null,
      "u": 0.6302083,
      "v": 0.3333333,
      "uw": 0.260416657,
      "vh": 0.3333333,
      "width": 533,
      "height": 533,
      "descriptor": [
        197,
        179,
        151,
        222,
        195,
        162,
        198,
        174,
        150,
        202,
        175,
        148,
        80,
        71,
        53,
        188,
        160,
        129,
        206,
        181,
        153,
        173,
        149,
        130,
        70,
        69,
        61,
        99,
        87,
        66,
        75,
        70,
        58,
        93,
        85,
        69,
        85,
        76,
        60,
        82,
        77,
        48,
        89,
        83,
        68,
        56,
        50,
        33
      ]
    },
    {
      "margin": false,
      "index": 12,
      "file": null,
      "u": 0.109375,
      "v": 0.6666666,
      "uw": 0.260416657,
      "vh": 0.3333333,
      "width": 533,
      "height": 533,
      "descriptor": [
        139,
        128,
        103,
        113,
        108,
        94,
        102,
        99,
        91,
        114,
        94,
        64,
        147,
        143,
        125,
        169,
        157,
        134,
        166,
        154,
        133,
        113,
        101,
        70,
        175,
        156,
        124,
        65,
        38,
        23,
        171,
        159,
        132,
        81,
        46,
        28,
        48,
        39,
        32,
        55,
        39,
        27,
        63,
        47,
        20,
        53,
        47,
        35
      ]
    },
    {
      "margin": false,
      "index": 13,
      "file": null,
      "u": 0.369791657,
      "v": 0.6666666,
      "uw": 0.260416657,
      "vh": 0.3333333,
      "width": 533,
      "height": 533,
      "descriptor": [
        86,
        65,
        45,
        99,
        76,
        49,
        42,
        41,
        33,
        95,
        70,
        43,
        108,
        98,
        72,
        59,
        55,
        41,
        72,
        60,
        37,
        59,
        51,
        39,
        49,
        35,
        28,
        106,
        100,
        77,
        88,
        86,
        68,
        95,
        90,
        66,
        59,
        45,
        32,
        61,
        51,
        40,
        61,
        52,
        43,
        86,
        83,
        61
      ]
    },
    {
      "margin": false,
      "index": 14,
      "file": null,
      "u": 0.6302083,
      "v": 0.6666666,
      "uw": 0.260416657,
      "vh": 0.3333333,
      "width": 533,
      "height": 533,
      "descriptor": [
        38,
        35,
        31,
        41,
        38,
        28,
        41,
        44,
        34,
        72,
        64,
        36,
        58,
        44,
        30,
        80,
        67,
        43,
        63,
        51,
        32,
        64,
        54,
        34,
        109,
        98,
        69,
        92,
        89,
        66,
        111,
        103,
        71,
        91,
        89,
        67,
        51,
        49,
        31,
        98,
        100,
        84,
        92,
        97,
        83,
        95,
        96,
        81
      ]
    }
  ],
  "margins": [
    {
      "margin": true,
      "index": 0,
      "file": null,
      "u": 0.0,
      "v": 0.0,
      "uw": 0.109375,