{
  "title": "SVÄTÁ CECÍLIA",
  "author": "RAAB, IGNÁC VIKTORIN",
  "year": "(1740 - 1750)",
  "id": "SNG-0001009160",
  "width": 1472,
  "height": 2048,
  "file": "GNZ--M_617--1_1--2014_12_16--L2_WEB_48078.webp",
  "tiles_x": 3,
  "tiles_y": 4,
  "offset_x": 0.0,
  "offset_y": 0.0208333433,
  "tiles": [
    {
      "margin": false,
      "index": 6,
      "file": null,
      "u": 0.0,
      "v": 0.0208333433,
      "uw": 0.3333333,
      "vh": 0.239583328,
      "width": 490,
      "height": 490,
      "descriptor": [
        36,
        40,
        39,
        45,
        50,
        50,
        51,
        70,
        73,
        94,
        88,
        82,
        33,
        38,
        38,
        42,
        53,
        53,
        87,
        79,
        71,
        104,
        96,
        88,
        34,
        46,
        48,
        93,
        89,
        81,
        83,
        75,
        69,
        85,
        77,
        72,
        44,
        68,
        70,
        66,
        62,
        57,
        91,
        84,
        79,
        87,
        79,
        73
      ]
    },
    {
      "margin": false,
      "index": 7,
      "file": null,
      "u": 0.3333333,
      "v": 0.0208333433,
      "uw": 0.3333333,
      "vh": 0.239583328,
      "width": 490,
      "height": 490,
      "descriptor": [
        95,
        88,
        81,
        91,
        83,
        76,
        101,
        91,
        84,
        93,
        85,
        77,
        95,
        83,
        73,
        117,
        109,
        101,
        104,
        95,
        87,
        144,
        136,
        125,
        98,
        83,
        76,
        113,
        108,
        98,
        125,
        117,
        105,
        187,
        176,
        167,
        81,
        74,
        68,
        114,
        104,
        97,
        132,
        124,
        113,
        200,
        186,
        172
      ]
    },
    {
      "margin": false,
      "index": 8,
      "file": null,
      "u": 0.6666666,
      "v": 0.0208333433,
      "uw": 0.3333333,
      "vh": 0.239583328,
      "width": 490,
      "height": 490,
      "descriptor": [
        109,
        105,
        88,
        103,
        105,
        88,
        105,
        107,
        94,
        106,
        102,
        83,
        120,
        110,
        99,
        125,
        115,
        105,
        102,
        93,
        85,
        99,
        98,
        86,
        128,
        112,
        94,
        126,
        118,
        105,
        116,
        109,
        101,
        147,
        130,
        106,
        165,
        146,
        133,
        157,
        146,
        131,
        140,
        133,
        113,
        132,
        121,
        99
      ]
    },
    {
      "margin": false,
      "index": 9,
      "file": null,
      "u": 0.0,
      "v": 0.2604167,
      "uw": 0.3333333,
      "vh": 0.239583328,
      "width": 490,
      "height": 490,
      "descriptor": [
        55,
        74,
        90,
        104,
        96,
        85,
        119,
        111,
        102,
        152,
        138,
        125,
        82,
        81,
        78,
        69,
        68,
        62,
        107,
        101,
        94,
        111,
        99,
        89,
        68,
        99,
        118,
        68,
        67,
        62,
        65,
        57,
        53,
        100,
        90,
        79,
        53,
        71,
        77,
        81,
        81,
        77,
        65,
        54,
        49,
        106,
        102,
        96
      ]
    },
    {
      "margin": false,
      "index": 10,
      "file": null,
      "u": 0.3333333,
      "v": 0.2604167,
      "uw": 0.3333333,
      "vh": 0.239583328,
      "width": 490,
      "height": 490,
      "descriptor": [
        81,
        67,
        60,
        180,
        153,
        139,
        126,
        94,
        71,
        160,
        147,
        132,
        79,
        66,
        57,
        185,
        145,
        132,
        108,
        73,
        58,
        172,
        159,
        146,
        106,
        91,
        68,
        178,
        151,
        136,
        116,
        86,
        72,
        112,
        95,
        77,
        167,
        135,
        96,
        189,
        165,
        150,
        166,
        144,
        120,
        182,
        156,
        113
      ]
    },
    {
      "margin": false,
      "index": 11,
      "file": null,
      "u": 0.6666666,
      "v": 0.2604167,
      "uw": 0.3333333,
      "vh": 0.239583328,
      "width": 490,
      "height": 490,
      "descriptor": [
        161,
        142,
        129,
        168,
        145,
        130,
        163,
        147,
        136,
        142,
        130,
        110,
        178,
        164,
        154,
        184,
        167,
        153,
        171,
        152,
        138,
        137,
        125,
        101,
        193,
        161,
        147,
        170,
        154,
        140,
        148,
        127,
        112,
        164,
        141,
        121,
        103,
        83,
        65,
        107,
        116,
        98,
        137,
        123,
        105,
        130,
        117,
        97
      ]
    },
    {
      "margin": false,
      "index": 12,
      "file": null,
      "u": 0.0,
      "v": 0.5,
      "uw": 0.3333333,
      "vh": 0.239583328,
      "width": 490,
      "height": 490,
      "descriptor": [
        51,
        56,
        54,
        63,
        63,
        57,
        54,
        61,
        50,
        110,
        77,
        72,
        59,
        57,
        52,
        61,
        71,
        59,
        63,
        56,
        51,
        151,
        80,
        72,
        78,
        67,
        56,
        95,
        83,
        73,
        145,
        77,
        64,
        149,
        67,
        57,
        67,
        55,
        50,
        128,
        66,
        55,
        121,
        108,
        103,
        165,
        105,
        84
      ]
    },
    {
      "margin": false,
      "index": 13,
      "file": null,
      "u": 0.3333333,
      "v": 0.5,
      "uw": 0.3333333,
      "vh": 0.239583328,
      "width": 490,
      "height": 490,
      "descriptor": [
        181,
        151,
        104,
        96,
        74,
        59,
        177,
        142,
        93,
        129,
        106,
        76,
        114,
        84,
        55,
        81,
        60,
        46,
        88,
        62,
        48,
        140,
        122,
        96,
        98,
        59,
        55,
        102,
        79,
        59,
        72,
        57,
        51,
        71,
        62,
        57,
        94,
        61,
        50,
        100,
        78,
        63,
        80,
        66,
        57,
        142,
        126,
        117
      ]
    },
    {
      "margin": false,
      "index": 14,
      "file": null,
      "u": 0.6666666,
      "v": 0.5,
      "uw": 0.3333333,
      "vh": 0.239583328,
      "width": 490,
      "height": 490,
      "descriptor": [
        98,
        76,
        59,
        83,
        74,
        60,
        94,
        85,
        69,
        88,
        69,
        62,
        163,
        151,
        143,
        124,
        103,
        73,
        90,
        99,
        83,
        76,
        85,
        74,
        148,
        138,
        131,
        117,
        104,
        96,
        86,
        96,
        81,
        98,
        85,
        77,
        129,
        117,
        110,
        76,
        55,
        50,
        78,
        57,
        50,
        83,
        72,
        66
      ]
    },
    {
      "margin": false,
      "index": 15,
      "file": null,
      "u": 0.0,
      "v": 0.7395834,
      "uw": 0.3333333,
      "vh": 0.239583328,
      "width": 490,
      "height": 490,