{
  "title": "SACRÉ COEUR",
  "author": "STERN, ARMÍN",
  "year": "(1930 - 1940)",
  "id": "SNG-0001009450",
  "width": 1664,
  "height": 2048,
  "file": "GNZ--M_32--1_1--2014_12_03--L2_WEB_53180.webp",
  "tiles_x": 3,
  "tiles_y": 3,
  "offset_x": 0.0,
  "offset_y": 0.09375,
  "tiles": [
    {
      "margin": false,
      "index": 6,
      "file": null,
      "u": 0.0,
      "v": 0.09375,
      "uw": 0.333333343,
      "vh": 0.270833343,
      "width": 554,
      "height": 554,
      "descriptor": [
        97,
        116,
        118,
        62,
        78,
        75,
        70,
        93,
        94,
        62,
        94,
        94,
        93,
        109,
        111,
        54,
        71,
        69,
        92,
        118,
        105,
        80,
        105,
        99,
        56,
        73,
        71,
        62,
        76,
        75,
        90,
        106,
        107,
        102,
        113,
        99,
        97,
        110,
        110,
        65,
        77,
        73,
        65,
        78,
        72,
        108,
        112,
        89
      ]
    },
    {
      "margin": false,
      "index": 7,
      "file": null,
      "u": 0.333333343,
      "v": 0.09375,
      "uw": 0.333333343,
      "vh": 0.270833343,
      "width": 554,
      "height": 554,
      "descriptor": [
        66,
        95,
        96,
        70,
        98,
        96,
        84,
        103,
        94,
        85,
        95,
        88,
        75,
        101,
        98,
        85,
        112,
        102,
        105,
        97,
        84,
        178,
        165,
        127,
        86,
        108,
        93,
        89,
        102,
        90,
        115,
        113,
        96,
        169,
        147,
        114,
        101,
        117,
        99,
        89,
        93,
        83,
        81,
        84,
        83,
        119,
        105,
        87
      ]
    },
    {
      "margin": false,
      "index": 8,
      "file": null,
      "u": 0.6666667,
      "v": 0.09375,
      "uw": 0.333333343,
      "vh": 0.270833343,
      "width": 554,
      "height": 554,
      "descriptor": [
        75,
        95,
        88,
        51,
        69,
        70,
        65,
        84,
        80,
        80,
        89,
        82,
        65,
        88,
        84,
        47,
        63,
        61,
        96,
        83,
        71,
        54,
        71,
        69,
        65,
        84,
        80,
        55,
        72,
        74,
        170,
        139,
        94,
        56,
        72,
        69,
        47,
        63,
        62,
        52,
        70,
        66,
        153,
        123,
        75,
        53,
        70,
        61
      ]
    },
    {
      "margin": false,
      "index": 9,
      "file": null,
      "u": 0.0,
      "v": 0.364583343,
      "uw": 0.333333343,
      "vh": 0.270833343,
      "width": 554,
      "height": 554,
      "descriptor": [
        73,
        85,
        83,
        61,
        76,
        75,
        105,
        123,
        124,
        80,
        76,
        72,
        95,
        108,
        108,
        90,
        104,
        105,
        106,
        123,
        123,
        61,
        76,
        73,
        95,
        108,
        109,
        64,
        77,
        76,
        61,
        77,
        75,
        53,
        68,
        66,
        64,
        76,
        75,
        101,
        118,
        118,
        97,
        113,
        113,
        77,
        91,
        89
      ]
    },
    {
      "margin": false,
      "index": 10,
      "file": null,
      "u": 0.333333343,
      "v": 0.364583343,
      "uw": 0.333333343,
      "vh": 0.270833343,
      "width": 554,
      "height": 554,
      "descriptor": [
        117,
        119,
        91,
        79,
        94,
        97,
        112,
        105,
        89,
        135,
        122,
        102,
        119,
        116,
        88,
        96,
        104,
        98,
        142,
        135,
        112,
        61,
        77,
        68,
        145,
        130,
        102,
        135,
        125,
        107,
        168,
        160,
        130,
        55,
        72,
        67,
        127,
        115,
        97,
        123,
        120,
        106,
        144,
        132,
        110,
        48,
        69,
        67
      ]
    },
    {
      "margin": false,
      "index": 11,
      "file": null,
      "u": 0.6666667,
      "v": 0.364583343,
      "uw": 0.333333343,
      "vh": 0.270833343,
      "width": 554,
      "height": 554,
      "descriptor": [
        47,
        63,
        59,
        61,
        75,
        76,
        108,
        94,
        67,
        54,
        69,
        65,
        53,
        71,
        63,
        49,
        69,
        67,
        61,
        69,
        67,
        56,
        69,
        64,
        49,
        69,
        66,
        64,
        78,
        79,
        74,
        79,
        79,
        58,
        72,
        68,
        47,
        66,
        64,
        58,
        74,
        74,
        78,
        84,
        83,
        59,
        71,
        67
      ]
    },
    {
      "margin": false,
      "index": 12,
      "file": null,
      "u": 0.0,
      "v": 0.6354167,
      "uw": 0.333333343,
      "vh": 0.270833343,
      "width": 554,
      "height": 554,
      "descriptor": [
        67,
        79,
        78,
        91,
        106,
        108,
        106,
        121,
        122,
        49,
        67,
        66,
        61,
        75,
        73,
        94,
        109,
        110,
        92,
        104,
        104,
        52,
        68,
        67,
        66,
        75,
        73,
        97,
        112,
        115,
        85,
        97,
        99,
        54,
        71,
        68,
        66,
        78,
        76,
        93,
        109,
        109,
        59,
        72,
        66,
        69,
        77,
        69
      ]
    },
    {
      "margin": false,
      "index": 13,
      "file": null,
      "u": 0.333333343,
      "v": 0.6354167,
      "uw": 0.333333343,
      "vh": 0.270833343,
      "width": 554,
      "height": 554,
      "descriptor": [
        116,
        108,
        91,
        116,
        110,
        93,
        115,
        107,
        91,
        51,
        69,
        68,
        117,
        116,
        99,
        101,
        103,
        96,
        77,
        84,
        77,
        52,
        68,
        66,
        103,
        94,
        72,
        107,
        99,
        78,
        79,
        82,
        73,
        51,
        68,
        67,
        98,
        82,
        68,
        71,
        78,
        70,
        72,
        76,
        70,
        68,
        73,
        68
      ]
    },
    {
      "margin": false,
      "index": 14,
      "file": null,
      "u": 0.6666667,
      "v": 0.6354167,
      "uw": 0.333333343,
      "vh": 0.270833343,
      "width": 554,
      "height": 554,
      "descriptor": [
        59,
        68,
        66,
        58,
        77,
        77,
        65,
        79,
        78,
        59,
        74,
        75,
        62,
        80,
        80,
        61,
        78,
        79,
        58,
        75,
        76,
        59,
        74,
        73,
        55,
        72,
        72,
        53,
        70,
        71,
        55,
        71,
        71,
        63,
        77,
        76,
        63,
        79,
        78,
        67,
        78,
        76,
        56,
        70,
        69,
        59,
        73,
        73
      ]
    }
  ],
  "margins": [
    {
      "margin": true,
      "index": 0,
      "file": null,
      "u": 0.0,
      "v": 0.0,
      "uw": 0.333333343,
      "vh": 0.09375,
      "width": 554,
      "height": 192,
      "descriptor": null
    },
    {
      "margin": true,