{
  "title": "U ZUBÁRA",
  "author": "NEMECKÝ MALIAR ZO ZAČIATKU 19. STOROČIA, BOILLY, LOUIS",
  "year": "(1840 - 1845)",
  "id": "SNG-0001009136",
  "width": 1792,
  "height": 2048,
  "file": "GNZ--M_480--1_1--2014_12_16--L2_WEB_44790.webp",
  "tiles_x": 3,
  "tiles_y": 3,
  "offset_x": 0.0,
  "offset_y": 0.0625,
  "tiles": [
    {
      "margin": false,
      "index": 6,
      "file": null,
      "u": 0.0,
      "v": 0.0625,
      "uw": 0.3333333,
      "vh": 0.291666657,
      "width": 597,
      "height": 597,
      "descriptor": [
        124,
        97,
        65,
        84,
        60,
        37,
        137,
        106,
        60,
        124,
        110,
        65,
        102,
        81,
        50,
        159,
        136,
        112,
        176,
        140,
        72,
        128,
        96,
        44,
        104,
        86,
        76,
        144,
        115,
        78,
        173,
        128,
        76,
        36,
        43,
        42,
        164,
        133,
        70,
        80,
        66,
        57,
        113,
        102,
        67,
        33,
        37,
        32
      ]
    },
    {
      "margin": false,
      "index": 7,
      "file": null,
      "u": 0.3333333,
      "v": 0.0625,
      "uw": 0.3333333,
      "vh": 0.291666657,
      "width": 597,
      "height": 597,
      "descriptor": [
        128,
        99,
        60,
        69,
        46,
        30,
        105,
        79,
        45,
        69,
        47,
        35,
        166,
        126,
        63,
        167,
        133,
        83,
        119,
        88,
        57,
        85,
        64,
        34,
        68,
        70,
        62,
        50,
        55,
        51,
        46,
        52,
        44,
        40,
        44,
        42,
        39,
        36,
        34,
        113,
        86,
        61,
        41,
        45,
        38,
        52,
        55,
        52
      ]
    },
    {
      "margin": false,
      "index": 8,
      "file": null,
      "u": 0.6666666,
      "v": 0.0625,
      "uw": 0.3333333,
      "vh": 0.291666657,
      "width": 597,
      "height": 597,
      "descriptor": [
        96,
        72,
        48,
        64,
        53,
        43,
        56,
        46,
        29,
        112,
        94,
        57,
        211,
        202,
        165,
        85,
        60,
        33,
        163,
        132,
        85,
        114,
        88,
        49,
        45,
        51,
        49,
        94,
        69,
        41,
        65,
        51,
        39,
        129,
        100,
        62,
        39,
        45,
        43,
        105,
        79,
        44,
        145,
        114,
        72,
        144,
        109,
        66
      ]
    },
    {
      "margin": false,
      "index": 9,
      "file": null,
      "u": 0.0,
      "v": 0.354166657,
      "uw": 0.3333333,
      "vh": 0.291666657,
      "width": 597,
      "height": 597,
      "descriptor": [
        99,
        81,
        48,
        109,
        89,
        71,
        105,
        79,
        48,
        29,
        31,
        28,
        131,
        109,
        73,
        122,
        102,
        78,
        206,
        177,
        114,
        34,
        35,
        31,
        144,
        119,
        85,
        166,
        135,
        105,
        65,
        48,
        34,
        31,
        33,
        31,
        97,
        85,
        67,
        90,
        57,
        47,
        222,
        191,
        135,
        135,
        124,
        107
      ]
    },
    {
      "margin": false,
      "index": 10,
      "file": null,
      "u": 0.3333333,
      "v": 0.354166657,
      "uw": 0.3333333,
      "vh": 0.291666657,
      "width": 597,
      "height": 597,
      "descriptor": [
        57,
        50,
        46,
        103,
        70,
        50,
        54,
        54,
        50,
        76,
        80,
        59,
        76,
        88,
        62,
        199,
        162,
        124,
        177,
        135,
        102,
        78,
        76,
        64,
        68,
        48,
        39,
        65,
        50,
        45,
        213,
        209,
        191,
        62,
        52,
        50,
        73,
        70,
        57,
        52,
        55,
        49,
        52,
        57,
        48,
        131,
        130,
        116
      ]
    },
    {
      "margin": false,
      "index": 11,
      "file": null,
      "u": 0.6666666,
      "v": 0.354166657,
      "uw": 0.3333333,
      "vh": 0.291666657,
      "width": 597,
      "height": 597,
      "descriptor": [
        36,
        42,
        41,
        88,
        67,
        45,
        128,
        111,
        82,
        154,
        124,
        68,
        29,
        29,
        28,
        108,
        83,
        63,
        162,
        136,
        93,
        94,
        48,
        28,
        37,
        40,
        39,
        81,
        72,
        63,
        65,
        53,
        40,
        109,
        96,
        77,
        41,
        46,
        43,
        98,
        78,
        62,
        98,
        74,
        55,
        114,
        99,
        59
      ]
    },
    {
      "margin": false,
      "index": 12,
      "file": null,
      "u": 0.0,
      "v": 0.6458333,
      "uw": 0.3333333,
      "vh": 0.291666657,
      "width": 597,
      "height": 597,
      "descriptor": [
        112,
        95,
        78,
        160,
        129,
        78,
        160,
        127,
        72,
        70,
        71,
        65,
        111,
        87,
        47,
        92,
        64,
        37,
        145,
        116,
        69,
        69,
        70,
        65,
        144,
        132,
        85,
        122,
        99,
        79,
        207,
        178,
        120,
        209,
        184,
        141,
        157,
        140,
        97,
        126,
        95,
        51,
        109,
        97,
        81,
        149,
        113,
        62
      ]
    },
    {
      "margin": false,
      "index": 13,
      "file": null,
      "u": 0.3333333,
      "v": 0.6458333,
      "uw": 0.3333333,
      "vh": 0.291666657,
      "width": 597,
      "height": 597,
      "descriptor": [
        60,
        53,
        46,
        76,
        78,
        72,
        123,
        127,
        115,
        135,
        115,
        85,
        56,
        58,
        57,
        149,
        145,
        125,
        149,
        153,
        138,
        106,
        111,
        101,
        207,
        177,
        136,
        201,
        166,
        122,
        176,
        141,
        101,
        139,
        106,
        70,
        100,
        72,
        51,
        85,
        67,
        45,
        147,
        117,
        76,
        104,
        90,
        73
      ]
    },
    {
      "margin": false,
      "index": 14,
      "file": null,
      "u": 0.6666666,
      "v": 0.6458333,
      "uw": 0.3333333,
      "vh": 0.291666657,
      "width": 597,
      "height": 597,
      "descriptor": [
        97,
        67,
        48,
        69,
        56,
        44,
        122,
        103,
        73,
        171,
        136,
        74,
        38,
        37,
        35,
        111,
        98,
        86,
        183,
        148,
        101,
        173,
        141,
        81,
        131,
        94,
        44,
        123,
        95,
        57,
        117,
        107,
        92,
        114,
        98,
        68,
        109,
        85,
        61,
        73,
        59,
        39,
        83,
        69,
        51,
        149,
        122,
        61
      ]
    }
  ],
  "margins": [
    {
      "margin": true,
      "index": 0,
      "file": null,
      "u": 0.0,
      "v": 0.0,
      "uw": 0.3333333,
      "vh": 0.0625,
      "width": 597,
      "height": 128,