{
  "title": "BITEVNÉ POLE POČAS NAPOLEONSKÝCH VOJEN",
  "author": "FRANCÚZSKY GRAFIK",
  "year": "(1810 - 1820)",
  "id": "SNG-0001026221",
  "width": 2048,
  "height": 1408,
  "file": "GNZ--G_1646--1_1--_2015_04_02_--L2_WEB_118409.webp",
  "tiles_x": 4,
  "tiles_y": 3,
  "offset_x": 0.0416666567,
  "offset_y": 0.0,
  "tiles": [
    {
      "margin": false,
      "index": 6,
      "file": null,
      "u": 0.0416666567,
      "v": 0.0,
      "uw": 0.229166672,
      "vh": 0.333333343,
      "width": 469,
      "height": 469,
      "descriptor": [
        156,
        169,
        176,
        80,
        88,
        93,
        80,
        91,
        98,
        104,
        116,
        125,
        164,
        176,
        182,
        94,
        104,
        114,
        98,
        113,
        126,
        144,
        159,
        171,
        117,
        126,
        131,
        120,
        137,
        153,
        130,
        143,
        153,
        102,
        112,
        117,
        129,
        141,
        152,
        133,
        147,
        157,
        137,
        148,
        154,
        131,
        150,
        168
      ]
    },
    {
      "margin": false,
      "index": 7,
      "file": null,
      "u": 0.2708333,
      "v": 0.0,
      "uw": 0.229166672,
      "vh": 0.333333343,
      "width": 469,
      "height": 469,
      "descriptor": [
        170,
        181,
        184,
        90,
        101,
        103,
        166,
        178,
        185,
        143,
        155,
        158,
        87,
        100,
        106,
        122,
        134,
        141,
        128,
        142,
        150,
        96,
        109,
        118,
        108,
        122,
        131,
        162,
        176,
        186,
        134,
        150,
        158,
        129,
        146,
        161,
        143,
        162,
        180,
        136,
        151,
        166,
        122,
        137,
        146,
        130,
        144,
        151
      ]
    },
    {
      "margin": false,
      "index": 8,
      "file": null,
      "u": 0.5,
      "v": 0.0,
      "uw": 0.229166672,
      "vh": 0.333333343,
      "width": 469,
      "height": 469,
      "descriptor": [
        134,
        160,
        184,
        152,
        183,
        212,
        117,
        135,
        148,
        167,
        183,
        198,
        136,
        147,
        155,
        103,
        116,
        126,
        181,
        202,
        216,
        173,
        192,
        208,
        144,
        153,
        158,
        145,
        160,
        168,
        143,
        156,
        163,
        162,
        181,
        191,
        141,
        153,
        158,
        187,
        198,
        204,
        168,
        181,
        188,
        167,
        180,
        187
      ]
    },
    {
      "margin": false,
      "index": 9,
      "file": null,
      "u": 0.7291666,
      "v": 0.0,
      "uw": 0.229166672,
      "vh": 0.333333343,
      "width": 469,
      "height": 469,
      "descriptor": [
        110,
        123,
        132,
        160,
        178,
        192,
        135,
        154,
        164,
        128,
        151,
        167,
        130,
        144,
        152,
        150,
        160,
        167,
        197,
        211,
        218,
        133,
        149,
        157,
        170,
        182,
        187,
        170,
        183,
        193,
        160,
        170,
        172,
        194,
        206,
        212,
        181,
        192,
        200,
        159,
        169,
        174,
        169,
        180,
        184,
        156,
        167,
        171
      ]
    },
    {
      "margin": false,
      "index": 10,
      "file": null,
      "u": 0.0416666567,
      "v": 0.333333343,
      "uw": 0.229166672,
      "vh": 0.333333343,
      "width": 469,
      "height": 469,
      "descriptor": [
        110,
        117,
        117,
        138,
        148,
        150,
        184,
        190,
        192,
        147,
        165,
        179,
        143,
        145,
        136,
        131,
        131,
        123,
        147,
        141,
        122,
        113,
        121,
        122,
        111,
        110,
        111,
        85,
        87,
        91,
        73,
        76,
        79,
        118,
        117,
        117,
        120,
        121,
        117,
        63,
        58,
        56,
        212,
        201,
        186,
        162,
        154,
        146
      ]
    },
    {
      "margin": false,
      "index": 11,
      "file": null,
      "u": 0.2708333,
      "v": 0.333333343,
      "uw": 0.229166672,
      "vh": 0.333333343,
      "width": 469,
      "height": 469,
      "descriptor": [
        110,
        123,
        134,
        146,
        160,
        170,
        143,
        153,
        156,
        114,
        125,
        128,
        166,
        181,
        191,
        168,
        172,
        167,
        157,
        155,
        142,
        155,
        158,
        159,
        120,
        117,
        115,
        122,
        118,
        108,
        15,
        90,
        184,
        96,
        94,
        89,
        108,
        108,
        105,
        45,
        45,
        50,
        193,
        187,
        181,
        152,
        150,
        146
      ]
    },
    {
      "margin": false,
      "index": 12,
      "file": null,
      "u": 0.5,
      "v": 0.333333343,
      "uw": 0.229166672,
      "vh": 0.333333343,
      "width": 469,
      "height": 469,
      "descriptor": [
        148,
        158,
        164,
        159,
        169,
        177,
        162,
        173,
        181,
        165,
        174,
        181,
        165,
        163,
        155,
        132,
        131,
        123,
        144,
        143,
        136,
        118,
        118,
        118,
        105,
        104,
        99,
        168,
        173,
        176,
        152,
        160,
        162,
        153,
        152,
        147,
        67,
        69,
        70,
        95,
        96,
        94,
        149,
        157,
        153,
        19,
        20,
        19
      ]
    },
    {
      "margin": false,
      "index": 13,
      "file": null,
      "u": 0.7291666,
      "v": 0.333333343,
      "uw": 0.229166672,
      "vh": 0.333333343,
      "width": 469,
      "height": 469,
      "descriptor": [
        137,
        148,
        150,
        172,
        183,
        190,
        151,
        161,
        167,
        168,
        172,
        174,
        124,
        135,
        140,
        107,
        111,
        112,
        138,
        138,
        131,
        116,
        118,
        114,
        201,
        194,
        180,
        129,
        131,
        126,
        126,
        134,
        139,
        162,
        164,
        160,
        30,
        65,
        135,
        55,
        72,
        90,
        52,
        53,
        57,
        60,
        61,
        62
      ]
    },
    {
      "margin": false,
      "index": 14,
      "file": null,
      "u": 0.0416666567,
      "v": 0.6666667,
      "uw": 0.229166672,
      "vh": 0.333333343,
      "width": 469,
      "height": 469,