{
  "title": "PORTRÉT MUŽA",
  "author": "MAĎARSKÝ MALIAR",
  "year": "(1830 - 1850)",
  "id": "SNG-0001009227",
  "width": 1472,
  "height": 2048,
  "file": "GNZ--M_60--1_1--2014_12_09--L2_WEB_17157.webp",
  "tiles_x": 3,
  "tiles_y": 4,
  "offset_x": 0.0,
  "offset_y": 0.0208333433,
  "tiles": [
    {
      "margin": false,
      "index": 6,
      "file": null,
      "u": 0.0,
      "v": 0.0208333433,
      "uw": 0.3333333,
      "vh": 0.239583328,
      "width": 490,
      "height": 490,
      "descriptor": [
        67,
        50,
        44,
        79,
        50,
        47,
        74,
        46,
        43,
        72,
        57,
        50,
        65,
        52,
        45,
        70,
        49,
        44,
        74,
        55,
        50,
        75,
        58,
        49,
        59,
        52,
        45,
        77,
        47,
        47,
        70,
        41,
        38,
        84,
        50,
        48,
        64,
        53,
        45,
        77,
        50,
        48,
        65,
        47,
        40,
        82,
        50,
        47
      ]
    },
    {
      "margin": false,
      "index": 7,
      "file": null,
      "u": 0.3333333,
      "v": 0.0208333433,
      "uw": 0.3333333,
      "vh": 0.239583328,
      "width": 490,
      "height": 490,
      "descriptor": [
        71,
        56,
        52,
        65,
        59,
        54,
        64,
        64,
        56,
        58,
        62,
        54,
        66,
        54,
        51,
        76,
        53,
        49,
        76,
        56,
        50,
        69,
        63,
        57,
        88,
        60,
        57,
        84,
        59,
        53,
        88,
        53,
        51,
        69,
        66,
        59,
        85,
        50,
        47,
        164,
        122,
        88,
        85,
        55,
        44,
        90,
        60,
        55
      ]
    },
    {
      "margin": false,
      "index": 8,
      "file": null,
      "u": 0.6666666,
      "v": 0.0208333433,
      "uw": 0.3333333,
      "vh": 0.239583328,
      "width": 490,
      "height": 490,
      "descriptor": [
        59,
        61,
        55,
        63,
        67,
        60,
        59,
        64,
        51,
        49,
        56,
        51,
        66,
        69,
        61,
        63,
        66,
        58,
        59,
        60,
        53,
        48,
        54,
        48,
        74,
        72,
        65,
        61,
        66,
        57,
        73,
        71,
        63,
        54,
        61,
        50,
        69,
        71,
        63,
        72,
        71,
        62,
        61,
        68,
        57,
        57,
        57,
        51
      ]
    },
    {
      "margin": false,
      "index": 9,
      "file": null,
      "u": 0.0,
      "v": 0.2604167,
      "uw": 0.3333333,
      "vh": 0.239583328,
      "width": 490,
      "height": 490,
      "descriptor": [
        69,
        62,
        54,
        81,
        49,
        49,
        75,
        47,
        40,
        83,
        51,
        47,
        77,
        68,
        56,
        73,
        64,
        58,
        83,
        52,
        51,
        67,
        59,
        50,
        82,
        70,
        54,
        76,
        68,
        55,
        79,
        51,
        47,
        85,
        47,
        44,
        82,
        69,
        55,
        83,
        73,
        58,
        45,
        38,
        36,
        70,
        48,
        42
      ]
    },
    {
      "margin": false,
      "index": 10,
      "file": null,
      "u": 0.3333333,
      "v": 0.2604167,
      "uw": 0.3333333,
      "vh": 0.239583328,
      "width": 490,
      "height": 490,
      "descriptor": [
        85,
        60,
        58,
        116,
        83,
        65,
        120,
        82,
        58,
        83,
        59,
        53,
        83,
        42,
        41,
        129,
        93,
        70,
        69,
        51,
        44,
        93,
        56,
        51,
        34,
        38,
        39,
        62,
        55,
        46,
        26,
        31,
        32,
        36,
        41,
        40,
        41,
        42,
        42,
        143,
        130,
        113,
        37,
        41,
        41,
        36,
        41,
        40
      ]
    },
    {
      "margin": false,
      "index": 11,
      "file": null,
      "u": 0.6666666,
      "v": 0.2604167,
      "uw": 0.3333333,
      "vh": 0.239583328,
      "width": 490,
      "height": 490,
      "descriptor": [
        71,
        60,
        54,
        62,
        56,
        52,
        54,
        59,
        51,
        61,
        65,
        56,
        88,
        56,
        54,
        62,
        59,
        53,
        71,
        51,
        50,
        60,
        66,
        55,
        34,
        39,
        39,
        87,
        48,
        47,
        64,
        46,
        42,
        50,
        59,
        49,
        45,
        47,
        46,
        40,
        37,
        37,
        68,
        45,
        43,
        55,
        60,
        53
      ]
    },
    {
      "margin": false,
      "index": 12,
      "file": null,
      "u": 0.0,
      "v": 0.5,
      "uw": 0.3333333,
      "vh": 0.239583328,
      "width": 490,
      "height": 490,
      "descriptor": [
        67,
        60,
        51,
        82,
        70,
        57,
        50,
        42,
        38,
        74,
        51,
        42,
        79,
        67,
        53,
        75,
        67,
        52,
        48,
        41,
        37,
        31,
        32,
        33,
        74,
        63,
        51,
        80,
        69,
        55,
        51,
        42,
        42,
        30,
        33,
        33,
        82,
        50,
        47,
        89,
        53,
        53,
        42,
        43,
        43,
        37,
        40,
        40
      ]
    },
    {
      "margin": false,
      "index": 13,
      "file": null,
      "u": 0.3333333,
      "v": 0.5,
      "uw": 0.3333333,
      "vh": 0.239583328,
      "width": 490,
      "height": 490,
      "descriptor": [
        30,
        33,
        33,
        29,
        34,
        34,
        37,
        40,
        41,
        40,
        44,
        45,
        31,
        34,
        34,
        37,
        40,
        38,
        29,
        33,
        33,
        36,
        35,
        35,
        37,
        38,
        39,
        32,
        37,
        37,
        32,
        32,
        33,
        38,
        42,
        41,
        32,
        32,
        32,
        32,
        31,
        32,
        34,
        36,
        35,
        34,
        36,
        36
      ]
    },
    {
      "margin": false,
      "index": 14,
      "file": null,
      "u": 0.6666666,
      "v": 0.5,
      "uw": 0.3333333,
      "vh": 0.239583328,
      "width": 490,
      "height": 490,
      "descriptor": [
        46,
        49,
        49,
        45,
        45,
        45,
        35,
        37,
        36,
        60,
        57,
        51,
        36,
        39,
        39,
        68,
        45,
        42,
        46,
        46,
        46,
        65,
        42,
        40,
        71,
        44,
        42,
        39,
        39,
        39,
        39,
        39,
        36,
        64,
        44,
        42,
        38,
        41,
        42,
        28,
        32,
        33,
        59,
        39,
        38,
        59,
        46,
        44
      ]
    },
    {
      "margin": false,
      "index": 15,
      "file": null,
      "u": 0.0,
      "v": 0.7395834,
      "uw": 0.3333333,
      "vh": 0.239583328,
      "width": 490,
      "height": 490,