{
  "title": "ALPSKÁ KRAJINA",
  "author": "HOLZER, JOSEPH",
  "year": "1844",
  "id": "SNG-0001009195",
  "width": 2048,
  "height": 1600,
  "file": "GNZ--M_27--1_1--2014_12_16--L2_WEB_117692.webp",
  "tiles_x": 3,
  "tiles_y": 3,
  "offset_x": 0.109375,
  "offset_y": 0.0,
  "tiles": [
    {
      "margin": false,
      "index": 6,
      "file": null,
      "u": 0.109375,
      "v": 0.0,
      "uw": 0.260416657,
      "vh": 0.3333333,
      "width": 533,
      "height": 533,
      "descriptor": [
        149,
        154,
        174,
        186,
        180,
        179,
        180,
        175,
        179,
        189,
        179,
        179,
        153,
        157,
        172,
        173,
        168,
        174,
        160,
        159,
        171,
        180,
        172,
        171,
        127,
        126,
        113,
        165,
        160,
        167,
        168,
        159,
        164,
        203,
        195,
        185,
        114,
        125,
        141,
        137,
        135,
        109,
        75,
        100,
        88,
        157,
        154,
        153
      ]
    },
    {
      "margin": false,
      "index": 7,
      "file": null,
      "u": 0.369791657,
      "v": 0.0,
      "uw": 0.260416657,
      "vh": 0.3333333,
      "width": 533,
      "height": 533,
      "descriptor": [
        196,
        185,
        181,
        192,
        189,
        188,
        203,
        198,
        192,
        206,
        199,
        194,
        222,
        211,
        197,
        190,
        185,
        181,
        227,
        214,
        186,
        229,
        215,
        189,
        216,
        206,
        189,
        211,
        202,
        191,
        193,
        189,
        189,
        195,
        194,
        195,
        201,
        195,
        187,
        171,
        172,
        178,
        161,
        172,
        184,
        131,
        165,
        185
      ]
    },
    {
      "margin": false,
      "index": 8,
      "file": null,
      "u": 0.6302083,
      "v": 0.0,
      "uw": 0.260416657,
      "vh": 0.3333333,
      "width": 533,
      "height": 533,
      "descriptor": [
        226,
        213,
        190,
        232,
        216,
        184,
        197,
        186,
        175,
        205,
        193,
        179,
        232,
        218,
        195,
        230,
        215,
        187,
        218,
        205,
        185,
        180,
        172,
        167,
        198,
        193,
        191,
        200,
        192,
        186,
        182,
        177,
        173,
        202,
        196,
        190,
        118,
        156,
        176,
        167,
        172,
        181,
        194,
        187,
        183,
        150,
        165,
        180
      ]
    },
    {
      "margin": false,
      "index": 9,
      "file": null,
      "u": 0.109375,
      "v": 0.3333333,
      "uw": 0.260416657,
      "vh": 0.3333333,
      "width": 533,
      "height": 533,
      "descriptor": [
        80,
        111,
        137,
        78,
        94,
        80,
        124,
        133,
        98,
        128,
        136,
        155,
        47,
        68,
        48,
        59,
        71,
        86,
        75,
        98,
        99,
        119,
        154,
        174,
        41,
        64,
        48,
        58,
        74,
        50,
        66,
        89,
        103,
        133,
        148,
        164,
        54,
        57,
        50,
        44,
        58,
        53,
        46,
        68,
        71,
        58,
        73,
        82
      ]
    },
    {
      "margin": false,
      "index": 10,
      "file": null,
      "u": 0.369791657,
      "v": 0.3333333,
      "uw": 0.260416657,
      "vh": 0.3333333,
      "width": 533,
      "height": 533,
      "descriptor": [
        185,
        178,
        172,
        124,
        157,
        178,
        112,
        145,
        165,
        103,
        148,
        169,
        119,
        153,
        173,
        133,
        149,
        164,
        97,
        148,
        172,
        93,
        144,
        168,
        121,
        152,
        173,
        94,
        141,
        167,
        101,
        152,
        177,
        123,
        177,
        197,
        76,
        71,
        65,
        84,
        122,
        143,
        114,
        139,
        164,
        99,
        149,
        173
      ]
    },
    {
      "margin": false,
      "index": 11,
      "file": null,
      "u": 0.6302083,
      "v": 0.3333333,
      "uw": 0.260416657,
      "vh": 0.3333333,
      "width": 533,
      "height": 533,
      "descriptor": [
        103,
        155,
        179,
        93,
        149,
        174,
        89,
        140,
        165,
        101,
        155,
        177,
        111,
        158,
        179,
        106,
        163,
        187,
        101,
        160,
        184,
        94,
        156,
        182,
        131,
        176,
        196,
        99,
        158,
        184,
        92,
        149,
        175,
        82,
        132,
        162,
        85,
        136,
        163,
        82,
        119,
        146,
        71,
        113,
        138,
        64,
        102,
        125
      ]
    },
    {
      "margin": false,
      "index": 12,
      "file": null,
      "u": 0.109375,
      "v": 0.6666666,
      "uw": 0.260416657,
      "vh": 0.3333333,
      "width": 533,
      "height": 533,
      "descriptor": [
        53,
        54,
        50,
        59,
        61,
        57,
        102,
        93,
        85,
        50,
        64,
        57,
        78,
        81,
        47,
        51,
        50,
        52,
        73,
        68,
        51,
        78,
        65,
        49,
        55,
        63,
        63,
        48,
        62,
        52,
        56,
        67,
        50,
        32,
        54,
        42,
        76,
        73,
        65,
        99,
        92,
        60,
        39,
        64,
        54,
        45,
        63,
        63
      ]
    },
    {
      "margin": false,
      "index": 13,
      "file": null,
      "u": 0.369791657,
      "v": 0.6666666,
      "uw": 0.260416657,
      "vh": 0.3333333,
      "width": 533,
      "height": 533,
      "descriptor": [
        57,
        72,
        85,
        97,
        98,
        104,
        94,
        106,
        120,
        128,
        115,
        107,
        41,
        52,
        47,
        52,
        72,
        61,
        88,
        100,
        89,
        111,
        123,
        132,
        33,
        58,
        46,
        52,
        81,
        73,
        56,
        83,
        75,
        69,
        100,
        82,
        66,
        86,
        54,
        62,
        86,
        64,
        105,
        124,
        89,
        93,
        111,
        65
      ]
    },
    {
      "margin": false,
      "index": 14,
      "file": null,
      "u": 0.6302083,
      "v": 0.6666666,
      "uw": 0.260416657,
      "vh": 0.3333333,
      "width": 533,
      "height": 533,
      "descriptor": [
        148,
        141,
        121,
        154,
        141,
        118,
        173,
        156,
        126,
        156,
        143,
        127,
        77,
        100,
        119,
        104,
        133,
        147,
        96,
        124,
        139,
        106,
        118,
        126,
        79,
        107,
        91,
        108,
        123,
        111,
        128,
        136,
        118,
        116,
        127,
        113,
        107,
        119,
        85,
        118,
        125,
        93,
        140,
        145,
        115,
        135,
        137,
        104
      ]
    }
  ],
  "margins": [
    {
      "margin": true,
      "index": 0,
      "file": null,
      "u": 0.0,
      "v": 0.0,