{
  "title": "ZÁHRADNÁ DEKORÁCIA DIVADELNÁ",
  "author": "WINCKELMANN A SYN",
  "year": "(1820 - 1830)",
  "id": "SNG-0001038351",
  "width": 2048,
  "height": 1664,
  "file": "GNZ--G_1132--1_1--2015_03_17--L2_WEB_1630520.webp",
  "tiles_x": 3,
  "tiles_y": 3,
  "offset_x": 0.09375,
  "offset_y": 0.0,
  "tiles": [
    {
      "margin": false,
      "index": 6,
      "file": null,
      "u": 0.09375,
      "v": 0.0,
      "uw": 0.270833343,
      "vh": 0.333333343,
      "width": 554,
      "height": 554,
      "descriptor": [
        229,
        209,
        185,
        211,
        198,
        172,
        121,
        119,
        85,
        225,
        211,
        186,
        94,
        90,
        61,
        73,
        70,
        53,
        130,
        122,
        87,
        110,
        100,
        60,
        73,
        69,
        61,
        132,
        119,
        72,
        86,
        82,
        58,
        151,
        145,
        102,
        138,
        124,
        82,
        226,
        205,
        184,
        212,
        194,
        168,
        233,
        209,
        185
      ]
    },
    {
      "margin": false,
      "index": 7,
      "file": null,
      "u": 0.364583343,
      "v": 0.0,
      "uw": 0.270833343,
      "vh": 0.333333343,
      "width": 554,
      "height": 554,
      "descriptor": [
        233,
        212,
        186,
        234,
        213,
        186,
        218,
        207,
        181,
        227,
        207,
        182,
        218,
        211,
        189,
        216,
        209,
        186,
        214,
        208,
        186,
        207,
        202,
        181,
        227,
        213,
        190,
        226,
        211,
        190,
        193,
        180,
        168,
        208,
        203,
        181,
        233,
        209,
        186,
        216,
        185,
        175,
        226,
        196,
        182,
        196,
        199,
        177
      ]
    },
    {
      "margin": false,
      "index": 8,
      "file": null,
      "u": 0.6354167,
      "v": 0.0,
      "uw": 0.270833343,
      "vh": 0.333333343,
      "width": 554,
      "height": 554,
      "descriptor": [
        229,
        210,
        185,
        230,
        210,
        187,
        228,
        208,
        183,
        232,
        212,
        187,
        212,
        204,
        182,
        214,
        207,
        183,
        210,
        204,
        180,
        212,
        204,
        183,
        207,
        202,
        180,
        145,
        139,
        95,
        106,
        100,
        81,
        78,
        73,
        59,
        199,
        200,
        180,
        124,
        124,
        75,
        84,
        79,
        61,
        96,
        83,
        59
      ]
    },
    {
      "margin": false,
      "index": 9,
      "file": null,
      "u": 0.09375,
      "v": 0.333333343,
      "uw": 0.270833343,
      "vh": 0.333333343,
      "width": 554,
      "height": 554,
      "descriptor": [
        229,
        209,
        189,
        225,
        206,
        183,
        233,
        212,
        191,
        234,
        213,
        191,
        145,
        105,
        89,
        155,
        136,
        83,
        231,
        214,
        189,
        234,
        215,
        193,
        89,
        76,
        70,
        97,
        88,
        64,
        129,
        119,
        75,
        100,
        118,
        108,
        53,
        55,
        54,
        66,
        66,
        63,
        99,
        128,
        116,
        75,
        71,
        49
      ]
    },
    {
      "margin": false,
      "index": 10,
      "file": null,
      "u": 0.364583343,
      "v": 0.333333343,
      "uw": 0.270833343,
      "vh": 0.333333343,
      "width": 554,
      "height": 554,
      "descriptor": [
        206,
        181,
        172,
        226,
        196,
        187,
        229,
        194,
        184,
        226,
        196,
        182,
        229,
        196,
        188,
        126,
        109,
        100,
        81,
        70,
        62,
        162,
        167,
        153,
        92,
        100,
        95,
        87,
        97,
        87,
        76,
        81,
        74,
        130,
        140,
        124,
        83,
        78,
        64,
        99,
        88,
        73,
        75,
        75,
        61,
        122,
        112,
        82
      ]
    },
    {
      "margin": false,
      "index": 11,
      "file": null,
      "u": 0.6354167,
      "v": 0.333333343,
      "uw": 0.270833343,
      "vh": 0.333333343,
      "width": 554,
      "height": 554,
      "descriptor": [
        195,
        199,
        179,
        193,
        196,
        175,
        69,
        69,
        59,
        72,
        65,
        52,
        201,
        201,
        182,
        85,
        81,
        67,
        136,
        132,
        101,
        90,
        73,
        66,
        62,
        66,
        62,
        114,
        132,
        115,
        104,
        99,
        77,
        75,
        72,
        66,
        159,
        147,
        101,
        65,
        67,
        62,
        125,
        116,
        84,
        59,
        59,
        57
      ]
    },
    {
      "margin": false,
      "index": 12,
      "file": null,
      "u": 0.09375,
      "v": 0.6666667,
      "uw": 0.270833343,
      "vh": 0.333333343,
      "width": 554,
      "height": 554,
      "descriptor": [
        150,
        138,
        102,
        76,
        83,
        74,
        67,
        65,
        60,
        60,
        57,
        51,
        110,
        101,
        79,
        70,
        62,
        57,
        59,
        65,
        53,
        81,
        73,
        70,
        51,
        47,
        46,
        56,
        46,
        45,
        68,
        61,
        62,
        64,
        70,
        62,
        223,
        203,
        177,
        223,
        201,
        175,
        231,
        210,
        183,
        227,
        205,
        179
      ]
    },
    {
      "margin": false,
      "index": 13,
      "file": null,
      "u": 0.364583343,
      "v": 0.6666667,
      "uw": 0.270833343,
      "vh": 0.333333343,
      "width": 554,
      "height": 554,
      "descriptor": [
        109,
        104,
        98,
        169,
        108,
        114,
        54,
        58,
        51,
        90,
        74,
        71,
        153,
        128,
        107,
        217,
        175,
        127,
        176,
        139,
        99,
        180,
        145,
        109,
        85,
        81,
        74,
        128,
        108,
        92,
        79,
        78,
        64,
        115,
        96,
        77,
        239,
        218,
        193,
        231,
        209,
        182,
        227,
        207,
        182,
        230,
        211,
        189
      ]
    },
    {
      "margin": false,
      "index": 14,
      "file": null,
      "u": 0.6354167,
      "v": 0.6666667,
      "uw": 0.270833343,
      "vh": 0.333333343,
      "width": 554,
      "height": 554,
      "descriptor": [
        131,
        105,
        90,
        134,
        118,
        101,
        127,
        118,
        95,
        84,
        83,
        72,
        221,
        189,
        149,
        107,
        97,
        61,
        63,
        57,
        47,
        60,
        61,
        57,
        126,
        119,
        96,
        159,
        135,
        121,
        123,
        104,
        88,
        79,
        73,
        56,
        227,
        209,
        186,
        218,
        198,
        176,
        236,
        216,
        195,
        228,
        208,
        183
      ]
    }
  ],
  "margins": [
    {
      "margin": true,
      "index": 0,
      "file": null,