{
  "title": "MŔTVE RAMENO DUNAJA",
  "author": "SCHUBERT, JÚLIUS",
  "year": "1921",
  "id": "SNG-0001009517",
  "width": 1536,
  "height": 2048,
  "file": "GNZ--M_40--1_1--2014_12_09--L2_WEB_35112.webp",
  "tiles_x": 3,
  "tiles_y": 4,
  "offset_x": 0.0,
  "offset_y": 0.0,
  "tiles": [
    {
      "margin": false,
      "index": 0,
      "file": null,
      "u": 0.0,
      "v": 0.0,
      "uw": 0.333333343,
      "vh": 0.25,
      "width": 512,
      "height": 512,
      "descriptor": [
        50,
        86,
        87,
        51,
        89,
        91,
        62,
        95,
        94,
        93,
        96,
        94,
        57,
        93,
        84,
        61,
        96,
        102,
        95,
        104,
        104,
        80,
        89,
        89,
        68,
        84,
        87,
        83,
        95,
        96,
        36,
        65,
        66,
        107,
        113,
        90,
        77,
        99,
        94,
        81,
        92,
        89,
        95,
        111,
        96,
        65,
        75,
        96
      ]
    },
    {
      "margin": false,
      "index": 1,
      "file": null,
      "u": 0.333333343,
      "v": 0.0,
      "uw": 0.333333343,
      "vh": 0.25,
      "width": 512,
      "height": 512,
      "descriptor": [
        70,
        89,
        94,
        67,
        93,
        92,
        91,
        102,
        99,
        77,
        87,
        98,
        108,
        115,
        103,
        60,
        73,
        72,
        88,
        99,
        97,
        98,
        107,
        101,
        91,
        101,
        95,
        50,
        69,
        61,
        78,
        90,
        88,
        28,
        59,
        65,
        71,
        92,
        80,
        31,
        56,
        50,
        51,
        78,
        86,
        80,
        107,
        95
      ]
    },
    {
      "margin": false,
      "index": 2,
      "file": null,
      "u": 0.6666667,
      "v": 0.0,
      "uw": 0.333333343,
      "vh": 0.25,
      "width": 512,
      "height": 512,
      "descriptor": [
        76,
        88,
        86,
        80,
        91,
        90,
        66,
        81,
        74,
        46,
        67,
        58,
        81,
        86,
        90,
        80,
        92,
        80,
        50,
        71,
        60,
        57,
        76,
        70,
        104,
        105,
        89,
        81,
        86,
        92,
        66,
        81,
        75,
        51,
        88,
        74,
        67,
        81,
        89,
        36,
        71,
        81,
        91,
        98,
        88,
        40,
        73,
        68
      ]
    },
    {
      "margin": false,
      "index": 3,
      "file": null,
      "u": 0.0,
      "v": 0.25,
      "uw": 0.333333343,
      "vh": 0.25,
      "width": 512,
      "height": 512,
      "descriptor": [
        82,
        111,
        72,
        32,
        85,
        73,
        98,
        123,
        122,
        103,
        106,
        94,
        87,
        132,
        86,
        76,
        120,
        75,
        65,
        102,
        97,
        105,
        107,
        90,
        66,
        92,
        76,
        80,
        109,
        83,
        69,
        81,
        80,
        108,
        140,
        92,
        79,
        74,
        72,
        63,
        72,
        77,
        23,
        68,
        73,
        71,
        111,
        67
      ]
    },
    {
      "margin": false,
      "index": 4,
      "file": null,
      "u": 0.333333343,
      "v": 0.25,
      "uw": 0.333333343,
      "vh": 0.25,
      "width": 512,
      "height": 512,
      "descriptor": [
        69,
        80,
        83,
        50,
        72,
        72,
        51,
        68,
        72,
        68,
        109,
        79,
        68,
        98,
        101,
        88,
        120,
        94,
        54,
        69,
        79,
        68,
        103,
        92,
        107,
        137,
        86,
        52,
        88,
        90,
        72,
        86,
        91,
        30,
        66,
        64,
        104,
        147,
        80,
        97,
        142,
        74,
        74,
        90,
        101,
        22,
        52,
        60
      ]
    },
    {
      "margin": false,
      "index": 5,
      "file": null,
      "u": 0.6666667,
      "v": 0.25,
      "uw": 0.333333343,
      "vh": 0.25,
      "width": 512,
      "height": 512,
      "descriptor": [
        110,
        124,
        95,
        96,
        115,
        125,
        122,
        130,
        99,
        57,
        87,
        83,
        47,
        87,
        67,
        34,
        61,
        65,
        57,
        80,
        80,
        56,
        81,
        76,
        45,
        90,
        65,
        65,
        110,
        81,
        31,
        53,
        53,
        43,
        71,
        79,
        47,
        74,
        80,
        40,
        75,
        89,
        61,
        78,
        85,
        32,
        56,
        59
      ]
    },
    {
      "margin": false,
      "index": 6,
      "file": null,
      "u": 0.0,
      "v": 0.5,
      "uw": 0.333333343,
      "vh": 0.25,
      "width": 512,
      "height": 512,
      "descriptor": [
        150,
        165,
        153,
        152,
        164,
        155,
        133,
        148,
        148,
        140,
        160,
        154,
        131,
        158,
        143,
        127,
        152,
        135,
        137,
        154,
        143,
        151,
        129,
        113,
        108,
        140,
        123,
        106,
        136,
        127,
        93,
        140,
        118,
        100,
        142,
        117,
        80,
        114,
        92,
        76,
        111,
        93,
        99,
        125,
        110,
        110,
        147,
        123
      ]
    },
    {
      "margin": false,
      "index": 7,
      "file": null,
      "u": 0.333333343,
      "v": 0.5,
      "uw": 0.333333343,
      "vh": 0.25,
      "width": 512,
      "height": 512,
      "descriptor": [
        72,
        98,
        82,
        184,
        129,
        105,
        62,
        78,
        87,
        40,
        62,
        63,
        119,
        95,
        85,
        143,
        96,
        86,
        137,
        93,
        79,
        69,
        70,
        78,
        95,
        136,
        109,
        94,
        127,
        104,
        112,
        143,
        120,
        86,
        98,
        101,
        82,
        124,
        97,
        90,
        126,
        86,
        98,
        138,
        87,
        80,
        97,
        94
      ]
    },
    {
      "margin": false,
      "index": 8,
      "file": null,
      "u": 0.6666667,
      "v": 0.5,
      "uw": 0.333333343,
      "vh": 0.25,
      "width": 512,
      "height": 512,
      "descriptor": [
        41,
        61,
        61,
        140,
        151,
        62,
        38,
        72,
        73,
        46,
        67,
        70,
        114,
        126,
        118,
        53,
        61,
        70,
        52,
        83,
        83,
        45,
        76,
        71,
        80,
        94,
        87,
        74,
        86,
        86,
        39,
        72,
        78,
        44,
        74,
        60,
        74,
        92,
        89,
        54,
        74,
        78,
        29,
        53,
        60,
        24,
        60,
        63
      ]
    },
    {
      "margin": false,
      "index": 9,
      "file": null,
      "u": 0.0,
      "v": 0.75,
      "uw": 0.333333343,
      "vh": 0.25,
      "width": 512,
      "height": 512,