{
  "title": "UKRIŽOVANIE",
  "author": "NEMECKÝ GRAFIK",
  "year": "(1780 - 1790)",
  "id": "SNG-0001038389",
  "width": 1344,
  "height": 2048,
  "file": "GNZ--G_1513--1_1--2015_03_16--L2_WEB_1630625.webp",
  "tiles_x": 3,
  "tiles_y": 4,
  "offset_x": 0.0,
  "offset_y": 0.0625,
  "tiles": [
    {
      "margin": false,
      "index": 6,
      "file": null,
      "u": 0.0,
      "v": 0.0625,
      "uw": 0.333333343,
      "vh": 0.21875,
      "width": 448,
      "height": 448,
      "descriptor": [
        177,
        149,
        248,
        209,
        163,
        136,
        157,
        221,
        83,
        117,
        126,
        254,
        197,
        172,
        249,
        187,
        111,
        86,
        168,
        227,
        104,
        125,
        128,
        251,
        190,
        164,
        249,
        224,
        183,
        156,
        207,
        248,
        199,
        140,
        142,
        253,
        191,
        166,
        250,
        218,
        178,
        157,
        193,
        237,
        151,
        161,
        164,
        253
      ]
    },
    {
      "margin": false,
      "index": 7,
      "file": null,
      "u": 0.333333343,
      "v": 0.0625,
      "uw": 0.333333343,
      "vh": 0.21875,
      "width": 448,
      "height": 448,
      "descriptor": [
        144,
        132,
        110,
        220,
        185,
        123,
        112,
        169,
        231,
        185,
        177,
        173,
        147,
        130,
        115,
        222,
        193,
        130,
        136,
        184,
        225,
        79,
        94,
        109,
        162,
        146,
        127,
        224,
        208,
        155,
        182,
        208,
        245,
        187,
        185,
        180,
        146,
        127,
        101,
        225,
        209,
        163,
        161,
        191,
        241,
        121,
        125,
        132
      ]
    },
    {
      "margin": false,
      "index": 8,
      "file": null,
      "u": 0.6666667,
      "v": 0.0625,
      "uw": 0.333333343,
      "vh": 0.21875,
      "width": 448,
      "height": 448,
      "descriptor": [
        249,
        186,
        170,
        99,
        219,
        181,
        124,
        121,
        173,
        253,
        121,
        123,
        249,
        199,
        189,
        130,
        221,
        209,
        160,
        158,
        194,
        253,
        184,
        183,
        247,
        133,
        113,
        99,
        217,
        194,
        148,
        144,
        186,
        255,
        178,
        173,
        250,
        123,
        100,
        112,
        222,
        188,
        156,
        141,
        186,
        255,
        156,
        154
      ]
    },
    {
      "margin": false,
      "index": 9,
      "file": null,
      "u": 0.0,
      "v": 0.28125,
      "uw": 0.333333343,
      "vh": 0.21875,
      "width": 448,
      "height": 448,
      "descriptor": [
        191,
        168,
        249,
        213,
        168,
        144,
        162,
        234,
        129,
        132,
        132,
        254,
        174,
        143,
        249,
        224,
        183,
        156,
        136,
        222,
        69,
        75,
        82,
        250,
        198,
        173,
        251,
        175,
        91,
        60,
        140,
        218,
        69,
        144,
        110,
        255,
        139,
        99,
        246,
        222,
        170,
        138,
        156,
        222,
        91,
        112,
        122,
        251
      ]
    },
    {
      "margin": false,
      "index": 10,
      "file": null,
      "u": 0.333333343,
      "v": 0.28125,
      "uw": 0.333333343,
      "vh": 0.21875,
      "width": 448,
      "height": 448,
      "descriptor": [
        124,
        99,
        62,
        207,
        160,
        82,
        193,
        213,
        247,
        171,
        171,
        163,
        103,
        71,
        43,
        201,
        174,
        97,
        150,
        178,
        244,
        124,
        121,
        121,
        123,
        100,
        58,
        201,
        154,
        61,
        109,
        169,
        241,
        146,
        105,
        89,
        134,
        107,
        80,
        201,
        179,
        112,
        40,
        128,
        236,
        148,
        108,
        115
      ]
    },
    {
      "margin": false,
      "index": 11,
      "file": null,
      "u": 0.6666667,
      "v": 0.28125,
      "uw": 0.333333343,
      "vh": 0.21875,
      "width": 448,
      "height": 448,
      "descriptor": [
        246,
        142,
        111,
        130,
        228,
        206,
        104,
        96,
        161,
        247,
        58,
        57,
        245,
        172,
        148,
        155,
        225,
        223,
        102,
        95,
        162,
        253,
        155,
        138,
        246,
        162,
        144,
        147,
        226,
        213,
        204,
        197,
        220,
        254,
        182,
        176,
        247,
        153,
        142,
        78,
        208,
        183,
        77,
        64,
        154,
        252,
        134,
        131
      ]
    },
    {
      "margin": false,
      "index": 12,
      "file": null,
      "u": 0.0,
      "v": 0.5,
      "uw": 0.333333343,
      "vh": 0.21875,
      "width": 448,
      "height": 448,
      "descriptor": [
        127,
        95,
        245,
        173,
        91,
        64,
        161,
        218,
        73,
        178,
        176,
        254,
        175,
        151,
        248,
        195,
        137,
        111,
        143,
        222,
        77,
        125,
        133,
        250,
        171,
        147,
        249,
        172,
        107,
        78,
        154,
        222,
        83,
        177,
        175,
        252,
        178,
        153,
        249,
        195,
        133,
        107,
        146,
        224,
        78,
        167,
        156,
        255
      ]
    },
    {
      "margin": false,
      "index": 13,
      "file": null,
      "u": 0.333333343,
      "v": 0.5,
      "uw": 0.333333343,
      "vh": 0.21875,
      "width": 448,
      "height": 448,
      "descriptor": [
        161,
        139,
        71,
        229,
        206,
        157,
        58,
        153,
        221,
        45,
        47,
        66,
        212,
        198,
        161,
        213,
        190,
        114,
        101,
        154,
        231,
        102,
        106,
        120,
        150,
        125,
        90,
        227,
        220,
        179,
        174,
        202,
        246,
        140,
        128,
        144,
        102,
        69,
        43,
        213,
        150,
        69,
        94,
        165,
        231,
        201,
        194,
        189
      ]
    },
    {
      "margin": false,
      "index": 14,
      "file": null,
      "u": 0.6666667,
      "v": 0.5,
      "uw": 0.333333343,
      "vh": 0.21875,
      "width": 448,
      "height": 448,
      "descriptor": [
        242,
        180,
        149,
        37,
        204,
        165,
        52,
        59,
        147,
        245,
        66,
        60,
        247,
        220,
        198,
        149,
        228,
        223,
        121,
        105,
        173,
        247,
        114,
        100,
        253,
        101,
        78,
        133,
        236,
        190,
        154,
        148,
        189,
        255,
        125,
        91,
        241,
        110,
        70,
        84,
        201,
        208,
        195,
        167,
        194,
        254,
        200,
        187
      ]
    },
    {
      "margin": false,
      "index": 15,
      "file": null,