{
  "title": "GALANTNÁ SCÉNA V PRÍRODE",
  "author": "BAS, JACQUES PHILIPPE LE, BOUCHER, FRANÇOIS",
  "year": "1750",
  "id": "SNG-0001025740",
  "width": 2048,
  "height": 1792,
  "file": "GNZ--G_735--1_1--_2015_03_25_--L2_WEB_53204.webp",
  "tiles_x": 3,
  "tiles_y": 3,
  "offset_x": 0.0625,
  "offset_y": 0.0,
  "tiles": [
    {
      "margin": false,
      "index": 6,
      "file": null,
      "u": 0.0625,
      "v": 0.0,
      "uw": 0.291666657,
      "vh": 0.3333333,
      "width": 597,
      "height": 597,
      "descriptor": [
        66,
        48,
        16,
        178,
        160,
        117,
        169,
        158,
        130,
        146,
        127,
        109,
        68,
        50,
        45,
        173,
        161,
        129,
        192,
        184,
        148,
        126,
        99,
        69,
        202,
        174,
        126,
        153,
        122,
        101,
        99,
        86,
        55,
        54,
        36,
        16,
        83,
        58,
        40,
        130,
        115,
        80,
        102,
        82,
        53,
        130,
        114,
        102
      ]
    },
    {
      "margin": false,
      "index": 7,
      "file": null,
      "u": 0.354166657,
      "v": 0.0,
      "uw": 0.291666657,
      "vh": 0.3333333,
      "width": 597,
      "height": 597,
      "descriptor": [
        73,
        62,
        50,
        66,
        50,
        36,
        92,
        81,
        60,
        152,
        129,
        89,
        107,
        73,
        54,
        75,
        72,
        55,
        197,
        167,
        126,
        83,
        66,
        44,
        121,
        99,
        70,
        87,
        67,
        46,
        96,
        80,
        66,
        168,
        142,
        113,
        135,
        121,
        99,
        131,
        115,
        78,
        116,
        102,
        73,
        204,
        184,
        140
      ]
    },
    {
      "margin": false,
      "index": 8,
      "file": null,
      "u": 0.6458333,
      "v": 0.0,
      "uw": 0.291666657,
      "vh": 0.3333333,
      "width": 597,
      "height": 597,
      "descriptor": [
        95,
        66,
        28,
        184,
        156,
        117,
        151,
        123,
        89,
        184,
        141,
        108,
        224,
        195,
        166,
        207,
        174,
        131,
        196,
        180,
        143,
        184,
        162,
        125,
        188,
        165,
        123,
        206,
        183,
        142,
        201,
        172,
        131,
        185,
        155,
        114,
        186,
        168,
        124,
        187,
        152,
        110,
        125,
        95,
        65,
        198,
        180,
        137
      ]
    },
    {
      "margin": false,
      "index": 9,
      "file": null,
      "u": 0.0625,
      "v": 0.3333333,
      "uw": 0.291666657,
      "vh": 0.3333333,
      "width": 597,
      "height": 597,
      "descriptor": [
        115,
        112,
        89,
        135,
        103,
        70,
        160,
        140,
        115,
        104,
        91,
        71,
        113,
        117,
        87,
        99,
        84,
        44,
        93,
        67,
        49,
        100,
        62,
        33,
        90,
        79,
        39,
        95,
        68,
        48,
        162,
        127,
        102,
        156,
        129,
        91,
        115,
        102,
        84,
        141,
        113,
        80,
        67,
        44,
        29,
        165,
        155,
        128
      ]
    },
    {
      "margin": false,
      "index": 10,
      "file": null,
      "u": 0.354166657,
      "v": 0.3333333,
      "uw": 0.291666657,
      "vh": 0.3333333,
      "width": 597,
      "height": 597,
      "descriptor": [
        150,
        131,
        105,
        136,
        136,
        108,
        142,
        128,
        103,
        136,
        105,
        73,
        190,
        159,
        117,
        129,
        113,
        87,
        194,
        168,
        141,
        156,
        136,
        106,
        139,
        144,
        120,
        152,
        131,
        79,
        194,
        170,
        126,
        157,
        127,
        89,
        208,
        149,
        96,
        104,
        71,
        43,
        108,
        87,
        59,
        118,
        86,
        44
      ]
    },
    {
      "margin": false,
      "index": 11,
      "file": null,
      "u": 0.6458333,
      "v": 0.3333333,
      "uw": 0.291666657,
      "vh": 0.3333333,
      "width": 597,
      "height": 597,
      "descriptor": [
        146,
        122,
        94,
        138,
        117,
        104,
        161,
        157,
        117,
        176,
        156,
        116,
        98,
        79,
        59,
        169,
        143,
        101,
        160,
        130,
        84,
        188,
        178,
        146,
        139,
        125,
        95,
        127,
        108,
        75,
        143,
        129,
        87,
        95,
        77,
        50,
        188,
        172,
        131,
        131,
        105,
        63,
        70,
        50,
        34,
        153,
        150,
        115
      ]
    },
    {
      "margin": false,
      "index": 12,
      "file": null,
      "u": 0.0625,
      "v": 0.6666666,
      "uw": 0.291666657,
      "vh": 0.3333333,
      "width": 597,
      "height": 597,
      "descriptor": [
        173,
        144,
        113,
        149,
        132,
        81,
        148,
        127,
        97,
        106,
        95,
        33,
        123,
        106,
        87,
        77,
        56,
        32,
        103,
        75,
        42,
        103,
        82,
        59,
        199,
        174,
        133,
        205,
        180,
        138,
        204,
        180,
        138,
        197,
        169,
        124,
        207,
        185,
        146,
        208,
        186,
        146,
        206,
        185,
        144,
        208,
        185,
        144
      ]
    },
    {
      "margin": false,
      "index": 13,
      "file": null,
      "u": 0.354166657,
      "v": 0.6666666,
      "uw": 0.291666657,
      "vh": 0.3333333,
      "width": 597,
      "height": 597,
      "descriptor": [
        77,
        60,
        41,
        202,
        172,
        133,
        86,
        70,
        51,
        137,
        108,
        84,
        167,
        147,
        113,
        82,
        55,
        30,
        207,
        180,
        134,
        168,
        154,
        131,
        204,
        178,
        136,
        199,
        172,
        133,
        92,
        64,
        33,
        202,
        177,
        135,
        206,
        184,
        144,
        100,
        72,
        44,
        116,
        92,
        48,
        164,
        139,
        108
      ]
    },
    {
      "margin": false,
      "index": 14,
      "file": null,
      "u": 0.6458333,
      "v": 0.6666666,
      "uw": 0.291666657,
      "vh": 0.3333333,
      "width": 597,
      "height": 597,
      "descriptor": [
        68,
        48,
        33,
        123,
        83,
        63,
        110,
        91,
        79,
        85,
        55,
        38,
        133,
        110,
        91,
        61,
        45,
        31,
        119,
        104,
        82,
        122,
        112,
        95,
        198,
        176,
        142,
        206,
        184,
        142,
        205,
        180,
        138,
        210,
        186,
        143,
        208,
        185,
        144,
        203,
        179,
        138,
        210,
        186,
        145,
        197,
        172,
        131
      ]
    }
  ],
  "margins": [
    {
      "margin": true,
      "index": 0,
      "file": null,
      "u": 0.0,