{
  "title": "PRIAMOS A HECTOR",
  "author": "HAMILTON, GAVIN, VEDOVATO, PIETRO",
  "year": "(1780 - 1800)",
  "id": "SNG-0001025755",
  "width": 2048,
  "height": 1536,
  "file": "GNZ--G_824--1_1--_2015_03_24_--L2_WEB_117387.webp",
  "tiles_x": 4,
  "tiles_y": 3,
  "offset_x": 0.0,
  "offset_y": 0.0,
  "tiles": [
    {
      "margin": false,
      "index": 0,
      "file": null,
      "u": 0.0,
      "v": 0.0,
      "uw": 0.25,
      "vh": 0.333333343,
      "width": 512,
      "height": 512,
      "descriptor": [
        251,
        232,
        211,
        240,
        221,
        202,
        232,
        210,
        194,
        240,
        218,
        199,
        235,
        214,
        194,
        109,
        98,
        89,
        76,
        66,
        59,
        97,
        81,
        68,
        240,
        217,
        195,
        123,
        108,
        94,
        61,
        53,
        53,
        138,
        123,
        105,
        243,
        223,
        201,
        209,
        175,
        150,
        92,
        69,
        60,
        34,
        28,
        16
      ]
    },
    {
      "margin": false,
      "index": 1,
      "file": null,
      "u": 0.25,
      "v": 0.0,
      "uw": 0.25,
      "vh": 0.333333343,
      "width": 512,
      "height": 512,
      "descriptor": [
        239,
        216,
        193,
        241,
        223,
        201,
        235,
        217,
        199,
        241,
        222,
        204,
        198,
        165,
        142,
        72,
        59,
        54,
        77,
        69,
        66,
        29,
        22,
        23,
        59,
        56,
        53,
        136,
        122,
        109,
        43,
        36,
        39,
        107,
        93,
        76,
        75,
        67,
        61,
        91,
        81,
        71,
        78,
        69,
        62,
        81,
        70,
        56
      ]
    },
    {
      "margin": false,
      "index": 2,
      "file": null,
      "u": 0.5,
      "v": 0.0,
      "uw": 0.25,
      "vh": 0.333333343,
      "width": 512,
      "height": 512,
      "descriptor": [
        243,
        222,
        201,
        240,
        221,
        200,
        241,
        221,
        201,
        240,
        220,
        200,
        40,
        33,
        32,
        101,
        90,
        78,
        69,
        62,
        55,
        106,
        107,
        84,
        62,
        57,
        57,
        45,
        39,
        41,
        81,
        75,
        68,
        102,
        98,
        69,
        97,
        89,
        81,
        94,
        88,
        81,
        102,
        90,
        76,
        93,
        84,
        75
      ]
    },
    {
      "margin": false,
      "index": 3,
      "file": null,
      "u": 0.75,
      "v": 0.0,
      "uw": 0.25,
      "vh": 0.333333343,
      "width": 512,
      "height": 512,
      "descriptor": [
        243,
        229,
        210,
        247,
        231,
        212,
        248,
        233,
        215,
        249,
        235,
        217,
        106,
        107,
        83,
        101,
        113,
        103,
        81,
        90,
        80,
        229,
        210,
        192,
        102,
        108,
        86,
        75,
        84,
        73,
        82,
        84,
        78,
        243,
        229,
        211,
        82,
        65,
        58,
        125,
        127,
        122,
        77,
        79,
        76,
        245,
        229,
        211
      ]
    },
    {
      "margin": false,
      "index": 4,
      "file": null,
      "u": 0.0,
      "v": 0.333333343,
      "uw": 0.25,
      "vh": 0.333333343,
      "width": 512,
      "height": 512,
      "descriptor": [
        243,
        222,
        204,
        163,
        130,
        108,
        156,
        141,
        111,
        67,
        54,
        44,
        242,
        224,
        205,
        107,
        79,
        62,
        143,
        135,
        90,
        119,
        86,
        71,
        235,
        218,
        197,
        112,
        98,
        85,
        158,
        140,
        117,
        173,
        127,
        104,
        232,
        208,
        187,
        159,
        145,
        110,
        101,
        84,
        66,
        144,
        117,
        101
      ]
    },
    {
      "margin": false,
      "index": 5,
      "file": null,
      "u": 0.25,
      "v": 0.333333343,
      "uw": 0.25,
      "vh": 0.333333343,
      "width": 512,
      "height": 512,
      "descriptor": [
        74,
        68,
        63,
        62,
        53,
        47,
        104,
        76,
        60,
        161,
        131,
        111,
        144,
        77,
        59,
        153,
        111,
        100,
        139,
        112,
        89,
        153,
        121,
        103,
        194,
        157,
        130,
        148,
        94,
        67,
        215,
        169,
        141,
        151,
        124,
        100,
        110,
        71,
        64,
        205,
        161,
        135,
        188,
        161,
        146,
        140,
        93,
        80
      ]
    },
    {
      "margin": false,
      "index": 6,
      "file": null,
      "u": 0.5,
      "v": 0.333333343,
      "uw": 0.25,
      "vh": 0.333333343,
      "width": 512,
      "height": 512,
      "descriptor": [
        218,
        198,
        174,
        207,
        191,
        172,
        76,
        80,
        75,
        156,
        142,
        126,
        221,
        185,
        150,
        90,
        82,
        67,
        167,
        166,
        157,
        72,
        58,
        50,
        184,
        137,
        112,
        138,
        133,
        126,
        50,
        49,
        45,
        69,
        63,
        59,
        197,
        162,
        142,
        90,
        79,
        73,
        109,
        78,
        66,
        140,
        132,
        126
      ]
    },
    {
      "margin": false,
      "index": 7,
      "file": null,
      "u": 0.75,
      "v": 0.333333343,
      "uw": 0.25,
      "vh": 0.333333343,
      "width": 512,
      "height": 512,
      "descriptor": [
        65,
        71,
        74,
        98,
        93,
        79,
        99,
        99,
        96,
        243,
        226,
        208,
        119,
        100,
        88,
        70,
        65,
        61,
        64,
        65,
        63,
        231,
        210,
        191,
        92,
        85,
        73,
        74,
        71,
        67,
        104,
        106,
        103,
        232,
        214,
        196,
        110,
        104,
        96,
        62,
        45,
        40,
        154,
        156,
        151,
        234,
        219,
        204
      ]
    },
    {
      "margin": false,
      "index": 8,
      "file": null,
      "u": 0.0,
      "v": 0.6666667,
      "uw": 0.25,
      "vh": 0.333333343,
      "width": 512,
      "height": 512,
      "descriptor": [
        214,
        198,
        176,
        97,
        105,
        98,
        141,
        127,
        112,
        101,
        110,
        111,
        235,
        213,
        193,
        161,
        140,
        125,
        103,
        85,
        76,
        142,
        125,
        110,
        251,
        237,
        223,
        250,
        236,
        222,
        247,
        233,
        216,
        244,
        228,
        210,
        248,
        235,
        220,
        253,
        241,
        228,
        250,
        236,
        222,
        249,
        236,
        222
      ]
    },
    {
      "margin": false,
      "index": 9,
      "file": null,
      "u": 0.25,
      "v": 0.6666667,
      "uw": 0.25,
      "vh": 0.333333343,
      "width": 512,
      "height": 512,