{
  "title": "ECCE HOMO",
  "author": "NEMECKÝ GRAFIK Z 2. POLOVICE 15. STOROČIA",
  "year": "(1400 - 1500)",
  "id": "SNG-0001038538",
  "width": 1344,
  "height": 2048,
  "file": "GNZ--G_387--1_1--2015_03_24--L2_WEB_1631065.webp",
  "tiles_x": 3,
  "tiles_y": 4,
  "offset_x": 0.0,
  "offset_y": 0.0625,
  "tiles": [
    {
      "margin": false,
      "index": 6,
      "file": null,
      "u": 0.0,
      "v": 0.0625,
      "uw": 0.333333343,
      "vh": 0.21875,
      "width": 448,
      "height": 448,
      "descriptor": [
        57,
        54,
        50,
        189,
        152,
        92,
        55,
        53,
        51,
        60,
        57,
        55,
        164,
        146,
        100,
        156,
        148,
        112,
        134,
        120,
        91,
        162,
        143,
        95,
        196,
        164,
        126,
        161,
        135,
        104,
        200,
        173,
        135,
        47,
        44,
        41,
        56,
        52,
        47,
        192,
        160,
        120,
        203,
        175,
        135,
        142,
        113,
        74
      ]
    },
    {
      "margin": false,
      "index": 7,
      "file": null,
      "u": 0.333333343,
      "v": 0.0625,
      "uw": 0.333333343,
      "vh": 0.21875,
      "width": 448,
      "height": 448,
      "descriptor": [
        53,
        52,
        49,
        183,
        147,
        92,
        121,
        99,
        67,
        51,
        51,
        50,
        48,
        47,
        46,
        63,
        61,
        58,
        56,
        52,
        51,
        162,
        141,
        97,
        56,
        54,
        52,
        195,
        160,
        122,
        60,
        59,
        53,
        184,
        148,
        106,
        120,
        86,
        63,
        63,
        50,
        40,
        56,
        54,
        53,
        52,
        52,
        48
      ]
    },
    {
      "margin": false,
      "index": 8,
      "file": null,
      "u": 0.6666667,
      "v": 0.0625,
      "uw": 0.333333343,
      "vh": 0.21875,
      "width": 448,
      "height": 448,
      "descriptor": [
        132,
        111,
        79,
        52,
        51,
        48,
        52,
        48,
        46,
        185,
        144,
        85,
        158,
        143,
        102,
        62,
        60,
        56,
        48,
        42,
        36,
        143,
        112,
        86,
        55,
        53,
        50,
        55,
        51,
        46,
        53,
        48,
        43,
        58,
        51,
        47,
        52,
        48,
        46,
        168,
        109,
        86,
        143,
        98,
        81,
        177,
        129,
        98
      ]
    },
    {
      "margin": false,
      "index": 9,
      "file": null,
      "u": 0.0,
      "v": 0.28125,
      "uw": 0.333333343,
      "vh": 0.21875,
      "width": 448,
      "height": 448,
      "descriptor": [
        57,
        54,
        51,
        58,
        50,
        44,
        124,
        100,
        78,
        187,
        154,
        106,
        59,
        57,
        55,
        60,
        57,
        54,
        64,
        56,
        50,
        133,
        128,
        100,
        54,
        53,
        49,
        104,
        98,
        75,
        163,
        152,
        112,
        125,
        99,
        64,
        52,
        51,
        48,
        57,
        52,
        50,
        120,
        118,
        94,
        190,
        156,
        109
      ]
    },
    {
      "margin": false,
      "index": 10,
      "file": null,
      "u": 0.333333343,
      "v": 0.28125,
      "uw": 0.333333343,
      "vh": 0.21875,
      "width": 448,
      "height": 448,
      "descriptor": [
        57,
        48,
        42,
        49,
        44,
        41,
        56,
        54,
        51,
        56,
        54,
        49,
        122,
        115,
        79,
        79,
        78,
        71,
        127,
        82,
        55,
        188,
        156,
        118,
        52,
        49,
        47,
        128,
        83,
        66,
        102,
        71,
        54,
        96,
        85,
        61,
        50,
        45,
        42,
        202,
        173,
        139,
        55,
        54,
        48,
        59,
        53,
        49
      ]
    },
    {
      "margin": false,
      "index": 11,
      "file": null,
      "u": 0.6666667,
      "v": 0.28125,
      "uw": 0.333333343,
      "vh": 0.21875,
      "width": 448,
      "height": 448,
      "descriptor": [
        185,
        153,
        107,
        57,
        55,
        51,
        136,
        122,
        100,
        60,
        55,
        52,
        144,
        116,
        83,
        195,
        169,
        128,
        52,
        50,
        49,
        56,
        53,
        48,
        197,
        164,
        123,
        61,
        50,
        40,
        180,
        124,
        102,
        48,
        42,
        35,
        162,
        137,
        106,
        127,
        109,
        90,
        57,
        53,
        52,
        57,
        55,
        53
      ]
    },
    {
      "margin": false,
      "index": 12,
      "file": null,
      "u": 0.0,
      "v": 0.5,
      "uw": 0.333333343,
      "vh": 0.21875,
      "width": 448,
      "height": 448,
      "descriptor": [
        53,
        48,
        45,
        50,
        46,
        43,
        169,
        119,
        83,
        190,
        151,
        97,
        184,
        151,
        106,
        55,
        54,
        52,
        55,
        54,
        52,
        149,
        126,
        84,
        56,
        53,
        50,
        55,
        51,
        47,
        51,
        42,
        41,
        53,
        52,
        49,
        43,
        39,
        39,
        171,
        106,
        85,
        56,
        52,
        49,
        183,
        152,
        113
      ]
    },
    {
      "margin": false,
      "index": 13,
      "file": null,
      "u": 0.333333343,
      "v": 0.5,
      "uw": 0.333333343,
      "vh": 0.21875,
      "width": 448,
      "height": 448,
      "descriptor": [
        141,
        103,
        73,
        206,
        174,
        139,
        195,
        164,
        128,
        160,
        95,
        68,
        144,
        85,
        59,
        144,
        123,
        100,
        207,
        178,
        141,
        55,
        53,
        51,
        60,
        49,
        41,
        93,
        81,
        64,
        125,
        106,
        76,
        184,
        156,
        123,
        50,
        43,
        33,
        187,
        148,
        112,
        176,
        146,
        116,
        156,
        137,
        115
      ]
    },
    {
      "margin": false,
      "index": 14,
      "file": null,
      "u": 0.6666667,
      "v": 0.5,
      "uw": 0.333333343,
      "vh": 0.21875,
      "width": 448,
      "height": 448,
      "descriptor": [
        112,
        97,
        76,
        56,
        51,
        48,
        156,
        98,
        74,
        51,
        48,
        45,
        148,
        128,
        106,
        54,
        53,
        49,
        137,
        115,
        94,
        53,
        53,
        49,
        195,
        164,
        122,
        180,
        147,
        97,
        110,
        104,
        84,
        59,
        56,
        51,
        54,
        51,
        47,
        50,
        48,
        46,
        54,
        53,
        52,
        89,
        84,
        73
      ]
    },
    {
      "margin": false,
      "index": 15,
      "file": null,
      "u": 0.0,
      "v": 0.71875,
      "uw": 0.333333343,
      "vh": 0.21875,
      "width": 448,
      "height": 448,