{
  "title": "ŠŤASTIE A NEŠŤASTIE ALEBO ROZBITÝ DŽBÁN",
  "author": "DEBUCOURT, PHILIBERT LOUIS",
  "year": "1787",
  "id": "SNG-0001025520",
  "width": 1536,
  "height": 2048,
  "file": "GNZ--G_215--1_1--_2015_03_18_--L2_WEB_67.webp",
  "tiles_x": 3,
  "tiles_y": 4,
  "offset_x": 0.0,
  "offset_y": 0.0,
  "tiles": [
    {
      "margin": false,
      "index": 0,
      "file": null,
      "u": 0.0,
      "v": 0.0,
      "uw": 0.333333343,
      "vh": 0.25,
      "width": 512,
      "height": 512,
      "descriptor": [
        206,
        171,
        129,
        209,
        174,
        130,
        206,
        168,
        123,
        199,
        162,
        119,
        206,
        169,
        128,
        80,
        78,
        69,
        90,
        80,
        66,
        86,
        83,
        73,
        204,
        169,
        127,
        77,
        74,
        66,
        104,
        87,
        69,
        110,
        95,
        77,
        204,
        167,
        127,
        83,
        83,
        76,
        93,
        88,
        75,
        98,
        96,
        85
      ]
    },
    {
      "margin": false,
      "index": 1,
      "file": null,
      "u": 0.333333343,
      "v": 0.0,
      "uw": 0.333333343,
      "vh": 0.25,
      "width": 512,
      "height": 512,
      "descriptor": [
        205,
        168,
        125,
        203,
        166,
        122,
        208,
        169,
        130,
        202,
        167,
        125,
        80,
        78,
        69,
        107,
        100,
        86,
        131,
        137,
        122,
        97,
        88,
        71,
        92,
        84,
        74,
        101,
        94,
        76,
        129,
        126,
        105,
        121,
        117,
        96,
        89,
        86,
        75,
        92,
        91,
        78,
        100,
        96,
        84,
        96,
        93,
        82
      ]
    },
    {
      "margin": false,
      "index": 2,
      "file": null,
      "u": 0.6666667,
      "v": 0.0,
      "uw": 0.333333343,
      "vh": 0.25,
      "width": 512,
      "height": 512,
      "descriptor": [
        204,
        169,
        127,
        206,
        172,
        130,
        199,
        166,
        125,
        225,
        191,
        148,
        85,
        81,
        71,
        95,
        86,
        72,
        96,
        93,
        80,
        209,
        172,
        129,
        120,
        118,
        96,
        121,
        123,
        103,
        131,
        130,
        109,
        204,
        164,
        120,
        120,
        113,
        93,
        94,
        91,
        77,
        105,
        102,
        89,
        201,
        165,
        121
      ]
    },
    {
      "margin": false,
      "index": 3,
      "file": null,
      "u": 0.0,
      "v": 0.25,
      "uw": 0.333333343,
      "vh": 0.25,
      "width": 512,
      "height": 512,
      "descriptor": [
        204,
        167,
        125,
        94,
        93,
        81,
        92,
        91,
        79,
        114,
        112,
        99,
        209,
        175,
        134,
        93,
        94,
        85,
        139,
        137,
        115,
        109,
        101,
        85,
        208,
        174,
        129,
        115,
        123,
        109,
        132,
        127,
        108,
        102,
        100,
        86,
        208,
        173,
        129,
        100,
        99,
        88,
        92,
        89,
        76,
        103,
        100,
        88
      ]
    },
    {
      "margin": false,
      "index": 4,
      "file": null,
      "u": 0.333333343,
      "v": 0.25,
      "uw": 0.333333343,
      "vh": 0.25,
      "width": 512,
      "height": 512,
      "descriptor": [
        110,
        105,
        90,
        137,
        131,
        107,
        97,
        92,
        79,
        107,
        105,
        89,
        97,
        94,
        81,
        103,
        96,
        82,
        95,
        92,
        80,
        105,
        101,
        87,
        98,
        94,
        80,
        94,
        95,
        83,
        96,
        93,
        80,
        89,
        87,
        78,
        136,
        127,
        106,
        173,
        147,
        120,
        81,
        80,
        70,
        90,
        90,
        80
      ]
    },
    {
      "margin": false,
      "index": 5,
      "file": null,
      "u": 0.6666667,
      "v": 0.25,
      "uw": 0.333333343,
      "vh": 0.25,
      "width": 512,
      "height": 512,
      "descriptor": [
        80,
        79,
        70,
        88,
        86,
        73,
        97,
        95,
        83,
        206,
        171,
        129,
        96,
        95,
        83,
        77,
        76,
        69,
        86,
        84,
        74,
        205,
        170,
        126,
        86,
        84,
        75,
        98,
        96,
        83,
        85,
        85,
        75,
        204,
        166,
        122,
        82,
        82,
        72,
        88,
        86,
        71,
        108,
        103,
        90,
        207,
        171,
        129
      ]
    },
    {
      "margin": false,
      "index": 6,
      "file": null,
      "u": 0.0,
      "v": 0.5,
      "uw": 0.333333343,
      "vh": 0.25,
      "width": 512,
      "height": 512,
      "descriptor": [
        210,
        177,
        135,
        91,
        89,
        77,
        118,
        105,
        87,
        130,
        113,
        87,
        217,
        184,
        144,
        83,
        82,
        70,
        109,
        105,
        93,
        92,
        87,
        75,
        205,
        168,
        124,
        93,
        89,
        79,
        110,
        106,
        93,
        87,
        84,
        72,
        210,
        173,
        130,
        83,
        85,
        73,
        75,
        75,
        65,
        96,
        91,
        77
      ]
    },
    {
      "margin": false,
      "index": 7,
      "file": null,
      "u": 0.333333343,
      "v": 0.5,
      "uw": 0.333333343,
      "vh": 0.25,
      "width": 512,
      "height": 512,
      "descriptor": [
        116,
        106,
        89,
        190,
        166,
        132,
        84,
        78,
        67,
        127,
        113,
        92,
        121,
        115,
        98,
        197,
        169,
        127,
        107,
        101,
        87,
        96,
        116,
        111,
        131,
        123,
        100,
        160,
        145,
        119,
        80,
        78,
        69,
        104,
        118,
        112,
        89,
        88,
        77,
        142,
        133,
        109,
        112,
        114,
        98,
        118,
        111,
        89
      ]
    },
    {
      "margin": false,
      "index": 8,
      "file": null,
      "u": 0.6666667,
      "v": 0.5,
      "uw": 0.333333343,
      "vh": 0.25,
      "width": 512,
      "height": 512,
      "descriptor": [
        91,
        88,
        77,
        96,
        89,
        74,
        101,
        89,
        73,
        207,
        172,
        131,
        81,
        80,
        72,
        93,
        86,
        74,
        86,
        82,
        67,
        207,
        171,
        130,
        107,
        101,
        86,
        115,
        106,
        88,
        100,
        94,
        78,
        201,
        164,
        122,
        86,
        87,
        79,
        86,
        84,
        74,
        94,
        91,
        78,
        212,
        174,
        131
      ]
    },
    {
      "margin": false,
      "index": 9,
      "file": null,
      "u": 0.0,
      "v": 0.75,
      "uw": 0.333333343,
      "vh": 0.25,
      "width": 512,
      "height": 512,