{
  "title": "STAREC",
  "author": "KUKÁN, GEJZA",
  "year": "(1920 - 1930)",
  "id": "SNG-0001009734",
  "width": 1600,
  "height": 2048,
  "file": "GNZ--M_3--1_1--2015_01_09--L2_WEB_109316.webp",
  "tiles_x": 3,
  "tiles_y": 3,
  "offset_x": 0.0,
  "offset_y": 0.109375,
  "tiles": [
    {
      "margin": false,
      "index": 6,
      "file": null,
      "u": 0.0,
      "v": 0.109375,
      "uw": 0.3333333,
      "vh": 0.260416657,
      "width": 533,
      "height": 533,
      "descriptor": [
        33,
        36,
        29,
        42,
        46,
        41,
        61,
        62,
        48,
        64,
        56,
        40,
        58,
        66,
        64,
        37,
        51,
        45,
        44,
        48,
        38,
        46,
        45,
        31,
        40,
        42,
        35,
        37,
        43,
        36,
        37,
        50,
        43,
        69,
        71,
        59,
        42,
        39,
        31,
        45,
        53,
        46,
        82,
        74,
        51,
        40,
        51,
        48
      ]
    },
    {
      "margin": false,
      "index": 7,
      "file": null,
      "u": 0.3333333,
      "v": 0.109375,
      "uw": 0.3333333,
      "vh": 0.260416657,
      "width": 533,
      "height": 533,
      "descriptor": [
        37,
        47,
        42,
        71,
        70,
        60,
        73,
        53,
        45,
        84,
        54,
        41,
        37,
        42,
        38,
        42,
        40,
        36,
        56,
        51,
        48,
        110,
        91,
        76,
        90,
        73,
        64,
        48,
        44,
        40,
        94,
        65,
        44,
        111,
        82,
        63,
        35,
        36,
        26,
        35,
        39,
        33,
        66,
        56,
        46,
        88,
        68,
        56
      ]
    },
    {
      "margin": false,
      "index": 8,
      "file": null,
      "u": 0.6666666,
      "v": 0.109375,
      "uw": 0.3333333,
      "vh": 0.260416657,
      "width": 533,
      "height": 533,
      "descriptor": [
        78,
        52,
        44,
        39,
        42,
        38,
        40,
        46,
        40,
        52,
        62,
        58,
        130,
        108,
        78,
        41,
        47,
        39,
        39,
        47,
        45,
        42,
        49,
        44,
        89,
        65,
        51,
        38,
        46,
        45,
        39,
        45,
        40,
        40,
        43,
        38,
        86,
        61,
        56,
        36,
        39,
        37,
        36,
        43,
        35,
        47,
        50,
        45
      ]
    },
    {
      "margin": false,
      "index": 9,
      "file": null,
      "u": 0.0,
      "v": 0.369791657,
      "uw": 0.3333333,
      "vh": 0.260416657,
      "width": 533,
      "height": 533,
      "descriptor": [
        42,
        43,
        37,
        25,
        32,
        32,
        27,
        41,
        41,
        25,
        37,
        36,
        39,
        37,
        36,
        22,
        33,
        31,
        32,
        53,
        48,
        41,
        44,
        42,
        30,
        39,
        39,
        145,
        140,
        125,
        33,
        68,
        63,
        29,
        46,
        47,
        32,
        40,
        37,
        85,
        79,
        67,
        166,
        131,
        88,
        28,
        42,
        43
      ]
    },
    {
      "margin": false,
      "index": 10,
      "file": null,
      "u": 0.3333333,
      "v": 0.369791657,
      "uw": 0.3333333,
      "vh": 0.260416657,
      "width": 533,
      "height": 533,
      "descriptor": [
        49,
        47,
        47,
        43,
        41,
        36,
        43,
        41,
        37,
        127,
        103,
        85,
        43,
        47,
        43,
        63,
        59,
        54,
        66,
        66,
        58,
        96,
        69,
        45,
        45,
        50,
        49,
        58,
        43,
        35,
        36,
        40,
        36,
        29,
        46,
        41,
        37,
        42,
        42,
        41,
        43,
        37,
        76,
        57,
        47,
        36,
        49,
        45
      ]
    },
    {
      "margin": false,
      "index": 11,
      "file": null,
      "u": 0.6666666,
      "v": 0.369791657,
      "uw": 0.3333333,
      "vh": 0.260416657,
      "width": 533,
      "height": 533,
      "descriptor": [
        99,
        82,
        45,
        29,
        38,
        30,
        42,
        51,
        47,
        42,
        41,
        36,
        38,
        44,
        39,
        27,
        38,
        33,
        42,
        46,
        38,
        52,
        55,
        49,
        85,
        78,
        60,
        40,
        38,
        30,
        50,
        55,
        49,
        61,
        60,
        51,
        124,
        110,
        89,
        42,
        51,
        44,
        63,
        58,
        47,
        67,
        63,
        52
      ]
    },
    {
      "margin": false,
      "index": 12,
      "file": null,
      "u": 0.0,
      "v": 0.6302083,
      "uw": 0.3333333,
      "vh": 0.260416657,
      "width": 533,
      "height": 533,
      "descriptor": [
        26,
        33,
        31,
        112,
        104,
        88,
        161,
        138,
        119,
        39,
        59,
        60,
        41,
        58,
        53,
        97,
        82,
        68,
        209,
        185,
        165,
        49,
        55,
        51,
        50,
        65,
        60,
        73,
        60,
        54,
        160,
        139,
        121,
        194,
        174,
        165,
        60,
        68,
        65,
        101,
        93,
        81,
        146,
        125,
        109,
        204,
        171,
        144
      ]
    },
    {
      "margin": false,
      "index": 13,
      "file": null,
      "u": 0.3333333,
      "v": 0.6302083,
      "uw": 0.3333333,
      "vh": 0.260416657,
      "width": 533,
      "height": 533,
      "descriptor": [
        49,
        56,
        53,
        32,
        45,
        44,
        97,
        90,
        76,
        34,
        51,
        49,
        44,
        49,
        44,
        39,
        55,
        54,
        112,
        97,
        74,
        41,
        59,
        56,
        33,
        50,
        50,
        48,
        52,
        50,
        76,
        74,
        73,
        34,
        50,
        48,
        33,
        52,
        42,
        49,
        46,
        42,
        54,
        76,
        77,
        40,
        45,
        36
      ]
    },
    {
      "margin": false,
      "index": 14,
      "file": null,
      "u": 0.6666666,
      "v": 0.6302083,
      "uw": 0.3333333,
      "vh": 0.260416657,
      "width": 533,
      "height": 533,
      "descriptor": [
        138,
        127,
        107,
        129,
        112,
        92,
        64,
        62,
        48,
        85,
        72,
        55,
        102,
        102,
        90,
        130,
        115,
        92,
        75,
        72,
        60,
        50,
        46,
        33,
        106,
        97,
        87,
        98,
        89,
        73,
        60,
        59,
        53,
        58,
        56,
        45,
        63,
        59,
        54,
        82,
        86,
        71,
        47,
        49,
        37,
        56,
        55,
        44
      ]
    }
  ],
  "margins": [
    {
      "margin": true,
      "index": 0,
      "file": null,
      "u": 0.0,
      "v": 0.0,
      "uw": 0.3333333,
      "vh": 0.109375,
      "width": 533,
      "height": 224,
      "descriptor": null
    },
    {
      "margin": true,
      "index": 1,
      "file": null,
      "u": 0.0,
      "v": 0.890625,
      "uw": 0.3333333,