{
  "title": "RAVSKÝ MOTÍV",
  "author": "WEISZ-KUBÍNČAN, ARNOLD PETER",
  "year": "(1920 - 1940)",
  "id": "SNG-0001009139",
  "width": 2048,
  "height": 1600,
  "file": "GNZ--M_357--1_1--2014_12_09--L2_WEB_21055.webp",
  "tiles_x": 3,
  "tiles_y": 3,
  "offset_x": 0.109375,
  "offset_y": 0.0,
  "tiles": [
    {
      "margin": false,
      "index": 6,
      "file": null,
      "u": 0.109375,
      "v": 0.0,
      "uw": 0.260416657,
      "vh": 0.3333333,
      "width": 533,
      "height": 533,
      "descriptor": [
        209,
        192,
        165,
        119,
        119,
        119,
        119,
        119,
        119,
        119,
        119,
        119,
        187,
        180,
        154,
        181,
        177,
        147,
        161,
        195,
        167,
        192,
        190,
        165,
        194,
        187,
        161,
        146,
        111,
        67,
        118,
        91,
        58,
        125,
        100,
        64,
        194,
        180,
        155,
        199,
        160,
        134,
        204,
        171,
        152,
        193,
        168,
        155
      ]
    },
    {
      "margin": false,
      "index": 7,
      "file": null,
      "u": 0.369791657,
      "v": 0.0,
      "uw": 0.260416657,
      "vh": 0.3333333,
      "width": 533,
      "height": 533,
      "descriptor": [
        119,
        119,
        119,
        192,
        151,
        122,
        193,
        165,
        142,
        150,
        146,
        124,
        186,
        188,
        159,
        178,
        183,
        155,
        194,
        192,
        170,
        183,
        195,
        169,
        130,
        97,
        61,
        116,
        92,
        62,
        108,
        78,
        47,
        130,
        95,
        53,
        193,
        167,
        153,
        197,
        172,
        160,
        191,
        164,
        151,
        192,
        154,
        136
      ]
    },
    {
      "margin": false,
      "index": 8,
      "file": null,
      "u": 0.6302083,
      "v": 0.0,
      "uw": 0.260416657,
      "vh": 0.3333333,
      "width": 533,
      "height": 533,
      "descriptor": [
        119,
        119,
        119,
        119,
        119,
        119,
        119,
        119,
        119,
        124,
        121,
        124,
        189,
        191,
        168,
        158,
        185,
        159,
        169,
        196,
        167,
        186,
        184,
        160,
        144,
        112,
        71,
        125,
        95,
        58,
        110,
        81,
        51,
        203,
        195,
        166,
        198,
        153,
        135,
        198,
        145,
        127,
        189,
        154,
        137,
        216,
        197,
        171
      ]
    },
    {
      "margin": false,
      "index": 9,
      "file": null,
      "u": 0.109375,
      "v": 0.3333333,
      "uw": 0.260416657,
      "vh": 0.3333333,
      "width": 533,
      "height": 533,
      "descriptor": [
        195,
        181,
        155,
        188,
        156,
        131,
        205,
        173,
        153,
        209,
        180,
        165,
        171,
        154,
        120,
        194,
        158,
        129,
        203,
        168,
        143,
        205,
        176,
        158,
        187,
        157,
        131,
        193,
        154,
        114,
        188,
        156,
        125,
        194,
        168,
        134,
        212,
        199,
        175,
        105,
        106,
        105,
        120,
        120,
        116,
        106,
        111,
        109
      ]
    },
    {
      "margin": false,
      "index": 10,
      "file": null,
      "u": 0.369791657,
      "v": 0.3333333,
      "uw": 0.260416657,
      "vh": 0.3333333,
      "width": 533,
      "height": 533,
      "descriptor": [
        206,
        176,
        157,
        88,
        118,
        129,
        74,
        110,
        124,
        73,
        106,
        121,
        84,
        124,
        137,
        139,
        136,
        123,
        80,
        114,
        126,
        148,
        135,
        125,
        168,
        140,
        118,
        171,
        140,
        120,
        180,
        161,
        123,
        176,
        155,
        133,
        128,
        118,
        105,
        106,
        102,
        97,
        142,
        139,
        133,
        130,
        124,
        116
      ]
    },
    {
      "margin": false,
      "index": 11,
      "file": null,
      "u": 0.6302083,
      "v": 0.3333333,
      "uw": 0.260416657,
      "vh": 0.3333333,
      "width": 533,
      "height": 533,
      "descriptor": [
        208,
        181,
        164,
        213,
        183,
        168,
        207,
        171,
        149,
        208,
        188,
        158,
        169,
        144,
        127,
        165,
        137,
        107,
        177,
        140,
        101,
        202,
        177,
        152,
        121,
        118,
        107,
        144,
        135,
        105,
        174,
        134,
        97,
        198,
        179,
        152,
        155,
        133,
        112,
        82,
        100,
        103,
        137,
        119,
        97,
        169,
        138,
        114
      ]
    },
    {
      "margin": false,
      "index": 12,
      "file": null,
      "u": 0.109375,
      "v": 0.6666666,
      "uw": 0.260416657,
      "vh": 0.3333333,
      "width": 533,
      "height": 533,
      "descriptor": [
        217,
        202,
        175,
        175,
        139,
        105,
        207,
        167,
        121,
        208,
        163,
        114,
        233,
        218,
        195,
        179,
        143,
        96,
        187,
        156,
        112,
        210,
        178,
        129,
        209,
        197,
        175,
        211,
        192,
        170,
        219,
        207,
        185,
        227,
        213,
        191,
        146,
        97,
        57,
        119,
        119,
        119,
        119,
        119,
        119,
        119,
        119,
        119
      ]
    },
    {
      "margin": false,
      "index": 13,
      "file": null,
      "u": 0.369791657,
      "v": 0.6666666,
      "uw": 0.260416657,
      "vh": 0.3333333,
      "width": 533,
      "height": 533,
      "descriptor": [
        206,
        167,
        123,
        213,
        171,
        124,
        206,
        166,
        114,
        200,
        172,
        126,
        194,
        167,
        130,
        173,
        147,
        109,
        186,
        160,
        127,
        117,
        103,
        91,
        199,
        204,
        180,
        220,
        216,
        198,
        218,
        210,
        192,
        216,
        210,
        189,
        119,
        120,
        121,
        198,
        174,
        156,
        188,
        136,
        98,
        119,
        119,
        120
      ]
    },
    {
      "margin": false,
      "index": 14,
      "file": null,
      "u": 0.6302083,
      "v": 0.6666666,
      "uw": 0.260416657,
      "vh": 0.3333333,
      "width": 533,
      "height": 533,