{
  "title": "RUŽE",
  "author": "PITTHORDT, ĽUDOVÍT",
  "year": "1925",
  "id": "SNG-0001009386",
  "width": 2048,
  "height": 1728,
  "file": "GNZ--M_293--1_1--2014_11_25--L2_WEB_111529.webp",
  "tiles_x": 3,
  "tiles_y": 3,
  "offset_x": 0.078125,
  "offset_y": 0.0,
  "tiles": [
    {
      "margin": false,
      "index": 6,
      "file": null,
      "u": 0.078125,
      "v": 0.0,
      "uw": 0.28125,
      "vh": 0.333333343,
      "width": 576,
      "height": 576,
      "descriptor": [
        102,
        90,
        72,
        103,
        86,
        56,
        119,
        118,
        119,
        119,
        119,
        119,
        128,
        118,
        74,
        95,
        81,
        61,
        109,
        94,
        63,
        122,
        103,
        63,
        193,
        165,
        102,
        177,
        149,
        87,
        83,
        69,
        44,
        78,
        63,
        43,
        159,
        133,
        75,
        207,
        181,
        116,
        159,
        164,
        148,
        231,
        225,
        203
      ]
    },
    {
      "margin": false,
      "index": 7,
      "file": null,
      "u": 0.359375,
      "v": 0.0,
      "uw": 0.28125,
      "vh": 0.333333343,
      "width": 576,
      "height": 576,
      "descriptor": [
        119,
        119,
        119,
        119,
        119,
        119,
        119,
        119,
        119,
        119,
        119,
        119,
        173,
        145,
        83,
        96,
        82,
        58,
        114,
        98,
        61,
        157,
        125,
        70,
        71,
        58,
        39,
        73,
        59,
        44,
        75,
        62,
        45,
        65,
        53,
        38,
        166,
        167,
        125,
        78,
        92,
        69,
        177,
        176,
        150,
        169,
        170,
        145
      ]
    },
    {
      "margin": false,
      "index": 8,
      "file": null,
      "u": 0.640625,
      "v": 0.0,
      "uw": 0.28125,
      "vh": 0.333333343,
      "width": 576,
      "height": 576,
      "descriptor": [
        119,
        119,
        119,
        119,
        119,
        120,
        81,
        71,
        56,
        171,
        134,
        93,
        108,
        92,
        60,
        133,
        118,
        70,
        127,
        109,
        66,
        124,
        114,
        68,
        79,
        66,
        45,
        100,
        87,
        55,
        59,
        50,
        40,
        161,
        144,
        92,
        167,
        166,
        139,
        161,
        160,
        137,
        57,
        52,
        42,
        105,
        94,
        61
      ]
    },
    {
      "margin": false,
      "index": 9,
      "file": null,
      "u": 0.078125,
      "v": 0.333333343,
      "uw": 0.28125,
      "vh": 0.333333343,
      "width": 576,
      "height": 576,
      "descriptor": [
        150,
        126,
        73,
        138,
        113,
        58,
        142,
        151,
        133,
        167,
        123,
        110,
        134,
        104,
        44,
        127,
        103,
        43,
        154,
        154,
        143,
        205,
        199,
        182,
        81,
        68,
        34,
        159,
        131,
        68,
        141,
        136,
        123,
        166,
        143,
        142,
        124,
        111,
        71,
        196,
        172,
        99,
        140,
        147,
        133,
        154,
        154,
        136
      ]
    },
    {
      "margin": false,
      "index": 10,
      "file": null,
      "u": 0.359375,
      "v": 0.333333343,
      "uw": 0.28125,
      "vh": 0.333333343,
      "width": 576,
      "height": 576,
      "descriptor": [
        167,
        164,
        164,
        228,
        222,
        197,
        226,
        221,
        197,
        166,
        165,
        144,
        189,
        145,
        135,
        187,
        170,
        168,
        192,
        179,
        167,
        157,
        154,
        137,
        230,
        222,
        202,
        201,
        176,
        165,
        68,
        69,
        68,
        50,
        56,
        55,
        141,
        139,
        118,
        150,
        143,
        94,
        116,
        86,
        70,
        133,
        123,
        123
      ]
    },
    {
      "margin": false,
      "index": 11,
      "file": null,
      "u": 0.640625,
      "v": 0.333333343,
      "uw": 0.28125,
      "vh": 0.333333343,
      "width": 576,
      "height": 576,
      "descriptor": [
        164,
        162,
        143,
        163,
        158,
        132,
        69,
        61,
        48,
        120,
        104,
        68,
        70,
        85,
        63,
        155,
        151,
        138,
        63,
        54,
        43,
        108,
        90,
        65,
        103,
        101,
        78,
        151,
        147,
        133,
        78,
        68,
        54,
        108,
        97,
        65,
        143,
        139,
        137,
        125,
        121,
        105,
        84,
        73,
        49,
        105,
        86,
        56
      ]
    },
    {
      "margin": false,
      "index": 12,
      "file": null,
      "u": 0.078125,
      "v": 0.6666667,
      "uw": 0.28125,
      "vh": 0.333333343,
      "width": 576,
      "height": 576,
      "descriptor": [
        97,
        78,
        48,
        183,
        157,
        88,
        137,
        138,
        124,
        123,
        122,
        101,
        145,
        139,
        102,
        94,
        79,
        38,
        198,
        169,
        102,
        255,
        233,
        163,
        133,
        113,
        60,
        122,
        107,
        47,
        115,
        96,
        57,
        185,
        151,
        93,
        119,
        119,
        119,
        139,
        123,
        76,
        119,
        119,
        119,
        119,
        119,
        119
      ]
    },
    {
      "margin": false,
      "index": 13,
      "file": null,
      "u": 0.359375,
      "v": 0.6666667,
      "uw": 0.28125,
      "vh": 0.333333343,
      "width": 576,
      "height": 576,
      "descriptor": [
        130,
        129,
        118,
        164,
        151,
        125,
        113,
        110,
        127,
        116,
        103,
        112,
        255,
        233,
        172,
        251,
        222,
        153,
        254,
        230,
        172,
        255,
        233,
        171,
        249,
        221,
        155,
        91,
        74,
        48,
        149,
        130,
        81,
        220,
        183,
        120,
        119,
        119,
        119,
        119,
        119,
        119,
        119,
        119,
        119,
        119,
        119,
        119
      ]
    },
    {
      "margin": false,
      "index": 14,
      "file": null,
      "u": 0.640625,
      "v": 0.6666667,
      "uw": 0.28125,
      "vh": 0.333333343,
      "width": 576,
      "height": 576,
      "descriptor": [
        147,
        143,
        134,
        135,
        140,
        128,
        98,
        85,
        59,
        141,
        125,
        70,
        235,
        208,
        145,
        212,
        180,
        120,
        195,
        161,
        110,
        101,
        85,
        58,
        119,
        100,
        66,
        116,
        98,
        68,
        124,
        104,
        74,
        106,
        93,
        68,
        119,
        119,
        119,
        119,
        119,
        120,
        54,
        50,
        44,
        67,
        55,
        43
      ]
    }
  ],
  "margins": [
    {
      "margin": true,
      "index": 0,
      "file": null,
      "u": 0.0,
      "v": 0.0,
      "uw": 0.078125,