{
  "title": "ŽENA S RUŽOU",
  "author": "NEZNÁMY AUTOR",
  "year": "(1880 - 1890)",
  "id": "SNG-0001009600",
  "width": 1600,
  "height": 2048,
  "file": "GNZ--M_31--1_1--2014_12_17--L2_WEB_19453.webp",
  "tiles_x": 3,
  "tiles_y": 3,
  "offset_x": 0.0,
  "offset_y": 0.109375,
  "tiles": [
    {
      "margin": false,
      "index": 6,
      "file": null,
      "u": 0.0,
      "v": 0.109375,
      "uw": 0.3333333,
      "vh": 0.260416657,
      "width": 533,
      "height": 533,
      "descriptor": [
        119,
        119,
        119,
        119,
        119,
        119,
        66,
        70,
        55,
        42,
        48,
        46,
        119,
        119,
        119,
        119,
        120,
        121,
        99,
        92,
        76,
        46,
        50,
        49,
        119,
        119,
        119,
        96,
        90,
        72,
        115,
        102,
        83,
        54,
        60,
        60,
        119,
        119,
        119,
        142,
        136,
        137,
        159,
        151,
        140,
        91,
        89,
        100
      ]
    },
    {
      "margin": false,
      "index": 7,
      "file": null,
      "u": 0.3333333,
      "v": 0.109375,
      "uw": 0.3333333,
      "vh": 0.260416657,
      "width": 533,
      "height": 533,
      "descriptor": [
        53,
        59,
        57,
        42,
        48,
        47,
        43,
        47,
        47,
        44,
        48,
        45,
        51,
        56,
        55,
        43,
        49,
        49,
        42,
        46,
        46,
        46,
        50,
        49,
        68,
        75,
        75,
        52,
        58,
        58,
        53,
        57,
        57,
        52,
        59,
        57,
        56,
        62,
        61,
        97,
        85,
        74,
        112,
        92,
        74,
        92,
        76,
        58
      ]
    },
    {
      "margin": false,
      "index": 8,
      "file": null,
      "u": 0.6666666,
      "v": 0.109375,
      "uw": 0.3333333,
      "vh": 0.260416657,
      "width": 533,
      "height": 533,
      "descriptor": [
        59,
        60,
        55,
        67,
        71,
        60,
        119,
        119,
        119,
        119,
        119,
        119,
        47,
        53,
        51,
        62,
        66,
        62,
        93,
        88,
        69,
        119,
        119,
        119,
        51,
        58,
        56,
        49,
        55,
        53,
        62,
        61,
        56,
        119,
        119,
        119,
        52,
        59,
        57,
        77,
        77,
        78,
        64,
        67,
        63,
        119,
        119,
        119
      ]
    },
    {
      "margin": false,
      "index": 9,
      "file": null,
      "u": 0.0,
      "v": 0.369791657,
      "uw": 0.3333333,
      "vh": 0.260416657,
      "width": 533,
      "height": 533,
      "descriptor": [
        121,
        111,
        105,
        115,
        109,
        112,
        126,
        127,
        130,
        47,
        55,
        54,
        81,
        75,
        69,
        87,
        76,
        74,
        111,
        103,
        100,
        58,
        65,
        65,
        78,
        76,
        66,
        86,
        78,
        72,
        79,
        76,
        72,
        88,
        89,
        92,
        74,
        80,
        66,
        80,
        84,
        70,
        89,
        96,
        70,
        102,
        107,
        80
      ]
    },
    {
      "margin": false,
      "index": 10,
      "file": null,
      "u": 0.3333333,
      "v": 0.369791657,
      "uw": 0.3333333,
      "vh": 0.260416657,
      "width": 533,
      "height": 533,
      "descriptor": [
        69,
        69,
        64,
        199,
        185,
        175,
        175,
        145,
        121,
        115,
        102,
        87,
        51,
        58,
        57,
        134,
        108,
        92,
        193,
        180,
        167,
        99,
        98,
        103,
        124,
        121,
        135,
        137,
        129,
        121,
        184,
        162,
        141,
        177,
        159,
        135,
        119,
        142,
        145,
        194,
        182,
        168,
        209,
        186,
        169,
        197,
        186,
        170
      ]
    },
    {
      "margin": false,
      "index": 11,
      "file": null,
      "u": 0.6666666,
      "v": 0.369791657,
      "uw": 0.3333333,
      "vh": 0.260416657,
      "width": 533,
      "height": 533,
      "descriptor": [
        89,
        92,
        96,
        80,
        66,
        59,
        76,
        76,
        68,
        68,
        76,
        72,
        80,
        77,
        78,
        62,
        62,
        61,
        70,
        63,
        61,
        64,
        64,
        60,
        83,
        84,
        81,
        85,
        82,
        78,
        68,
        66,
        61,
        75,
        70,
        63,
        197,
        191,
        173,
        126,
        123,
        114,
        75,
        69,
        61,
        83,
        78,
        67
      ]
    },
    {
      "margin": false,
      "index": 12,
      "file": null,
      "u": 0.0,
      "v": 0.6302083,
      "uw": 0.3333333,
      "vh": 0.260416657,
      "width": 533,
      "height": 533,
      "descriptor": [
        119,
        119,
        120,
        75,
        78,
        67,
        80,
        82,
        70,
        117,
        127,
        122,
        119,
        119,
        119,
        58,
        62,
        57,
        77,
        80,
        72,
        133,
        152,
        154,
        119,
        119,
        119,
        66,
        68,
        59,
        69,
        74,
        73,
        115,
        133,
        134,
        119,
        119,
        119,
        119,
        119,
        119,
        152,
        151,
        149,
        132,
        168,
        172
      ]
    },
    {
      "margin": false,
      "index": 13,
      "file": null,
      "u": 0.3333333,
      "v": 0.6302083,
      "uw": 0.3333333,
      "vh": 0.260416657,
      "width": 533,
      "height": 533,
      "descriptor": [
        133,
        135,
        127,
        171,
        167,
        156,
        188,
        176,
        167,
        175,
        178,
        169,
        184,
        165,
        174,
        205,
        187,
        183,
        184,
        187,
        179,
        182,
        192,
        191,
        148,
        130,
        125,
        91,
        93,
        83,
        154,
        169,
        160,
        157,
        183,
        181,
        167,
        183,
        183,
        145,
        175,
        168,
        160,
        183,
        179,
        173,
        194,
        194
      ]
    },
    {
      "margin": false,
      "index": 14,
      "file": null,
      "u": 0.6666666,
      "v": 0.6302083,
      "uw": 0.3333333,
      "vh": 0.260416657,
      "width": 533,
      "height": 533,
      "descriptor": [
        163,
        166,
        152,
        121,
        149,
        148,
        71,
        76,
        74,
        119,
        119,
        120,
        172,
        191,
        189,
        181,
        196,
        197,
        133,
        145,
        139,
        119,
        119,
        119,
        170,
        200,
        201,
        166,
        189,
        187,
        153,
        135,
        112,
        119,
        119,
        119,
        160,
        175,
        167,
        128,
        128,
        109,
        119,
        119,
        119,
        119,
        119,
        119
      ]
    }
  ],
  "margins": [
    {
      "margin": true,
      "index": 0,
      "file": null,
      "u": 0.0,
      "v": 0.0,
      "uw": 0.3333333,
      "vh": 0.109375,
      "width": 533,