{
  "title": "OSTRIHOMSKÁ BAZILIKA",
  "author": "BRODSZKY, ALEXANDER",
  "year": "1875",
  "id": "SNG-0001009214",
  "width": 2048,
  "height": 1728,
  "file": "GNZ--M_56--1_1--2014_12_16--L2_WEB_19981.webp",
  "tiles_x": 3,
  "tiles_y": 3,
  "offset_x": 0.078125,
  "offset_y": 0.0,
  "tiles": [
    {
      "margin": false,
      "index": 6,
      "file": null,
      "u": 0.078125,
      "v": 0.0,
      "uw": 0.28125,
      "vh": 0.333333343,
      "width": 576,
      "height": 576,
      "descriptor": [
        70,
        48,
        32,
        154,
        124,
        75,
        136,
        96,
        45,
        155,
        109,
        48,
        104,
        75,
        43,
        123,
        84,
        40,
        185,
        146,
        97,
        175,
        138,
        79,
        214,
        167,
        107,
        134,
        112,
        88,
        156,
        130,
        97,
        130,
        115,
        91,
        47,
        38,
        32,
        137,
        114,
        91,
        142,
        113,
        86,
        142,
        116,
        89
      ]
    },
    {
      "margin": false,
      "index": 7,
      "file": null,
      "u": 0.359375,
      "v": 0.0,
      "uw": 0.28125,
      "vh": 0.333333343,
      "width": 576,
      "height": 576,
      "descriptor": [
        127,
        86,
        37,
        164,
        135,
        74,
        142,
        117,
        66,
        128,
        94,
        49,
        181,
        141,
        76,
        181,
        143,
        97,
        158,
        125,
        70,
        136,
        88,
        40,
        113,
        95,
        80,
        131,
        105,
        80,
        151,
        126,
        97,
        116,
        119,
        96,
        146,
        122,
        94,
        155,
        125,
        94,
        180,
        141,
        101,
        168,
        136,
        100
      ]
    },
    {
      "margin": false,
      "index": 8,
      "file": null,
      "u": 0.640625,
      "v": 0.0,
      "uw": 0.28125,
      "vh": 0.333333343,
      "width": 576,
      "height": 576,
      "descriptor": [
        119,
        85,
        56,
        138,
        106,
        62,
        129,
        95,
        46,
        137,
        99,
        57,
        176,
        136,
        83,
        205,
        156,
        106,
        166,
        125,
        68,
        117,
        74,
        33,
        142,
        137,
        109,
        121,
        123,
        100,
        135,
        126,
        97,
        43,
        28,
        17,
        156,
        141,
        112,
        153,
        142,
        111,
        153,
        140,
        111,
        56,
        45,
        39
      ]
    },
    {
      "margin": false,
      "index": 9,
      "file": null,
      "u": 0.078125,
      "v": 0.333333343,
      "uw": 0.28125,
      "vh": 0.333333343,
      "width": 576,
      "height": 576,
      "descriptor": [
        108,
        75,
        47,
        116,
        97,
        80,
        122,
        99,
        79,
        135,
        111,
        88,
        200,
        147,
        88,
        133,
        109,
        88,
        121,
        95,
        74,
        109,
        90,
        75,
        51,
        40,
        33,
        111,
        85,
        67,
        113,
        90,
        74,
        74,
        65,
        58,
        70,
        45,
        32,
        88,
        75,
        62,
        65,
        57,
        50,
        86,
        72,
        61
      ]
    },
    {
      "margin": false,
      "index": 10,
      "file": null,
      "u": 0.359375,
      "v": 0.333333343,
      "uw": 0.28125,
      "vh": 0.333333343,
      "width": 576,
      "height": 576,
      "descriptor": [
        145,
        116,
        84,
        133,
        109,
        84,
        155,
        120,
        83,
        172,
        131,
        89,
        127,
        101,
        79,
        127,
        98,
        76,
        139,
        112,
        86,
        145,
        117,
        84,
        82,
        67,
        53,
        118,
        86,
        63,
        142,
        113,
        85,
        81,
        58,
        47,
        86,
        62,
        46,
        139,
        104,
        70,
        95,
        66,
        53,
        73,
        53,
        44
      ]
    },
    {
      "margin": false,
      "index": 11,
      "file": null,
      "u": 0.640625,
      "v": 0.333333343,
      "uw": 0.28125,
      "vh": 0.333333343,
      "width": 576,
      "height": 576,
      "descriptor": [
        188,
        142,
        97,
        203,
        149,
        104,
        159,
        140,
        108,
        59,
        38,
        29,
        179,
        136,
        92,
        197,
        141,
        93,
        162,
        128,
        92,
        67,
        40,
        26,
        83,
        62,
        53,
        74,
        55,
        48,
        94,
        70,
        60,
        120,
        91,
        63,
        72,
        60,
        54,
        87,
        66,
        57,
        146,
        98,
        67,
        71,
        52,
        38
      ]
    },
    {
      "margin": false,
      "index": 12,
      "file": null,
      "u": 0.078125,
      "v": 0.6666667,
      "uw": 0.28125,
      "vh": 0.333333343,
      "width": 576,
      "height": 576,
      "descriptor": [
        219,
        165,
        96,
        65,
        59,
        51,
        44,
        41,
        38,
        68,
        52,
        40,
        90,
        59,
        47,
        83,
        62,
        51,
        83,
        60,
        52,
        59,
        41,
        34,
        182,
        142,
        104,
        81,
        54,
        44,
        112,
        82,
        53,
        148,
        115,
        60,
        143,
        96,
        54,
        84,
        58,
        43,
        102,
        73,
        49,
        103,
        73,
        37
      ]
    },
    {
      "margin": false,
      "index": 13,
      "file": null,
      "u": 0.359375,
      "v": 0.6666667,
      "uw": 0.28125,
      "vh": 0.333333343,
      "width": 576,
      "height": 576,
      "descriptor": [
        117,
        88,
        67,
        135,
        105,
        79,
        111,
        83,
        60,
        116,
        88,
        67,
        67,
        53,
        43,
        93,
        66,
        50,
        118,
        86,
        62,
        163,
        135,
        106,
        168,
        132,
        90,
        215,
        179,
        104,
        224,
        188,
        130,
        206,
        174,
        122,
        181,
        140,
        77,
        100,
        66,
        44,
        99,
        72,
        49,
        129,
        92,
        51
      ]
    },
    {
      "margin": false,
      "index": 14,
      "file": null,
      "u": 0.640625,
      "v": 0.6666667,
      "uw": 0.28125,
      "vh": 0.333333343,
      "width": 576,
      "height": 576,
      "descriptor": [
        98,
        69,
        54,
        94,
        66,
        49,
        120,
        87,
        63,
        99,
        68,
        44,
        174,
        134,
        92,
        150,
        116,
        85,
        125,
        93,
        65,
        67,
        43,
        28,
        202,
        165,
        103,
        202,
        166,
        105,
        185,
        144,
        83,
        85,
        61,
        41,
        94,
        68,
        47,
        94,
        69,
        46,
        76,
        51,
        40,
        100,
        66,
        50
      ]
    }
  ],
  "margins": [
    {
      "margin": true,
      "index": 0,
      "file": null,
      "u": 0.0,
      "v": 0.0,
      "uw": 0.078125,
      "vh": 0.333333343,
      "width": 160,
      "height": 576,