{
  "title": "ODCHOD RANENÝCH Z BOJISKA",
  "author": "WEIXLGÄRTNER, EDUARD, HÖFELICH, JOHANN",
  "year": "(1820 - 1840)",
  "id": "SNG-0001025823",
  "width": 2048,
  "height": 1728,
  "file": "GNZ--G_1394--1_1--_2015_03_23_--L2_WEB_2842.webp",
  "tiles_x": 3,
  "tiles_y": 3,
  "offset_x": 0.078125,
  "offset_y": 0.0,
  "tiles": [
    {
      "margin": false,
      "index": 6,
      "file": null,
      "u": 0.078125,
      "v": 0.0,
      "uw": 0.28125,
      "vh": 0.333333343,
      "width": 576,
      "height": 576,
      "descriptor": [
        208,
        169,
        129,
        205,
        165,
        127,
        204,
        164,
        123,
        207,
        167,
        125,
        187,
        166,
        147,
        184,
        163,
        144,
        212,
        184,
        156,
        178,
        151,
        126,
        179,
        160,
        144,
        207,
        184,
        163,
        214,
        193,
        172,
        187,
        162,
        139,
        201,
        176,
        151,
        188,
        162,
        137,
        200,
        176,
        152,
        205,
        180,
        155
      ]
    },
    {
      "margin": false,
      "index": 7,
      "file": null,
      "u": 0.359375,
      "v": 0.0,
      "uw": 0.28125,
      "vh": 0.333333343,
      "width": 576,
      "height": 576,
      "descriptor": [
        208,
        165,
        125,
        207,
        165,
        123,
        204,
        162,
        121,
        205,
        164,
        123,
        196,
        171,
        148,
        153,
        128,
        105,
        166,
        145,
        124,
        192,
        169,
        150,
        201,
        177,
        153,
        174,
        150,
        128,
        174,
        153,
        134,
        142,
        123,
        104,
        161,
        141,
        118,
        189,
        165,
        145,
        140,
        122,
        104,
        141,
        122,
        105
      ]
    },
    {
      "margin": false,
      "index": 8,
      "file": null,
      "u": 0.640625,
      "v": 0.0,
      "uw": 0.28125,
      "vh": 0.333333343,
      "width": 576,
      "height": 576,
      "descriptor": [
        210,
        167,
        126,
        211,
        170,
        127,
        212,
        171,
        128,
        212,
        172,
        129,
        176,
        152,
        130,
        136,
        115,
        95,
        136,
        114,
        93,
        177,
        155,
        134,
        175,
        156,
        140,
        163,
        145,
        127,
        124,
        107,
        89,
        166,
        141,
        118,
        184,
        158,
        134,
        153,
        133,
        113,
        164,
        149,
        126,
        124,
        106,
        84
      ]
    },
    {
      "margin": false,
      "index": 9,
      "file": null,
      "u": 0.078125,
      "v": 0.333333343,
      "uw": 0.28125,
      "vh": 0.333333343,
      "width": 576,
      "height": 576,
      "descriptor": [
        144,
        132,
        117,
        171,
        145,
        120,
        204,
        175,
        117,
        160,
        138,
        116,
        114,
        102,
        89,
        80,
        67,
        62,
        123,
        86,
        27,
        76,
        57,
        31,
        134,
        112,
        88,
        54,
        43,
        41,
        139,
        102,
        37,
        114,
        97,
        79,
        40,
        38,
        38,
        23,
        22,
        23,
        67,
        51,
        51,
        76,
        58,
        47
      ]
    },
    {
      "margin": false,
      "index": 10,
      "file": null,
      "u": 0.359375,
      "v": 0.333333343,
      "uw": 0.28125,
      "vh": 0.333333343,
      "width": 576,
      "height": 576,
      "descriptor": [
        61,
        54,
        55,
        120,
        95,
        72,
        218,
        196,
        175,
        104,
        94,
        83,
        205,
        171,
        135,
        157,
        151,
        131,
        112,
        107,
        97,
        56,
        46,
        45,
        34,
        33,
        34,
        166,
        144,
        121,
        74,
        65,
        51,
        47,
        41,
        40,
        117,
        99,
        74,
        105,
        81,
        40,
        75,
        61,
        49,
        45,
        32,
        26
      ]
    },
    {
      "margin": false,
      "index": 11,
      "file": null,
      "u": 0.640625,
      "v": 0.333333343,
      "uw": 0.28125,
      "vh": 0.333333343,
      "width": 576,
      "height": 576,
      "descriptor": [
        94,
        84,
        74,
        169,
        147,
        119,
        137,
        101,
        79,
        112,
        95,
        90,
        180,
        145,
        109,
        157,
        125,
        83,
        166,
        135,
        98,
        192,
        160,
        125,
        51,
        35,
        21,
        75,
        54,
        30,
        96,
        65,
        36,
        68,
        41,
        14,
        82,
        67,
        59,
        145,
        120,
        77,
        181,
        139,
        87,
        110,
        61,
        10
      ]
    },
    {
      "margin": false,
      "index": 12,
      "file": null,
      "u": 0.078125,
      "v": 0.6666667,
      "uw": 0.28125,
      "vh": 0.333333343,
      "width": 576,
      "height": 576,
      "descriptor": [
        167,
        138,
        97,
        42,
        34,
        27,
        59,
        35,
        22,
        21,
        6,
        1,
        92,
        70,
        59,
        135,
        106,
        64,
        104,
        83,
        49,
        108,
        78,
        52,
        217,
        178,
        137,
        213,
        174,
        136,
        208,
        170,
        127,
        221,
        182,
        138,
        212,
        173,
        133,
        214,
        175,
        134,
        212,
        172,
        131,
        213,
        172,
        130
      ]
    },
    {
      "margin": false,
      "index": 13,
      "file": null,
      "u": 0.359375,
      "v": 0.6666667,
      "uw": 0.28125,
      "vh": 0.333333343,
      "width": 576,
      "height": 576,
      "descriptor": [
        201,
        169,
        137,
        155,
        126,
        100,
        170,
        144,
        120,
        150,
        116,
        78,
        131,
        99,
        63,
        152,
        119,
        85,
        208,
        175,
        139,
        181,
        147,
        112,
        220,
        179,
        140,
        214,
        175,
        132,
        212,
        173,
        135,
        215,
        178,
        134,
        210,
        170,
        128,
        215,
        175,
        133,
        212,
        174,
        131,
        212,
        171,
        128
      ]
    },
    {
      "margin": false,
      "index": 14,
      "file": null,
      "u": 0.640625,
      "v": 0.6666667,
      "uw": 0.28125,
      "vh": 0.333333343,
      "width": 576,
      "height": 576,
      "descriptor": [
        47,
        31,
        20,
        112,
        112,
        102,
        71,
        64,
        76,
        69,
        50,
        34,
        129,
        98,
        65,
        138,
        101,
        60,
        109,
        86,
        67,
        41,
        29,
        21,
        216,
        175,
        131,
        219,
        179,
        133,
        209,
        169,
        129,
        180,
        139,
        113,
        216,
        174,
        127,
        212,
        170,
        127,
        211,
        169,
        126,
        216,
        176,
        135
      ]
    }
  ],
  "margins": [
    {
      "margin": true,
      "index": 0,
      "file": null,