{
  "title": "VOJENSKÉ CVIČENIE DOBROVOĽNÍKOV",
  "author": "KLIMKOVIČ, GABRIEL",
  "year": "(1850 - 1860)",
  "id": "SNG-0001025905",
  "width": 2048,
  "height": 1408,
  "file": "GNZ--K_234--1_1--_2015_03_24_--L2_WEB_6880.webp",
  "tiles_x": 4,
  "tiles_y": 3,
  "offset_x": 0.0416666567,
  "offset_y": 0.0,
  "tiles": [
    {
      "margin": false,
      "index": 6,
      "file": null,
      "u": 0.0416666567,
      "v": 0.0,
      "uw": 0.229166672,
      "vh": 0.333333343,
      "width": 469,
      "height": 469,
      "descriptor": [
        115,
        120,
        116,
        113,
        119,
        115,
        114,
        119,
        116,
        112,
        119,
        115,
        120,
        125,
        101,
        110,
        112,
        102,
        56,
        67,
        58,
        65,
        70,
        59,
        190,
        184,
        160,
        97,
        110,
        98,
        54,
        57,
        50,
        147,
        162,
        71,
        162,
        167,
        142,
        90,
        96,
        81,
        123,
        143,
        70,
        106,
        111,
        92
      ]
    },
    {
      "margin": false,
      "index": 7,
      "file": null,
      "u": 0.2708333,
      "v": 0.0,
      "uw": 0.229166672,
      "vh": 0.333333343,
      "width": 469,
      "height": 469,
      "descriptor": [
        119,
        126,
        121,
        121,
        128,
        125,
        114,
        121,
        117,
        111,
        118,
        115,
        89,
        94,
        78,
        86,
        87,
        81,
        183,
        168,
        145,
        151,
        182,
        209,
        121,
        144,
        102,
        101,
        96,
        77,
        115,
        137,
        122,
        187,
        172,
        152,
        74,
        83,
        77,
        111,
        108,
        92,
        171,
        153,
        136,
        164,
        147,
        132
      ]
    },
    {
      "margin": false,
      "index": 8,
      "file": null,
      "u": 0.5,
      "v": 0.0,
      "uw": 0.229166672,
      "vh": 0.333333343,
      "width": 469,
      "height": 469,
      "descriptor": [
        114,
        122,
        118,
        129,
        137,
        135,
        110,
        117,
        114,
        107,
        114,
        110,
        181,
        197,
        212,
        198,
        209,
        214,
        200,
        186,
        152,
        162,
        183,
        204,
        186,
        174,
        163,
        198,
        189,
        165,
        151,
        173,
        199,
        171,
        184,
        196,
        166,
        153,
        139,
        191,
        180,
        159,
        183,
        169,
        139,
        209,
        195,
        170
      ]
    },
    {
      "margin": false,
      "index": 9,
      "file": null,
      "u": 0.7291666,
      "v": 0.0,
      "uw": 0.229166672,
      "vh": 0.333333343,
      "width": 469,
      "height": 469,
      "descriptor": [
        120,
        127,
        122,
        112,
        117,
        113,
        111,
        114,
        111,
        120,
        127,
        122,
        140,
        161,
        170,
        165,
        183,
        199,
        180,
        188,
        185,
        185,
        189,
        188,
        184,
        184,
        176,
        195,
        198,
        192,
        194,
        194,
        183,
        192,
        188,
        178,
        198,
        194,
        185,
        202,
        197,
        182,
        199,
        191,
        174,
        114,
        107,
        92
      ]
    },
    {
      "margin": false,
      "index": 10,
      "file": null,
      "u": 0.0416666567,
      "v": 0.333333343,
      "uw": 0.229166672,
      "vh": 0.333333343,
      "width": 469,
      "height": 469,
      "descriptor": [
        146,
        123,
        99,
        136,
        129,
        113,
        94,
        98,
        90,
        142,
        145,
        122,
        52,
        55,
        53,
        70,
        77,
        72,
        94,
        123,
        91,
        182,
        175,
        146,
        57,
        72,
        66,
        61,
        78,
        75,
        83,
        115,
        96,
        93,
        76,
        59,
        81,
        100,
        71,
        86,
        107,
        80,
        88,
        103,
        69,
        155,
        169,
        108
      ]
    },
    {
      "margin": false,
      "index": 11,
      "file": null,
      "u": 0.2708333,
      "v": 0.333333343,
      "uw": 0.229166672,
      "vh": 0.333333343,
      "width": 469,
      "height": 469,
      "descriptor": [
        158,
        138,
        121,
        148,
        132,
        117,
        164,
        149,
        135,
        167,
        150,
        134,
        185,
        183,
        150,
        124,
        122,
        112,
        100,
        74,
        59,
        205,
        185,
        162,
        133,
        66,
        54,
        105,
        103,
        89,
        102,
        100,
        82,
        109,
        106,
        93,
        173,
        173,
        163,
        75,
        78,
        71,
        126,
        144,
        100,
        188,
        162,
        129
      ]
    },
    {
      "margin": false,
      "index": 12,
      "file": null,
      "u": 0.5,
      "v": 0.333333343,
      "uw": 0.229166672,
      "vh": 0.333333343,
      "width": 469,
      "height": 469,
      "descriptor": [
        158,
        144,
        127,
        132,
        123,
        109,
        188,
        176,
        147,
        184,
        175,
        142,
        90,
        83,
        70,
        146,
        110,
        74,
        83,
        71,
        54,
        123,
        112,
        94,
        190,
        175,
        152,
        134,
        130,
        120,
        199,
        200,
        197,
        157,
        152,
        144,
        165,
        145,
        112,
        215,
        217,
        213,
        68,
        60,
        52,
        157,
        154,
        149
      ]
    },
    {
      "margin": false,
      "index": 13,
      "file": null,
      "u": 0.7291666,
      "v": 0.333333343,
      "uw": 0.229166672,
      "vh": 0.333333343,
      "width": 469,
      "height": 469,
      "descriptor": [
        155,
        157,
        131,
        219,
        203,
        170,
        159,
        133,
        97,
        127,
        122,
        113,
        155,
        163,
        133,
        196,
        174,
        140,
        58,
        66,
        61,
        126,
        120,
        111,
        74,
        96,
        91,
        59,
        65,
        62,
        87,
        75,
        58,
        129,
        117,
        98,
        103,
        96,
        84,
        148,
        144,
        137,
        117,
        113,
        103,
        108,
        94,
        80
      ]
    },
    {
      "margin": false,
      "index": 14,
      "file": null,
      "u": 0.0416666567,
      "v": 0.6666667,
      "uw": 0.229166672,
      "vh": 0.333333343,
      "width": 469,
      "height": 469,
      "descriptor": [
        86,
        105,
        98,
        84,
        113,
        80,
        100,
        118,
        78,
        168,
        159,
        145,
        117,
        126,
        122,
        122,
        128,
        124,
        121,
        138,
        138,
        154,
        152,
        143,
        114,
        125,
        121,
        144,
        140,
        130,
        130,
        133,
        127,
        131,
        139,
        133,
        133,
        141,
        140,
        148,
        157,
        153,
        134,
        145,
        143,
        141,
        151,
        150
      ]
    },
    {
      "margin": false,