{
  "title": "DEDINSKÝ ROZHOVOR",
  "author": "DEÁK-ÉBNER, LAJOS",
  "year": "(1880 - 1890)",
  "id": "SNG-0001009694",
  "width": 1408,
  "height": 2048,
  "file": "GNZ--M_627--1_2--2014_12_11--L2_WEB_19811.webp",
  "tiles_x": 3,
  "tiles_y": 4,
  "offset_x": 0.0,
  "offset_y": 0.0416666567,
  "tiles": [
    {
      "margin": false,
      "index": 6,
      "file": null,
      "u": 0.0,
      "v": 0.0416666567,
      "uw": 0.333333343,
      "vh": 0.229166672,
      "width": 469,
      "height": 469,
      "descriptor": [
        132,
        139,
        132,
        123,
        126,
        122,
        120,
        132,
        129,
        126,
        148,
        146,
        122,
        137,
        131,
        132,
        138,
        132,
        123,
        132,
        125,
        133,
        137,
        136,
        128,
        136,
        132,
        130,
        130,
        127,
        121,
        135,
        133,
        122,
        129,
        132,
        76,
        83,
        70,
        63,
        73,
        62,
        66,
        75,
        74,
        181,
        176,
        166
      ]
    },
    {
      "margin": false,
      "index": 7,
      "file": null,
      "u": 0.333333343,
      "v": 0.0416666567,
      "uw": 0.333333343,
      "vh": 0.229166672,
      "width": 469,
      "height": 469,
      "descriptor": [
        128,
        138,
        140,
        118,
        132,
        127,
        106,
        99,
        99,
        97,
        105,
        80,
        96,
        93,
        88,
        69,
        72,
        66,
        83,
        83,
        64,
        101,
        107,
        104,
        121,
        124,
        125,
        82,
        85,
        82,
        66,
        76,
        76,
        61,
        75,
        69,
        197,
        182,
        149,
        70,
        74,
        68,
        90,
        98,
        85,
        145,
        133,
        109
      ]
    },
    {
      "margin": false,
      "index": 8,
      "file": null,
      "u": 0.6666667,
      "v": 0.0416666567,
      "uw": 0.333333343,
      "vh": 0.229166672,
      "width": 469,
      "height": 469,
      "descriptor": [
        97,
        105,
        99,
        103,
        110,
        98,
        99,
        99,
        80,
        114,
        112,
        105,
        76,
        86,
        80,
        61,
        84,
        93,
        68,
        87,
        87,
        87,
        86,
        73,
        79,
        79,
        73,
        89,
        89,
        78,
        162,
        160,
        138,
        120,
        123,
        103,
        114,
        114,
        99,
        130,
        127,
        109,
        115,
        114,
        97,
        160,
        156,
        141
      ]
    },
    {
      "margin": false,
      "index": 9,
      "file": null,
      "u": 0.0,
      "v": 0.2708333,
      "uw": 0.333333343,
      "vh": 0.229166672,
      "width": 469,
      "height": 469,
      "descriptor": [
        116,
        118,
        96,
        100,
        83,
        75,
        90,
        79,
        74,
        94,
        83,
        75,
        145,
        159,
        146,
        83,
        99,
        97,
        114,
        125,
        116,
        205,
        196,
        180,
        107,
        118,
        83,
        108,
        118,
        88,
        109,
        114,
        92,
        171,
        171,
        159,
        171,
        162,
        126,
        60,
        78,
        60,
        64,
        81,
        61,
        50,
        70,
        75
      ]
    },
    {
      "margin": false,
      "index": 10,
      "file": null,
      "u": 0.333333343,
      "v": 0.2708333,
      "uw": 0.333333343,
      "vh": 0.229166672,
      "width": 469,
      "height": 469,
      "descriptor": [
        185,
        160,
        133,
        149,
        141,
        121,
        132,
        124,
        101,
        116,
        112,
        95,
        204,
        200,
        186,
        121,
        105,
        93,
        129,
        116,
        106,
        92,
        101,
        99,
        148,
        145,
        138,
        102,
        88,
        78,
        190,
        180,
        153,
        143,
        131,
        108,
        49,
        64,
        70,
        137,
        112,
        93,
        168,
        147,
        124,
        81,
        92,
        74
      ]
    },
    {
      "margin": false,
      "index": 11,
      "file": null,
      "u": 0.6666667,
      "v": 0.2708333,
      "uw": 0.333333343,
      "vh": 0.229166672,
      "width": 469,
      "height": 469,
      "descriptor": [
        115,
        112,
        92,
        101,
        76,
        65,
        142,
        139,
        112,
        119,
        130,
        110,
        85,
        92,
        89,
        122,
        118,
        99,
        110,
        108,
        99,
        89,
        90,
        84,
        90,
        84,
        76,
        100,
        98,
        87,
        102,
        114,
        98,
        76,
        78,
        71,
        73,
        86,
        78,
        62,
        82,
        68,
        74,
        93,
        84,
        79,
        93,
        79
      ]
    },
    {
      "margin": false,
      "index": 12,
      "file": null,
      "u": 0.0,
      "v": 0.5,
      "uw": 0.333333343,
      "vh": 0.229166672,
      "width": 469,
      "height": 469,
      "descriptor": [
        162,
        146,
        100,
        109,
        113,
        85,
        68,
        84,
        61,
        54,
        70,
        76,
        130,
        124,
        95,
        132,
        124,
        101,
        111,
        104,
        84,
        83,
        103,
        102,
        183,
        174,
        137,
        127,
        114,
        70,
        109,
        109,
        80,
        133,
        154,
        136,
        180,
        179,
        156,
        159,
        148,
        124,
        97,
        120,
        115,
        144,
        159,
        141
      ]
    },
    {
      "margin": false,
      "index": 13,
      "file": null,
      "u": 0.333333343,
      "v": 0.5,
      "uw": 0.333333343,
      "vh": 0.229166672,
      "width": 469,
      "height": 469,
      "descriptor": [
        71,
        84,
        102,
        43,
        60,
        68,
        61,
        82,
        71,
        60,
        70,
        58,
        50,
        63,
        68,
        63,
        86,
        94,
        104,
        101,
        70,
        93,
        101,
        87,
        80,
        92,
        85,
        129,
        151,
        136,
        110,
        107,
        86,
        113,
        106,
        92,
        114,
        124,
        115,
        127,
        151,
        135,
        118,
        158,
        147,
        135,
        123,
        92
      ]
    },
    {
      "margin": false,
      "index": 14,
      "file": null,
      "u": 0.6666667,
      "v": 0.5,
      "uw": 0.333333343,
      "vh": 0.229166672,
      "width": 469,
      "height": 469,
      "descriptor": [
        70,
        85,
        70,
        71,
        88,
        71,
        62,
        76,
        68,
        70,
        81,
        67,
        100,
        104,
        75,
        69,
        86,
        72,
        86,
        100,
        95,
        109,
        108,
        93,
        142,
        141,
        126,
        106,
        102,
        92,
        117,
        109,
        89,
        124,
        116,
        101,
        133,
        117,
        94,
        128,
        114,
        86,
        137,
        127,
        109,
        116,
        109,
        93
      ]
    },
    {
      "margin": false,
      "index": 15,
      "file": null,
      "u": 0.0,
      "v": 0.7291666,
      "uw": 0.333333343,