{
  "title": "INDICKÁ ZÁHRADA - DIVADELNÁ DEKORÁCIA",
  "author": "WINCKELMANN A SYN",
  "year": "(1820 - 1830)",
  "id": "SNG-0001038350",
  "width": 2048,
  "height": 1600,
  "file": "GNZ--G_1131--1_1--2015_03_17--L2_WEB_1630511.webp",
  "tiles_x": 3,
  "tiles_y": 3,
  "offset_x": 0.109375,
  "offset_y": 0.0,
  "tiles": [
    {
      "margin": false,
      "index": 6,
      "file": null,
      "u": 0.109375,
      "v": 0.0,
      "uw": 0.260416657,
      "vh": 0.3333333,
      "width": 533,
      "height": 533,
      "descriptor": [
        68,
        66,
        55,
        151,
        135,
        85,
        137,
        126,
        70,
        63,
        59,
        47,
        125,
        143,
        124,
        120,
        136,
        117,
        51,
        51,
        41,
        116,
        113,
        82,
        166,
        162,
        146,
        126,
        136,
        117,
        74,
        74,
        65,
        103,
        116,
        101,
        94,
        88,
        65,
        113,
        99,
        80,
        62,
        57,
        47,
        133,
        104,
        79
      ]
    },
    {
      "margin": false,
      "index": 7,
      "file": null,
      "u": 0.369791657,
      "v": 0.0,
      "uw": 0.260416657,
      "vh": 0.3333333,
      "width": 533,
      "height": 533,
      "descriptor": [
        107,
        103,
        78,
        93,
        94,
        80,
        88,
        87,
        74,
        71,
        66,
        44,
        77,
        72,
        65,
        67,
        65,
        55,
        149,
        147,
        133,
        121,
        115,
        84,
        200,
        199,
        182,
        157,
        159,
        144,
        105,
        118,
        95,
        138,
        131,
        116,
        127,
        106,
        73,
        201,
        197,
        181,
        205,
        203,
        186,
        207,
        203,
        188
      ]
    },
    {
      "margin": false,
      "index": 8,
      "file": null,
      "u": 0.6302083,
      "v": 0.0,
      "uw": 0.260416657,
      "vh": 0.3333333,
      "width": 533,
      "height": 533,
      "descriptor": [
        57,
        56,
        49,
        111,
        107,
        72,
        137,
        133,
        83,
        61,
        55,
        42,
        59,
        55,
        52,
        111,
        108,
        91,
        82,
        80,
        63,
        53,
        53,
        40,
        153,
        136,
        85,
        150,
        141,
        100,
        107,
        113,
        88,
        176,
        166,
        138,
        207,
        200,
        183,
        149,
        162,
        147,
        147,
        145,
        134,
        208,
        202,
        183
      ]
    },
    {
      "margin": false,
      "index": 9,
      "file": null,
      "u": 0.109375,
      "v": 0.3333333,
      "uw": 0.260416657,
      "vh": 0.3333333,
      "width": 533,
      "height": 533,
      "descriptor": [
        115,
        106,
        75,
        97,
        86,
        69,
        72,
        74,
        63,
        84,
        71,
        66,
        136,
        120,
        101,
        212,
        178,
        137,
        61,
        59,
        51,
        232,
        210,
        197,
        64,
        60,
        49,
        148,
        137,
        83,
        61,
        59,
        51,
        127,
        113,
        92,
        123,
        111,
        66,
        167,
        157,
        106,
        112,
        115,
        80,
        63,
        57,
        45
      ]
    },
    {
      "margin": false,
      "index": 10,
      "file": null,
      "u": 0.369791657,
      "v": 0.3333333,
      "uw": 0.260416657,
      "vh": 0.3333333,
      "width": 533,
      "height": 533,
      "descriptor": [
        99,
        83,
        71,
        63,
        60,
        49,
        70,
        65,
        57,
        205,
        202,
        186,
        146,
        116,
        100,
        230,
        207,
        194,
        230,
        208,
        194,
        125,
        116,
        84,
        211,
        194,
        174,
        82,
        75,
        65,
        231,
        211,
        189,
        110,
        99,
        66,
        98,
        102,
        88,
        140,
        134,
        86,
        228,
        209,
        187,
        222,
        203,
        180
      ]
    },
    {
      "margin": false,
      "index": 11,
      "file": null,
      "u": 0.6302083,
      "v": 0.3333333,
      "uw": 0.260416657,
      "vh": 0.3333333,
      "width": 533,
      "height": 533,
      "descriptor": [
        135,
        150,
        123,
        96,
        88,
        76,
        69,
        64,
        56,
        160,
        171,
        158,
        231,
        208,
        194,
        107,
        102,
        81,
        170,
        162,
        148,
        119,
        117,
        103,
        173,
        161,
        144,
        99,
        91,
        74,
        95,
        85,
        71,
        71,
        65,
        55,
        98,
        90,
        65,
        128,
        108,
        88,
        120,
        115,
        96,
        100,
        94,
        76
      ]
    },
    {
      "margin": false,
      "index": 12,
      "file": null,
      "u": 0.109375,
      "v": 0.6666666,
      "uw": 0.260416657,
      "vh": 0.3333333,
      "width": 533,
      "height": 533,
      "descriptor": [
        70,
        80,
        60,
        62,
        68,
        55,
        125,
        116,
        67,
        86,
        77,
        49,
        45,
        56,
        46,
        60,
        63,
        56,
        116,
        69,
        43,
        85,
        80,
        58,
        57,
        62,
        56,
        54,
        59,
        52,
        55,
        65,
        63,
        72,
        64,
        38,
        228,
        208,
        184,
        222,
        206,
        183,
        222,
        204,
        179,
        227,
        211,
        189
      ]
    },
    {
      "margin": false,
      "index": 13,
      "file": null,
      "u": 0.369791657,
      "v": 0.6666666,
      "uw": 0.260416657,
      "vh": 0.3333333,
      "width": 533,
      "height": 533,
      "descriptor": [
        157,
        155,
        137,
        74,
        73,
        61,
        159,
        151,
        101,
        167,
        179,
        167,
        63,
        57,
        51,
        128,
        124,
        83,
        92,
        89,
        63,
        73,
        68,
        57,
        205,
        193,
        134,
        94,
        102,
        72,
        57,
        51,
        38,
        75,
        69,
        49,
        226,
        210,
        190,
        217,
        201,
        180,
        224,
        207,
        186,
        223,
        207,
        186
      ]
    },
    {
      "margin": false,
      "index": 14,
      "file": null,
      "u": 0.6302083,
      "v": 0.6666666,
      "uw": 0.260416657,
      "vh": 0.3333333,
      "width": 533,
      "height": 533,
      "descriptor": [
        102,
        111,
        99,
        196,
        166,
        115,
        71,
        65,
        46,
        106,
        102,
        79,
        117,
        111,
        81,
        105,
        88,
        64,
        59,
        50,
        42,
        92,
        96,
        79,
        141,
        129,
        74,
        56,
        69,
        59,
        53,
        60,
        51,
        61,
        70,
        63,
        226,
        208,
        186,
        224,
        208,
        185,
        227,
        209,
        186,
        229,
        212,
        191
      ]
    }
  ],
  "margins": [
    {
      "margin": true,
      "index": 0,
      "file": null,
      "u": 0.0,
      "v": 0.0,
      "uw": 0.109375,