{
  "title": "ABRAHÁM HOSTÍ TROCH ANJELOV",
  "author": "PUNT, JAN",
  "year": "1744",
  "id": "SNG-0001038385",
  "width": 1536,
  "height": 2048,
  "file": "GNZ--G_1506--1_1--2015_03_16--L2_WEB_1630616.webp",
  "tiles_x": 3,
  "tiles_y": 4,
  "offset_x": 0.0,
  "offset_y": 0.0,
  "tiles": [
    {
      "margin": false,
      "index": 0,
      "file": null,
      "u": 0.0,
      "v": 0.0,
      "uw": 0.333333343,
      "vh": 0.25,
      "width": 512,
      "height": 512,
      "descriptor": [
        234,
        213,
        191,
        226,
        206,
        186,
        223,
        204,
        183,
        225,
        205,
        186,
        235,
        216,
        192,
        83,
        74,
        49,
        93,
        93,
        78,
        63,
        65,
        55,
        235,
        216,
        195,
        74,
        70,
        57,
        65,
        58,
        46,
        150,
        143,
        130,
        226,
        205,
        182,
        74,
        72,
        42,
        96,
        122,
        111,
        72,
        81,
        70
      ]
    },
    {
      "margin": false,
      "index": 1,
      "file": null,
      "u": 0.333333343,
      "v": 0.0,
      "uw": 0.333333343,
      "vh": 0.25,
      "width": 512,
      "height": 512,
      "descriptor": [
        230,
        211,
        190,
        232,
        212,
        191,
        231,
        212,
        193,
        226,
        207,
        186,
        85,
        77,
        56,
        65,
        63,
        62,
        73,
        71,
        46,
        66,
        71,
        63,
        148,
        153,
        84,
        189,
        146,
        0,
        140,
        127,
        92,
        119,
        152,
        140,
        55,
        50,
        49,
        72,
        70,
        65,
        99,
        127,
        119,
        136,
        150,
        135
      ]
    },
    {
      "margin": false,
      "index": 2,
      "file": null,
      "u": 0.6666667,
      "v": 0.0,
      "uw": 0.333333343,
      "vh": 0.25,
      "width": 512,
      "height": 512,
      "descriptor": [
        203,
        182,
        160,
        218,
        200,
        178,
        219,
        200,
        181,
        202,
        178,
        152,
        119,
        119,
        74,
        74,
        69,
        64,
        58,
        60,
        56,
        218,
        197,
        171,
        119,
        113,
        70,
        71,
        69,
        56,
        55,
        60,
        56,
        229,
        208,
        184,
        113,
        157,
        143,
        68,
        67,
        63,
        73,
        77,
        56,
        208,
        189,
        167
      ]
    },
    {
      "margin": false,
      "index": 3,
      "file": null,
      "u": 0.0,
      "v": 0.25,
      "uw": 0.333333343,
      "vh": 0.25,
      "width": 512,
      "height": 512,
      "descriptor": [
        232,
        210,
        186,
        91,
        76,
        60,
        209,
        197,
        183,
        141,
        130,
        115,
        232,
        213,
        190,
        179,
        137,
        88,
        220,
        200,
        164,
        65,
        59,
        55,
        233,
        213,
        191,
        81,
        72,
        55,
        74,
        66,
        59,
        105,
        92,
        80,
        234,
        214,
        191,
        169,
        138,
        87,
        57,
        51,
        41,
        206,
        169,
        165
      ]
    },
    {
      "margin": false,
      "index": 4,
      "file": null,
      "u": 0.333333343,
      "v": 0.25,
      "uw": 0.333333343,
      "vh": 0.25,
      "width": 512,
      "height": 512,
      "descriptor": [
        141,
        120,
        90,
        134,
        126,
        114,
        161,
        156,
        146,
        118,
        145,
        126,
        150,
        137,
        111,
        149,
        133,
        109,
        202,
        189,
        175,
        225,
        211,
        196,
        143,
        123,
        98,
        114,
        99,
        70,
        149,
        150,
        132,
        126,
        124,
        107,
        144,
        130,
        119,
        87,
        72,
        59,
        162,
        157,
        156,
        60,
        57,
        54
      ]
    },
    {
      "margin": false,
      "index": 5,
      "file": null,
      "u": 0.6666667,
      "v": 0.25,
      "uw": 0.333333343,
      "vh": 0.25,
      "width": 512,
      "height": 512,
      "descriptor": [
        73,
        67,
        54,
        177,
        169,
        158,
        59,
        56,
        53,
        224,
        204,
        184,
        216,
        202,
        187,
        93,
        86,
        75,
        120,
        105,
        97,
        217,
        197,
        175,
        196,
        187,
        172,
        86,
        70,
        49,
        70,
        66,
        62,
        206,
        188,
        169,
        82,
        74,
        64,
        95,
        90,
        78,
        76,
        69,
        68,
        219,
        200,
        182
      ]
    },
    {
      "margin": false,
      "index": 6,
      "file": null,
      "u": 0.0,
      "v": 0.5,
      "uw": 0.333333343,
      "vh": 0.25,
      "width": 512,
      "height": 512,
      "descriptor": [
        231,
        209,
        187,
        90,
        75,
        61,
        142,
        119,
        111,
        82,
        70,
        65,
        229,
        207,
        184,
        98,
        77,
        38,
        114,
        106,
        98,
        179,
        172,
        159,
        231,
        207,
        184,
        73,
        61,
        46,
        66,
        62,
        56,
        198,
        200,
        186,
        223,
        201,
        175,
        67,
        63,
        64,
        126,
        132,
        115,
        135,
        145,
        131
      ]
    },
    {
      "margin": false,
      "index": 7,
      "file": null,
      "u": 0.333333343,
      "v": 0.5,
      "uw": 0.333333343,
      "vh": 0.25,
      "width": 512,
      "height": 512,
      "descriptor": [
        115,
        105,
        101,
        107,
        91,
        73,
        130,
        121,
        120,
        221,
        164,
        118,
        115,
        128,
        114,
        162,
        152,
        143,
        163,
        158,
        151,
        69,
        64,
        55,
        66,
        55,
        56,
        179,
        190,
        178,
        122,
        133,
        123,
        88,
        87,
        84,
        60,
        59,
        57,
        56,
        54,
        52,
        108,
        107,
        102,
        173,
        145,
        91
      ]
    },
    {
      "margin": false,
      "index": 8,
      "file": null,
      "u": 0.6666667,
      "v": 0.5,
      "uw": 0.333333343,
      "vh": 0.25,
      "width": 512,
      "height": 512,
      "descriptor": [
        95,
        89,
        82,
        61,
        54,
        50,
        99,
        91,
        90,
        216,
        197,
        176,
        153,
        138,
        104,
        150,
        139,
        66,
        74,
        67,
        67,
        151,
        134,
        114,
        210,
        187,
        110,
        160,
        149,
        120,
        77,
        67,
        68,
        217,
        195,
        171,
        53,
        50,
        49,
        69,
        67,
        59,
        71,
        81,
        69,
        222,
        200,
        175
      ]
    },
    {
      "margin": false,
      "index": 9,
      "file": null,
      "u": 0.0,
      "v": 0.75,
      "uw": 0.333333343,
      "vh": 0.25,
      "width": 512,
      "height": 512,