{
  "title": "KRAJINA S ANTICKÝMI RUINAMI",
  "author": "MÜLLER, JÁN JAKUB",
  "year": "(1810 - 1830)",
  "id": "SNG-0001009197",
  "width": 2048,
  "height": 1664,
  "file": "GNZ--M_179--1_1--2014_12_15--L2_WEB_15253.webp",
  "tiles_x": 3,
  "tiles_y": 3,
  "offset_x": 0.09375,
  "offset_y": 0.0,
  "tiles": [
    {
      "margin": false,
      "index": 6,
      "file": null,
      "u": 0.09375,
      "v": 0.0,
      "uw": 0.270833343,
      "vh": 0.333333343,
      "width": 554,
      "height": 554,
      "descriptor": [
        114,
        99,
        86,
        121,
        117,
        113,
        120,
        119,
        119,
        183,
        125,
        80,
        127,
        94,
        56,
        137,
        104,
        65,
        162,
        127,
        85,
        140,
        107,
        67,
        184,
        132,
        79,
        168,
        142,
        118,
        191,
        179,
        161,
        198,
        187,
        173,
        175,
        107,
        61,
        93,
        97,
        96,
        94,
        91,
        91,
        209,
        199,
        186
      ]
    },
    {
      "margin": false,
      "index": 7,
      "file": null,
      "u": 0.364583343,
      "v": 0.0,
      "uw": 0.270833343,
      "vh": 0.333333343,
      "width": 554,
      "height": 554,
      "descriptor": [
        117,
        90,
        56,
        76,
        59,
        46,
        57,
        48,
        35,
        180,
        134,
        79,
        150,
        120,
        77,
        155,
        126,
        87,
        127,
        102,
        67,
        158,
        119,
        74,
        198,
        190,
        179,
        202,
        193,
        185,
        207,
        197,
        185,
        190,
        187,
        182,
        202,
        197,
        188,
        209,
        199,
        188,
        206,
        206,
        202,
        188,
        193,
        192
      ]
    },
    {
      "margin": false,
      "index": 8,
      "file": null,
      "u": 0.6354167,
      "v": 0.0,
      "uw": 0.270833343,
      "vh": 0.333333343,
      "width": 554,
      "height": 554,
      "descriptor": [
        110,
        78,
        47,
        120,
        119,
        119,
        180,
        140,
        105,
        153,
        118,
        93,
        185,
        147,
        103,
        194,
        160,
        114,
        197,
        162,
        117,
        162,
        128,
        90,
        194,
        187,
        173,
        196,
        191,
        181,
        199,
        193,
        184,
        167,
        131,
        84,
        184,
        185,
        178,
        192,
        191,
        183,
        204,
        196,
        187,
        178,
        140,
        90
      ]
    },
    {
      "margin": false,
      "index": 9,
      "file": null,
      "u": 0.09375,
      "v": 0.333333343,
      "uw": 0.270833343,
      "vh": 0.333333343,
      "width": 554,
      "height": 554,
      "descriptor": [
        177,
        117,
        74,
        77,
        73,
        72,
        209,
        200,
        190,
        210,
        206,
        199,
        156,
        110,
        71,
        69,
        67,
        66,
        108,
        103,
        100,
        128,
        122,
        97,
        165,
        112,
        66,
        67,
        68,
        68,
        79,
        76,
        73,
        105,
        100,
        95,
        179,
        117,
        74,
        69,
        69,
        67,
        64,
        66,
        65,
        127,
        124,
        118
      ]
    },
    {
      "margin": false,
      "index": 10,
      "file": null,
      "u": 0.364583343,
      "v": 0.333333343,
      "uw": 0.270833343,
      "vh": 0.333333343,
      "width": 554,
      "height": 554,
      "descriptor": [
        196,
        193,
        186,
        212,
        207,
        200,
        209,
        210,
        207,
        182,
        189,
        180,
        225,
        219,
        211,
        217,
        217,
        212,
        210,
        206,
        200,
        198,
        183,
        163,
        128,
        121,
        115,
        149,
        152,
        149,
        121,
        142,
        136,
        119,
        104,
        92,
        163,
        173,
        175,
        136,
        134,
        129,
        130,
        158,
        154,
        186,
        159,
        138
      ]
    },
    {
      "margin": false,
      "index": 11,
      "file": null,
      "u": 0.6354167,
      "v": 0.333333343,
      "uw": 0.270833343,
      "vh": 0.333333343,
      "width": 554,
      "height": 554,
      "descriptor": [
        161,
        166,
        162,
        200,
        195,
        181,
        190,
        196,
        176,
        173,
        139,
        94,
        97,
        94,
        93,
        197,
        192,
        182,
        137,
        110,
        88,
        170,
        134,
        88,
        137,
        127,
        114,
        182,
        184,
        177,
        199,
        188,
        176,
        167,
        130,
        85,
        196,
        182,
        169,
        77,
        76,
        77,
        171,
        166,
        158,
        129,
        99,
        57
      ]
    },
    {
      "margin": false,
      "index": 12,
      "file": null,
      "u": 0.09375,
      "v": 0.6666667,
      "uw": 0.270833343,
      "vh": 0.333333343,
      "width": 554,
      "height": 554,
      "descriptor": [
        182,
        129,
        78,
        67,
        67,
        65,
        64,
        65,
        64,
        90,
        87,
        85,
        175,
        118,
        71,
        60,
        64,
        67,
        93,
        86,
        77,
        70,
        70,
        70,
        147,
        106,
        64,
        202,
        156,
        109,
        201,
        161,
        109,
        177,
        141,
        91,
        45,
        23,
        8,
        54,
        37,
        21,
        119,
        119,
        119,
        124,
        79,
        36
      ]
    },
    {
      "margin": false,
      "index": 13,
      "file": null,
      "u": 0.364583343,
      "v": 0.6666667,
      "uw": 0.270833343,
      "vh": 0.333333343,
      "width": 554,
      "height": 554,
      "descriptor": [
        159,
        164,
        151,
        204,
        192,
        181,
        195,
        167,
        137,
        189,
        191,
        183,
        71,
        73,
        73,
        100,
        98,
        96,
        105,
        97,
        92,
        98,
        93,
        90,
        198,
        158,
        107,
        193,
        149,
        97,
        181,
        140,
        85,
        207,
        169,
        116,
        164,
        102,
        58,
        99,
        71,
        53,
        78,
        66,
        51,
        140,
        109,
        74
      ]
    },
    {
      "margin": false,
      "index": 14,
      "file": null,
      "u": 0.6354167,
      "v": 0.6666667,
      "uw": 0.270833343,
      "vh": 0.333333343,
      "width": 554,
      "height": 554,
      "descriptor": [
        150,
        137,
        125,
        70,
        73,
        74,
        109,
        112,
        113,
        156,
        118,
        73,
        123,
        116,
        106,
        121,
        113,
        104,
        108,
        93,
        82,
        153,
        114,
        71,
        188,
        153,
        102,
        178,
        143,
        95,
        158,
        116,
        74,
        181,
        142,
        99,
        47,
        31,
        21,
        119,
        119,
        119,
        119,
        120,
        120,
        88,
        73,
        54
      ]
    }
  ],
  "margins": [
    {
      "margin": true,
      "index": 0,