{
  "title": "UZDRAVANIE SLEPÉHO TOBIÁŠA",
  "author": "STOMER, MATTHIAS",
  "year": "(1630 - 1650)",
  "id": "SNG-0001009247",
  "width": 2048,
  "height": 1536,
  "file": "GNZ--M_95--1_1--2014_12_17--L2_WEB_112384.webp",
  "tiles_x": 4,
  "tiles_y": 3,
  "offset_x": 0.0,
  "offset_y": 0.0,
  "tiles": [
    {
      "margin": false,
      "index": 0,
      "file": null,
      "u": 0.0,
      "v": 0.0,
      "uw": 0.25,
      "vh": 0.333333343,
      "width": 512,
      "height": 512,
      "descriptor": [
        49,
        41,
        35,
        55,
        50,
        42,
        60,
        52,
        46,
        65,
        53,
        44,
        60,
        51,
        46,
        132,
        113,
        88,
        63,
        41,
        33,
        67,
        57,
        46,
        62,
        47,
        41,
        91,
        77,
        62,
        142,
        128,
        108,
        62,
        52,
        42,
        102,
        79,
        62,
        115,
        106,
        90,
        145,
        125,
        108,
        110,
        71,
        57
      ]
    },
    {
      "margin": false,
      "index": 1,
      "file": null,
      "u": 0.25,
      "v": 0.0,
      "uw": 0.25,
      "vh": 0.333333343,
      "width": 512,
      "height": 512,
      "descriptor": [
        60,
        50,
        43,
        59,
        46,
        38,
        62,
        52,
        45,
        53,
        43,
        37,
        65,
        54,
        44,
        59,
        46,
        37,
        61,
        43,
        37,
        51,
        39,
        32,
        76,
        49,
        38,
        132,
        88,
        62,
        59,
        46,
        37,
        66,
        52,
        45,
        171,
        136,
        103,
        79,
        53,
        43,
        56,
        45,
        35,
        59,
        42,
        34
      ]
    },
    {
      "margin": false,
      "index": 2,
      "file": null,
      "u": 0.5,
      "v": 0.0,
      "uw": 0.25,
      "vh": 0.333333343,
      "width": 512,
      "height": 512,
      "descriptor": [
        61,
        48,
        41,
        56,
        44,
        38,
        59,
        44,
        37,
        60,
        50,
        42,
        51,
        38,
        30,
        58,
        44,
        39,
        73,
        58,
        51,
        55,
        46,
        39,
        60,
        45,
        38,
        77,
        50,
        41,
        93,
        49,
        39,
        64,
        45,
        35,
        51,
        42,
        36,
        140,
        105,
        78,
        81,
        49,
        38,
        152,
        99,
        67
      ]
    },
    {
      "margin": false,
      "index": 3,
      "file": null,
      "u": 0.75,
      "v": 0.0,
      "uw": 0.25,
      "vh": 0.333333343,
      "width": 512,
      "height": 512,
      "descriptor": [
        48,
        38,
        34,
        58,
        50,
        42,
        53,
        42,
        35,
        57,
        43,
        35,
        56,
        45,
        38,
        56,
        38,
        30,
        54,
        41,
        34,
        47,
        36,
        29,
        57,
        44,
        35,
        203,
        152,
        117,
        85,
        53,
        36,
        61,
        44,
        38,
        79,
        49,
        40,
        111,
        67,
        49,
        111,
        64,
        48,
        93,
        74,
        54
      ]
    },
    {
      "margin": false,
      "index": 4,
      "file": null,
      "u": 0.0,
      "v": 0.333333343,
      "uw": 0.25,
      "vh": 0.333333343,
      "width": 512,
      "height": 512,
      "descriptor": [
        108,
        93,
        76,
        135,
        119,
        92,
        164,
        114,
        45,
        104,
        60,
        42,
        68,
        56,
        49,
        128,
        86,
        45,
        103,
        65,
        47,
        84,
        44,
        37,
        57,
        45,
        40,
        177,
        136,
        96,
        80,
        49,
        41,
        136,
        89,
        46,
        46,
        45,
        40,
        162,
        123,
        88,
        72,
        52,
        47,
        132,
        86,
        56
      ]
    },
    {
      "margin": false,
      "index": 5,
      "file": null,
      "u": 0.25,
      "v": 0.333333343,
      "uw": 0.25,
      "vh": 0.333333343,
      "width": 512,
      "height": 512,
      "descriptor": [
        166,
        114,
        100,
        99,
        45,
        37,
        62,
        46,
        39,
        55,
        46,
        38,
        87,
        49,
        36,
        50,
        34,
        29,
        53,
        43,
        36,
        50,
        40,
        33,
        63,
        51,
        43,
        129,
        86,
        58,
        193,
        147,
        113,
        81,
        60,
        49,
        123,
        92,
        67,
        53,
        46,
        37,
        50,
        44,
        37,
        63,
        68,
        57
      ]
    },
    {
      "margin": false,
      "index": 6,
      "file": null,
      "u": 0.5,
      "v": 0.333333343,
      "uw": 0.25,
      "vh": 0.333333343,
      "width": 512,
      "height": 512,
      "descriptor": [
        149,
        50,
        39,
        99,
        47,
        30,
        107,
        79,
        59,
        79,
        48,
        35,
        108,
        67,
        47,
        82,
        87,
        85,
        132,
        87,
        57,
        200,
        141,
        108,
        94,
        59,
        42,
        46,
        51,
        46,
        187,
        132,
        96,
        184,
        147,
        118,
        82,
        78,
        67,
        72,
        71,
        57,
        195,
        150,
        117,
        91,
        61,
        46
      ]
    },
    {
      "margin": false,
      "index": 7,
      "file": null,
      "u": 0.75,
      "v": 0.333333343,
      "uw": 0.25,
      "vh": 0.333333343,
      "width": 512,
      "height": 512,
      "descriptor": [
        98,
        50,
        39,
        63,
        68,
        62,
        139,
        116,
        87,
        147,
        126,
        109,
        71,
        43,
        33,
        151,
        100,
        70,
        44,
        79,
        87,
        76,
        100,
        109,
        128,
        96,
        66,
        39,
        69,
        76,
        33,
        72,
        76,
        43,
        62,
        58,
        167,
        133,
        101,
        30,
        61,
        63,
        43,
        69,
        67,
        35,
        44,
        41
      ]
    },
    {
      "margin": false,
      "index": 8,
      "file": null,
      "u": 0.0,
      "v": 0.6666667,
      "uw": 0.25,
      "vh": 0.333333343,
      "width": 512,
      "height": 512,
      "descriptor": [
        62,
        53,
        48,
        71,
        55,
        49,
        106,
        66,
        43,
        80,
        53,
        38,
        72,
        61,
        55,
        107,
        70,
        44,
        121,
        76,
        40,
        72,
        45,
        37,
        56,
        48,
        43,
        49,
        38,
        33,
        86,
        58,
        50,
        98,
        61,
        41,
        51,
        45,
        39,
        50,
        43,
        40,
        40,
        42,
        37,
        48,
        39,
        35
      ]
    },
    {
      "margin": false,
      "index": 9,
      "file": null,
      "u": 0.25,
      "v": 0.6666667,
      "uw": 0.25,
      "vh": 0.333333343,
      "width": 512,
      "height": 512,