{
  "title": "CHLAPEC SO PSOM",
  "author": "MÜCKE, HEINRICH KARL ANTON, MARX, F.G., WIRENG",
  "year": "(1840 - 1850)",
  "id": "SNG-0001025661",
  "width": 2048,
  "height": 1536,
  "file": "GNZ--G_1124--1_1--_2015_03_25_--L2_WEB_46149.webp",
  "tiles_x": 4,
  "tiles_y": 3,
  "offset_x": 0.0,
  "offset_y": 0.0,
  "tiles": [
    {
      "margin": false,
      "index": 0,
      "file": null,
      "u": 0.0,
      "v": 0.0,
      "uw": 0.25,
      "vh": 0.333333343,
      "width": 512,
      "height": 512,
      "descriptor": [
        220,
        199,
        179,
        228,
        200,
        170,
        216,
        184,
        147,
        222,
        187,
        148,
        216,
        197,
        174,
        199,
        173,
        138,
        193,
        166,
        127,
        202,
        172,
        137,
        226,
        203,
        184,
        210,
        182,
        146,
        216,
        187,
        152,
        216,
        184,
        146,
        216,
        193,
        170,
        218,
        191,
        157,
        220,
        191,
        155,
        205,
        179,
        146
      ]
    },
    {
      "margin": false,
      "index": 1,
      "file": null,
      "u": 0.25,
      "v": 0.0,
      "uw": 0.25,
      "vh": 0.333333343,
      "width": 512,
      "height": 512,
      "descriptor": [
        228,
        194,
        157,
        229,
        199,
        167,
        223,
        189,
        157,
        220,
        184,
        146,
        207,
        175,
        131,
        214,
        184,
        146,
        205,
        174,
        143,
        209,
        181,
        142,
        214,
        181,
        140,
        211,
        183,
        146,
        219,
        189,
        154,
        224,
        194,
        155,
        198,
        170,
        139,
        199,
        171,
        139,
        197,
        174,
        140,
        225,
        200,
        167
      ]
    },
    {
      "margin": false,
      "index": 2,
      "file": null,
      "u": 0.5,
      "v": 0.0,
      "uw": 0.25,
      "vh": 0.333333343,
      "width": 512,
      "height": 512,
      "descriptor": [
        219,
        187,
        159,
        214,
        181,
        149,
        224,
        189,
        150,
        223,
        189,
        153,
        200,
        175,
        137,
        186,
        156,
        120,
        207,
        176,
        138,
        199,
        168,
        125,
        218,
        191,
        160,
        114,
        113,
        109,
        205,
        182,
        157,
        220,
        191,
        157,
        217,
        193,
        162,
        228,
        199,
        166,
        134,
        126,
        108,
        202,
        169,
        139
      ]
    },
    {
      "margin": false,
      "index": 3,
      "file": null,
      "u": 0.75,
      "v": 0.0,
      "uw": 0.25,
      "vh": 0.333333343,
      "width": 512,
      "height": 512,
      "descriptor": [
        219,
        187,
        151,
        215,
        182,
        144,
        225,
        195,
        163,
        192,
        166,
        135,
        203,
        171,
        130,
        198,
        166,
        120,
        198,
        167,
        122,
        202,
        175,
        140,
        201,
        171,
        136,
        218,
        184,
        146,
        200,
        167,
        126,
        199,
        178,
        152,
        212,
        180,
        141,
        206,
        172,
        141,
        209,
        178,
        143,
        212,
        183,
        157
      ]
    },
    {
      "margin": false,
      "index": 4,
      "file": null,
      "u": 0.0,
      "v": 0.333333343,
      "uw": 0.25,
      "vh": 0.333333343,
      "width": 512,
      "height": 512,
      "descriptor": [
        224,
        203,
        176,
        211,
        179,
        142,
        220,
        185,
        145,
        188,
        171,
        141,
        217,
        191,
        169,
        214,
        182,
        148,
        147,
        130,
        110,
        155,
        148,
        136,
        213,
        185,
        155,
        165,
        141,
        119,
        165,
        149,
        123,
        172,
        128,
        96,
        224,
        192,
        156,
        199,
        172,
        148,
        131,
        118,
        78,
        102,
        94,
        94
      ]
    },
    {
      "margin": false,
      "index": 5,
      "file": null,
      "u": 0.25,
      "v": 0.333333343,
      "uw": 0.25,
      "vh": 0.333333343,
      "width": 512,
      "height": 512,
      "descriptor": [
        122,
        123,
        120,
        206,
        180,
        148,
        171,
        145,
        117,
        174,
        131,
        112,
        151,
        140,
        118,
        175,
        169,
        154,
        209,
        161,
        129,
        226,
        180,
        147,
        195,
        162,
        132,
        205,
        162,
        117,
        192,
        156,
        126,
        224,
        193,
        159,
        144,
        121,
        89,
        157,
        122,
        102,
        213,
        170,
        125,
        204,
        156,
        117
      ]
    },
    {
      "margin": false,
      "index": 6,
      "file": null,
      "u": 0.5,
      "v": 0.333333343,
      "uw": 0.25,
      "vh": 0.333333343,
      "width": 512,
      "height": 512,
      "descriptor": [
        220,
        189,
        151,
        144,
        128,
        114,
        129,
        110,
        111,
        204,
        173,
        139,
        84,
        80,
        82,
        95,
        96,
        101,
        76,
        83,
        89,
        186,
        142,
        132,
        93,
        96,
        99,
        171,
        156,
        136,
        117,
        117,
        118,
        120,
        120,
        121,
        219,
        179,
        137,
        128,
        122,
        117,
        165,
        139,
        107,
        165,
        145,
        115
      ]
    },
    {
      "margin": false,
      "index": 7,
      "file": null,
      "u": 0.75,
      "v": 0.333333343,
      "uw": 0.25,
      "vh": 0.333333343,
      "width": 512,
      "height": 512,
      "descriptor": [
        155,
        139,
        119,
        215,
        181,
        139,
        213,
        178,
        138,
        218,
        186,
        148,
        212,
        181,
        148,
        220,
        188,
        154,
        209,
        173,
        130,
        211,
        176,
        133,
        195,
        171,
        149,
        199,
        172,
        147,
        205,
        171,
        134,
        204,
        164,
        122,
        214,
        182,
        146,
        174,
        148,
        118,
        118,
        108,
        96,
        206,
        166,
        122
      ]
    },
    {
      "margin": false,
      "index": 8,
      "file": null,
      "u": 0.0,
      "v": 0.6666667,
      "uw": 0.25,
      "vh": 0.333333343,
      "width": 512,
      "height": 512,
      "descriptor": [
        219,
        186,
        148,
        204,
        168,
        132,
        208,
        169,
        132,
        151,
        116,
        89,
        214,
        182,
        148,
        144,
        134,
        115,
        91,
        90,
        93,
        86,
        77,
        74,
        212,
        178,
        144,
        221,
        192,
        161,
        226,
        194,
        160,
        220,
        186,
        150,
        215,
        183,
        146,
        238,
        209,
        180,
        218,
        189,
        161,
        237,
        209,
        183
      ]
    },
    {
      "margin": false,
      "index": 9,
      "file": null,