{
  "title": "KONCERT",
  "author": "SZINYEI MERSE, PÁL",
  "year": "(1873 - 1878)",
  "id": "SNG-0001009674",
  "width": 2048,
  "height": 1408,
  "file": "GNZ--M_109--1_1--2014_12_11--L2_WEB_55414.webp",
  "tiles_x": 4,
  "tiles_y": 3,
  "offset_x": 0.0416666567,
  "offset_y": 0.0,
  "tiles": [
    {
      "margin": false,
      "index": 6,
      "file": null,
      "u": 0.0416666567,
      "v": 0.0,
      "uw": 0.229166672,
      "vh": 0.333333343,
      "width": 469,
      "height": 469,
      "descriptor": [
        202,
        188,
        153,
        222,
        203,
        157,
        195,
        187,
        161,
        201,
        168,
        113,
        204,
        196,
        174,
        218,
        206,
        174,
        193,
        183,
        151,
        200,
        176,
        125,
        204,
        192,
        159,
        225,
        212,
        177,
        158,
        144,
        122,
        116,
        125,
        98,
        201,
        196,
        177,
        206,
        194,
        164,
        175,
        159,
        128,
        86,
        79,
        76
      ]
    },
    {
      "margin": false,
      "index": 7,
      "file": null,
      "u": 0.2708333,
      "v": 0.0,
      "uw": 0.229166672,
      "vh": 0.333333343,
      "width": 469,
      "height": 469,
      "descriptor": [
        195,
        185,
        162,
        182,
        176,
        156,
        185,
        175,
        157,
        177,
        168,
        147,
        200,
        187,
        148,
        194,
        179,
        138,
        198,
        174,
        129,
        196,
        173,
        142,
        194,
        168,
        123,
        57,
        100,
        69,
        148,
        154,
        135,
        207,
        190,
        167,
        171,
        150,
        115,
        65,
        115,
        87,
        175,
        182,
        167,
        176,
        165,
        141
      ]
    },
    {
      "margin": false,
      "index": 8,
      "file": null,
      "u": 0.5,
      "v": 0.0,
      "uw": 0.229166672,
      "vh": 0.333333343,
      "width": 469,
      "height": 469,
      "descriptor": [
        181,
        170,
        140,
        168,
        161,
        133,
        211,
        192,
        152,
        188,
        171,
        135,
        217,
        190,
        145,
        208,
        201,
        173,
        214,
        196,
        160,
        194,
        180,
        146,
        180,
        166,
        139,
        195,
        174,
        140,
        204,
        189,
        157,
        196,
        178,
        141,
        151,
        139,
        116,
        177,
        154,
        131,
        140,
        137,
        124,
        108,
        115,
        106
      ]
    },
    {
      "margin": false,
      "index": 9,
      "file": null,
      "u": 0.7291666,
      "v": 0.0,
      "uw": 0.229166672,
      "vh": 0.333333343,
      "width": 469,
      "height": 469,
      "descriptor": [
        179,
        162,
        126,
        174,
        160,
        129,
        198,
        187,
        154,
        179,
        175,
        155,
        193,
        192,
        169,
        179,
        181,
        156,
        198,
        187,
        167,
        178,
        174,
        161,
        185,
        180,
        163,
        190,
        182,
        161,
        208,
        202,
        186,
        180,
        177,
        165,
        40,
        52,
        53,
        73,
        74,
        67,
        76,
        85,
        98,
        175,
        171,
        161
      ]
    },
    {
      "margin": false,
      "index": 10,
      "file": null,
      "u": 0.0416666567,
      "v": 0.333333343,
      "uw": 0.229166672,
      "vh": 0.333333343,
      "width": 469,
      "height": 469,
      "descriptor": [
        194,
        190,
        171,
        201,
        185,
        154,
        144,
        133,
        121,
        133,
        129,
        129,
        199,
        190,
        168,
        222,
        206,
        179,
        86,
        78,
        68,
        191,
        173,
        168,
        192,
        184,
        163,
        213,
        195,
        164,
        127,
        45,
        48,
        227,
        218,
        196,
        189,
        175,
        152,
        216,
        191,
        159,
        125,
        45,
        47,
        222,
        197,
        183
      ]
    },
    {
      "margin": false,
      "index": 11,
      "file": null,
      "u": 0.2708333,
      "v": 0.333333343,
      "uw": 0.229166672,
      "vh": 0.333333343,
      "width": 469,
      "height": 469,
      "descriptor": [
        222,
        217,
        199,
        69,
        59,
        53,
        69,
        58,
        52,
        208,
        198,
        183,
        225,
        222,
        206,
        85,
        77,
        70,
        93,
        76,
        64,
        153,
        153,
        147,
        243,
        224,
        191,
        203,
        187,
        170,
        104,
        39,
        43,
        127,
        53,
        52,
        218,
        215,
        205,
        199,
        191,
        182,
        130,
        49,
        51,
        132,
        54,
        55
      ]
    },
    {
      "margin": false,
      "index": 12,
      "file": null,
      "u": 0.5,
      "v": 0.333333343,
      "uw": 0.229166672,
      "vh": 0.333333343,
      "width": 469,
      "height": 469,
      "descriptor": [
        64,
        70,
        79,
        142,
        148,
        136,
        44,
        57,
        59,
        130,
        132,
        122,
        124,
        126,
        129,
        194,
        188,
        180,
        172,
        146,
        146,
        185,
        159,
        152,
        134,
        68,
        64,
        208,
        186,
        174,
        77,
        85,
        84,
        189,
        177,
        168,
        120,
        60,
        60,
        135,
        73,
        66,
        212,
        209,
        191,
        216,
        210,
        185
      ]
    },
    {
      "margin": false,
      "index": 13,
      "file": null,
      "u": 0.7291666,
      "v": 0.333333343,
      "uw": 0.229166672,
      "vh": 0.333333343,
      "width": 469,
      "height": 469,
      "descriptor": [
        43,
        55,
        56,
        52,
        67,
        85,
        105,
        110,
        114,
        174,
        162,
        149,
        66,
        65,
        74,
        74,
        83,
        107,
        87,
        85,
        91,
        136,
        139,
        120,
        137,
        130,
        131,
        84,
        101,
        119,
        90,
        104,
        122,
        150,
        143,
        122,
        173,
        172,
        163,
        73,
        83,
        104,
        152,
        131,
        149,
        145,
        137,
        118
      ]
    },
    {
      "margin": false,
      "index": 14,
      "file": null,
      "u": 0.0416666567,
      "v": 0.6666667,
      "uw": 0.229166672,
      "vh": 0.333333343,
      "width": 469,
      "height": 469,
      "descriptor": [
        191,
        176,
        149,
        204,
        177,
        145,
        113,
        66,
        65,
        131,
        45,
        48,
        199,
        186,
        164,
        212,
        192,
        160,
        141,
        67,
        67,
        133,
        61,
        63,
        179,
        162,
        136,
        210,
        191,
        161,
        76,
        64,
        51,
        109,
        67,
        67,
        193,
        177,
        145,
        150,
        145,
        134,
        95,
        60,
        63,
        87,
        61,
        63
      ]
    },
    {
      "margin": false,
      "index": 15,