{
  "title": "VEŠTENIE Z KARÁT (CANASTA)",
  "author": "NEZNÁMY MALIAR, CHODOWIECKI, DANIEL NIKOLAUS",
  "year": "(1800 - 1820)",
  "id": "SNG-0001009264",
  "width": 2048,
  "height": 1472,
  "file": "GNZ--M_385--1_2--2014_11_26--L2_WEB_124637.webp",
  "tiles_x": 4,
  "tiles_y": 3,
  "offset_x": 0.0208333433,
  "offset_y": 0.0,
  "tiles": [
    {
      "margin": false,
      "index": 6,
      "file": null,
      "u": 0.0208333433,
      "v": 0.0,
      "uw": 0.239583328,
      "vh": 0.3333333,
      "width": 490,
      "height": 490,
      "descriptor": [
        124,
        137,
        128,
        128,
        140,
        131,
        89,
        77,
        62,
        69,
        62,
        51,
        129,
        144,
        136,
        131,
        147,
        134,
        87,
        74,
        51,
        68,
        63,
        53,
        143,
        149,
        130,
        130,
        119,
        93,
        93,
        79,
        55,
        71,
        66,
        55,
        141,
        129,
        102,
        148,
        137,
        111,
        90,
        68,
        46,
        75,
        70,
        60
      ]
    },
    {
      "margin": false,
      "index": 7,
      "file": null,
      "u": 0.2604167,
      "v": 0.0,
      "uw": 0.239583328,
      "vh": 0.3333333,
      "width": 490,
      "height": 490,
      "descriptor": [
        82,
        79,
        68,
        93,
        90,
        82,
        97,
        94,
        84,
        106,
        101,
        89,
        90,
        85,
        73,
        67,
        62,
        48,
        94,
        89,
        76,
        110,
        107,
        93,
        92,
        90,
        80,
        92,
        87,
        73,
        96,
        90,
        73,
        104,
        99,
        84,
        89,
        84,
        78,
        94,
        90,
        80,
        110,
        107,
        95,
        111,
        107,
        94
      ]
    },
    {
      "margin": false,
      "index": 8,
      "file": null,
      "u": 0.5,
      "v": 0.0,
      "uw": 0.239583328,
      "vh": 0.3333333,
      "width": 490,
      "height": 490,
      "descriptor": [
        108,
        105,
        94,
        111,
        107,
        97,
        109,
        105,
        92,
        102,
        101,
        88,
        109,
        104,
        93,
        112,
        109,
        95,
        122,
        119,
        104,
        111,
        106,
        90,
        106,
        102,
        89,
        104,
        100,
        87,
        116,
        112,
        97,
        82,
        75,
        59,
        104,
        101,
        86,
        112,
        107,
        94,
        101,
        97,
        83,
        104,
        101,
        87
      ]
    },
    {
      "margin": false,
      "index": 9,
      "file": null,
      "u": 0.7395834,
      "v": 0.0,
      "uw": 0.239583328,
      "vh": 0.3333333,
      "width": 490,
      "height": 490,
      "descriptor": [
        113,
        109,
        101,
        101,
        98,
        88,
        108,
        96,
        67,
        114,
        105,
        79,
        69,
        63,
        50,
        105,
        103,
        89,
        115,
        102,
        70,
        86,
        71,
        60,
        89,
        85,
        71,
        102,
        98,
        80,
        118,
        105,
        73,
        88,
        76,
        65,
        108,
        104,
        90,
        87,
        73,
        62,
        68,
        50,
        40,
        101,
        92,
        80
      ]
    },
    {
      "margin": false,
      "index": 10,
      "file": null,
      "u": 0.0208333433,
      "v": 0.3333333,
      "uw": 0.239583328,
      "vh": 0.3333333,
      "width": 490,
      "height": 490,
      "descriptor": [
        162,
        148,
        126,
        160,
        143,
        111,
        93,
        74,
        53,
        82,
        76,
        63,
        98,
        93,
        82,
        91,
        86,
        74,
        88,
        84,
        73,
        83,
        57,
        51,
        126,
        119,
        109,
        87,
        82,
        70,
        93,
        82,
        69,
        80,
        58,
        48,
        110,
        86,
        62,
        75,
        62,
        43,
        43,
        58,
        49,
        30,
        37,
        32
      ]
    },
    {
      "margin": false,
      "index": 11,
      "file": null,
      "u": 0.2604167,
      "v": 0.3333333,
      "uw": 0.239583328,
      "vh": 0.3333333,
      "width": 490,
      "height": 490,
      "descriptor": [
        170,
        167,
        147,
        99,
        94,
        83,
        104,
        100,
        74,
        82,
        68,
        52,
        49,
        38,
        36,
        102,
        98,
        88,
        98,
        93,
        81,
        120,
        113,
        87,
        72,
        49,
        42,
        93,
        89,
        79,
        94,
        86,
        75,
        59,
        46,
        34,
        35,
        38,
        30,
        29,
        31,
        20,
        28,
        31,
        25,
        37,
        29,
        28
      ]
    },
    {
      "margin": false,
      "index": 12,
      "file": null,
      "u": 0.5,
      "v": 0.3333333,
      "uw": 0.239583328,
      "vh": 0.3333333,
      "width": 490,
      "height": 490,
      "descriptor": [
        99,
        95,
        82,
        107,
        103,
        88,
        117,
        114,
        99,
        113,
        109,
        96,
        83,
        76,
        59,
        42,
        44,
        34,
        109,
        106,
        90,
        108,
        104,
        88,
        113,
        103,
        78,
        88,
        84,
        67,
        112,
        107,
        90,
        114,
        109,
        93,
        107,
        94,
        69,
        63,
        57,
        47,
        109,
        106,
        87,
        114,
        110,
        94
      ]
    },
    {
      "margin": false,
      "index": 13,
      "file": null,
      "u": 0.7395834,
      "v": 0.3333333,
      "uw": 0.239583328,
      "vh": 0.3333333,
      "width": 490,
      "height": 490,
      "descriptor": [
        108,
        104,
        89,
        80,
        71,
        60,
        48,
        46,
        43,
        101,
        95,
        85,
        119,
        114,
        97,
        56,
        41,
        34,
        61,
        50,
        43,
        99,
        95,
        85,
        106,
        102,
        87,
        59,
        46,
        41,
        110,
        76,
        56,
        51,
        43,
        39,
        112,
        109,
        94,
        69,
        52,
        42,
        64,
        47,
        40,
        94,
        86,
        70
      ]
    },
    {
      "margin": false,
      "index": 14,
      "file": null,
      "u": 0.0208333433,
      "v": 0.6666666,
      "uw": 0.239583328,
      "vh": 0.3333333,
      "width": 490,
      "height": 490,
      "descriptor": [
        103,
        80,
        59,
        36,
        32,
        24,
        35,
        46,
        38,
        34,
        49,
        42,
        105,
        82,
        63,
        39,
        37,
        28,
        35,
        48,
        42,
        33,
        50,
        43,
        101,
        79,
        59,
        78,
        54,
        40,
        36,
        46,
        40,
        24,
        36,
        31,
        95,
        75,
        53,
        83,
        62,
        50,
        67,
        50,
        40,
        37,
        32,
        31
      ]
    },
    {
      "margin": false,
      "index": 15,
      "file": null,
      "u": 0.2604167,
      "v": 0.6666666,
      "uw": 0.239583328,
      "vh": 0.3333333,
      "width": 490,
      "height": 490,