{
  "title": "ANJELI",
  "author": "VEDOVATO, PIETRO, PORTUENSIS, VIEIRA F.",
  "year": "(1820 - 1830)",
  "id": "SNG-0001038661",
  "width": 1536,
  "height": 2048,
  "file": "GNZ--G_1395--1_1--2015_03_25--L2_WEB_1631430.webp",
  "tiles_x": 3,
  "tiles_y": 4,
  "offset_x": 0.0,
  "offset_y": 0.0,
  "tiles": [
    {
      "margin": false,
      "index": 0,
      "file": null,
      "u": 0.0,
      "v": 0.0,
      "uw": 0.333333343,
      "vh": 0.25,
      "width": 512,
      "height": 512,
      "descriptor": [
        230,
        220,
        211,
        227,
        218,
        207,
        230,
        221,
        205,
        231,
        220,
        201,
        228,
        220,
        211,
        211,
        205,
        189,
        191,
        166,
        132,
        196,
        147,
        119,
        232,
        220,
        212,
        214,
        202,
        171,
        172,
        151,
        115,
        204,
        158,
        125,
        229,
        215,
        202,
        217,
        204,
        185,
        195,
        177,
        145,
        178,
        154,
        128
      ]
    },
    {
      "margin": false,
      "index": 1,
      "file": null,
      "u": 0.333333343,
      "v": 0.0,
      "uw": 0.333333343,
      "vh": 0.25,
      "width": 512,
      "height": 512,
      "descriptor": [
        220,
        204,
        184,
        226,
        211,
        187,
        204,
        187,
        160,
        230,
        218,
        202,
        222,
        172,
        134,
        214,
        189,
        168,
        219,
        200,
        174,
        224,
        206,
        189,
        215,
        170,
        135,
        239,
        206,
        185,
        225,
        202,
        179,
        231,
        215,
        201,
        209,
        170,
        143,
        197,
        126,
        90,
        189,
        134,
        98,
        226,
        205,
        176
      ]
    },
    {
      "margin": false,
      "index": 2,
      "file": null,
      "u": 0.6666667,
      "v": 0.0,
      "uw": 0.333333343,
      "vh": 0.25,
      "width": 512,
      "height": 512,
      "descriptor": [
        209,
        191,
        160,
        224,
        212,
        183,
        217,
        185,
        138,
        234,
        222,
        207,
        213,
        175,
        119,
        231,
        209,
        178,
        226,
        203,
        177,
        230,
        219,
        203,
        228,
        201,
        158,
        199,
        170,
        114,
        201,
        180,
        151,
        231,
        217,
        203,
        200,
        170,
        124,
        195,
        175,
        141,
        188,
        167,
        130,
        217,
        205,
        188
      ]
    },
    {
      "margin": false,
      "index": 3,
      "file": null,
      "u": 0.0,
      "v": 0.25,
      "uw": 0.333333343,
      "vh": 0.25,
      "width": 512,
      "height": 512,
      "descriptor": [
        227,
        213,
        198,
        186,
        103,
        72,
        206,
        184,
        158,
        99,
        78,
        60,
        224,
        211,
        199,
        199,
        140,
        116,
        132,
        113,
        99,
        161,
        132,
        115,
        215,
        198,
        185,
        122,
        89,
        68,
        216,
        198,
        174,
        165,
        143,
        125,
        220,
        203,
        190,
        81,
        66,
        56,
        172,
        164,
        114,
        204,
        177,
        156
      ]
    },
    {
      "margin": false,
      "index": 4,
      "file": null,
      "u": 0.333333343,
      "v": 0.25,
      "uw": 0.333333343,
      "vh": 0.25,
      "width": 512,
      "height": 512,
      "descriptor": [
        163,
        112,
        89,
        214,
        176,
        151,
        244,
        226,
        207,
        123,
        111,
        101,
        179,
        129,
        102,
        240,
        213,
        191,
        83,
        68,
        60,
        70,
        55,
        46,
        222,
        172,
        145,
        223,
        163,
        138,
        229,
        203,
        189,
        201,
        179,
        163,
        237,
        208,
        186,
        241,
        190,
        169,
        123,
        104,
        80,
        221,
        181,
        162
      ]
    },
    {
      "margin": false,
      "index": 5,
      "file": null,
      "u": 0.6666667,
      "v": 0.25,
      "uw": 0.333333343,
      "vh": 0.25,
      "width": 512,
      "height": 512,
      "descriptor": [
        103,
        89,
        77,
        114,
        110,
        85,
        155,
        151,
        116,
        210,
        198,
        180,
        161,
        149,
        135,
        122,
        106,
        96,
        136,
        144,
        113,
        219,
        210,
        193,
        143,
        126,
        116,
        81,
        71,
        66,
        77,
        90,
        69,
        220,
        209,
        195,
        90,
        77,
        65,
        92,
        79,
        67,
        86,
        93,
        79,
        217,
        206,
        191
      ]
    },
    {
      "margin": false,
      "index": 6,
      "file": null,
      "u": 0.0,
      "v": 0.5,
      "uw": 0.333333343,
      "vh": 0.25,
      "width": 512,
      "height": 512,
      "descriptor": [
        208,
        193,
        180,
        110,
        124,
        94,
        196,
        180,
        133,
        172,
        166,
        104,
        226,
        215,
        203,
        124,
        111,
        67,
        184,
        167,
        118,
        169,
        162,
        122,
        229,
        217,
        203,
        214,
        169,
        144,
        234,
        188,
        167,
        242,
        196,
        180,
        232,
        216,
        202,
        194,
        134,
        118,
        213,
        155,
        132,
        114,
        122,
        97
      ]
    },
    {
      "margin": false,
      "index": 7,
      "file": null,
      "u": 0.333333343,
      "v": 0.5,
      "uw": 0.333333343,
      "vh": 0.25,
      "width": 512,
      "height": 512,
      "descriptor": [
        235,
        216,
        198,
        231,
        184,
        166,
        207,
        178,
        157,
        177,
        173,
        156,
        233,
        212,
        197,
        235,
        188,
        165,
        111,
        137,
        147,
        211,
        209,
        200,
        134,
        123,
        101,
        204,
        166,
        145,
        134,
        147,
        148,
        200,
        205,
        199,
        205,
        110,
        91,
        225,
        188,
        168,
        124,
        141,
        138,
        83,
        109,
        116
      ]
    },
    {
      "margin": false,
      "index": 8,
      "file": null,
      "u": 0.6666667,
      "v": 0.5,
      "uw": 0.333333343,
      "vh": 0.25,
      "width": 512,
      "height": 512,
      "descriptor": [
        205,
        196,
        192,
        207,
        198,
        187,
        190,
        186,
        174,
        227,
        215,
        196,
        223,
        213,
        201,
        218,
        210,
        199,
        98,
        112,
        91,
        224,
        214,
        200,
        174,
        176,
        168,
        143,
        154,
        146,
        97,
        114,
        95,
        230,
        221,
        206,
        86,
        99,
        108,
        129,
        140,
        143,
        130,
        146,
        146,
        224,
        214,
        201
      ]
    },
    {
      "margin": false,
      "index": 9,
      "file": null,
      "u": 0.0,
      "v": 0.75,