{
  "title": "ZÁTIŠIE S HRUŠKOU",
  "author": "MAJERNÍK, CYPRIÁN",
  "year": "1930",
  "id": "SNG-0001009187",
  "width": 1856,
  "height": 2048,
  "file": "GNZ--M_645--1_1--2014_12_18--L2_WEB_47572.webp",
  "tiles_x": 3,
  "tiles_y": 3,
  "offset_x": 0.0,
  "offset_y": 0.046875,
  "tiles": [
    {
      "margin": false,
      "index": 6,
      "file": null,
      "u": 0.0,
      "v": 0.046875,
      "uw": 0.333333343,
      "vh": 0.302083343,
      "width": 618,
      "height": 618,
      "descriptor": [
        146,
        86,
        40,
        149,
        101,
        69,
        178,
        110,
        74,
        208,
        128,
        77,
        80,
        45,
        31,
        59,
        38,
        31,
        54,
        45,
        46,
        32,
        29,
        29,
        108,
        71,
        51,
        86,
        51,
        33,
        142,
        126,
        90,
        131,
        108,
        72,
        105,
        65,
        43,
        92,
        54,
        35,
        130,
        113,
        83,
        135,
        107,
        74
      ]
    },
    {
      "margin": false,
      "index": 7,
      "file": null,
      "u": 0.333333343,
      "v": 0.046875,
      "uw": 0.333333343,
      "vh": 0.302083343,
      "width": 618,
      "height": 618,
      "descriptor": [
        208,
        133,
        85,
        171,
        104,
        66,
        181,
        115,
        73,
        208,
        133,
        85,
        56,
        42,
        46,
        48,
        39,
        40,
        38,
        35,
        35,
        61,
        46,
        45,
        140,
        107,
        71,
        160,
        108,
        89,
        106,
        103,
        90,
        117,
        113,
        98,
        179,
        142,
        108,
        133,
        89,
        59,
        94,
        108,
        75,
        157,
        141,
        100
      ]
    },
    {
      "margin": false,
      "index": 8,
      "file": null,
      "u": 0.6666667,
      "v": 0.046875,
      "uw": 0.333333343,
      "vh": 0.302083343,
      "width": 618,
      "height": 618,
      "descriptor": [
        147,
        99,
        72,
        159,
        104,
        69,
        223,
        145,
        92,
        129,
        78,
        48,
        38,
        30,
        31,
        51,
        47,
        44,
        79,
        44,
        33,
        69,
        59,
        51,
        101,
        101,
        88,
        80,
        85,
        84,
        91,
        50,
        35,
        56,
        49,
        45,
        118,
        117,
        89,
        89,
        84,
        74,
        101,
        57,
        35,
        97,
        63,
        43
      ]
    },
    {
      "margin": false,
      "index": 9,
      "file": null,
      "u": 0.0,
      "v": 0.348958343,
      "uw": 0.333333343,
      "vh": 0.302083343,
      "width": 618,
      "height": 618,
      "descriptor": [
        94,
        59,
        42,
        75,
        59,
        51,
        108,
        93,
        69,
        103,
        87,
        61,
        167,
        100,
        51,
        81,
        48,
        38,
        111,
        97,
        66,
        79,
        75,
        65,
        149,
        91,
        44,
        135,
        83,
        38,
        105,
        86,
        60,
        54,
        64,
        70,
        82,
        53,
        46,
        126,
        77,
        40,
        57,
        70,
        79,
        101,
        102,
        81
      ]
    },
    {
      "margin": false,
      "index": 10,
      "file": null,
      "u": 0.333333343,
      "v": 0.348958343,
      "uw": 0.333333343,
      "vh": 0.302083343,
      "width": 618,
      "height": 618,
      "descriptor": [
        63,
        74,
        65,
        116,
        123,
        70,
        121,
        123,
        69,
        80,
        79,
        71,
        158,
        140,
        79,
        48,
        83,
        62,
        43,
        76,
        63,
        90,
        103,
        67,
        113,
        83,
        69,
        128,
        134,
        85,
        107,
        107,
        96,
        103,
        96,
        89,
        87,
        86,
        82,
        175,
        147,
        106,
        157,
        134,
        100,
        51,
        64,
        69
      ]
    },
    {
      "margin": false,
      "index": 11,
      "file": null,
      "u": 0.6666667,
      "v": 0.348958343,
      "uw": 0.333333343,
      "vh": 0.302083343,
      "width": 618,
      "height": 618,
      "descriptor": [
        115,
        91,
        62,
        100,
        79,
        54,
        77,
        52,
        39,
        163,
        95,
        48,
        48,
        64,
        73,
        102,
        80,
        57,
        144,
        84,
        45,
        139,
        88,
        57,
        126,
        101,
        69,
        110,
        85,
        70,
        88,
        59,
        43,
        136,
        85,
        51,
        139,
        117,
        76,
        95,
        70,
        66,
        128,
        75,
        37,
        144,
        83,
        38
      ]
    },
    {
      "margin": false,
      "index": 12,
      "file": null,
      "u": 0.0,
      "v": 0.6510417,
      "uw": 0.333333343,
      "vh": 0.302083343,
      "width": 618,
      "height": 618,
      "descriptor": [
        100,
        59,
        38,
        66,
        38,
        35,
        100,
        87,
        70,
        108,
        109,
        67,
        101,
        60,
        36,
        86,
        48,
        29,
        95,
        104,
        74,
        114,
        109,
        87,
        100,
        60,
        41,
        102,
        59,
        35,
        36,
        31,
        30,
        39,
        35,
        31,
        80,
        51,
        43,
        168,
        103,
        48,
        79,
        60,
        57,
        183,
        113,
        59
      ]
    },
    {
      "margin": false,
      "index": 13,
      "file": null,
      "u": 0.333333343,
      "v": 0.6510417,
      "uw": 0.333333343,
      "vh": 0.302083343,
      "width": 618,
      "height": 618,
      "descriptor": [
        126,
        124,
        91,
        123,
        97,
        71,
        110,
        92,
        63,
        121,
        102,
        83,
        102,
        82,
        75,
        103,
        84,
        70,
        105,
        89,
        71,
        102,
        87,
        71,
        43,
        35,
        35,
        42,
        34,
        35,
        38,
        31,
        30,
        38,
        20,
        20,
        126,
        75,
        47,
        116,
        80,
        53,
        75,
        64,
        64,
        127,
        80,
        58
      ]
    },
    {
      "margin": false,
      "index": 14,
      "file": null,
      "u": 0.6666667,
      "v": 0.6510417,
      "uw": 0.333333343,
      "vh": 0.302083343,
      "width": 618,
      "height": 618,
      "descriptor": [
        124,
        115,
        66,
        108,
        94,
        68,
        64,
        53,
        54,
        94,
        62,
        43,
        103,
        88,
        77,
        104,
        87,
        70,
        86,
        50,
        35,
        93,
        56,
        43,
        56,
        29,
        21,
        72,
        35,
        27,
        89,
        49,
        32,
        89,
        53,
        39,
        158,
        99,
        49,
        120,
        74,
        48,
        183,
        116,
        65,
        114,
        71,
        38
      ]
    }
  ],
  "margins": [
    {
      "margin": true,
      "index": 0,
      "file": null,
      "u": 0.0,
      "v": 0.0,
      "uw": 0.333333343,
      "vh": 0.046875,
      "width": 618,
      "height": 96,