{
  "title": "NEŠŤASTNÉ DIEVČATKO",
  "author": "GROXER, JOSEF, SINGLETON, HENRY",
  "year": "(1790 - 1810)",
  "id": "SNG-0001038376",
  "width": 1536,
  "height": 2048,
  "file": "GNZ--G_1403--1_1--2015_03_16--L2_WEB_1630583.webp",
  "tiles_x": 3,
  "tiles_y": 4,
  "offset_x": 0.0,
  "offset_y": 0.0,
  "tiles": [
    {
      "margin": false,
      "index": 0,
      "file": null,
      "u": 0.0,
      "v": 0.0,
      "uw": 0.333333343,
      "vh": 0.25,
      "width": 512,
      "height": 512,
      "descriptor": [
        231,
        213,
        191,
        229,
        211,
        190,
        234,
        217,
        195,
        238,
        220,
        198,
        237,
        219,
        196,
        240,
        221,
        198,
        235,
        215,
        191,
        234,
        217,
        196,
        233,
        213,
        188,
        124,
        102,
        83,
        68,
        53,
        43,
        77,
        78,
        66,
        237,
        218,
        195,
        80,
        55,
        42,
        72,
        51,
        33,
        126,
        101,
        78
      ]
    },
    {
      "margin": false,
      "index": 1,
      "file": null,
      "u": 0.333333343,
      "v": 0.0,
      "uw": 0.333333343,
      "vh": 0.25,
      "width": 512,
      "height": 512,
      "descriptor": [
        235,
        218,
        197,
        232,
        213,
        188,
        233,
        214,
        192,
        234,
        216,
        194,
        235,
        218,
        197,
        231,
        215,
        195,
        232,
        214,
        194,
        236,
        218,
        195,
        101,
        112,
        110,
        87,
        100,
        98,
        76,
        85,
        84,
        107,
        106,
        88,
        128,
        106,
        89,
        97,
        97,
        88,
        52,
        53,
        54,
        104,
        99,
        80
      ]
    },
    {
      "margin": false,
      "index": 2,
      "file": null,
      "u": 0.6666667,
      "v": 0.0,
      "uw": 0.333333343,
      "vh": 0.25,
      "width": 512,
      "height": 512,
      "descriptor": [
        233,
        215,
        192,
        236,
        217,
        192,
        232,
        213,
        191,
        236,
        218,
        194,
        230,
        213,
        193,
        231,
        215,
        192,
        236,
        218,
        194,
        230,
        212,
        189,
        64,
        74,
        65,
        52,
        56,
        53,
        96,
        99,
        86,
        233,
        214,
        190,
        55,
        59,
        57,
        86,
        84,
        74,
        120,
        120,
        96,
        234,
        216,
        192
      ]
    },
    {
      "margin": false,
      "index": 3,
      "file": null,
      "u": 0.0,
      "v": 0.25,
      "uw": 0.333333343,
      "vh": 0.25,
      "width": 512,
      "height": 512,
      "descriptor": [
        232,
        214,
        191,
        124,
        102,
        81,
        68,
        67,
        64,
        76,
        77,
        66,
        237,
        218,
        193,
        95,
        73,
        58,
        50,
        58,
        54,
        63,
        60,
        51,
        231,
        212,
        188,
        150,
        131,
        106,
        130,
        113,
        87,
        54,
        47,
        43,
        235,
        217,
        197,
        162,
        144,
        114,
        59,
        47,
        42,
        84,
        72,
        64
      ]
    },
    {
      "margin": false,
      "index": 4,
      "file": null,
      "u": 0.333333343,
      "v": 0.25,
      "uw": 0.333333343,
      "vh": 0.25,
      "width": 512,
      "height": 512,
      "descriptor": [
        71,
        67,
        61,
        64,
        62,
        53,
        64,
        66,
        71,
        57,
        61,
        57,
        69,
        57,
        52,
        142,
        109,
        80,
        60,
        63,
        54,
        39,
        41,
        42,
        86,
        81,
        68,
        204,
        173,
        144,
        84,
        85,
        70,
        57,
        59,
        55,
        63,
        54,
        47,
        154,
        143,
        122,
        102,
        90,
        70,
        56,
        50,
        44
      ]
    },
    {
      "margin": false,
      "index": 5,
      "file": null,
      "u": 0.6666667,
      "v": 0.25,
      "uw": 0.333333343,
      "vh": 0.25,
      "width": 512,
      "height": 512,
      "descriptor": [
        64,
        70,
        67,
        59,
        59,
        52,
        78,
        77,
        63,
        235,
        217,
        194,
        52,
        57,
        54,
        55,
        61,
        54,
        99,
        104,
        91,
        223,
        206,
        183,
        46,
        44,
        48,
        59,
        61,
        54,
        70,
        75,
        73,
        232,
        214,
        191,
        67,
        69,
        55,
        52,
        56,
        54,
        47,
        49,
        44,
        237,
        220,
        196
      ]
    },
    {
      "margin": false,
      "index": 6,
      "file": null,
      "u": 0.0,
      "v": 0.5,
      "uw": 0.333333343,
      "vh": 0.25,
      "width": 512,
      "height": 512,
      "descriptor": [
        237,
        220,
        198,
        69,
        51,
        35,
        57,
        45,
        40,
        61,
        56,
        52,
        241,
        221,
        199,
        150,
        138,
        115,
        143,
        131,
        108,
        69,
        58,
        57,
        237,
        219,
        195,
        118,
        105,
        87,
        110,
        79,
        61,
        103,
        72,
        58,
        236,
        217,
        194,
        130,
        118,
        102,
        101,
        86,
        68,
        134,
        123,
        98
      ]
    },
    {
      "margin": false,
      "index": 7,
      "file": null,
      "u": 0.333333343,
      "v": 0.5,
      "uw": 0.333333343,
      "vh": 0.25,
      "width": 512,
      "height": 512,
      "descriptor": [
        94,
        81,
        69,
        182,
        172,
        153,
        88,
        84,
        70,
        110,
        92,
        68,
        102,
        86,
        71,
        156,
        146,
        124,
        96,
        82,
        65,
        55,
        47,
        41,
        140,
        109,
        85,
        179,
        173,
        153,
        73,
        73,
        65,
        89,
        78,
        63,
        146,
        134,
        110,
        119,
        87,
        69,
        155,
        136,
        110,
        150,
        140,
        113
      ]
    },
    {
      "margin": false,
      "index": 8,
      "file": null,
      "u": 0.6666667,
      "v": 0.5,
      "uw": 0.333333343,
      "vh": 0.25,
      "width": 512,
      "height": 512,
      "descriptor": [
        67,
        65,
        58,
        89,
        83,
        70,
        121,
        123,
        114,
        236,
        219,
        197,
        104,
        99,
        91,
        71,
        67,
        60,
        66,
        56,
        50,
        241,
        223,
        201,
        109,
        106,
        90,
        88,
        88,
        74,
        97,
        96,
        79,
        236,
        219,
        195,
        100,
        95,
        77,
        43,
        45,
        41,
        60,
        61,
        53,
        238,
        221,
        198
      ]
    },
    {
      "margin": false,
      "index": 9,
      "file": null,
      "u": 0.0,
      "v": 0.75,
      "uw": 0.333333343,
      "vh": 0.25,
      "width": 512,
      "height": 512,