{
  "title": "GRÉCKE MORE",
  "author": "WILLERS, ERNST",
  "year": "(1870 - 1880)",
  "id": "SNG-0001009155",
  "width": 2048,
  "height": 1408,
  "file": "GNZ--M_395--1_1--2014_12_16--L2_WEB_3025.webp",
  "tiles_x": 4,
  "tiles_y": 3,
  "offset_x": 0.0416666567,
  "offset_y": 0.0,
  "tiles": [
    {
      "margin": false,
      "index": 6,
      "file": null,
      "u": 0.0416666567,
      "v": 0.0,
      "uw": 0.229166672,
      "vh": 0.333333343,
      "width": 469,
      "height": 469,
      "descriptor": [
        156,
        168,
        173,
        155,
        162,
        168,
        190,
        182,
        183,
        184,
        184,
        183,
        175,
        175,
        174,
        170,
        170,
        175,
        149,
        156,
        164,
        157,
        155,
        159,
        151,
        176,
        175,
        141,
        168,
        169,
        177,
        177,
        180,
        184,
        178,
        174,
        177,
        183,
        181,
        177,
        181,
        183,
        189,
        188,
        185,
        206,
        196,
        187
      ]
    },
    {
      "margin": false,
      "index": 7,
      "file": null,
      "u": 0.2708333,
      "v": 0.0,
      "uw": 0.229166672,
      "vh": 0.333333343,
      "width": 469,
      "height": 469,
      "descriptor": [
        124,
        116,
        114,
        143,
        147,
        152,
        199,
        189,
        183,
        195,
        186,
        182,
        174,
        172,
        167,
        181,
        175,
        173,
        168,
        169,
        172,
        219,
        204,
        184,
        199,
        195,
        192,
        192,
        190,
        189,
        233,
        222,
        207,
        222,
        208,
        190,
        206,
        193,
        177,
        227,
        222,
        205,
        216,
        202,
        190,
        228,
        216,
        199
      ]
    },
    {
      "margin": false,
      "index": 8,
      "file": null,
      "u": 0.5,
      "v": 0.0,
      "uw": 0.229166672,
      "vh": 0.333333343,
      "width": 469,
      "height": 469,
      "descriptor": [
        152,
        158,
        166,
        188,
        182,
        183,
        176,
        186,
        191,
        182,
        192,
        199,
        197,
        194,
        188,
        152,
        164,
        173,
        152,
        162,
        168,
        198,
        194,
        187,
        206,
        195,
        183,
        172,
        175,
        178,
        187,
        183,
        186,
        165,
        173,
        178,
        219,
        202,
        184,
        159,
        170,
        168,
        191,
        186,
        185,
        212,
        204,
        198
      ]
    },
    {
      "margin": false,
      "index": 9,
      "file": null,
      "u": 0.7291666,
      "v": 0.0,
      "uw": 0.229166672,
      "vh": 0.333333343,
      "width": 469,
      "height": 469,
      "descriptor": [
        151,
        181,
        195,
        170,
        182,
        189,
        142,
        177,
        198,
        142,
        167,
        183,
        175,
        183,
        189,
        187,
        187,
        188,
        177,
        184,
        190,
        157,
        182,
        196,
        166,
        177,
        184,
        151,
        171,
        174,
        160,
        173,
        179,
        165,
        180,
        189,
        179,
        180,
        182,
        171,
        176,
        182,
        165,
        176,
        184,
        152,
        160,
        170
      ]
    },
    {
      "margin": false,
      "index": 10,
      "file": null,
      "u": 0.0416666567,
      "v": 0.333333343,
      "uw": 0.229166672,
      "vh": 0.333333343,
      "width": 469,
      "height": 469,
      "descriptor": [
        163,
        174,
        173,
        178,
        190,
        190,
        205,
        193,
        191,
        217,
        200,
        187,
        154,
        171,
        171,
        191,
        194,
        191,
        192,
        184,
        171,
        209,
        194,
        181,
        162,
        177,
        185,
        174,
        182,
        188,
        162,
        132,
        71,
        215,
        206,
        201,
        101,
        93,
        89,
        90,
        82,
        76,
        93,
        85,
        75,
        189,
        208,
        192
      ]
    },
    {
      "margin": false,
      "index": 11,
      "file": null,
      "u": 0.2708333,
      "v": 0.333333343,
      "uw": 0.229166672,
      "vh": 0.333333343,
      "width": 469,
      "height": 469,
      "descriptor": [
        213,
        204,
        196,
        217,
        208,
        193,
        222,
        204,
        187,
        221,
        202,
        186,
        232,
        211,
        194,
        189,
        179,
        167,
        220,
        203,
        188,
        213,
        199,
        188,
        200,
        182,
        171,
        67,
        68,
        60,
        205,
        195,
        193,
        205,
        196,
        190,
        69,
        66,
        59,
        73,
        74,
        68,
        103,
        96,
        83,
        156,
        155,
        146
      ]
    },
    {
      "margin": false,
      "index": 12,
      "file": null,
      "u": 0.5,
      "v": 0.333333343,
      "uw": 0.229166672,
      "vh": 0.333333343,
      "width": 469,
      "height": 469,
      "descriptor": [
        219,
        208,
        195,
        212,
        201,
        194,
        209,
        195,
        188,
        153,
        165,
        181,
        219,
        197,
        184,
        211,
        197,
        181,
        186,
        188,
        189,
        183,
        186,
        182,
        187,
        187,
        192,
        178,
        189,
        196,
        161,
        175,
        181,
        169,
        184,
        186,
        96,
        90,
        78,
        137,
        124,
        119,
        147,
        119,
        109,
        160,
        146,
        148
      ]
    },
    {
      "margin": false,
      "index": 13,
      "file": null,
      "u": 0.7291666,
      "v": 0.333333343,
      "uw": 0.229166672,
      "vh": 0.333333343,
      "width": 469,
      "height": 469,
      "descriptor": [
        189,
        187,
        184,
        172,
        181,
        188,
        160,
        174,
        184,
        148,
        167,
        178,
        194,
        187,
        182,
        158,
        166,
        170,
        155,
        165,
        168,
        137,
        160,
        174,
        156,
        175,
        181,
        148,
        168,
        178,
        146,
        167,
        178,
        146,
        164,
        172,
        73,
        76,
        67,
        154,
        154,
        151,
        63,
        60,
        55,
        60,
        60,
        53
      ]
    },
    {
      "margin": false,
      "index": 14,
      "file": null,
      "u": 0.0416666567,
      "v": 0.6666667,
      "uw": 0.229166672,
      "vh": 0.333333343,
      "width": 469,
      "height": 469,