{
  "title": "PORTRÉT STARŠIEHO MUŽA",
  "author": "AMERLING, FRIEDRICH VON",
  "year": "(1850 - 1860)",
  "id": "SNG-0001009177",
  "width": 1728,
  "height": 2048,
  "file": "GNZ--M_479--1_1--2014_12_16--L2_WEB_102555.webp",
  "tiles_x": 3,
  "tiles_y": 3,
  "offset_x": 0.0,
  "offset_y": 0.078125,
  "tiles": [
    {
      "margin": false,
      "index": 6,
      "file": null,
      "u": 0.0,
      "v": 0.078125,
      "uw": 0.333333343,
      "vh": 0.28125,
      "width": 576,
      "height": 576,
      "descriptor": [
        228,
        170,
        130,
        148,
        115,
        57,
        182,
        150,
        98,
        181,
        145,
        93,
        169,
        133,
        77,
        100,
        77,
        49,
        40,
        46,
        44,
        37,
        41,
        39,
        119,
        119,
        119,
        178,
        147,
        95,
        35,
        38,
        37,
        38,
        43,
        41,
        119,
        119,
        119,
        198,
        166,
        116,
        44,
        50,
        48,
        41,
        46,
        46
      ]
    },
    {
      "margin": false,
      "index": 7,
      "file": null,
      "u": 0.333333343,
      "v": 0.078125,
      "uw": 0.333333343,
      "vh": 0.28125,
      "width": 576,
      "height": 576,
      "descriptor": [
        189,
        154,
        107,
        211,
        177,
        128,
        139,
        116,
        79,
        182,
        150,
        96,
        38,
        43,
        40,
        44,
        52,
        50,
        40,
        47,
        45,
        39,
        46,
        43,
        41,
        49,
        45,
        78,
        66,
        57,
        50,
        54,
        48,
        46,
        50,
        46,
        175,
        131,
        109,
        192,
        148,
        126,
        128,
        103,
        71,
        60,
        64,
        57
      ]
    },
    {
      "margin": false,
      "index": 8,
      "file": null,
      "u": 0.6666667,
      "v": 0.078125,
      "uw": 0.333333343,
      "vh": 0.28125,
      "width": 576,
      "height": 576,
      "descriptor": [
        212,
        177,
        125,
        206,
        176,
        129,
        180,
        141,
        75,
        175,
        166,
        112,
        40,
        46,
        44,
        42,
        49,
        46,
        135,
        112,
        77,
        139,
        109,
        60,
        44,
        48,
        43,
        43,
        48,
        44,
        196,
        164,
        116,
        119,
        119,
        119,
        54,
        58,
        54,
        43,
        52,
        48,
        195,
        165,
        113,
        142,
        105,
        59
      ]
    },
    {
      "margin": false,
      "index": 9,
      "file": null,
      "u": 0.0,
      "v": 0.359375,
      "uw": 0.333333343,
      "vh": 0.28125,
      "width": 576,
      "height": 576,
      "descriptor": [
        157,
        134,
        78,
        178,
        145,
        96,
        43,
        46,
        44,
        48,
        55,
        52,
        170,
        142,
        99,
        201,
        168,
        116,
        44,
        48,
        43,
        46,
        52,
        49,
        125,
        97,
        51,
        139,
        105,
        67,
        49,
        50,
        45,
        50,
        52,
        48,
        176,
        144,
        96,
        159,
        129,
        83,
        47,
        48,
        43,
        59,
        60,
        54
      ]
    },
    {
      "margin": false,
      "index": 10,
      "file": null,
      "u": 0.333333343,
      "v": 0.359375,
      "uw": 0.333333343,
      "vh": 0.28125,
      "width": 576,
      "height": 576,
      "descriptor": [
        123,
        99,
        77,
        133,
        99,
        83,
        155,
        118,
        92,
        107,
        79,
        64,
        130,
        85,
        65,
        80,
        60,
        52,
        95,
        73,
        61,
        52,
        58,
        55,
        58,
        63,
        59,
        81,
        68,
        60,
        43,
        52,
        50,
        45,
        54,
        53,
        46,
        59,
        57,
        38,
        46,
        46,
        39,
        50,
        50,
        36,
        49,
        50
      ]
    },
    {
      "margin": false,
      "index": 11,
      "file": null,
      "u": 0.6666667,
      "v": 0.359375,
      "uw": 0.333333343,
      "vh": 0.28125,
      "width": 576,
      "height": 576,
      "descriptor": [
        50,
        55,
        51,
        45,
        50,
        47,
        193,
        162,
        113,
        166,
        138,
        96,
        52,
        59,
        55,
        58,
        62,
        58,
        179,
        145,
        99,
        192,
        161,
        111,
        64,
        61,
        54,
        60,
        65,
        61,
        103,
        77,
        52,
        140,
        117,
        72,
        43,
        54,
        53,
        69,
        63,
        59,
        220,
        186,
        138,
        164,
        134,
        96
      ]
    },
    {
      "margin": false,
      "index": 12,
      "file": null,
      "u": 0.0,
      "v": 0.640625,
      "uw": 0.333333343,
      "vh": 0.28125,
      "width": 576,
      "height": 576,
      "descriptor": [
        181,
        131,
        83,
        183,
        151,
        103,
        53,
        50,
        44,
        43,
        53,
        50,
        119,
        119,
        119,
        207,
        173,
        123,
        48,
        54,
        50,
        46,
        59,
        58,
        209,
        174,
        111,
        255,
        232,
        180,
        33,
        47,
        46,
        74,
        83,
        82,
        90,
        74,
        50,
        199,
        155,
        81,
        155,
        120,
        70,
        159,
        124,
        74
      ]
    },
    {
      "margin": false,
      "index": 13,
      "file": null,
      "u": 0.333333343,
      "v": 0.640625,
      "uw": 0.333333343,
      "vh": 0.28125,
      "width": 576,
      "height": 576,
      "descriptor": [
        47,
        60,
        57,
        42,
        56,
        56,
        63,
        69,
        65,
        42,
        54,
        51,
        28,
        40,
        42,
        35,
        47,
        45,
        44,
        61,
        59,
        42,
        53,
        53,
        55,
        67,
        65,
        47,
        55,
        53,
        52,
        63,
        62,
        43,
        55,
        53,
        187,
        152,
        103,
        154,
        120,
        76,
        167,
        138,
        85,
        165,
        133,
        81
      ]
    },
    {
      "margin": false,
      "index": 14,
      "file": null,
      "u": 0.6666667,
      "v": 0.640625,
      "uw": 0.333333343,
      "vh": 0.28125,
      "width": 576,
      "height": 576,
      "descriptor": [
        41,
        48,
        46,
        37,
        48,
        47,
        197,
        164,
        115,
        119,
        119,
        120,
        56,
        68,
        67,
        49,
        62,
        62,
        205,
        173,
        123,
        119,
        119,
        119,
        59,
        69,
        70,
        66,
        73,
        71,
        132,
        107,
        66,
        200,
        154,
        105,
        186,
        156,
        100,
        229,
        179,
        138,
        234,
        189,
        105,
        128,
        117,
        70
      ]
    }
  ],
  "margins": [
    {
      "margin": true,
      "index": 0,
      "file": null,
      "u": 0.0,
      "v": 0.0,
      "uw": 0.333333343,
      "vh": 0.078125,
      "width": 576,
      "height": 160,