{
  "title": "MUŽ S FAJKOU",
  "author": "RAKÚSKY MALIAR Z 1. POLOVICE 18. STOROČIA",
  "year": "(1730 - 1740)",
  "id": "SNG-0001009239",
  "width": 1536,
  "height": 2048,
  "file": "GNZ--M_347--1_1--2014_12_16--L2_WEB_21839.webp",
  "tiles_x": 3,
  "tiles_y": 4,
  "offset_x": 0.0,
  "offset_y": 0.0,
  "tiles": [
    {
      "margin": false,
      "index": 0,
      "file": null,
      "u": 0.0,
      "v": 0.0,
      "uw": 0.333333343,
      "vh": 0.25,
      "width": 512,
      "height": 512,
      "descriptor": [
        46,
        51,
        50,
        47,
        54,
        51,
        52,
        59,
        55,
        53,
        57,
        52,
        51,
        59,
        55,
        50,
        56,
        53,
        49,
        57,
        53,
        58,
        63,
        58,
        44,
        50,
        49,
        46,
        52,
        49,
        44,
        46,
        43,
        74,
        59,
        59,
        47,
        53,
        50,
        45,
        51,
        48,
        57,
        62,
        59,
        81,
        53,
        51
      ]
    },
    {
      "margin": false,
      "index": 1,
      "file": null,
      "u": 0.333333343,
      "v": 0.0,
      "uw": 0.333333343,
      "vh": 0.25,
      "width": 512,
      "height": 512,
      "descriptor": [
        54,
        59,
        55,
        52,
        55,
        52,
        52,
        53,
        51,
        47,
        44,
        42,
        68,
        51,
        47,
        71,
        60,
        57,
        66,
        62,
        60,
        42,
        47,
        45,
        47,
        55,
        53,
        77,
        64,
        57,
        67,
        54,
        51,
        58,
        60,
        57,
        51,
        57,
        54,
        60,
        55,
        50,
        66,
        59,
        55,
        62,
        49,
        45
      ]
    },
    {
      "margin": false,
      "index": 2,
      "file": null,
      "u": 0.6666667,
      "v": 0.0,
      "uw": 0.333333343,
      "vh": 0.25,
      "width": 512,
      "height": 512,
      "descriptor": [
        62,
        61,
        58,
        53,
        44,
        41,
        55,
        54,
        48,
        53,
        48,
        45,
        57,
        54,
        51,
        59,
        55,
        50,
        55,
        56,
        52,
        52,
        48,
        46,
        54,
        56,
        52,
        60,
        61,
        59,
        61,
        55,
        51,
        56,
        54,
        50,
        56,
        53,
        51,
        64,
        60,
        54,
        66,
        63,
        59,
        61,
        60,
        55
      ]
    },
    {
      "margin": false,
      "index": 3,
      "file": null,
      "u": 0.0,
      "v": 0.25,
      "uw": 0.333333343,
      "vh": 0.25,
      "width": 512,
      "height": 512,
      "descriptor": [
        47,
        46,
        44,
        48,
        50,
        47,
        50,
        52,
        47,
        62,
        54,
        51,
        45,
        51,
        47,
        52,
        54,
        52,
        58,
        56,
        53,
        59,
        59,
        54,
        51,
        53,
        50,
        50,
        53,
        49,
        55,
        52,
        48,
        69,
        53,
        48,
        56,
        63,
        60,
        65,
        62,
        56,
        74,
        64,
        55,
        79,
        64,
        57
      ]
    },
    {
      "margin": false,
      "index": 4,
      "file": null,
      "u": 0.333333343,
      "v": 0.25,
      "uw": 0.333333343,
      "vh": 0.25,
      "width": 512,
      "height": 512,
      "descriptor": [
        56,
        59,
        55,
        84,
        59,
        47,
        102,
        61,
        49,
        94,
        61,
        50,
        86,
        55,
        49,
        128,
        77,
        56,
        158,
        89,
        63,
        177,
        99,
        70,
        103,
        59,
        46,
        92,
        59,
        50,
        76,
        48,
        41,
        111,
        59,
        51,
        117,
        72,
        53,
        156,
        84,
        62,
        81,
        57,
        48,
        80,
        58,
        53
      ]
    },
    {
      "margin": false,
      "index": 5,
      "file": null,
      "u": 0.6666667,
      "v": 0.25,
      "uw": 0.333333343,
      "vh": 0.25,
      "width": 512,
      "height": 512,
      "descriptor": [
        81,
        59,
        54,
        69,
        66,
        61,
        60,
        63,
        59,
        53,
        51,
        46,
        89,
        62,
        58,
        78,
        71,
        63,
        65,
        58,
        53,
        63,
        56,
        52,
        83,
        69,
        53,
        77,
        72,
        63,
        74,
        63,
        59,
        57,
        52,
        46,
        78,
        67,
        57,
        70,
        59,
        51,
        73,
        62,
        56,
        66,
        59,
        55
      ]
    },
    {
      "margin": false,
      "index": 6,
      "file": null,
      "u": 0.0,
      "v": 0.5,
      "uw": 0.333333343,
      "vh": 0.25,
      "width": 512,
      "height": 512,
      "descriptor": [
        71,
        61,
        53,
        67,
        61,
        51,
        67,
        59,
        47,
        72,
        60,
        56,
        45,
        37,
        32,
        55,
        61,
        53,
        64,
        61,
        51,
        49,
        55,
        51,
        51,
        48,
        44,
        56,
        54,
        44,
        63,
        61,
        52,
        53,
        62,
        59,
        64,
        59,
        53,
        64,
        63,
        53,
        71,
        69,
        64,
        61,
        55,
        50
      ]
    },
    {
      "margin": false,
      "index": 7,
      "file": null,
      "u": 0.333333343,
      "v": 0.5,
      "uw": 0.333333343,
      "vh": 0.25,
      "width": 512,
      "height": 512,
      "descriptor": [
        120,
        101,
        71,
        162,
        86,
        59,
        85,
        55,
        49,
        58,
        63,
        62,
        69,
        54,
        51,
        95,
        75,
        64,
        90,
        50,
        43,
        74,
        56,
        52,
        50,
        58,
        54,
        65,
        59,
        58,
        94,
        68,
        64,
        70,
        55,
        54,
        56,
        60,
        54,
        49,
        59,
        56,
        82,
        66,
        56,
        73,
        57,
        52
      ]
    },
    {
      "margin": false,
      "index": 8,
      "file": null,
      "u": 0.6666667,
      "v": 0.5,
      "uw": 0.333333343,
      "vh": 0.25,
      "width": 512,
      "height": 512,
      "descriptor": [
        66,
        53,
        51,
        73,
        62,
        53,
        78,
        66,
        60,
        80,
        66,
        54,
        57,
        50,
        47,
        59,
        58,
        56,
        98,
        61,
        51,
        83,
        53,
        48,
        64,
        60,
        59,
        56,
        55,
        51,
        133,
        79,
        56,
        105,
        63,
        53,
        136,
        87,
        65,
        150,
        95,
        67,
        52,
        52,
        47,
        104,
        65,
        50
      ]
    },
    {
      "margin": false,
      "index": 9,
      "file": null,
      "u": 0.0,
      "v": 0.75,
      "uw": 0.333333343,
      "vh": 0.25,
      "width": 512,
      "height": 512,