{
  "title": "PORTRÉT VDOVY",
  "author": "MOLNÁR, JÓZSEF",
  "year": "1850",
  "id": "SNG-0001009582",
  "width": 1600,
  "height": 2048,
  "file": "GNZ--M_130--1_1--2014_12_15--L2_WEB_20110.webp",
  "tiles_x": 3,
  "tiles_y": 3,
  "offset_x": 0.0,
  "offset_y": 0.109375,
  "tiles": [
    {
      "margin": false,
      "index": 6,
      "file": null,
      "u": 0.0,
      "v": 0.109375,
      "uw": 0.3333333,
      "vh": 0.260416657,
      "width": 533,
      "height": 533,
      "descriptor": [
        23,
        27,
        25,
        48,
        50,
        50,
        39,
        45,
        42,
        47,
        52,
        49,
        31,
        34,
        32,
        32,
        37,
        35,
        35,
        42,
        40,
        73,
        74,
        67,
        30,
        32,
        29,
        30,
        30,
        30,
        35,
        33,
        32,
        46,
        42,
        42,
        31,
        35,
        34,
        34,
        34,
        34,
        43,
        48,
        44,
        40,
        36,
        34
      ]
    },
    {
      "margin": false,
      "index": 7,
      "file": null,
      "u": 0.3333333,
      "v": 0.109375,
      "uw": 0.3333333,
      "vh": 0.260416657,
      "width": 533,
      "height": 533,
      "descriptor": [
        37,
        37,
        34,
        50,
        52,
        46,
        60,
        55,
        48,
        63,
        54,
        47,
        48,
        37,
        30,
        187,
        141,
        95,
        164,
        127,
        85,
        45,
        45,
        42,
        49,
        47,
        44,
        178,
        124,
        90,
        126,
        92,
        69,
        43,
        42,
        38,
        57,
        53,
        50,
        132,
        107,
        75,
        94,
        72,
        59,
        71,
        61,
        50
      ]
    },
    {
      "margin": false,
      "index": 8,
      "file": null,
      "u": 0.6666666,
      "v": 0.109375,
      "uw": 0.3333333,
      "vh": 0.260416657,
      "width": 533,
      "height": 533,
      "descriptor": [
        59,
        52,
        44,
        53,
        47,
        42,
        66,
        58,
        49,
        51,
        42,
        40,
        87,
        72,
        55,
        68,
        60,
        52,
        62,
        57,
        52,
        48,
        44,
        40,
        81,
        70,
        55,
        68,
        60,
        49,
        52,
        48,
        43,
        52,
        48,
        44,
        89,
        75,
        55,
        74,
        68,
        53,
        50,
        46,
        42,
        53,
        48,
        43
      ]
    },
    {
      "margin": false,
      "index": 9,
      "file": null,
      "u": 0.0,
      "v": 0.369791657,
      "uw": 0.3333333,
      "vh": 0.260416657,
      "width": 533,
      "height": 533,
      "descriptor": [
        34,
        37,
        35,
        48,
        42,
        37,
        59,
        57,
        56,
        47,
        45,
        42,
        44,
        38,
        38,
        37,
        31,
        31,
        55,
        55,
        51,
        94,
        118,
        98,
        42,
        41,
        36,
        46,
        45,
        42,
        56,
        49,
        47,
        51,
        96,
        95,
        42,
        35,
        34,
        56,
        61,
        56,
        50,
        48,
        44,
        168,
        129,
        87
      ]
    },
    {
      "margin": false,
      "index": 10,
      "file": null,
      "u": 0.3333333,
      "v": 0.369791657,
      "uw": 0.3333333,
      "vh": 0.260416657,
      "width": 533,
      "height": 533,
      "descriptor": [
        159,
        129,
        94,
        180,
        133,
        101,
        95,
        77,
        58,
        106,
        85,
        61,
        121,
        146,
        137,
        96,
        70,
        48,
        162,
        130,
        99,
        30,
        41,
        39,
        60,
        108,
        109,
        90,
        111,
        105,
        53,
        59,
        57,
        166,
        138,
        107,
        67,
        66,
        61,
        73,
        92,
        86,
        57,
        76,
        69,
        192,
        163,
        133
      ]
    },
    {
      "margin": false,
      "index": 11,
      "file": null,
      "u": 0.6666666,
      "v": 0.369791657,
      "uw": 0.3333333,
      "vh": 0.260416657,
      "width": 533,
      "height": 533,
      "descriptor": [
        92,
        77,
        51,
        79,
        68,
        54,
        56,
        56,
        48,
        54,
        46,
        41,
        63,
        78,
        73,
        84,
        72,
        56,
        57,
        53,
        45,
        55,
        48,
        44,
        25,
        36,
        34,
        74,
        67,
        54,
        64,
        55,
        46,
        54,
        53,
        48,
        186,
        147,
        103,
        68,
        63,
        50,
        71,
        62,
        56,
        65,
        60,
        53
      ]
    },
    {
      "margin": false,
      "index": 12,
      "file": null,
      "u": 0.0,
      "v": 0.6302083,
      "uw": 0.3333333,
      "vh": 0.260416657,
      "width": 533,
      "height": 533,
      "descriptor": [
        33,
        47,
        43,
        73,
        68,
        55,
        41,
        44,
        44,
        67,
        61,
        57,
        42,
        40,
        38,
        142,
        110,
        74,
        47,
        42,
        37,
        63,
        60,
        58,
        42,
        52,
        46,
        68,
        57,
        45,
        69,
        62,
        55,
        54,
        63,
        55,
        48,
        50,
        45,
        74,
        63,
        52,
        95,
        82,
        63,
        94,
        111,
        101
      ]
    },
    {
      "margin": false,
      "index": 13,
      "file": null,
      "u": 0.3333333,
      "v": 0.6302083,
      "uw": 0.3333333,
      "vh": 0.260416657,
      "width": 533,
      "height": 533,
      "descriptor": [
        49,
        42,
        41,
        133,
        123,
        97,
        42,
        65,
        58,
        57,
        56,
        51,
        62,
        63,
        54,
        128,
        147,
        138,
        76,
        105,
        109,
        48,
        76,
        79,
        83,
        113,
        111,
        112,
        136,
        127,
        66,
        78,
        66,
        42,
        74,
        76,
        82,
        102,
        102,
        88,
        117,
        105,
        117,
        132,
        132,
        69,
        98,
        100
      ]
    },
    {
      "margin": false,
      "index": 14,
      "file": null,
      "u": 0.6666666,
      "v": 0.6302083,
      "uw": 0.3333333,
      "vh": 0.260416657,
      "width": 533,
      "height": 533,
      "descriptor": [
        138,
        111,
        78,
        65,
        56,
        47,
        49,
        43,
        38,
        71,
        66,
        60,
        51,
        50,
        45,
        52,
        44,
        38,
        61,
        59,
        57,
        47,
        42,
        39,
        38,
        54,
        47,
        46,
        46,
        43,
        61,
        57,
        55,
        62,
        61,
        56,
        43,
        66,
        61,
        26,
        39,
        35,
        54,
        53,
        51,
        95,
        73,
        70
      ]
    }
  ],
  "margins": [
    {
      "margin": true,
      "index": 0,
      "file": null,
      "u": 0.0,
      "v": 0.0,
      "uw": 0.3333333,
      "vh": 0.109375,
      "width": 533,
      "height": 224,
      "descriptor": null
    },
    {
      "margin": true,
      "index": 1,
      "file": null,
      "u": 0.0,
      "v": 0.890625,