{
  "title": "KRAJINA",
  "author": "MARKO ST., KAROL",
  "year": "(1840 - 1860)",
  "id": "SNG-0001009161",
  "width": 2048,
  "height": 1408,
  "file": "GNZ--M_403--1_1--2014_12_09--L2_WEB_65086.webp",
  "tiles_x": 4,
  "tiles_y": 3,
  "offset_x": 0.0416666567,
  "offset_y": 0.0,
  "tiles": [
    {
      "margin": false,
      "index": 6,
      "file": null,
      "u": 0.0416666567,
      "v": 0.0,
      "uw": 0.229166672,
      "vh": 0.333333343,
      "width": 469,
      "height": 469,
      "descriptor": [
        153,
        182,
        176,
        164,
        183,
        175,
        167,
        188,
        180,
        160,
        185,
        174,
        173,
        196,
        190,
        176,
        190,
        172,
        186,
        195,
        177,
        189,
        197,
        181,
        136,
        116,
        76,
        129,
        104,
        61,
        96,
        82,
        57,
        103,
        91,
        60,
        181,
        197,
        183,
        120,
        103,
        67,
        145,
        112,
        65,
        175,
        142,
        95
      ]
    },
    {
      "margin": false,
      "index": 7,
      "file": null,
      "u": 0.2708333,
      "v": 0.0,
      "uw": 0.229166672,
      "vh": 0.333333343,
      "width": 469,
      "height": 469,
      "descriptor": [
        163,
        194,
        188,
        171,
        195,
        187,
        132,
        115,
        85,
        119,
        104,
        72,
        193,
        202,
        190,
        193,
        199,
        182,
        151,
        135,
        97,
        110,
        112,
        42,
        192,
        193,
        166,
        173,
        162,
        128,
        85,
        84,
        41,
        149,
        125,
        88,
        207,
        202,
        170,
        202,
        199,
        177,
        119,
        103,
        66,
        127,
        114,
        85
      ]
    },
    {
      "margin": false,
      "index": 8,
      "file": null,
      "u": 0.5,
      "v": 0.0,
      "uw": 0.229166672,
      "vh": 0.333333343,
      "width": 469,
      "height": 469,
      "descriptor": [
        88,
        79,
        65,
        81,
        75,
        60,
        109,
        93,
        52,
        72,
        66,
        48,
        91,
        90,
        62,
        52,
        56,
        43,
        64,
        60,
        47,
        59,
        60,
        47,
        108,
        93,
        69,
        121,
        107,
        80,
        82,
        83,
        45,
        69,
        75,
        46,
        140,
        117,
        76,
        164,
        155,
        130,
        151,
        138,
        110,
        159,
        151,
        131
      ]
    },
    {
      "margin": false,
      "index": 9,
      "file": null,
      "u": 0.7291666,
      "v": 0.0,
      "uw": 0.229166672,
      "vh": 0.333333343,
      "width": 469,
      "height": 469,
      "descriptor": [
        64,
        64,
        48,
        103,
        94,
        66,
        60,
        58,
        42,
        72,
        73,
        59,
        71,
        66,
        48,
        75,
        63,
        37,
        105,
        104,
        86,
        82,
        75,
        54,
        61,
        62,
        45,
        62,
        66,
        55,
        97,
        88,
        56,
        84,
        85,
        57,
        72,
        71,
        54,
        139,
        132,
        107,
        69,
        65,
        50,
        101,
        94,
        67
      ]
    },
    {
      "margin": false,
      "index": 10,
      "file": null,
      "u": 0.0416666567,
      "v": 0.333333343,
      "uw": 0.229166672,
      "vh": 0.333333343,
      "width": 469,
      "height": 469,
      "descriptor": [
        93,
        83,
        59,
        85,
        75,
        62,
        204,
        203,
        172,
        125,
        104,
        64,
        104,
        85,
        64,
        95,
        81,
        68,
        173,
        136,
        91,
        149,
        129,
        94,
        110,
        92,
        56,
        207,
        194,
        146,
        177,
        164,
        128,
        218,
        208,
        170,
        112,
        98,
        74,
        138,
        120,
        85,
        155,
        137,
        104,
        219,
        205,
        164
      ]
    },
    {
      "margin": false,
      "index": 11,
      "file": null,
      "u": 0.2708333,
      "v": 0.333333343,
      "uw": 0.229166672,
      "vh": 0.333333343,
      "width": 469,
      "height": 469,
      "descriptor": [
        123,
        107,
        63,
        200,
        192,
        167,
        206,
        195,
        170,
        187,
        170,
        130,
        187,
        171,
        126,
        147,
        124,
        87,
        172,
        147,
        103,
        179,
        166,
        133,
        179,
        158,
        111,
        201,
        194,
        161,
        210,
        205,
        174,
        207,
        196,
        161,
        141,
        108,
        75,
        210,
        202,
        165,
        158,
        142,
        95,
        198,
        195,
        166
      ]
    },
    {
      "margin": false,
      "index": 12,
      "file": null,
      "u": 0.5,
      "v": 0.333333343,
      "uw": 0.229166672,
      "vh": 0.333333343,
      "width": 469,
      "height": 469,
      "descriptor": [
        127,
        108,
        76,
        192,
        189,
        175,
        183,
        167,
        139,
        179,
        162,
        134,
        206,
        206,
        181,
        188,
        182,
        155,
        180,
        170,
        148,
        167,
        154,
        132,
        205,
        202,
        172,
        208,
        208,
        185,
        144,
        130,
        88,
        179,
        171,
        151,
        156,
        144,
        111,
        157,
        149,
        102,
        153,
        133,
        72,
        194,
        187,
        165
      ]
    },
    {
      "margin": false,
      "index": 13,
      "file": null,
      "u": 0.7291666,
      "v": 0.333333343,
      "uw": 0.229166672,
      "vh": 0.333333343,
      "width": 469,
      "height": 469,
      "descriptor": [
        130,
        104,
        67,
        80,
        72,
        44,
        120,
        109,
        87,
        73,
        63,
        50,
        172,
        160,
        138,
        98,
        90,
        67,
        74,
        77,
        60,
        97,
        89,
        77,
        111,
        98,
        78,
        163,
        146,
        115,
        83,
        66,
        47,
        112,
        92,
        66,
        158,
        141,
        112,
        76,
        72,
        63,
        101,
        84,
        55,
        100,
        83,
        68
      ]
    },
    {
      "margin": false,
      "index": 14,
      "file": null,
      "u": 0.0416666567,
      "v": 0.6666667,
      "uw": 0.229166672,
      "vh": 0.333333343,
      "width": 469,
      "height": 469,
      "descriptor": [
        76,
        64,
        53,
        83,
        81,
        67,
        166,
        143,
        101,
        121,
        103,
        79,
        51,
        49,
        44,
        74,
        65,
        57,
        74,
        50,
        43,
        67,
        85,
        86,
        71,
        57,
        45,
        76,
        60,
        55,
        57,
        40,
        37,
        63,
        53,
        51,
        52,
        52,
        47,
        52,
        53,
        48,
        86,
        67,
        51,
        67,
        51,
        42
      ]
    },
    {
      "margin": false,
      "index": 15,
      "file": null,
      "u": 0.2708333,
      "v": 0.6666667,
      "uw": 0.229166672,