{
  "title": "MLADÁ ŽENA V ORIENTÁLNOM KROJI",
  "author": "AMERLING, FRIEDRICH VON",
  "year": "(1850 - 1900)",
  "id": "SNG-0001009287",
  "width": 1600,
  "height": 2048,
  "file": "GNZ--M_93--1_1--2014_11_25--L2_WEB_19561.webp",
  "tiles_x": 3,
  "tiles_y": 3,
  "offset_x": 0.0,
  "offset_y": 0.109375,
  "tiles": [
    {
      "margin": false,
      "index": 6,
      "file": null,
      "u": 0.0,
      "v": 0.109375,
      "uw": 0.3333333,
      "vh": 0.260416657,
      "width": 533,
      "height": 533,
      "descriptor": [
        66,
        76,
        79,
        69,
        78,
        84,
        64,
        56,
        54,
        70,
        48,
        39,
        61,
        74,
        76,
        73,
        82,
        87,
        84,
        61,
        51,
        85,
        59,
        50,
        118,
        115,
        99,
        70,
        79,
        84,
        84,
        63,
        56,
        86,
        61,
        50,
        148,
        136,
        100,
        149,
        134,
        100,
        104,
        88,
        69,
        86,
        65,
        55
      ]
    },
    {
      "margin": false,
      "index": 7,
      "file": null,
      "u": 0.3333333,
      "v": 0.109375,
      "uw": 0.3333333,
      "vh": 0.260416657,
      "width": 533,
      "height": 533,
      "descriptor": [
        56,
        78,
        54,
        56,
        72,
        55,
        52,
        64,
        57,
        73,
        59,
        53,
        70,
        85,
        68,
        96,
        110,
        77,
        62,
        77,
        55,
        40,
        53,
        47,
        135,
        111,
        88,
        111,
        100,
        86,
        102,
        82,
        66,
        120,
        102,
        78,
        40,
        46,
        47,
        189,
        147,
        124,
        165,
        114,
        95,
        58,
        54,
        47
      ]
    },
    {
      "margin": false,
      "index": 8,
      "file": null,
      "u": 0.6666666,
      "v": 0.109375,
      "uw": 0.3333333,
      "vh": 0.260416657,
      "width": 533,
      "height": 533,
      "descriptor": [
        35,
        35,
        32,
        45,
        36,
        36,
        37,
        36,
        35,
        48,
        49,
        48,
        64,
        52,
        49,
        53,
        48,
        45,
        44,
        41,
        40,
        46,
        50,
        48,
        62,
        52,
        51,
        53,
        48,
        46,
        51,
        49,
        48,
        50,
        48,
        48,
        54,
        47,
        45,
        62,
        57,
        56,
        58,
        47,
        48,
        61,
        54,
        50
      ]
    },
    {
      "margin": false,
      "index": 9,
      "file": null,
      "u": 0.0,
      "v": 0.369791657,
      "uw": 0.3333333,
      "vh": 0.260416657,
      "width": 533,
      "height": 533,
      "descriptor": [
        138,
        125,
        99,
        142,
        131,
        100,
        140,
        129,
        96,
        155,
        138,
        100,
        118,
        106,
        87,
        126,
        119,
        96,
        85,
        93,
        97,
        55,
        63,
        70,
        129,
        117,
        89,
        134,
        114,
        84,
        54,
        59,
        58,
        122,
        104,
        58,
        100,
        91,
        79,
        82,
        73,
        65,
        68,
        77,
        80,
        58,
        60,
        49
      ]
    },
    {
      "margin": false,
      "index": 10,
      "file": null,
      "u": 0.3333333,
      "v": 0.369791657,
      "uw": 0.3333333,
      "vh": 0.260416657,
      "width": 533,
      "height": 533,
      "descriptor": [
        53,
        57,
        56,
        184,
        167,
        133,
        96,
        83,
        65,
        87,
        67,
        61,
        54,
        54,
        52,
        193,
        173,
        142,
        59,
        61,
        62,
        86,
        66,
        59,
        76,
        74,
        60,
        194,
        176,
        144,
        196,
        176,
        145,
        120,
        108,
        82,
        55,
        65,
        65,
        168,
        156,
        136,
        199,
        183,
        154,
        57,
        65,
        66
      ]
    },
    {
      "margin": false,
      "index": 11,
      "file": null,
      "u": 0.6666666,
      "v": 0.369791657,
      "uw": 0.3333333,
      "vh": 0.260416657,
      "width": 533,
      "height": 533,
      "descriptor": [
        64,
        55,
        54,
        67,
        56,
        53,
        67,
        51,
        50,
        64,
        51,
        48,
        77,
        58,
        50,
        80,
        56,
        47,
        74,
        50,
        42,
        77,
        64,
        59,
        87,
        67,
        56,
        79,
        63,
        54,
        93,
        72,
        61,
        79,
        58,
        49,
        89,
        70,
        57,
        85,
        71,
        60,
        80,
        62,
        50,
        91,
        73,
        61
      ]
    },
    {
      "margin": false,
      "index": 12,
      "file": null,
      "u": 0.0,
      "v": 0.6302083,
      "uw": 0.3333333,
      "vh": 0.260416657,
      "width": 533,
      "height": 533,
      "descriptor": [
        84,
        77,
        68,
        102,
        88,
        73,
        52,
        61,
        65,
        84,
        76,
        56,
        85,
        76,
        66,
        87,
        75,
        65,
        43,
        57,
        59,
        91,
        74,
        57,
        80,
        71,
        63,
        62,
        70,
        54,
        77,
        83,
        73,
        124,
        90,
        48,
        111,
        100,
        78,
        100,
        87,
        64,
        73,
        63,
        59,
        123,
        93,
        80
      ]
    },
    {
      "margin": false,
      "index": 13,
      "file": null,
      "u": 0.3333333,
      "v": 0.6302083,
      "uw": 0.3333333,
      "vh": 0.260416657,
      "width": 533,
      "height": 533,
      "descriptor": [
        68,
        69,
        59,
        61,
        72,
        60,
        90,
        99,
        76,
        98,
        71,
        66,
        72,
        62,
        51,
        87,
        87,
        77,
        132,
        106,
        83,
        85,
        78,
        74,
        84,
        67,
        54,
        91,
        65,
        60,
        57,
        70,
        78,
        51,
        59,
        59,
        102,
        63,
        60,
        83,
        68,
        62,
        46,
        69,
        68,
        49,
        58,
        59
      ]
    },
    {
      "margin": false,
      "index": 14,
      "file": null,
      "u": 0.6666666,
      "v": 0.6302083,
      "uw": 0.3333333,
      "vh": 0.260416657,
      "width": 533,
      "height": 533,
      "descriptor": [
        128,
        72,
        63,
        103,
        65,
        60,
        126,
        104,
        84,
        133,
        110,
        89,
        84,
        66,
        59,
        85,
        65,
        57,
        109,
        94,
        72,
        93,
        107,
        124,
        56,
        73,
        81,
        46,
        62,
        62,
        35,
        56,
        59,
        38,
        70,
        69,
        46,
        61,
        63,
        44,
        56,
        59,
        27,
        52,
        54,
        29,
        51,
        52
      ]
    }
  ],
  "margins": [
    {
      "margin": true,
      "index": 0,
      "file": null,
      "u": 0.0,
      "v": 0.0,
      "uw": 0.3333333,
      "vh": 0.109375,
      "width": 533,
      "height": 224,
      "descriptor": null
    },
    {
      "margin": true,
      "index": 1,
      "file": null,