{
  "title": "PORTRÉT GRÓFA MIHÁLYA ESTERHÁZYHO",
  "author": "ENDER, JOHANN NEPOMUK, MAĎARSKÝ MALIAR",
  "year": "1823",
  "id": "SNG-0001009397",
  "width": 1600,
  "height": 2048,
  "file": "GNZ--M_386--1_1--2014_11_25--L2_WEB_34551.webp",
  "tiles_x": 3,
  "tiles_y": 3,
  "offset_x": 0.0,
  "offset_y": 0.109375,
  "tiles": [
    {
      "margin": false,
      "index": 6,
      "file": null,
      "u": 0.0,
      "v": 0.109375,
      "uw": 0.3333333,
      "vh": 0.260416657,
      "width": 533,
      "height": 533,
      "descriptor": [
        26,
        29,
        24,
        24,
        29,
        24,
        49,
        50,
        35,
        62,
        52,
        38,
        31,
        27,
        23,
        28,
        29,
        23,
        58,
        57,
        46,
        72,
        68,
        50,
        32,
        27,
        21,
        37,
        38,
        30,
        39,
        37,
        29,
        87,
        77,
        51,
        41,
        33,
        28,
        51,
        44,
        36,
        43,
        39,
        29,
        98,
        88,
        59
      ]
    },
    {
      "margin": false,
      "index": 7,
      "file": null,
      "u": 0.3333333,
      "v": 0.109375,
      "uw": 0.3333333,
      "vh": 0.260416657,
      "width": 533,
      "height": 533,
      "descriptor": [
        63,
        52,
        41,
        48,
        39,
        28,
        50,
        43,
        33,
        61,
        73,
        54,
        86,
        81,
        59,
        72,
        64,
        46,
        72,
        62,
        52,
        34,
        49,
        39,
        41,
        34,
        29,
        26,
        30,
        29,
        130,
        110,
        86,
        36,
        51,
        40,
        16,
        20,
        19,
        180,
        160,
        131,
        157,
        138,
        113,
        103,
        83,
        66
      ]
    },
    {
      "margin": false,
      "index": 8,
      "file": null,
      "u": 0.6666666,
      "v": 0.109375,
      "uw": 0.3333333,
      "vh": 0.260416657,
      "width": 533,
      "height": 533,
      "descriptor": [
        58,
        67,
        54,
        91,
        83,
        70,
        125,
        123,
        123,
        119,
        116,
        116,
        47,
        54,
        42,
        90,
        87,
        75,
        135,
        132,
        131,
        127,
        124,
        125,
        62,
        58,
        49,
        103,
        96,
        83,
        174,
        171,
        166,
        150,
        144,
        138,
        78,
        72,
        62,
        88,
        78,
        66,
        171,
        165,
        162,
        166,
        161,
        156
      ]
    },
    {
      "margin": false,
      "index": 9,
      "file": null,
      "u": 0.0,
      "v": 0.369791657,
      "uw": 0.3333333,
      "vh": 0.260416657,
      "width": 533,
      "height": 533,
      "descriptor": [
        43,
        38,
        33,
        41,
        38,
        32,
        44,
        42,
        31,
        100,
        86,
        54,
        49,
        41,
        34,
        78,
        60,
        43,
        79,
        72,
        63,
        102,
        92,
        61,
        67,
        50,
        38,
        76,
        66,
        56,
        69,
        55,
        40,
        91,
        85,
        65,
        61,
        52,
        41,
        61,
        49,
        36,
        19,
        21,
        21,
        34,
        39,
        38
      ]
    },
    {
      "margin": false,
      "index": 10,
      "file": null,
      "u": 0.3333333,
      "v": 0.369791657,
      "uw": 0.3333333,
      "vh": 0.260416657,
      "width": 533,
      "height": 533,
      "descriptor": [
        148,
        123,
        95,
        181,
        140,
        122,
        187,
        160,
        128,
        141,
        109,
        89,
        26,
        29,
        28,
        154,
        127,
        104,
        119,
        80,
        61,
        181,
        176,
        162,
        31,
        34,
        34,
        20,
        24,
        23,
        34,
        37,
        35,
        37,
        42,
        40,
        35,
        41,
        38,
        39,
        45,
        43,
        21,
        26,
        25,
        30,
        34,
        34
      ]
    },
    {
      "margin": false,
      "index": 11,
      "file": null,
      "u": 0.6666666,
      "v": 0.369791657,
      "uw": 0.3333333,
      "vh": 0.260416657,
      "width": 533,
      "height": 533,
      "descriptor": [
        74,
        67,
        56,
        85,
        77,
        64,
        173,
        170,
        170,
        174,
        169,
        160,
        75,
        67,
        56,
        90,
        81,
        70,
        199,
        193,
        177,
        158,
        149,
        130,
        69,
        63,
        50,
        85,
        78,
        65,
        48,
        60,
        55,
        50,
        52,
        45,
        38,
        34,
        29,
        91,
        83,
        67,
        93,
        85,
        72,
        23,
        26,
        23
      ]
    },
    {
      "margin": false,
      "index": 12,
      "file": null,
      "u": 0.0,
      "v": 0.6302083,
      "uw": 0.3333333,
      "vh": 0.260416657,
      "width": 533,
      "height": 533,
      "descriptor": [
        102,
        90,
        69,
        84,
        73,
        58,
        21,
        24,
        23,
        22,
        25,
        24,
        47,
        38,
        32,
        35,
        38,
        36,
        24,
        27,
        26,
        25,
        28,
        26,
        27,
        26,
        24,
        43,
        47,
        44,
        18,
        22,
        22,
        36,
        40,
        39,
        27,
        26,
        22,
        22,
        29,
        28,
        15,
        20,
        18,
        26,
        30,
        30
      ]
    },
    {
      "margin": false,
      "index": 13,
      "file": null,
      "u": 0.3333333,
      "v": 0.6302083,
      "uw": 0.3333333,
      "vh": 0.260416657,
      "width": 533,
      "height": 533,
      "descriptor": [
        43,
        48,
        47,
        46,
        51,
        49,
        46,
        49,
        48,
        36,
        36,
        30,
        37,
        41,
        39,
        45,
        51,
        48,
        20,
        24,
        22,
        31,
        32,
        31,
        18,
        22,
        22,
        20,
        22,
        22,
        16,
        21,
        20,
        21,
        24,
        22,
        28,
        31,
        30,
        53,
        56,
        55,
        27,
        30,
        28,
        19,
        24,
        22
      ]
    },
    {
      "margin": false,
      "index": 14,
      "file": null,
      "u": 0.6666666,
      "v": 0.6302083,
      "uw": 0.3333333,
      "vh": 0.260416657,
      "width": 533,
      "height": 533,
      "descriptor": [
        31,
        35,
        33,
        112,
        102,
        82,
        40,
        36,
        32,
        56,
        50,
        45,
        97,
        87,
        65,
        43,
        36,
        32,
        36,
        23,
        24,
        68,
        63,
        54,
        95,
        83,
        65,
        22,
        25,
        22,
        35,
        39,
        38,
        23,
        19,
        17,
        22,
        25,
        23,
        25,
        25,
        23,
        49,
        50,
        46,
        123,
        126,
        119
      ]
    }
  ],
  "margins": [
    {
      "margin": true,
      "index": 0,
      "file": null,
      "u": 0.0,
      "v": 0.0,
      "uw": 0.3333333,
      "vh": 0.109375,
      "width": 533,
      "height": 224,
      "descriptor": null
    },
    {
      "margin": true,
      "index": 1,
      "file": null,