{
  "title": "PRI DALMÁCKOM MORI",
  "author": "MOUSSON, JOZEF THEODOR",
  "year": "(1920 - 1940)",
  "id": "SNG-0001009284",
  "width": 2048,
  "height": 1408,
  "file": "GNZ--M_46--1_1--2014_11_25--L2_WEB_126146.webp",
  "tiles_x": 4,
  "tiles_y": 3,
  "offset_x": 0.0416666567,
  "offset_y": 0.0,
  "tiles": [
    {
      "margin": false,
      "index": 6,
      "file": null,
      "u": 0.0416666567,
      "v": 0.0,
      "uw": 0.229166672,
      "vh": 0.333333343,
      "width": 469,
      "height": 469,
      "descriptor": [
        157,
        167,
        160,
        159,
        169,
        166,
        157,
        167,
        162,
        156,
        162,
        158,
        161,
        170,
        165,
        167,
        166,
        158,
        162,
        160,
        153,
        167,
        172,
        165,
        160,
        171,
        169,
        158,
        167,
        163,
        84,
        95,
        77,
        161,
        162,
        154,
        123,
        133,
        118,
        152,
        160,
        158,
        120,
        117,
        94,
        159,
        163,
        156
      ]
    },
    {
      "margin": false,
      "index": 7,
      "file": null,
      "u": 0.2708333,
      "v": 0.0,
      "uw": 0.229166672,
      "vh": 0.333333343,
      "width": 469,
      "height": 469,
      "descriptor": [
        150,
        159,
        140,
        153,
        162,
        147,
        153,
        161,
        146,
        150,
        160,
        149,
        158,
        167,
        161,
        150,
        157,
        136,
        156,
        162,
        152,
        165,
        168,
        160,
        144,
        140,
        124,
        99,
        110,
        86,
        82,
        99,
        90,
        176,
        169,
        158,
        94,
        87,
        76,
        85,
        85,
        74,
        66,
        69,
        65,
        161,
        160,
        150
      ]
    },
    {
      "margin": false,
      "index": 8,
      "file": null,
      "u": 0.5,
      "v": 0.0,
      "uw": 0.229166672,
      "vh": 0.333333343,
      "width": 469,
      "height": 469,
      "descriptor": [
        152,
        161,
        149,
        147,
        155,
        144,
        149,
        157,
        145,
        166,
        167,
        154,
        166,
        165,
        159,
        193,
        176,
        161,
        195,
        178,
        163,
        198,
        179,
        164,
        159,
        159,
        148,
        176,
        168,
        157,
        190,
        174,
        159,
        181,
        169,
        157,
        71,
        79,
        92,
        165,
        163,
        158,
        175,
        172,
        161,
        178,
        169,
        156
      ]
    },
    {
      "margin": false,
      "index": 9,
      "file": null,
      "u": 0.7291666,
      "v": 0.0,
      "uw": 0.229166672,
      "vh": 0.333333343,
      "width": 469,
      "height": 469,
      "descriptor": [
        161,
        168,
        161,
        154,
        160,
        150,
        154,
        161,
        146,
        143,
        139,
        103,
        182,
        181,
        169,
        156,
        164,
        149,
        151,
        158,
        142,
        157,
        160,
        148,
        171,
        151,
        117,
        182,
        146,
        127,
        155,
        163,
        147,
        151,
        156,
        149,
        184,
        176,
        165,
        184,
        171,
        157,
        185,
        171,
        157,
        163,
        171,
        166
      ]
    },
    {
      "margin": false,
      "index": 10,
      "file": null,
      "u": 0.0416666567,
      "v": 0.333333343,
      "uw": 0.229166672,
      "vh": 0.333333343,
      "width": 469,
      "height": 469,
      "descriptor": [
        116,
        121,
        99,
        106,
        104,
        96,
        148,
        128,
        103,
        101,
        90,
        79,
        122,
        101,
        77,
        94,
        90,
        80,
        95,
        90,
        76,
        100,
        102,
        106,
        99,
        75,
        57,
        136,
        110,
        79,
        108,
        87,
        70,
        143,
        115,
        85,
        121,
        93,
        62,
        122,
        93,
        68,
        124,
        97,
        67,
        116,
        95,
        72
      ]
    },
    {
      "margin": false,
      "index": 11,
      "file": null,
      "u": 0.2708333,
      "v": 0.333333343,
      "uw": 0.229166672,
      "vh": 0.333333343,
      "width": 469,
      "height": 469,
      "descriptor": [
        85,
        78,
        70,
        103,
        81,
        61,
        116,
        91,
        65,
        88,
        76,
        71,
        75,
        77,
        76,
        76,
        80,
        81,
        95,
        80,
        64,
        90,
        75,
        65,
        121,
        93,
        66,
        167,
        132,
        95,
        108,
        82,
        59,
        120,
        92,
        71,
        113,
        93,
        72,
        109,
        86,
        64,
        120,
        92,
        73,
        116,
        91,
        64
      ]
    },
    {
      "margin": false,
      "index": 12,
      "file": null,
      "u": 0.5,
      "v": 0.333333343,
      "uw": 0.229166672,
      "vh": 0.333333343,
      "width": 469,
      "height": 469,
      "descriptor": [
        185,
        165,
        129,
        187,
        167,
        128,
        169,
        157,
        137,
        161,
        170,
        165,
        123,
        96,
        75,
        140,
        105,
        80,
        72,
        87,
        69,
        79,
        98,
        77,
        112,
        83,
        70,
        111,
        80,
        61,
        135,
        109,
        78,
        137,
        108,
        72,
        121,
        94,
        66,
        120,
        96,
        69,
        120,
        96,
        65,
        117,
        92,
        63
      ]
    },
    {
      "margin": false,
      "index": 13,
      "file": null,
      "u": 0.7291666,
      "v": 0.333333343,
      "uw": 0.229166672,
      "vh": 0.333333343,
      "width": 469,
      "height": 469,
      "descriptor": [
        165,
        172,
        167,
        173,
        176,
        168,
        165,
        169,
        164,
        158,
        169,
        165,
        162,
        173,
        169,
        165,
        176,
        171,
        168,
        177,
        172,
        159,
        167,
        163,
        136,
        143,
        143,
        127,
        136,
        122,
        137,
        147,
        131,
        161,
        169,
        165,
        130,
        104,
        75,
        177,
        171,
        148,
        179,
        173,
        154,
        156,
        158,
        147
      ]
    },
    {
      "margin": false,
      "index": 14,
      "file": null,
      "u": 0.0416666567,
      "v": 0.6666667,
      "uw": 0.229166672,
      "vh": 0.333333343,
      "width": 469,
      "height": 469,
      "descriptor": [
        156,
        123,
        86,
        153,
        123,
        89,
        144,
        116,
        80,
        109,
        84,
        65,
        116,
        88,
        62,
        110,
        89,
        62,
        111,
        88,
        62,
        116,
        92,
        67,
        108,
        83,
        57,
        86,
        85,
        78,
        88,
        84,
        75,
        102,
        76,
        58,
        87,
        76,
        66,
        104,
        89,
        77,
        97,
        78,
        66,
        129,
        107,
        77
      ]
    },
    {
      "margin": false,
      "index": 15,
      "file": null,