{
  "title": "SVÄTÁ RODINA V EGYPTE",
  "author": "IHOUVENIN, POUSSIN, NICOLAS",
  "year": "(1770 - 1780)",
  "id": "SNG-0001038404",
  "width": 2048,
  "height": 1728,
  "file": "GNZ--G_1743--1_1--2015_03_19--L2_WEB_1630679.webp",
  "tiles_x": 3,
  "tiles_y": 3,
  "offset_x": 0.078125,
  "offset_y": 0.0,
  "tiles": [
    {
      "margin": false,
      "index": 6,
      "file": null,
      "u": 0.078125,
      "v": 0.0,
      "uw": 0.28125,
      "vh": 0.333333343,
      "width": 576,
      "height": 576,
      "descriptor": [
        192,
        163,
        133,
        179,
        151,
        121,
        191,
        162,
        132,
        193,
        163,
        133,
        119,
        124,
        103,
        147,
        131,
        110,
        95,
        87,
        67,
        99,
        99,
        85,
        120,
        111,
        100,
        178,
        159,
        141,
        156,
        145,
        129,
        134,
        127,
        109,
        181,
        153,
        122,
        178,
        157,
        132,
        175,
        148,
        118,
        118,
        101,
        83
      ]
    },
    {
      "margin": false,
      "index": 7,
      "file": null,
      "u": 0.359375,
      "v": 0.0,
      "uw": 0.28125,
      "vh": 0.333333343,
      "width": 576,
      "height": 576,
      "descriptor": [
        188,
        159,
        129,
        198,
        167,
        136,
        204,
        174,
        142,
        203,
        173,
        143,
        58,
        62,
        56,
        98,
        104,
        93,
        97,
        80,
        61,
        100,
        85,
        67,
        61,
        76,
        75,
        81,
        69,
        57,
        135,
        121,
        101,
        194,
        156,
        123,
        162,
        152,
        130,
        133,
        113,
        97,
        129,
        115,
        94,
        89,
        77,
        61
      ]
    },
    {
      "margin": false,
      "index": 8,
      "file": null,
      "u": 0.640625,
      "v": 0.0,
      "uw": 0.28125,
      "vh": 0.333333343,
      "width": 576,
      "height": 576,
      "descriptor": [
        198,
        168,
        137,
        198,
        169,
        138,
        192,
        162,
        130,
        210,
        181,
        150,
        99,
        86,
        63,
        134,
        113,
        87,
        122,
        104,
        83,
        134,
        117,
        98,
        129,
        109,
        85,
        88,
        78,
        63,
        74,
        62,
        52,
        98,
        82,
        69,
        198,
        163,
        133,
        106,
        106,
        88,
        114,
        97,
        83,
        86,
        73,
        56
      ]
    },
    {
      "margin": false,
      "index": 9,
      "file": null,
      "u": 0.078125,
      "v": 0.333333343,
      "uw": 0.28125,
      "vh": 0.333333343,
      "width": 576,
      "height": 576,
      "descriptor": [
        155,
        136,
        108,
        94,
        88,
        73,
        132,
        117,
        99,
        136,
        114,
        89,
        127,
        113,
        90,
        129,
        112,
        90,
        177,
        146,
        116,
        162,
        128,
        104,
        122,
        123,
        108,
        91,
        98,
        91,
        147,
        126,
        107,
        173,
        148,
        118,
        148,
        128,
        108,
        151,
        128,
        113,
        175,
        144,
        117,
        169,
        143,
        115
      ]
    },
    {
      "margin": false,
      "index": 10,
      "file": null,
      "u": 0.359375,
      "v": 0.333333343,
      "uw": 0.28125,
      "vh": 0.333333343,
      "width": 576,
      "height": 576,
      "descriptor": [
        175,
        138,
        111,
        140,
        120,
        98,
        98,
        84,
        68,
        184,
        156,
        129,
        141,
        120,
        98,
        146,
        120,
        96,
        194,
        157,
        124,
        154,
        125,
        98,
        160,
        142,
        118,
        97,
        94,
        84,
        163,
        127,
        102,
        132,
        97,
        81,
        43,
        58,
        62,
        83,
        99,
        105,
        69,
        82,
        86,
        61,
        74,
        76
      ]
    },
    {
      "margin": false,
      "index": 11,
      "file": null,
      "u": 0.640625,
      "v": 0.333333343,
      "uw": 0.28125,
      "vh": 0.333333343,
      "width": 576,
      "height": 576,
      "descriptor": [
        84,
        74,
        63,
        192,
        155,
        124,
        82,
        74,
        66,
        110,
        97,
        80,
        84,
        71,
        58,
        73,
        57,
        42,
        105,
        91,
        72,
        130,
        112,
        92,
        113,
        97,
        77,
        159,
        114,
        84,
        127,
        83,
        56,
        127,
        109,
        84,
        167,
        128,
        96,
        146,
        102,
        69,
        136,
        94,
        63,
        126,
        115,
        97
      ]
    },
    {
      "margin": false,
      "index": 12,
      "file": null,
      "u": 0.078125,
      "v": 0.6666667,
      "uw": 0.28125,
      "vh": 0.333333343,
      "width": 576,
      "height": 576,
      "descriptor": [
        145,
        129,
        111,
        172,
        142,
        110,
        180,
        151,
        119,
        87,
        103,
        101,
        136,
        131,
        119,
        150,
        147,
        128,
        136,
        140,
        123,
        132,
        129,
        120,
        194,
        163,
        130,
        201,
        171,
        141,
        195,
        165,
        135,
        198,
        168,
        139,
        205,
        178,
        149,
        202,
        172,
        144,
        204,
        178,
        150,
        208,
        181,
        154
      ]
    },
    {
      "margin": false,
      "index": 13,
      "file": null,
      "u": 0.359375,
      "v": 0.6666667,
      "uw": 0.28125,
      "vh": 0.333333343,
      "width": 576,
      "height": 576,
      "descriptor": [
        129,
        125,
        105,
        128,
        118,
        98,
        139,
        136,
        120,
        68,
        60,
        52,
        131,
        136,
        124,
        134,
        135,
        120,
        118,
        114,
        101,
        166,
        161,
        137,
        197,
        167,
        139,
        184,
        149,
        112,
        149,
        118,
        87,
        183,
        148,
        114,
        197,
        171,
        144,
        207,
        181,
        154,
        201,
        169,
        138,
        201,
        171,
        141
      ]
    },
    {
      "margin": false,
      "index": 14,
      "file": null,
      "u": 0.640625,
      "v": 0.6666667,
      "uw": 0.28125,
      "vh": 0.333333343,
      "width": 576,
      "height": 576,
      "descriptor": [
        128,
        102,
        85,
        186,
        149,
        116,
        107,
        103,
        86,
        116,
        120,
        111,
        85,
        73,
        59,
        117,
        101,
        88,
        67,
        56,
        51,
        123,
        101,
        73,
        182,
        142,
        106,
        171,
        135,
        100,
        188,
        153,
        116,
        201,
        171,
        140,
        212,
        182,
        152,
        203,
        171,
        142,
        204,
        174,
        144,
        213,
        187,
        160
      ]
    }
  ],
  "margins": [
    {
      "margin": true,
      "index": 0,
      "file": null,
      "u": 0.0,