{
  "title": "VEŠTENIE Z DLANE",
  "author": "NEZNÁMY MALIAR, CHODOWIECKI, DANIEL NIKOLAUS",
  "year": "(1800 - 1825)",
  "id": "SNG-0001009336",
  "width": 2048,
  "height": 1472,
  "file": "GNZ--M_384--1_2--2014_11_26--L2_WEB_124485.webp",
  "tiles_x": 4,
  "tiles_y": 3,
  "offset_x": 0.0208333433,
  "offset_y": 0.0,
  "tiles": [
    {
      "margin": false,
      "index": 6,
      "file": null,
      "u": 0.0208333433,
      "v": 0.0,
      "uw": 0.239583328,
      "vh": 0.3333333,
      "width": 490,
      "height": 490,
      "descriptor": [
        53,
        56,
        51,
        66,
        66,
        61,
        65,
        63,
        55,
        84,
        82,
        74,
        70,
        64,
        56,
        88,
        82,
        68,
        66,
        62,
        53,
        85,
        79,
        70,
        70,
        56,
        44,
        93,
        89,
        75,
        63,
        64,
        55,
        87,
        84,
        77,
        83,
        67,
        56,
        97,
        88,
        75,
        72,
        69,
        59,
        86,
        81,
        70
      ]
    },
    {
      "margin": false,
      "index": 7,
      "file": null,
      "u": 0.2604167,
      "v": 0.0,
      "uw": 0.239583328,
      "vh": 0.3333333,
      "width": 490,
      "height": 490,
      "descriptor": [
        80,
        80,
        74,
        83,
        83,
        75,
        84,
        85,
        79,
        84,
        84,
        77,
        85,
        84,
        78,
        82,
        81,
        74,
        83,
        83,
        75,
        86,
        87,
        78,
        101,
        102,
        95,
        88,
        84,
        76,
        87,
        86,
        77,
        85,
        80,
        72,
        85,
        81,
        74,
        87,
        82,
        74,
        45,
        33,
        27,
        85,
        81,
        72
      ]
    },
    {
      "margin": false,
      "index": 8,
      "file": null,
      "u": 0.5,
      "v": 0.0,
      "uw": 0.239583328,
      "vh": 0.3333333,
      "width": 490,
      "height": 490,
      "descriptor": [
        83,
        83,
        77,
        83,
        82,
        75,
        90,
        88,
        82,
        82,
        82,
        74,
        87,
        84,
        76,
        85,
        84,
        74,
        73,
        73,
        67,
        93,
        94,
        86,
        85,
        84,
        76,
        80,
        79,
        72,
        80,
        81,
        74,
        85,
        83,
        77,
        146,
        115,
        93,
        77,
        76,
        71,
        77,
        78,
        72,
        80,
        80,
        74
      ]
    },
    {
      "margin": false,
      "index": 9,
      "file": null,
      "u": 0.7395834,
      "v": 0.0,
      "uw": 0.239583328,
      "vh": 0.3333333,
      "width": 490,
      "height": 490,
      "descriptor": [
        78,
        78,
        72,
        96,
        91,
        78,
        68,
        64,
        59,
        49,
        50,
        47,
        84,
        83,
        78,
        104,
        102,
        88,
        62,
        59,
        55,
        48,
        52,
        48,
        84,
        82,
        75,
        102,
        98,
        85,
        59,
        57,
        53,
        34,
        38,
        37,
        79,
        79,
        72,
        107,
        104,
        90,
        63,
        59,
        54,
        107,
        70,
        57
      ]
    },
    {
      "margin": false,
      "index": 10,
      "file": null,
      "u": 0.0208333433,
      "v": 0.3333333,
      "uw": 0.239583328,
      "vh": 0.3333333,
      "width": 490,
      "height": 490,
      "descriptor": [
        82,
        64,
        53,
        90,
        87,
        73,
        72,
        70,
        59,
        88,
        81,
        71,
        80,
        62,
        49,
        107,
        100,
        87,
        78,
        76,
        66,
        86,
        83,
        74,
        74,
        58,
        45,
        89,
        84,
        72,
        85,
        81,
        71,
        85,
        79,
        70,
        78,
        60,
        48,
        89,
        85,
        72,
        79,
        76,
        66,
        90,
        84,
        74
      ]
    },
    {
      "margin": false,
      "index": 11,
      "file": null,
      "u": 0.2604167,
      "v": 0.3333333,
      "uw": 0.239583328,
      "vh": 0.3333333,
      "width": 490,
      "height": 490,
      "descriptor": [
        82,
        57,
        45,
        58,
        54,
        43,
        94,
        84,
        73,
        88,
        86,
        77,
        50,
        44,
        42,
        31,
        29,
        27,
        96,
        67,
        49,
        83,
        78,
        68,
        52,
        42,
        29,
        56,
        42,
        37,
        81,
        73,
        62,
        84,
        77,
        68,
        55,
        46,
        32,
        59,
        43,
        33,
        81,
        57,
        44,
        73,
        53,
        39
      ]
    },
    {
      "margin": false,
      "index": 12,
      "file": null,
      "u": 0.5,
      "v": 0.3333333,
      "uw": 0.239583328,
      "vh": 0.3333333,
      "width": 490,
      "height": 490,
      "descriptor": [
        82,
        80,
        70,
        114,
        103,
        88,
        77,
        77,
        73,
        86,
        87,
        81,
        113,
        103,
        94,
        54,
        51,
        48,
        73,
        75,
        70,
        74,
        74,
        69,
        129,
        110,
        80,
        94,
        71,
        49,
        74,
        69,
        64,
        69,
        71,
        63,
        141,
        121,
        81,
        110,
        91,
        68,
        75,
        58,
        43,
        75,
        61,
        52
      ]
    },
    {
      "margin": false,
      "index": 13,
      "file": null,
      "u": 0.7395834,
      "v": 0.3333333,
      "uw": 0.239583328,
      "vh": 0.3333333,
      "width": 490,
      "height": 490,
      "descriptor": [
        74,
        75,
        69,
        99,
        94,
        79,
        100,
        96,
        81,
        98,
        92,
        79,
        76,
        72,
        65,
        101,
        92,
        77,
        99,
        96,
        82,
        100,
        95,
        81,
        85,
        79,
        72,
        101,
        95,
        80,
        103,
        102,
        89,
        97,
        90,
        79,
        37,
        41,
        29,
        52,
        43,
        31,
        54,
        47,
        37,
        69,
        54,
        40
      ]
    },
    {
      "margin": false,
      "index": 14,
      "file": null,
      "u": 0.0208333433,
      "v": 0.6666666,
      "uw": 0.239583328,
      "vh": 0.3333333,
      "width": 490,
      "height": 490,
      "descriptor": [
        77,
        59,
        47,
        91,
        87,
        76,
        87,
        81,
        62,
        87,
        75,
        63,
        73,
        58,
        50,
        97,
        92,
        79,
        47,
        42,
        36,
        87,
        81,
        70,
        74,
        59,
        49,
        90,
        77,
        68,
        79,
        64,
        54,
        87,
        76,
        65,
        84,
        74,
        64,
        87,
        78,
        67,
        86,
        77,
        67,
        90,
        79,
        69
      ]
    },
    {
      "margin": false,
      "index": 15,
      "file": null,
      "u": 0.2604167,
      "v": 0.6666666,
      "uw": 0.239583328,
      "vh": 0.3333333,
      "width": 490,
      "height": 490,