{
  "title": "KYTICA",
  "author": "FAISTAUER, ANTON",
  "year": "1947",
  "id": "SNG-0001009508",
  "width": 1728,
  "height": 2048,
  "file": "GNZ--M_85--1_1--2014_12_02--L2_WEB_67094.webp",
  "tiles_x": 3,
  "tiles_y": 3,
  "offset_x": 0.0,
  "offset_y": 0.078125,
  "tiles": [
    {
      "margin": false,
      "index": 6,
      "file": null,
      "u": 0.0,
      "v": 0.078125,
      "uw": 0.333333343,
      "vh": 0.28125,
      "width": 576,
      "height": 576,
      "descriptor": [
        17,
        14,
        10,
        182,
        125,
        61,
        200,
        150,
        76,
        169,
        125,
        67,
        89,
        70,
        47,
        206,
        158,
        101,
        107,
        83,
        85,
        113,
        121,
        103,
        161,
        119,
        81,
        221,
        173,
        116,
        53,
        52,
        55,
        52,
        57,
        57,
        180,
        130,
        79,
        187,
        141,
        83,
        51,
        50,
        51,
        61,
        65,
        67
      ]
    },
    {
      "margin": false,
      "index": 7,
      "file": null,
      "u": 0.333333343,
      "v": 0.078125,
      "uw": 0.333333343,
      "vh": 0.28125,
      "width": 576,
      "height": 576,
      "descriptor": [
        159,
        116,
        64,
        172,
        127,
        83,
        141,
        100,
        48,
        190,
        143,
        94,
        71,
        71,
        72,
        53,
        58,
        59,
        104,
        78,
        85,
        120,
        120,
        113,
        46,
        50,
        52,
        47,
        53,
        55,
        72,
        56,
        58,
        45,
        53,
        52,
        49,
        50,
        51,
        40,
        48,
        48,
        56,
        56,
        57,
        51,
        51,
        53
      ]
    },
    {
      "margin": false,
      "index": 8,
      "file": null,
      "u": 0.6666667,
      "v": 0.078125,
      "uw": 0.333333343,
      "vh": 0.28125,
      "width": 576,
      "height": 576,
      "descriptor": [
        169,
        125,
        77,
        167,
        123,
        65,
        188,
        137,
        76,
        93,
        71,
        52,
        90,
        87,
        87,
        80,
        67,
        63,
        220,
        169,
        99,
        153,
        120,
        84,
        53,
        50,
        53,
        85,
        60,
        59,
        215,
        171,
        106,
        142,
        108,
        69,
        45,
        43,
        44,
        101,
        71,
        68,
        199,
        156,
        98,
        161,
        117,
        73
      ]
    },
    {
      "margin": false,
      "index": 9,
      "file": null,
      "u": 0.0,
      "v": 0.359375,
      "uw": 0.333333343,
      "vh": 0.28125,
      "width": 576,
      "height": 576,
      "descriptor": [
        138,
        99,
        64,
        208,
        160,
        103,
        47,
        51,
        51,
        83,
        113,
        106,
        90,
        70,
        49,
        168,
        126,
        77,
        44,
        44,
        43,
        150,
        136,
        116,
        148,
        109,
        82,
        200,
        159,
        104,
        137,
        107,
        72,
        78,
        62,
        64,
        101,
        82,
        58,
        177,
        130,
        75,
        48,
        47,
        48,
        49,
        53,
        53
      ]
    },
    {
      "margin": false,
      "index": 10,
      "file": null,
      "u": 0.333333343,
      "v": 0.359375,
      "uw": 0.333333343,
      "vh": 0.28125,
      "width": 576,
      "height": 576,
      "descriptor": [
        42,
        53,
        53,
        43,
        48,
        49,
        40,
        46,
        45,
        48,
        55,
        55,
        60,
        55,
        53,
        149,
        126,
        91,
        67,
        60,
        63,
        60,
        45,
        44,
        169,
        150,
        111,
        114,
        67,
        64,
        165,
        139,
        92,
        78,
        74,
        77,
        103,
        98,
        94,
        150,
        161,
        112,
        48,
        48,
        50,
        216,
        180,
        126
      ]
    },
    {
      "margin": false,
      "index": 11,
      "file": null,
      "u": 0.6666667,
      "v": 0.359375,
      "uw": 0.333333343,
      "vh": 0.28125,
      "width": 576,
      "height": 576,
      "descriptor": [
        56,
        50,
        48,
        87,
        67,
        67,
        204,
        162,
        107,
        38,
        25,
        17,
        43,
        51,
        49,
        65,
        76,
        82,
        195,
        146,
        84,
        126,
        97,
        66,
        69,
        64,
        67,
        83,
        92,
        99,
        182,
        133,
        72,
        171,
        125,
        79,
        47,
        49,
        45,
        67,
        74,
        75,
        187,
        138,
        79,
        138,
        104,
        63
      ]
    },
    {
      "margin": false,
      "index": 12,
      "file": null,
      "u": 0.0,
      "v": 0.640625,
      "uw": 0.333333343,
      "vh": 0.28125,
      "width": 576,
      "height": 576,
      "descriptor": [
        114,
        85,
        51,
        180,
        134,
        81,
        50,
        61,
        66,
        51,
        69,
        73,
        156,
        101,
        63,
        170,
        126,
        71,
        98,
        92,
        72,
        73,
        71,
        77,
        120,
        90,
        59,
        168,
        118,
        59,
        75,
        81,
        85,
        56,
        62,
        60,
        134,
        99,
        54,
        157,
        108,
        52,
        174,
        134,
        76,
        187,
        144,
        93
      ]
    },
    {
      "margin": false,
      "index": 13,
      "file": null,
      "u": 0.333333343,
      "v": 0.640625,
      "uw": 0.333333343,
      "vh": 0.28125,
      "width": 576,
      "height": 576,
      "descriptor": [
        96,
        110,
        83,
        73,
        86,
        96,
        132,
        132,
        125,
        72,
        96,
        69,
        45,
        53,
        54,
        51,
        58,
        61,
        81,
        84,
        81,
        55,
        57,
        53,
        92,
        105,
        87,
        66,
        77,
        80,
        78,
        88,
        78,
        85,
        89,
        84,
        168,
        124,
        71,
        162,
        124,
        78,
        214,
        176,
        123,
        149,
        111,
        66
      ]
    },
    {
      "margin": false,
      "index": 14,
      "file": null,
      "u": 0.6666667,
      "v": 0.640625,
      "uw": 0.333333343,
      "vh": 0.28125,
      "width": 576,
      "height": 576,
      "descriptor": [
        53,
        60,
        72,
        57,
        60,
        58,
        180,
        133,
        73,
        88,
        62,
        44,
        85,
        84,
        82,
        54,
        64,
        69,
        175,
        128,
        69,
        157,
        121,
        85,
        70,
        73,
        70,
        88,
        84,
        78,
        195,
        146,
        86,
        75,
        47,
        25,
        179,
        136,
        85,
        159,
        119,
        60,
        198,
        143,
        80,
        180,
        113,
        55
      ]
    }
  ],
  "margins": [
    {
      "margin": true,
      "index": 0,
      "file": null,
      "u": 0.0,
      "v": 0.0,
      "uw": 0.333333343,
      "vh": 0.078125,
      "width": 576,
      "height": 160,
      "descriptor": null
    },
    {
      "margin": true,
      "index": 1,