{
  "title": "SVÄTÝ ANTONÍN PADUANSKÝ S JEŽIŠKOM",
  "author": "TROGER, PAUL",
  "year": "(1750 - 1755)",
  "id": "SNG-0001009248",
  "width": 1536,
  "height": 2048,
  "file": "GNZ--M_143--1_1--2014_12_16--L2_WEB_22768.webp",
  "tiles_x": 3,
  "tiles_y": 4,
  "offset_x": 0.0,
  "offset_y": 0.0,
  "tiles": [
    {
      "margin": false,
      "index": 0,
      "file": null,
      "u": 0.0,
      "v": 0.0,
      "uw": 0.333333343,
      "vh": 0.25,
      "width": 512,
      "height": 512,
      "descriptor": [
        43,
        40,
        35,
        55,
        56,
        50,
        65,
        67,
        57,
        76,
        67,
        59,
        36,
        38,
        33,
        46,
        46,
        39,
        55,
        57,
        48,
        72,
        68,
        57,
        35,
        35,
        30,
        58,
        58,
        50,
        66,
        68,
        59,
        64,
        59,
        48,
        31,
        31,
        28,
        41,
        43,
        37,
        61,
        52,
        43,
        61,
        56,
        46
      ]
    },
    {
      "margin": false,
      "index": 1,
      "file": null,
      "u": 0.333333343,
      "v": 0.0,
      "uw": 0.333333343,
      "vh": 0.25,
      "width": 512,
      "height": 512,
      "descriptor": [
        79,
        62,
        50,
        85,
        82,
        72,
        94,
        77,
        64,
        94,
        79,
        68,
        86,
        81,
        70,
        81,
        82,
        72,
        130,
        125,
        115,
        144,
        134,
        119,
        73,
        74,
        65,
        100,
        88,
        79,
        136,
        131,
        120,
        130,
        113,
        89,
        59,
        52,
        42,
        94,
        86,
        77,
        101,
        89,
        73,
        174,
        155,
        142
      ]
    },
    {
      "margin": false,
      "index": 2,
      "file": null,
      "u": 0.6666667,
      "v": 0.0,
      "uw": 0.333333343,
      "vh": 0.25,
      "width": 512,
      "height": 512,
      "descriptor": [
        129,
        117,
        102,
        95,
        74,
        60,
        96,
        79,
        65,
        90,
        74,
        59,
        148,
        142,
        131,
        115,
        107,
        97,
        120,
        107,
        90,
        91,
        74,
        60,
        116,
        100,
        78,
        137,
        130,
        119,
        123,
        110,
        96,
        121,
        107,
        91,
        68,
        53,
        41,
        130,
        119,
        97,
        110,
        102,
        88,
        119,
        102,
        76
      ]
    },
    {
      "margin": false,
      "index": 3,
      "file": null,
      "u": 0.0,
      "v": 0.25,
      "uw": 0.333333343,
      "vh": 0.25,
      "width": 512,
      "height": 512,
      "descriptor": [
        42,
        41,
        32,
        39,
        42,
        36,
        40,
        37,
        30,
        69,
        64,
        54,
        43,
        40,
        34,
        55,
        51,
        44,
        51,
        41,
        33,
        48,
        39,
        32,
        43,
        38,
        31,
        40,
        35,
        26,
        39,
        34,
        31,
        79,
        64,
        53,
        34,
        25,
        21,
        34,
        27,
        21,
        59,
        45,
        37,
        182,
        150,
        134
      ]
    },
    {
      "margin": false,
      "index": 4,
      "file": null,
      "u": 0.333333343,
      "v": 0.25,
      "uw": 0.333333343,
      "vh": 0.25,
      "width": 512,
      "height": 512,
      "descriptor": [
        70,
        54,
        43,
        92,
        84,
        76,
        182,
        144,
        135,
        99,
        74,
        59,
        115,
        77,
        62,
        113,
        103,
        87,
        72,
        53,
        42,
        173,
        147,
        130,
        207,
        181,
        163,
        123,
        86,
        72,
        60,
        41,
        32,
        145,
        120,
        107,
        172,
        147,
        131,
        125,
        68,
        57,
        95,
        66,
        50,
        181,
        149,
        133
      ]
    },
    {
      "margin": false,
      "index": 5,
      "file": null,
      "u": 0.6666667,
      "v": 0.25,
      "uw": 0.333333343,
      "vh": 0.25,
      "width": 512,
      "height": 512,
      "descriptor": [
        87,
        77,
        60,
        134,
        126,
        108,
        133,
        130,
        118,
        121,
        103,
        83,
        79,
        60,
        50,
        110,
        100,
        88,
        155,
        147,
        130,
        118,
        104,
        86,
        139,
        124,
        108,
        118,
        108,
        94,
        110,
        95,
        81,
        91,
        73,
        58,
        87,
        63,
        50,
        106,
        82,
        61,
        156,
        142,
        125,
        88,
        70,
        59
      ]
    },
    {
      "margin": false,
      "index": 6,
      "file": null,
      "u": 0.0,
      "v": 0.5,
      "uw": 0.333333343,
      "vh": 0.25,
      "width": 512,
      "height": 512,
      "descriptor": [
        56,
        41,
        33,
        40,
        34,
        30,
        39,
        40,
        34,
        73,
        42,
        36,
        39,
        32,
        28,
        50,
        42,
        37,
        31,
        22,
        17,
        32,
        31,
        29,
        50,
        48,
        43,
        28,
        20,
        17,
        29,
        27,
        26,
        54,
        39,
        38,
        57,
        38,
        32,
        142,
        118,
        103,
        103,
        76,
        57,
        85,
        63,
        51
      ]
    },
    {
      "margin": false,
      "index": 7,
      "file": null,
      "u": 0.333333343,
      "v": 0.5,
      "uw": 0.333333343,
      "vh": 0.25,
      "width": 512,
      "height": 512,
      "descriptor": [
        78,
        60,
        53,
        54,
        36,
        30,
        54,
        27,
        20,
        67,
        37,
        31,
        47,
        37,
        32,
        45,
        40,
        37,
        79,
        53,
        40,
        69,
        51,
        44,
        41,
        34,
        28,
        43,
        33,
        30,
        87,
        79,
        64,
        105,
        86,
        70,
        24,
        24,
        22,
        29,
        35,
        32,
        84,
        57,
        48,
        85,
        65,
        52
      ]
    },
    {
      "margin": false,
      "index": 8,
      "file": null,
      "u": 0.6666667,
      "v": 0.5,
      "uw": 0.333333343,
      "vh": 0.25,
      "width": 512,
      "height": 512,
      "descriptor": [
        57,
        30,
        29,
        56,
        41,
        36,
        87,
        73,
        59,
        93,
        83,
        69,
        45,
        34,
        34,
        67,
        38,
        33,
        94,
        69,
        53,
        80,
        63,
        51,
        43,
        31,
        27,
        140,
        114,
        96,
        76,
        49,
        39,
        72,
        51,
        41,
        44,
        26,
        27,
        138,
        91,
        76,
        76,
        44,
        32,
        77,
        57,
        48
      ]
    },
    {
      "margin": false,
      "index": 9,
      "file": null,
      "u": 0.0,
      "v": 0.75,
      "uw": 0.333333343,
      "vh": 0.25,
      "width": 512,
      "height": 512,