{
  "title": "KOŠICKÝ CINTORÍN",
  "author": "KLIMKOVIČ, FRANTIŠEK",
  "year": "1849",
  "id": "SNG-0001009140",
  "width": 2048,
  "height": 1664,
  "file": "GNZ--M_103--1_1--2014_12_09--L2_WEB_19894.webp",
  "tiles_x": 3,
  "tiles_y": 3,
  "offset_x": 0.09375,
  "offset_y": 0.0,
  "tiles": [
    {
      "margin": false,
      "index": 6,
      "file": null,
      "u": 0.09375,
      "v": 0.0,
      "uw": 0.270833343,
      "vh": 0.333333343,
      "width": 554,
      "height": 554,
      "descriptor": [
        204,
        152,
        119,
        176,
        119,
        70,
        179,
        131,
        105,
        94,
        72,
        61,
        100,
        97,
        79,
        87,
        69,
        56,
        60,
        62,
        59,
        204,
        154,
        88,
        151,
        109,
        62,
        124,
        166,
        153,
        147,
        179,
        161,
        97,
        160,
        163,
        92,
        78,
        68,
        115,
        182,
        180,
        130,
        184,
        168,
        128,
        186,
        174
      ]
    },
    {
      "margin": false,
      "index": 7,
      "file": null,
      "u": 0.364583343,
      "v": 0.0,
      "uw": 0.270833343,
      "vh": 0.333333343,
      "width": 554,
      "height": 554,
      "descriptor": [
        167,
        121,
        64,
        160,
        109,
        61,
        108,
        82,
        57,
        111,
        81,
        61,
        195,
        155,
        96,
        205,
        159,
        89,
        201,
        164,
        100,
        177,
        146,
        93,
        101,
        166,
        170,
        90,
        159,
        162,
        104,
        167,
        166,
        91,
        162,
        165,
        143,
        189,
        175,
        138,
        189,
        175,
        189,
        214,
        188,
        155,
        194,
        177
      ]
    },
    {
      "margin": false,
      "index": 8,
      "file": null,
      "u": 0.6354167,
      "v": 0.0,
      "uw": 0.270833343,
      "vh": 0.333333343,
      "width": 554,
      "height": 554,
      "descriptor": [
        129,
        96,
        70,
        179,
        124,
        75,
        191,
        141,
        110,
        176,
        130,
        88,
        96,
        68,
        55,
        71,
        65,
        63,
        70,
        74,
        76,
        99,
        67,
        57,
        106,
        163,
        160,
        87,
        153,
        161,
        83,
        149,
        153,
        102,
        80,
        59,
        134,
        188,
        173,
        132,
        189,
        176,
        165,
        200,
        180,
        212,
        136,
        106
      ]
    },
    {
      "margin": false,
      "index": 9,
      "file": null,
      "u": 0.09375,
      "v": 0.333333343,
      "uw": 0.270833343,
      "vh": 0.333333343,
      "width": 554,
      "height": 554,
      "descriptor": [
        97,
        67,
        46,
        204,
        194,
        153,
        204,
        195,
        154,
        196,
        198,
        159,
        124,
        93,
        63,
        216,
        206,
        166,
        217,
        209,
        170,
        210,
        203,
        164,
        101,
        77,
        63,
        93,
        99,
        71,
        87,
        77,
        59,
        57,
        75,
        55,
        121,
        89,
        63,
        92,
        103,
        65,
        50,
        68,
        50,
        87,
        109,
        63
      ]
    },
    {
      "margin": false,
      "index": 10,
      "file": null,
      "u": 0.364583343,
      "v": 0.333333343,
      "uw": 0.270833343,
      "vh": 0.333333343,
      "width": 554,
      "height": 554,
      "descriptor": [
        183,
        194,
        163,
        174,
        194,
        164,
        164,
        163,
        114,
        182,
        184,
        131,
        203,
        196,
        156,
        195,
        196,
        159,
        186,
        189,
        155,
        124,
        138,
        119,
        81,
        109,
        56,
        72,
        81,
        51,
        60,
        94,
        58,
        147,
        142,
        119,
        98,
        104,
        53,
        116,
        129,
        56,
        127,
        127,
        59,
        141,
        146,
        126
      ]
    },
    {
      "margin": false,
      "index": 11,
      "file": null,
      "u": 0.6354167,
      "v": 0.333333343,
      "uw": 0.270833343,
      "vh": 0.333333343,
      "width": 554,
      "height": 554,
      "descriptor": [
        174,
        180,
        163,
        194,
        205,
        174,
        184,
        193,
        162,
        125,
        85,
        42,
        127,
        142,
        119,
        136,
        135,
        101,
        112,
        112,
        80,
        87,
        80,
        75,
        98,
        95,
        81,
        110,
        125,
        117,
        108,
        127,
        111,
        100,
        79,
        69,
        115,
        112,
        97,
        37,
        40,
        39,
        111,
        107,
        55,
        109,
        83,
        62
      ]
    },
    {
      "margin": false,
      "index": 12,
      "file": null,
      "u": 0.09375,
      "v": 0.6666667,
      "uw": 0.270833343,
      "vh": 0.333333343,
      "width": 554,
      "height": 554,
      "descriptor": [
        175,
        122,
        65,
        81,
        90,
        48,
        81,
        91,
        54,
        106,
        110,
        53,
        114,
        77,
        39,
        84,
        99,
        50,
        83,
        98,
        54,
        86,
        102,
        50,
        73,
        57,
        52,
        97,
        89,
        93,
        92,
        91,
        96,
        110,
        81,
        88,
        108,
        76,
        49,
        94,
        70,
        54,
        192,
        132,
        80,
        74,
        66,
        57
      ]
    },
    {
      "margin": false,
      "index": 13,
      "file": null,
      "u": 0.364583343,
      "v": 0.6666667,
      "uw": 0.270833343,
      "vh": 0.333333343,
      "width": 554,
      "height": 554,
      "descriptor": [
        74,
        86,
        54,
        82,
        97,
        49,
        109,
        122,
        51,
        137,
        135,
        74,
        116,
        119,
        52,
        122,
        124,
        52,
        109,
        121,
        66,
        141,
        131,
        76,
        255,
        226,
        165,
        255,
        202,
        160,
        254,
        225,
        164,
        255,
        242,
        206,
        103,
        73,
        47,
        96,
        75,
        62,
        118,
        83,
        56,
        71,
        67,
        61
      ]
    },
    {
      "margin": false,
      "index": 14,
      "file": null,
      "u": 0.6354167,
      "v": 0.6666667,
      "uw": 0.270833343,
      "vh": 0.333333343,
      "width": 554,
      "height": 554,
      "descriptor": [
        87,
        85,
        67,
        39,
        51,
        49,
        98,
        101,
        47,
        78,
        74,
        66,
        72,
        83,
        53,
        54,
        75,
        49,
        81,
        72,
        54,
        107,
        86,
        67,
        77,
        61,
        55,
        88,
        85,
        89,
        68,
        74,
        72,
        141,
        111,
        87,
        79,
        69,
        61,
        79,
        71,
        61,
        88,
        76,
        63,
        75,
        64,
        50
      ]
    }
  ],
  "margins": [
    {
      "margin": true,
      "index": 0,
      "file": null,
      "u": 0.0,
      "v": 0.0,
      "uw": 0.09375,
      "vh": 0.333333343,