{
  "title": "MUŠKÁT",
  "author": "SCHUBERT, JÚLIUS",
  "year": "1941",
  "id": "SNG-0001009598",
  "width": 1792,
  "height": 2048,
  "file": "GNZ--M_215--1_1--2014_12_10--L2_WEB_109475.webp",
  "tiles_x": 3,
  "tiles_y": 3,
  "offset_x": 0.0,
  "offset_y": 0.0625,
  "tiles": [
    {
      "margin": false,
      "index": 6,
      "file": null,
      "u": 0.0,
      "v": 0.0625,
      "uw": 0.3333333,
      "vh": 0.291666657,
      "width": 597,
      "height": 597,
      "descriptor": [
        45,
        51,
        47,
        50,
        52,
        48,
        60,
        57,
        52,
        46,
        50,
        47,
        62,
        63,
        59,
        48,
        52,
        48,
        50,
        49,
        46,
        43,
        46,
        43,
        76,
        66,
        61,
        48,
        52,
        48,
        45,
        46,
        42,
        50,
        52,
        49,
        62,
        59,
        52,
        58,
        61,
        58,
        40,
        47,
        44,
        39,
        43,
        41
      ]
    },
    {
      "margin": false,
      "index": 7,
      "file": null,
      "u": 0.3333333,
      "v": 0.0625,
      "uw": 0.3333333,
      "vh": 0.291666657,
      "width": 597,
      "height": 597,
      "descriptor": [
        44,
        47,
        44,
        143,
        63,
        56,
        124,
        57,
        60,
        78,
        61,
        55,
        51,
        52,
        48,
        145,
        50,
        50,
        152,
        59,
        58,
        69,
        60,
        52,
        48,
        49,
        44,
        37,
        45,
        44,
        51,
        53,
        50,
        81,
        72,
        68,
        40,
        46,
        43,
        48,
        49,
        46,
        65,
        63,
        58,
        50,
        51,
        46
      ]
    },
    {
      "margin": false,
      "index": 8,
      "file": null,
      "u": 0.6666666,
      "v": 0.0625,
      "uw": 0.3333333,
      "vh": 0.291666657,
      "width": 597,
      "height": 597,
      "descriptor": [
        56,
        53,
        48,
        54,
        52,
        48,
        45,
        53,
        50,
        37,
        47,
        45,
        60,
        54,
        48,
        53,
        53,
        49,
        54,
        56,
        52,
        52,
        55,
        50,
        57,
        56,
        51,
        50,
        54,
        49,
        57,
        60,
        56,
        39,
        41,
        38,
        50,
        53,
        50,
        42,
        49,
        44,
        53,
        52,
        48,
        37,
        47,
        44
      ]
    },
    {
      "margin": false,
      "index": 9,
      "file": null,
      "u": 0.0,
      "v": 0.354166657,
      "uw": 0.3333333,
      "vh": 0.291666657,
      "width": 597,
      "height": 597,
      "descriptor": [
        47,
        49,
        45,
        47,
        51,
        47,
        47,
        49,
        45,
        47,
        52,
        49,
        40,
        48,
        47,
        45,
        52,
        49,
        48,
        51,
        47,
        39,
        44,
        42,
        44,
        53,
        50,
        46,
        51,
        47,
        51,
        52,
        48,
        54,
        50,
        47,
        43,
        50,
        48,
        56,
        54,
        53,
        52,
        57,
        54,
        56,
        58,
        54
      ]
    },
    {
      "margin": false,
      "index": 10,
      "file": null,
      "u": 0.3333333,
      "v": 0.354166657,
      "uw": 0.3333333,
      "vh": 0.291666657,
      "width": 597,
      "height": 597,
      "descriptor": [
        96,
        112,
        80,
        109,
        129,
        96,
        93,
        116,
        91,
        45,
        64,
        59,
        85,
        112,
        83,
        61,
        90,
        71,
        49,
        55,
        51,
        42,
        51,
        47,
        43,
        47,
        42,
        68,
        97,
        77,
        87,
        101,
        82,
        83,
        105,
        82,
        41,
        48,
        44,
        107,
        117,
        107,
        97,
        123,
        93,
        88,
        115,
        88
      ]
    },
    {
      "margin": false,
      "index": 11,
      "file": null,
      "u": 0.6666666,
      "v": 0.354166657,
      "uw": 0.3333333,
      "vh": 0.291666657,
      "width": 597,
      "height": 597,
      "descriptor": [
        83,
        106,
        79,
        97,
        113,
        79,
        45,
        52,
        49,
        48,
        53,
        50,
        68,
        62,
        57,
        63,
        60,
        54,
        38,
        50,
        48,
        38,
        49,
        46,
        88,
        105,
        81,
        44,
        51,
        47,
        40,
        48,
        47,
        44,
        50,
        47,
        104,
        125,
        96,
        39,
        45,
        43,
        36,
        45,
        44,
        53,
        53,
        48
      ]
    },
    {
      "margin": false,
      "index": 12,
      "file": null,
      "u": 0.0,
      "v": 0.6458333,
      "uw": 0.3333333,
      "vh": 0.291666657,
      "width": 597,
      "height": 597,
      "descriptor": [
        53,
        60,
        56,
        53,
        55,
        52,
        43,
        52,
        50,
        47,
        54,
        52,
        44,
        53,
        49,
        62,
        65,
        63,
        52,
        58,
        55,
        52,
        59,
        57,
        46,
        58,
        53,
        82,
        82,
        74,
        197,
        183,
        162,
        212,
        189,
        162,
        47,
        60,
        57,
        176,
        155,
        130,
        199,
        175,
        145,
        208,
        188,
        162
      ]
    },
    {
      "margin": false,
      "index": 13,
      "file": null,
      "u": 0.3333333,
      "v": 0.6458333,
      "uw": 0.3333333,
      "vh": 0.291666657,
      "width": 597,
      "height": 597,
      "descriptor": [
        46,
        55,
        53,
        96,
        116,
        89,
        77,
        99,
        70,
        78,
        98,
        90,
        55,
        63,
        60,
        129,
        128,
        112,
        85,
        77,
        70,
        64,
        67,
        62,
        184,
        167,
        141,
        104,
        92,
        83,
        137,
        98,
        80,
        99,
        77,
        75,
        196,
        172,
        143,
        153,
        137,
        128,
        130,
        96,
        75,
        97,
        83,
        80
      ]
    },
    {
      "margin": false,
      "index": 14,
      "file": null,
      "u": 0.6666666,
      "v": 0.6458333,
      "uw": 0.3333333,
      "vh": 0.291666657,
      "width": 597,
      "height": 597,
      "descriptor": [
        49,
        55,
        52,
        37,
        48,
        46,
        45,
        52,
        50,
        44,
        47,
        45,
        59,
        67,
        63,
        47,
        56,
        54,
        46,
        56,
        53,
        43,
        51,
        49,
        188,
        170,
        148,
        152,
        139,
        131,
        86,
        74,
        66,
        138,
        113,
        80,
        107,
        103,
        97,
        177,
        162,
        146,
        201,
        182,
        158,
        123,
        103,
        75
      ]
    }
  ],
  "margins": [
    {
      "margin": true,
      "index": 0,
      "file": null,
      "u": 0.0,
      "v": 0.0,
      "uw": 0.3333333,
      "vh": 0.0625,
      "width": 597,
      "height": 128,
      "descriptor": null
    },
    {
      "margin": true,
      "index": 1,
      "file": null,
      "u": 0.0,
      "v": 0.9375,
      "uw": 0.3333333,