{
  "title": "KAČICE V POTOKU",
  "author": "NIZOZEMSKÝ AUTOR ZO 17. STOROČIA",
  "year": "(1620 - 1650)",
  "id": "SNG-0001009132",
  "width": 2048,
  "height": 1664,
  "file": "GNZ--M_131--1_1--2014_12_16--L2_WEB_71596.webp",
  "tiles_x": 3,
  "tiles_y": 3,
  "offset_x": 0.09375,
  "offset_y": 0.0,
  "tiles": [
    {
      "margin": false,
      "index": 6,
      "file": null,
      "u": 0.09375,
      "v": 0.0,
      "uw": 0.270833343,
      "vh": 0.333333343,
      "width": 554,
      "height": 554,
      "descriptor": [
        44,
        44,
        37,
        44,
        38,
        24,
        62,
        62,
        37,
        59,
        81,
        61,
        33,
        37,
        33,
        51,
        33,
        24,
        38,
        27,
        17,
        34,
        36,
        32,
        37,
        42,
        36,
        65,
        53,
        37,
        46,
        43,
        33,
        34,
        39,
        36,
        28,
        39,
        33,
        69,
        57,
        40,
        54,
        51,
        42,
        29,
        35,
        33
      ]
    },
    {
      "margin": false,
      "index": 7,
      "file": null,
      "u": 0.364583343,
      "v": 0.0,
      "uw": 0.270833343,
      "vh": 0.333333343,
      "width": 554,
      "height": 554,
      "descriptor": [
        63,
        61,
        40,
        108,
        93,
        58,
        120,
        103,
        66,
        109,
        91,
        56,
        31,
        29,
        21,
        43,
        55,
        40,
        46,
        48,
        38,
        99,
        81,
        59,
        35,
        40,
        33,
        43,
        35,
        23,
        27,
        32,
        25,
        36,
        41,
        30,
        32,
        36,
        26,
        35,
        35,
        26,
        53,
        56,
        47,
        87,
        73,
        52
      ]
    },
    {
      "margin": false,
      "index": 8,
      "file": null,
      "u": 0.6354167,
      "v": 0.0,
      "uw": 0.270833343,
      "vh": 0.333333343,
      "width": 554,
      "height": 554,
      "descriptor": [
        87,
        80,
        54,
        72,
        76,
        59,
        61,
        63,
        45,
        69,
        70,
        48,
        94,
        96,
        74,
        92,
        82,
        60,
        90,
        87,
        67,
        103,
        99,
        80,
        118,
        101,
        71,
        125,
        105,
        71,
        126,
        107,
        71,
        93,
        94,
        73,
        140,
        114,
        73,
        112,
        103,
        82,
        114,
        104,
        74,
        104,
        91,
        62
      ]
    },
    {
      "margin": false,
      "index": 9,
      "file": null,
      "u": 0.09375,
      "v": 0.333333343,
      "uw": 0.270833343,
      "vh": 0.333333343,
      "width": 554,
      "height": 554,
      "descriptor": [
        32,
        34,
        25,
        68,
        58,
        41,
        44,
        39,
        33,
        28,
        34,
        27,
        29,
        36,
        32,
        56,
        48,
        32,
        50,
        52,
        46,
        51,
        49,
        37,
        54,
        43,
        34,
        49,
        44,
        37,
        56,
        58,
        51,
        48,
        48,
        41,
        42,
        45,
        37,
        47,
        34,
        24,
        29,
        32,
        26,
        69,
        38,
        27
      ]
    },
    {
      "margin": false,
      "index": 10,
      "file": null,
      "u": 0.364583343,
      "v": 0.333333343,
      "uw": 0.270833343,
      "vh": 0.333333343,
      "width": 554,
      "height": 554,
      "descriptor": [
        36,
        42,
        29,
        54,
        45,
        38,
        43,
        42,
        38,
        91,
        83,
        61,
        61,
        50,
        36,
        50,
        51,
        41,
        39,
        43,
        37,
        35,
        45,
        38,
        68,
        55,
        33,
        53,
        49,
        38,
        44,
        45,
        39,
        41,
        43,
        35,
        84,
        45,
        34,
        57,
        39,
        31,
        44,
        43,
        33,
        37,
        45,
        36
      ]
    },
    {
      "margin": false,
      "index": 11,
      "file": null,
      "u": 0.6354167,
      "v": 0.333333343,
      "uw": 0.270833343,
      "vh": 0.333333343,
      "width": 554,
      "height": 554,
      "descriptor": [
        65,
        78,
        67,
        72,
        85,
        75,
        99,
        89,
        61,
        101,
        89,
        64,
        55,
        51,
        37,
        73,
        72,
        55,
        102,
        91,
        64,
        92,
        70,
        50,
        49,
        49,
        38,
        73,
        57,
        43,
        55,
        46,
        33,
        113,
        90,
        62,
        39,
        38,
        30,
        64,
        65,
        56,
        46,
        44,
        35,
        67,
        70,
        56
      ]
    },
    {
      "margin": false,
      "index": 12,
      "file": null,
      "u": 0.09375,
      "v": 0.6666667,
      "uw": 0.270833343,
      "vh": 0.333333343,
      "width": 554,
      "height": 554,
      "descriptor": [
        40,
        32,
        24,
        45,
        46,
        37,
        52,
        52,
        46,
        37,
        38,
        32,
        43,
        37,
        35,
        36,
        28,
        19,
        24,
        28,
        25,
        55,
        55,
        50,
        67,
        63,
        51,
        73,
        42,
        39,
        63,
        59,
        48,
        84,
        79,
        69,
        40,
        52,
        42,
        43,
        55,
        40,
        45,
        44,
        36,
        38,
        44,
        35
      ]
    },
    {
      "margin": false,
      "index": 13,
      "file": null,
      "u": 0.364583343,
      "v": 0.6666667,
      "uw": 0.270833343,
      "vh": 0.333333343,
      "width": 554,
      "height": 554,
      "descriptor": [
        88,
        71,
        60,
        62,
        58,
        51,
        75,
        52,
        39,
        67,
        54,
        47,
        85,
        56,
        47,
        59,
        55,
        48,
        83,
        56,
        45,
        27,
        26,
        20,
        47,
        41,
        31,
        52,
        61,
        50,
        48,
        52,
        42,
        39,
        39,
        29,
        59,
        69,
        57,
        40,
        36,
        26,
        64,
        73,
        64,
        89,
        68,
        48
      ]
    },
    {
      "margin": false,
      "index": 14,
      "file": null,
      "u": 0.6354167,
      "v": 0.6666667,
      "uw": 0.270833343,
      "vh": 0.333333343,
      "width": 554,
      "height": 554,
      "descriptor": [
        35,
        29,
        24,
        44,
        43,
        36,
        42,
        44,
        38,
        48,
        49,
        34,
        61,
        35,
        28,
        26,
        28,
        20,
        36,
        40,
        34,
        122,
        114,
        81,
        43,
        43,
        34,
        56,
        48,
        37,
        42,
        46,
        34,
        39,
        40,
        32,
        35,
        36,
        30,
        66,
        61,
        57,
        32,
        29,
        24,
        31,
        31,
        29
      ]
    }
  ],
  "margins": [
    {
      "margin": true,
      "index": 0,
      "file": null,
      "u": 0.0,
      "v": 0.0,
      "uw": 0.09375,
      "vh": 0.333333343,
      "width": 192,
      "height": 554,
      "descriptor": null
    },
    {
      "margin": true,
      "index": 1,
      "file": null,
      "u": 0.90625,
      "v": 0.0,