{
  "title": "SVÄTÝ LEOPOLD III. RAKÚSKY",
  "author": "KRACKER, JOHANN LUCAS",
  "year": "(1740 - 1760)",
  "id": "SNG-0001009456",
  "width": 1600,
  "height": 2048,
  "file": "GNZ--M_88--1_1--2014_12_04--L2_WEB_16026.webp",
  "tiles_x": 3,
  "tiles_y": 3,
  "offset_x": 0.0,
  "offset_y": 0.109375,
  "tiles": [
    {
      "margin": false,
      "index": 6,
      "file": null,
      "u": 0.0,
      "v": 0.109375,
      "uw": 0.3333333,
      "vh": 0.260416657,
      "width": 533,
      "height": 533,
      "descriptor": [
        138,
        110,
        71,
        148,
        117,
        68,
        105,
        90,
        52,
        105,
        90,
        55,
        184,
        140,
        82,
        152,
        118,
        64,
        204,
        166,
        106,
        74,
        57,
        51,
        187,
        143,
        88,
        146,
        111,
        58,
        202,
        162,
        103,
        89,
        63,
        53,
        176,
        125,
        67,
        157,
        123,
        61,
        205,
        168,
        108,
        98,
        65,
        57
      ]
    },
    {
      "margin": false,
      "index": 7,
      "file": null,
      "u": 0.3333333,
      "v": 0.109375,
      "uw": 0.3333333,
      "vh": 0.260416657,
      "width": 533,
      "height": 533,
      "descriptor": [
        92,
        72,
        48,
        108,
        86,
        61,
        101,
        85,
        55,
        103,
        85,
        62,
        93,
        68,
        61,
        99,
        73,
        64,
        97,
        70,
        61,
        92,
        62,
        56,
        153,
        121,
        101,
        139,
        131,
        122,
        84,
        76,
        71,
        137,
        103,
        93,
        143,
        108,
        89,
        141,
        94,
        76,
        99,
        65,
        59,
        84,
        72,
        69
      ]
    },
    {
      "margin": false,
      "index": 8,
      "file": null,
      "u": 0.6666666,
      "v": 0.109375,
      "uw": 0.3333333,
      "vh": 0.260416657,
      "width": 533,
      "height": 533,
      "descriptor": [
        141,
        110,
        78,
        117,
        94,
        55,
        168,
        127,
        70,
        121,
        89,
        40,
        113,
        83,
        70,
        204,
        165,
        105,
        173,
        133,
        78,
        203,
        146,
        63,
        96,
        77,
        67,
        192,
        148,
        88,
        162,
        125,
        70,
        242,
        199,
        114,
        102,
        79,
        66,
        200,
        163,
        104,
        161,
        123,
        71,
        212,
        148,
        77
      ]
    },
    {
      "margin": false,
      "index": 9,
      "file": null,
      "u": 0.0,
      "v": 0.369791657,
      "uw": 0.3333333,
      "vh": 0.260416657,
      "width": 533,
      "height": 533,
      "descriptor": [
        194,
        162,
        117,
        165,
        125,
        70,
        198,
        156,
        97,
        75,
        55,
        47,
        211,
        178,
        126,
        167,
        125,
        67,
        200,
        162,
        103,
        88,
        55,
        47,
        254,
        219,
        161,
        162,
        121,
        69,
        199,
        158,
        99,
        100,
        64,
        60,
        216,
        164,
        104,
        151,
        114,
        66,
        202,
        162,
        100,
        94,
        67,
        61
      ]
    },
    {
      "margin": false,
      "index": 10,
      "file": null,
      "u": 0.3333333,
      "v": 0.369791657,
      "uw": 0.3333333,
      "vh": 0.260416657,
      "width": 533,
      "height": 533,
      "descriptor": [
        143,
        113,
        93,
        137,
        84,
        69,
        118,
        78,
        69,
        59,
        66,
        66,
        113,
        72,
        64,
        172,
        150,
        135,
        115,
        107,
        103,
        105,
        75,
        72,
        94,
        67,
        61,
        155,
        139,
        127,
        88,
        76,
        72,
        103,
        84,
        76,
        169,
        159,
        150,
        175,
        170,
        160,
        182,
        177,
        166,
        170,
        163,
        154
      ]
    },
    {
      "margin": false,
      "index": 11,
      "file": null,
      "u": 0.6666666,
      "v": 0.369791657,
      "uw": 0.3333333,
      "vh": 0.260416657,
      "width": 533,
      "height": 533,
      "descriptor": [
        96,
        66,
        54,
        192,
        154,
        95,
        162,
        122,
        63,
        235,
        185,
        118,
        66,
        69,
        68,
        199,
        162,
        105,
        165,
        120,
        57,
        158,
        117,
        74,
        125,
        122,
        113,
        195,
        161,
        103,
        182,
        135,
        76,
        201,
        154,
        87,
        151,
        144,
        141,
        195,
        159,
        100,
        183,
        131,
        69,
        187,
        110,
        85
      ]
    },
    {
      "margin": false,
      "index": 12,
      "file": null,
      "u": 0.0,
      "v": 0.6302083,
      "uw": 0.3333333,
      "vh": 0.260416657,
      "width": 533,
      "height": 533,
      "descriptor": [
        163,
        124,
        68,
        168,
        123,
        59,
        195,
        151,
        91,
        181,
        165,
        151,
        139,
        109,
        56,
        147,
        113,
        60,
        209,
        169,
        108,
        169,
        157,
        147,
        123,
        92,
        50,
        158,
        118,
        66,
        205,
        165,
        104,
        119,
        93,
        70,
        146,
        102,
        50,
        168,
        121,
        60,
        172,
        124,
        68,
        189,
        137,
        71
      ]
    },
    {
      "margin": false,
      "index": 13,
      "file": null,
      "u": 0.3333333,
      "v": 0.6302083,
      "uw": 0.3333333,
      "vh": 0.260416657,
      "width": 533,
      "height": 533,
      "descriptor": [
        174,
        163,
        148,
        180,
        165,
        151,
        194,
        151,
        129,
        117,
        79,
        68,
        172,
        155,
        136,
        183,
        170,
        157,
        105,
        86,
        82,
        94,
        57,
        54,
        164,
        154,
        140,
        160,
        148,
        143,
        124,
        105,
        99,
        88,
        78,
        74,
        164,
        109,
        53,
        146,
        100,
        40,
        135,
        103,
        59,
        142,
        103,
        54
      ]
    },
    {
      "margin": false,
      "index": 14,
      "file": null,
      "u": 0.6666666,
      "v": 0.6302083,
      "uw": 0.3333333,
      "vh": 0.260416657,
      "width": 533,
      "height": 533,
      "descriptor": [
        137,
        115,
        109,
        202,
        165,
        106,
        160,
        119,
        63,
        206,
        193,
        124,
        112,
        88,
        59,
        208,
        170,
        113,
        168,
        124,
        63,
        160,
        118,
        83,
        126,
        81,
        67,
        196,
        156,
        92,
        163,
        118,
        64,
        102,
        63,
        41,
        144,
        103,
        57,
        128,
        94,
        52,
        178,
        133,
        69,
        96,
        55,
        28
      ]
    }
  ],
  "margins": [
    {
      "margin": true,
      "index": 0,
      "file": null,
      "u": 0.0,
      "v": 0.0,