{
  "title": "STROMY",
  "author": "MURMANN, JOZEF ARPÁD",
  "year": "(1915 - 1925)",
  "id": "SNG-0001009337",
  "width": 1664,
  "height": 2048,
  "file": "GNZ--M_145--1_1--2014_11_26--L2_WEB_68123.webp",
  "tiles_x": 3,
  "tiles_y": 3,
  "offset_x": 0.0,
  "offset_y": 0.09375,
  "tiles": [
    {
      "margin": false,
      "index": 6,
      "file": null,
      "u": 0.0,
      "v": 0.09375,
      "uw": 0.333333343,
      "vh": 0.270833343,
      "width": 554,
      "height": 554,
      "descriptor": [
        125,
        104,
        76,
        206,
        170,
        115,
        159,
        180,
        166,
        162,
        169,
        153,
        142,
        126,
        90,
        208,
        168,
        114,
        185,
        195,
        181,
        174,
        181,
        162,
        182,
        146,
        94,
        163,
        129,
        85,
        156,
        164,
        137,
        171,
        172,
        147,
        140,
        117,
        84,
        179,
        143,
        97,
        192,
        186,
        163,
        103,
        118,
        90
      ]
    },
    {
      "margin": false,
      "index": 7,
      "file": null,
      "u": 0.333333343,
      "v": 0.09375,
      "uw": 0.333333343,
      "vh": 0.270833343,
      "width": 554,
      "height": 554,
      "descriptor": [
        141,
        157,
        147,
        149,
        168,
        159,
        153,
        168,
        151,
        151,
        148,
        138,
        98,
        122,
        122,
        170,
        183,
        167,
        145,
        165,
        158,
        174,
        185,
        175,
        84,
        101,
        96,
        141,
        155,
        143,
        148,
        134,
        112,
        105,
        129,
        115,
        55,
        69,
        69,
        166,
        167,
        135,
        104,
        117,
        88,
        113,
        125,
        123
      ]
    },
    {
      "margin": false,
      "index": 8,
      "file": null,
      "u": 0.6666667,
      "v": 0.09375,
      "uw": 0.333333343,
      "vh": 0.270833343,
      "width": 554,
      "height": 554,
      "descriptor": [
        159,
        166,
        163,
        158,
        161,
        155,
        202,
        166,
        110,
        195,
        158,
        108,
        134,
        158,
        147,
        134,
        133,
        128,
        205,
        168,
        111,
        179,
        156,
        106,
        105,
        139,
        119,
        164,
        169,
        146,
        208,
        172,
        124,
        167,
        137,
        95,
        122,
        134,
        117,
        117,
        109,
        101,
        172,
        140,
        95,
        170,
        137,
        95
      ]
    },
    {
      "margin": false,
      "index": 9,
      "file": null,
      "u": 0.0,
      "v": 0.364583343,
      "uw": 0.333333343,
      "vh": 0.270833343,
      "width": 554,
      "height": 554,
      "descriptor": [
        157,
        131,
        87,
        183,
        148,
        88,
        166,
        171,
        149,
        57,
        80,
        81,
        167,
        142,
        92,
        192,
        157,
        102,
        108,
        113,
        90,
        72,
        87,
        85,
        136,
        114,
        77,
        200,
        167,
        105,
        88,
        84,
        87,
        82,
        92,
        86,
        183,
        158,
        99,
        135,
        105,
        78,
        117,
        130,
        92,
        94,
        108,
        103
      ]
    },
    {
      "margin": false,
      "index": 10,
      "file": null,
      "u": 0.333333343,
      "v": 0.364583343,
      "uw": 0.333333343,
      "vh": 0.270833343,
      "width": 554,
      "height": 554,
      "descriptor": [
        51,
        79,
        79,
        172,
        178,
        131,
        123,
        142,
        116,
        105,
        120,
        106,
        61,
        77,
        73,
        157,
        165,
        140,
        140,
        149,
        118,
        96,
        108,
        88,
        103,
        111,
        101,
        70,
        91,
        88,
        109,
        122,
        95,
        67,
        90,
        88,
        57,
        74,
        72,
        61,
        75,
        74,
        69,
        86,
        86,
        84,
        103,
        100
      ]
    },
    {
      "margin": false,
      "index": 11,
      "file": null,
      "u": 0.6666667,
      "v": 0.364583343,
      "uw": 0.333333343,
      "vh": 0.270833343,
      "width": 554,
      "height": 554,
      "descriptor": [
        120,
        135,
        126,
        112,
        131,
        126,
        155,
        120,
        83,
        151,
        125,
        93,
        195,
        198,
        174,
        156,
        172,
        144,
        176,
        135,
        88,
        166,
        127,
        86,
        112,
        117,
        94,
        102,
        120,
        114,
        186,
        149,
        96,
        122,
        95,
        63,
        138,
        150,
        126,
        120,
        137,
        117,
        197,
        159,
        107,
        126,
        109,
        72
      ]
    },
    {
      "margin": false,
      "index": 12,
      "file": null,
      "u": 0.0,
      "v": 0.6354167,
      "uw": 0.333333343,
      "vh": 0.270833343,
      "width": 554,
      "height": 554,
      "descriptor": [
        151,
        120,
        83,
        143,
        116,
        85,
        100,
        110,
        92,
        65,
        80,
        71,
        150,
        119,
        79,
        144,
        109,
        78,
        120,
        101,
        76,
        106,
        114,
        96,
        155,
        130,
        93,
        120,
        95,
        60,
        92,
        113,
        98,
        82,
        106,
        76,
        156,
        129,
        84,
        142,
        115,
        76,
        106,
        121,
        112,
        84,
        95,
        84
      ]
    },
    {
      "margin": false,
      "index": 13,
      "file": null,
      "u": 0.333333343,
      "v": 0.6354167,
      "uw": 0.333333343,
      "vh": 0.270833343,
      "width": 554,
      "height": 554,
      "descriptor": [
        85,
        102,
        98,
        74,
        87,
        92,
        82,
        91,
        87,
        90,
        100,
        86,
        106,
        110,
        76,
        119,
        132,
        105,
        130,
        143,
        123,
        116,
        119,
        79,
        100,
        95,
        73,
        78,
        102,
        66,
        103,
        108,
        90,
        175,
        173,
        135,
        130,
        142,
        120,
        103,
        116,
        101,
        118,
        136,
        93,
        113,
        132,
        106
      ]
    },
    {
      "margin": false,
      "index": 14,
      "file": null,
      "u": 0.6666667,
      "v": 0.6354167,
      "uw": 0.333333343,
      "vh": 0.270833343,
      "width": 554,
      "height": 554,
      "descriptor": [
        91,
        96,
        91,
        130,
        138,
        112,
        186,
        150,
        97,
        178,
        148,
        94,
        116,
        120,
        113,
        158,
        157,
        95,
        140,
        102,
        70,
        191,
        152,
        104,
        168,
        169,
        140,
        142,
        145,
        105,
        134,
        108,
        80,
        187,
        156,
        113,
        121,
        141,
        91,
        96,
        131,
        87,
        149,
        117,
        79,
        194,
        162,
        105
      ]
    }
  ],
  "margins": [
    {
      "margin": true,
      "index": 0,