{
  "title": "BEŽIACI PES",
  "author": "KRÜGER, FRANZ",
  "year": "(1830 - 1850)",
  "id": "SNG-0001009233",
  "width": 2048,
  "height": 1728,
  "file": "GNZ--M_119--1_1--2014_12_15--L2_WEB_102531.webp",
  "tiles_x": 3,
  "tiles_y": 3,
  "offset_x": 0.078125,
  "offset_y": 0.0,
  "tiles": [
    {
      "margin": false,
      "index": 6,
      "file": null,
      "u": 0.078125,
      "v": 0.0,
      "uw": 0.28125,
      "vh": 0.333333343,
      "width": 576,
      "height": 576,
      "descriptor": [
        122,
        92,
        32,
        110,
        81,
        41,
        113,
        87,
        30,
        144,
        111,
        49,
        104,
        93,
        77,
        107,
        96,
        79,
        97,
        86,
        72,
        72,
        66,
        56,
        117,
        108,
        88,
        108,
        97,
        82,
        106,
        96,
        79,
        102,
        87,
        72,
        120,
        106,
        80,
        100,
        89,
        72,
        99,
        88,
        73,
        94,
        82,
        66
      ]
    },
    {
      "margin": false,
      "index": 7,
      "file": null,
      "u": 0.359375,
      "v": 0.0,
      "uw": 0.28125,
      "vh": 0.333333343,
      "width": 576,
      "height": 576,
      "descriptor": [
        146,
        118,
        57,
        122,
        95,
        31,
        184,
        142,
        59,
        113,
        92,
        35,
        56,
        54,
        49,
        61,
        63,
        55,
        46,
        46,
        38,
        50,
        49,
        44,
        82,
        72,
        60,
        74,
        70,
        62,
        69,
        65,
        56,
        51,
        50,
        45,
        115,
        100,
        75,
        111,
        103,
        82,
        72,
        68,
        60,
        45,
        48,
        43
      ]
    },
    {
      "margin": false,
      "index": 8,
      "file": null,
      "u": 0.640625,
      "v": 0.0,
      "uw": 0.28125,
      "vh": 0.333333343,
      "width": 576,
      "height": 576,
      "descriptor": [
        147,
        113,
        43,
        151,
        115,
        29,
        127,
        101,
        23,
        152,
        122,
        41,
        47,
        49,
        43,
        53,
        52,
        45,
        65,
        64,
        57,
        55,
        58,
        51,
        49,
        48,
        43,
        46,
        45,
        38,
        61,
        65,
        57,
        48,
        60,
        55,
        56,
        57,
        49,
        46,
        69,
        65,
        40,
        67,
        66,
        50,
        70,
        69
      ]
    },
    {
      "margin": false,
      "index": 9,
      "file": null,
      "u": 0.078125,
      "v": 0.333333343,
      "uw": 0.28125,
      "vh": 0.333333343,
      "width": 576,
      "height": 576,
      "descriptor": [
        104,
        92,
        80,
        89,
        79,
        68,
        124,
        109,
        82,
        117,
        104,
        82,
        102,
        96,
        81,
        100,
        88,
        75,
        26,
        29,
        29,
        29,
        29,
        28,
        102,
        94,
        81,
        115,
        106,
        90,
        106,
        85,
        62,
        49,
        50,
        42,
        48,
        58,
        52,
        53,
        73,
        68,
        81,
        63,
        50,
        47,
        44,
        42
      ]
    },
    {
      "margin": false,
      "index": 10,
      "file": null,
      "u": 0.359375,
      "v": 0.333333343,
      "uw": 0.28125,
      "vh": 0.333333343,
      "width": 576,
      "height": 576,
      "descriptor": [
        115,
        102,
        72,
        114,
        99,
        78,
        77,
        73,
        65,
        52,
        50,
        44,
        40,
        45,
        43,
        33,
        38,
        36,
        37,
        43,
        39,
        36,
        38,
        37,
        50,
        52,
        48,
        25,
        34,
        32,
        30,
        33,
        30,
        33,
        37,
        33,
        42,
        47,
        45,
        24,
        25,
        23,
        28,
        33,
        31,
        40,
        53,
        47
      ]
    },
    {
      "margin": false,
      "index": 11,
      "file": null,
      "u": 0.640625,
      "v": 0.333333343,
      "uw": 0.28125,
      "vh": 0.333333343,
      "width": 576,
      "height": 576,
      "descriptor": [
        60,
        58,
        51,
        43,
        53,
        48,
        37,
        41,
        40,
        34,
        63,
        66,
        24,
        27,
        27,
        36,
        37,
        29,
        71,
        72,
        64,
        53,
        71,
        70,
        37,
        29,
        27,
        28,
        34,
        32,
        74,
        72,
        61,
        101,
        90,
        68,
        48,
        59,
        53,
        36,
        43,
        41,
        52,
        63,
        52,
        50,
        52,
        37
      ]
    },
    {
      "margin": false,
      "index": 12,
      "file": null,
      "u": 0.078125,
      "v": 0.6666667,
      "uw": 0.28125,
      "vh": 0.333333343,
      "width": 576,
      "height": 576,
      "descriptor": [
        79,
        76,
        59,
        78,
        70,
        54,
        63,
        62,
        49,
        40,
        47,
        44,
        89,
        78,
        63,
        101,
        91,
        68,
        81,
        68,
        51,
        86,
        76,
        60,
        78,
        66,
        55,
        80,
        67,
        52,
        88,
        74,
        57,
        87,
        70,
        53,
        148,
        114,
        41,
        134,
        109,
        46,
        151,
        116,
        43,
        165,
        129,
        50
      ]
    },
    {
      "margin": false,
      "index": 13,
      "file": null,
      "u": 0.359375,
      "v": 0.6666667,
      "uw": 0.28125,
      "vh": 0.333333343,
      "width": 576,
      "height": 576,
      "descriptor": [
        37,
        42,
        39,
        59,
        59,
        55,
        54,
        56,
        49,
        53,
        55,
        50,
        97,
        85,
        64,
        89,
        76,
        59,
        89,
        77,
        61,
        97,
        81,
        59,
        83,
        69,
        55,
        56,
        43,
        32,
        69,
        56,
        44,
        73,
        75,
        58,
        133,
        102,
        44,
        152,
        113,
        45,
        141,
        111,
        53,
        149,
        111,
        29
      ]
    },
    {
      "margin": false,
      "index": 14,
      "file": null,
      "u": 0.640625,
      "v": 0.6666667,
      "uw": 0.28125,
      "vh": 0.333333343,
      "width": 576,
      "height": 576,
      "descriptor": [
        43,
        42,
        37,
        54,
        53,
        43,
        59,
        53,
        42,
        74,
        63,
        49,
        95,
        96,
        60,
        67,
        72,
        60,
        49,
        48,
        44,
        48,
        47,
        42,
        60,
        58,
        50,
        50,
        54,
        44,
        61,
        58,
        54,
        64,
        61,
        53,
        138,
        105,
        27,
        143,
        112,
        39,
        118,
        89,
        54,
        135,
        101,
        50
      ]
    }
  ],
  "margins": [
    {
      "margin": true,
      "index": 0,
      "file": null,
      "u": 0.0,
      "v": 0.0,
      "uw": 0.078125,
      "vh": 0.333333343,
      "width": 160,
      "height": 576,
      "descriptor": null
    },
    {
      "margin": true,
      "index": 1,
      "file": null,
      "u": 0.921875,
      "v": 0.0,