{
  "title": "NAPÁJANIE KRÁV",
  "author": "ABA-NOVÁK, VILMOS",
  "year": "1927",
  "id": "SNG-0001009684",
  "width": 2048,
  "height": 1728,
  "file": "GNZ--M_82--1_1--2014_12_10--L2_WEB_110686.webp",
  "tiles_x": 3,
  "tiles_y": 3,
  "offset_x": 0.078125,
  "offset_y": 0.0,
  "tiles": [
    {
      "margin": false,
      "index": 6,
      "file": null,
      "u": 0.078125,
      "v": 0.0,
      "uw": 0.28125,
      "vh": 0.333333343,
      "width": 576,
      "height": 576,
      "descriptor": [
        249,
        230,
        195,
        255,
        237,
        195,
        220,
        209,
        168,
        226,
        209,
        181,
        247,
        230,
        186,
        249,
        235,
        213,
        206,
        195,
        172,
        218,
        202,
        185,
        252,
        229,
        185,
        250,
        230,
        203,
        236,
        220,
        197,
        214,
        194,
        172,
        243,
        220,
        178,
        222,
        203,
        182,
        171,
        132,
        135,
        211,
        179,
        168
      ]
    },
    {
      "margin": false,
      "index": 7,
      "file": null,
      "u": 0.359375,
      "v": 0.0,
      "uw": 0.28125,
      "vh": 0.333333343,
      "width": 576,
      "height": 576,
      "descriptor": [
        221,
        209,
        192,
        184,
        192,
        206,
        199,
        188,
        166,
        170,
        177,
        178,
        198,
        183,
        156,
        218,
        186,
        169,
        103,
        91,
        89,
        201,
        189,
        166,
        111,
        114,
        117,
        251,
        232,
        200,
        214,
        195,
        157,
        232,
        217,
        188,
        158,
        151,
        103,
        155,
        146,
        100,
        153,
        161,
        122,
        105,
        108,
        84
      ]
    },
    {
      "margin": false,
      "index": 8,
      "file": null,
      "u": 0.640625,
      "v": 0.0,
      "uw": 0.28125,
      "vh": 0.333333343,
      "width": 576,
      "height": 576,
      "descriptor": [
        189,
        184,
        176,
        185,
        172,
        142,
        209,
        205,
        200,
        225,
        209,
        167,
        213,
        180,
        126,
        147,
        123,
        131,
        188,
        183,
        171,
        187,
        189,
        188,
        99,
        75,
        81,
        61,
        59,
        65,
        199,
        174,
        132,
        223,
        214,
        190,
        122,
        129,
        84,
        96,
        78,
        81,
        48,
        64,
        67,
        96,
        87,
        68
      ]
    },
    {
      "margin": false,
      "index": 9,
      "file": null,
      "u": 0.078125,
      "v": 0.333333343,
      "uw": 0.28125,
      "vh": 0.333333343,
      "width": 576,
      "height": 576,
      "descriptor": [
        161,
        113,
        117,
        156,
        126,
        128,
        199,
        147,
        138,
        173,
        148,
        110,
        220,
        182,
        85,
        193,
        171,
        97,
        172,
        166,
        115,
        200,
        159,
        103,
        211,
        166,
        141,
        206,
        171,
        153,
        186,
        171,
        133,
        234,
        199,
        78,
        175,
        118,
        112,
        219,
        189,
        158,
        167,
        127,
        80,
        146,
        133,
        132
      ]
    },
    {
      "margin": false,
      "index": 10,
      "file": null,
      "u": 0.359375,
      "v": 0.333333343,
      "uw": 0.28125,
      "vh": 0.333333343,
      "width": 576,
      "height": 576,
      "descriptor": [
        178,
        140,
        116,
        142,
        129,
        121,
        208,
        137,
        131,
        154,
        131,
        134,
        199,
        155,
        93,
        220,
        179,
        48,
        224,
        171,
        31,
        146,
        151,
        59,
        241,
        192,
        63,
        142,
        137,
        100,
        189,
        165,
        66,
        156,
        53,
        54,
        143,
        136,
        99,
        194,
        169,
        154,
        187,
        152,
        143,
        145,
        124,
        123
      ]
    },
    {
      "margin": false,
      "index": 11,
      "file": null,
      "u": 0.640625,
      "v": 0.333333343,
      "uw": 0.28125,
      "vh": 0.333333343,
      "width": 576,
      "height": 576,
      "descriptor": [
        51,
        64,
        66,
        92,
        62,
        51,
        65,
        73,
        40,
        22,
        45,
        60,
        121,
        135,
        57,
        114,
        78,
        61,
        173,
        133,
        61,
        154,
        97,
        26,
        148,
        103,
        50,
        137,
        99,
        70,
        135,
        110,
        54,
        175,
        158,
        137,
        199,
        150,
        141,
        142,
        124,
        106,
        147,
        126,
        111,
        116,
        114,
        130
      ]
    },
    {
      "margin": false,
      "index": 12,
      "file": null,
      "u": 0.078125,
      "v": 0.6666667,
      "uw": 0.28125,
      "vh": 0.333333343,
      "width": 576,
      "height": 576,
      "descriptor": [
        174,
        124,
        82,
        161,
        116,
        59,
        164,
        136,
        130,
        139,
        104,
        81,
        169,
        124,
        108,
        184,
        149,
        124,
        126,
        98,
        91,
        155,
        138,
        113,
        170,
        145,
        74,
        183,
        121,
        96,
        137,
        106,
        58,
        166,
        113,
        31,
        117,
        102,
        86,
        120,
        106,
        98,
        96,
        91,
        87,
        125,
        106,
        107
      ]
    },
    {
      "margin": false,
      "index": 13,
      "file": null,
      "u": 0.359375,
      "v": 0.6666667,
      "uw": 0.28125,
      "vh": 0.333333343,
      "width": 576,
      "height": 576,
      "descriptor": [
        152,
        97,
        83,
        235,
        206,
        165,
        107,
        63,
        64,
        69,
        69,
        87,
        124,
        112,
        111,
        69,
        77,
        95,
        115,
        91,
        80,
        224,
        206,
        186,
        182,
        131,
        76,
        169,
        111,
        87,
        127,
        75,
        68,
        109,
        86,
        104,
        131,
        108,
        110,
        187,
        102,
        82,
        193,
        117,
        79,
        138,
        110,
        103
      ]
    },
    {
      "margin": false,
      "index": 14,
      "file": null,
      "u": 0.640625,
      "v": 0.6666667,
      "uw": 0.28125,
      "vh": 0.333333343,
      "width": 576,
      "height": 576,
      "descriptor": [
        167,
        103,
        107,
        128,
        106,
        102,
        172,
        155,
        135,
        183,
        125,
        123,
        164,
        125,
        124,
        186,
        173,
        166,
        143,
        134,
        136,
        146,
        133,
        114,
        78,
        53,
        61,
        155,
        133,
        128,
        156,
        137,
        125,
        160,
        114,
        117,
        158,
        121,
        103,
        191,
        152,
        111,
        194,
        131,
        88,
        195,
        188,
        173
      ]
    }
  ],
  "margins": [
    {
      "margin": true,
      "index": 0,
      "file": null,