{
  "title": "RODINA SAGAROVCOV",
  "author": "PERGER, JOHANN",
  "year": "1843",
  "id": "SNG-0001009210",
  "width": 2048,
  "height": 1408,
  "file": "GNZ--M_549--1_1--2014_12_08--L2_WEB_109340.webp",
  "tiles_x": 4,
  "tiles_y": 3,
  "offset_x": 0.0416666567,
  "offset_y": 0.0,
  "tiles": [
    {
      "margin": false,
      "index": 6,
      "file": null,
      "u": 0.0416666567,
      "v": 0.0,
      "uw": 0.229166672,
      "vh": 0.333333343,
      "width": 469,
      "height": 469,
      "descriptor": [
        124,
        119,
        98,
        123,
        120,
        101,
        77,
        79,
        67,
        83,
        79,
        66,
        119,
        114,
        95,
        118,
        114,
        97,
        75,
        77,
        65,
        83,
        82,
        70,
        115,
        113,
        95,
        101,
        98,
        78,
        80,
        82,
        71,
        89,
        85,
        69,
        45,
        53,
        50,
        131,
        115,
        95,
        66,
        70,
        61,
        86,
        78,
        62
      ]
    },
    {
      "margin": false,
      "index": 7,
      "file": null,
      "u": 0.2708333,
      "v": 0.0,
      "uw": 0.229166672,
      "vh": 0.333333343,
      "width": 469,
      "height": 469,
      "descriptor": [
        94,
        89,
        72,
        105,
        104,
        84,
        116,
        116,
        96,
        125,
        128,
        111,
        98,
        96,
        78,
        97,
        99,
        82,
        125,
        129,
        109,
        167,
        167,
        139,
        89,
        87,
        71,
        87,
        86,
        69,
        110,
        110,
        91,
        161,
        170,
        156,
        89,
        88,
        71,
        90,
        88,
        72,
        120,
        121,
        102,
        167,
        172,
        152
      ]
    },
    {
      "margin": false,
      "index": 8,
      "file": null,
      "u": 0.5,
      "v": 0.0,
      "uw": 0.229166672,
      "vh": 0.333333343,
      "width": 469,
      "height": 469,
      "descriptor": [
        121,
        123,
        107,
        121,
        121,
        105,
        134,
        134,
        115,
        128,
        129,
        111,
        99,
        99,
        88,
        101,
        102,
        90,
        108,
        108,
        96,
        114,
        104,
        84,
        99,
        101,
        89,
        116,
        114,
        99,
        86,
        87,
        77,
        95,
        91,
        78,
        104,
        109,
        100,
        166,
        159,
        136,
        95,
        98,
        90,
        90,
        85,
        74
      ]
    },
    {
      "margin": false,
      "index": 9,
      "file": null,
      "u": 0.7291666,
      "v": 0.0,
      "uw": 0.229166672,
      "vh": 0.333333343,
      "width": 469,
      "height": 469,
      "descriptor": [
        124,
        120,
        100,
        89,
        88,
        78,
        80,
        78,
        65,
        147,
        142,
        122,
        135,
        129,
        110,
        97,
        96,
        80,
        149,
        149,
        129,
        134,
        128,
        109,
        127,
        124,
        105,
        108,
        103,
        88,
        169,
        170,
        150,
        164,
        162,
        140,
        78,
        64,
        60,
        101,
        96,
        82,
        160,
        157,
        129,
        159,
        158,
        135
      ]
    },
    {
      "margin": false,
      "index": 10,
      "file": null,
      "u": 0.0416666567,
      "v": 0.333333343,
      "uw": 0.229166672,
      "vh": 0.333333343,
      "width": 469,
      "height": 469,
      "descriptor": [
        64,
        62,
        50,
        59,
        63,
        59,
        72,
        71,
        62,
        146,
        131,
        113,
        81,
        57,
        47,
        62,
        68,
        62,
        55,
        58,
        53,
        96,
        105,
        97,
        51,
        44,
        42,
        76,
        59,
        46,
        49,
        45,
        44,
        38,
        59,
        56,
        62,
        48,
        42,
        87,
        67,
        48,
        94,
        55,
        44,
        50,
        41,
        40
      ]
    },
    {
      "margin": false,
      "index": 11,
      "file": null,
      "u": 0.2708333,
      "v": 0.333333343,
      "uw": 0.229166672,
      "vh": 0.333333343,
      "width": 469,
      "height": 469,
      "descriptor": [
        91,
        92,
        76,
        106,
        108,
        86,
        108,
        112,
        96,
        157,
        163,
        143,
        91,
        91,
        77,
        101,
        99,
        84,
        161,
        151,
        131,
        153,
        159,
        139,
        57,
        52,
        50,
        124,
        127,
        116,
        58,
        65,
        61,
        151,
        141,
        115,
        151,
        128,
        101,
        135,
        132,
        114,
        37,
        54,
        52,
        157,
        147,
        127
      ]
    },
    {
      "margin": false,
      "index": 12,
      "file": null,
      "u": 0.5,
      "v": 0.333333343,
      "uw": 0.229166672,
      "vh": 0.333333343,
      "width": 469,
      "height": 469,
      "descriptor": [
        99,
        103,
        97,
        177,
        172,
        153,
        97,
        97,
        89,
        88,
        83,
        72,
        143,
        132,
        119,
        121,
        111,
        92,
        141,
        138,
        118,
        183,
        172,
        147,
        110,
        106,
        92,
        145,
        141,
        121,
        82,
        77,
        68,
        137,
        130,
        114,
        139,
        137,
        122,
        174,
        183,
        169,
        131,
        127,
        110,
        133,
        133,
        120
      ]
    },
    {
      "margin": false,
      "index": 13,
      "file": null,
      "u": 0.7291666,
      "v": 0.333333343,
      "uw": 0.229166672,
      "vh": 0.333333343,
      "width": 469,
      "height": 469,
      "descriptor": [
        188,
        177,
        155,
        84,
        86,
        76,
        167,
        169,
        144,
        175,
        159,
        130,
        178,
        171,
        151,
        132,
        116,
        90,
        103,
        102,
        70,
        42,
        58,
        57,
        136,
        127,
        110,
        186,
        196,
        179,
        51,
        64,
        62,
        52,
        62,
        58,
        155,
        148,
        127,
        44,
        86,
        74,
        67,
        64,
        62,
        61,
        56,
        56
      ]
    },
    {
      "margin": false,
      "index": 14,
      "file": null,
      "u": 0.0416666567,
      "v": 0.6666667,
      "uw": 0.229166672,
      "vh": 0.333333343,
      "width": 469,
      "height": 469,
      "descriptor": [
        69,
        52,
        48,
        76,
        51,
        43,
        73,
        55,
        45,
        68,
        55,
        50,
        55,
        59,
        53,
        75,
        54,
        50,
        60,
        51,
        45,
        59,
        47,
        42,
        104,
        96,
        80,
        95,
        90,
        76,
        85,
        82,
        69,
        99,
        98,
        87,
        112,
        96,
        74,
        115,
        97,
        77,
        114,
        98,
        78,
        104,
        91,
        75
      ]
    },
    {
      "margin": false,
      "index": 15,
      "file": null,
      "u": 0.2708333,
      "v": 0.6666667,
      "uw": 0.229166672,
      "vh": 0.333333343,
      "width": 469,