{
  "title": "PRED POĽOVAČKOU",
  "author": "LUPTON, THOMAS, SNOW, JOHN WRAY",
  "year": "(1840 - 1850)",
  "id": "SNG-0001026112",
  "width": 2048,
  "height": 1408,
  "file": "GNZ--G_1679--1_1--_2015_03_31_--L2_WEB_99414.webp",
  "tiles_x": 4,
  "tiles_y": 3,
  "offset_x": 0.0416666567,
  "offset_y": 0.0,
  "tiles": [
    {
      "margin": false,
      "index": 6,
      "file": null,
      "u": 0.0416666567,
      "v": 0.0,
      "uw": 0.229166672,
      "vh": 0.333333343,
      "width": 469,
      "height": 469,
      "descriptor": [
        230,
        204,
        173,
        237,
        211,
        180,
        232,
        206,
        174,
        237,
        213,
        182,
        165,
        166,
        149,
        165,
        164,
        149,
        175,
        174,
        158,
        181,
        176,
        156,
        179,
        174,
        156,
        185,
        175,
        154,
        171,
        169,
        154,
        184,
        177,
        157,
        186,
        167,
        144,
        175,
        155,
        134,
        193,
        174,
        150,
        200,
        182,
        157
      ]
    },
    {
      "margin": false,
      "index": 7,
      "file": null,
      "u": 0.2708333,
      "v": 0.0,
      "uw": 0.229166672,
      "vh": 0.333333343,
      "width": 469,
      "height": 469,
      "descriptor": [
        240,
        215,
        184,
        239,
        214,
        183,
        238,
        215,
        185,
        241,
        218,
        187,
        211,
        187,
        160,
        217,
        193,
        164,
        194,
        191,
        174,
        182,
        182,
        169,
        181,
        176,
        158,
        195,
        182,
        160,
        211,
        191,
        166,
        207,
        188,
        163,
        206,
        187,
        161,
        215,
        190,
        163,
        199,
        181,
        156,
        197,
        185,
        163
      ]
    },
    {
      "margin": false,
      "index": 8,
      "file": null,
      "u": 0.5,
      "v": 0.0,
      "uw": 0.229166672,
      "vh": 0.333333343,
      "width": 469,
      "height": 469,
      "descriptor": [
        231,
        207,
        177,
        239,
        214,
        184,
        239,
        213,
        184,
        237,
        211,
        182,
        191,
        191,
        177,
        224,
        200,
        173,
        167,
        145,
        122,
        70,
        65,
        60,
        222,
        198,
        170,
        226,
        200,
        175,
        117,
        103,
        90,
        79,
        72,
        66,
        197,
        188,
        168,
        196,
        166,
        138,
        141,
        122,
        102,
        74,
        66,
        60
      ]
    },
    {
      "margin": false,
      "index": 9,
      "file": null,
      "u": 0.7291666,
      "v": 0.0,
      "uw": 0.229166672,
      "vh": 0.333333343,
      "width": 469,
      "height": 469,
      "descriptor": [
        235,
        210,
        183,
        235,
        210,
        181,
        233,
        207,
        178,
        234,
        209,
        179,
        81,
        78,
        69,
        72,
        67,
        62,
        83,
        75,
        67,
        111,
        108,
        97,
        79,
        71,
        64,
        74,
        68,
        63,
        70,
        63,
        56,
        79,
        71,
        63,
        73,
        65,
        58,
        120,
        109,
        88,
        72,
        64,
        57,
        73,
        66,
        59
      ]
    },
    {
      "margin": false,
      "index": 10,
      "file": null,
      "u": 0.0416666567,
      "v": 0.333333343,
      "uw": 0.229166672,
      "vh": 0.333333343,
      "width": 469,
      "height": 469,
      "descriptor": [
        159,
        138,
        114,
        175,
        154,
        131,
        183,
        155,
        130,
        197,
        178,
        154,
        98,
        86,
        74,
        112,
        98,
        83,
        83,
        74,
        65,
        110,
        96,
        84,
        100,
        94,
        84,
        91,
        81,
        72,
        69,
        59,
        52,
        72,
        64,
        58,
        68,
        59,
        54,
        89,
        72,
        61,
        59,
        52,
        46,
        52,
        46,
        43
      ]
    },
    {
      "margin": false,
      "index": 11,
      "file": null,
      "u": 0.2708333,
      "v": 0.333333343,
      "uw": 0.229166672,
      "vh": 0.333333343,
      "width": 469,
      "height": 469,
      "descriptor": [
        191,
        177,
        153,
        203,
        181,
        155,
        211,
        186,
        158,
        217,
        190,
        160,
        181,
        152,
        128,
        184,
        160,
        137,
        196,
        171,
        147,
        188,
        164,
        140,
        120,
        104,
        91,
        73,
        67,
        59,
        71,
        65,
        60,
        129,
        128,
        117,
        119,
        108,
        93,
        118,
        109,
        91,
        90,
        71,
        57,
        80,
        73,
        64
      ]
    },
    {
      "margin": false,
      "index": 12,
      "file": null,
      "u": 0.5,
      "v": 0.333333343,
      "uw": 0.229166672,
      "vh": 0.333333343,
      "width": 469,
      "height": 469,
      "descriptor": [
        198,
        175,
        147,
        146,
        119,
        96,
        103,
        90,
        78,
        98,
        87,
        74,
        188,
        161,
        138,
        129,
        113,
        97,
        97,
        81,
        65,
        80,
        69,
        61,
        158,
        134,
        114,
        74,
        64,
        51,
        59,
        52,
        48,
        61,
        54,
        49,
        165,
        131,
        103,
        68,
        58,
        49,
        68,
        56,
        45,
        58,
        49,
        47
      ]
    },
    {
      "margin": false,
      "index": 13,
      "file": null,
      "u": 0.7291666,
      "v": 0.333333343,
      "uw": 0.229166672,
      "vh": 0.333333343,
      "width": 469,
      "height": 469,
      "descriptor": [
        88,
        77,
        68,
        89,
        80,
        71,
        69,
        61,
        53,
        74,
        67,
        60,
        85,
        72,
        60,
        78,
        70,
        62,
        79,
        70,
        63,
        96,
        87,
        75,
        64,
        56,
        51,
        67,
        56,
        50,
        149,
        124,
        102,
        66,
        63,
        56,
        81,
        75,
        66,
        116,
        111,
        98,
        164,
        148,
        130,
        132,
        113,
        95
      ]
    },
    {
      "margin": false,
      "index": 14,
      "file": null,
      "u": 0.0416666567,
      "v": 0.6666667,
      "uw": 0.229166672,
      "vh": 0.333333343,
      "width": 469,
      "height": 469,
      "descriptor": [
        67,
        60,
        52,
        64,
        54,
        48,
        93,
        77,
        58,
        153,
        139,
        117,
        76,
        70,
        60,
        75,
        64,
        55,
        64,
        59,
        53,
        61,
        57,
        50,
        97,
        87,
        72,
        107,
        98,
        84,
        103,
        96,
        81,
        137,
        127,
        108,
        235,
        211,
        181,
        238,
        214,
        184,
        237,
        214,
        185,
        237,
        213,
        183
      ]
    },
    {
      "margin": false,
      "index": 15,
      "file": null,
      "u": 0.2708333,
      "v": 0.6666667,