{
  "title": "OBED V PRÍRODE",
  "author": "SZEMLÉR, MIHÁLY",
  "year": "1866",
  "id": "SNG-0001009180",
  "width": 2048,
  "height": 1344,
  "file": "GNZ--M_83--1_1--2014_12_17--L2_WEB_110383.webp",
  "tiles_x": 4,
  "tiles_y": 3,
  "offset_x": 0.0625,
  "offset_y": 0.0,
  "tiles": [
    {
      "margin": false,
      "index": 6,
      "file": null,
      "u": 0.0625,
      "v": 0.0,
      "uw": 0.21875,
      "vh": 0.333333343,
      "width": 448,
      "height": 448,
      "descriptor": [
        126,
        152,
        138,
        127,
        142,
        127,
        69,
        107,
        115,
        77,
        77,
        49,
        119,
        137,
        128,
        120,
        147,
        143,
        55,
        66,
        50,
        49,
        60,
        52,
        129,
        165,
        150,
        134,
        157,
        149,
        122,
        141,
        132,
        115,
        140,
        133,
        138,
        167,
        148,
        165,
        173,
        143,
        77,
        85,
        69,
        99,
        93,
        68
      ]
    },
    {
      "margin": false,
      "index": 7,
      "file": null,
      "u": 0.28125,
      "v": 0.0,
      "uw": 0.21875,
      "vh": 0.333333343,
      "width": 448,
      "height": 448,
      "descriptor": [
        79,
        81,
        38,
        45,
        58,
        43,
        61,
        67,
        46,
        39,
        46,
        36,
        33,
        50,
        44,
        34,
        47,
        41,
        51,
        59,
        53,
        32,
        38,
        35,
        82,
        83,
        63,
        75,
        81,
        59,
        60,
        70,
        59,
        47,
        60,
        52,
        57,
        61,
        55,
        66,
        67,
        62,
        63,
        55,
        46,
        45,
        50,
        47
      ]
    },
    {
      "margin": false,
      "index": 8,
      "file": null,
      "u": 0.5,
      "v": 0.0,
      "uw": 0.21875,
      "vh": 0.333333343,
      "width": 448,
      "height": 448,
      "descriptor": [
        39,
        42,
        37,
        42,
        43,
        39,
        27,
        37,
        32,
        29,
        38,
        30,
        43,
        44,
        36,
        47,
        38,
        36,
        49,
        46,
        43,
        37,
        48,
        41,
        45,
        51,
        47,
        53,
        45,
        42,
        49,
        48,
        46,
        31,
        43,
        38,
        49,
        42,
        32,
        35,
        43,
        37,
        40,
        44,
        41,
        110,
        73,
        56
      ]
    },
    {
      "margin": false,
      "index": 9,
      "file": null,
      "u": 0.71875,
      "v": 0.0,
      "uw": 0.21875,
      "vh": 0.333333343,
      "width": 448,
      "height": 448,
      "descriptor": [
        39,
        49,
        43,
        81,
        72,
        54,
        54,
        58,
        51,
        55,
        57,
        48,
        32,
        47,
        39,
        60,
        65,
        58,
        54,
        57,
        48,
        37,
        43,
        39,
        46,
        50,
        42,
        46,
        53,
        46,
        38,
        46,
        44,
        35,
        49,
        43,
        38,
        47,
        41,
        31,
        44,
        36,
        72,
        67,
        51,
        59,
        53,
        49
      ]
    },
    {
      "margin": false,
      "index": 10,
      "file": null,
      "u": 0.0625,
      "v": 0.333333343,
      "uw": 0.21875,
      "vh": 0.333333343,
      "width": 448,
      "height": 448,
      "descriptor": [
        87,
        104,
        94,
        101,
        116,
        104,
        60,
        67,
        59,
        76,
        86,
        70,
        65,
        76,
        67,
        63,
        68,
        56,
        80,
        83,
        62,
        58,
        68,
        61,
        88,
        80,
        60,
        68,
        64,
        50,
        78,
        77,
        64,
        91,
        90,
        76,
        114,
        92,
        69,
        110,
        93,
        68,
        52,
        51,
        45,
        141,
        115,
        81
      ]
    },
    {
      "margin": false,
      "index": 11,
      "file": null,
      "u": 0.28125,
      "v": 0.333333343,
      "uw": 0.21875,
      "vh": 0.333333343,
      "width": 448,
      "height": 448,
      "descriptor": [
        39,
        55,
        47,
        61,
        70,
        58,
        71,
        63,
        41,
        77,
        72,
        61,
        40,
        58,
        48,
        53,
        60,
        49,
        59,
        57,
        50,
        150,
        128,
        101,
        47,
        47,
        42,
        144,
        120,
        90,
        51,
        44,
        40,
        157,
        125,
        89,
        152,
        60,
        46,
        82,
        55,
        48,
        145,
        92,
        64,
        51,
        52,
        50
      ]
    },
    {
      "margin": false,
      "index": 12,
      "file": null,
      "u": 0.5,
      "v": 0.333333343,
      "uw": 0.21875,
      "vh": 0.333333343,
      "width": 448,
      "height": 448,
      "descriptor": [
        81,
        62,
        49,
        141,
        97,
        63,
        41,
        56,
        50,
        205,
        169,
        123,
        75,
        69,
        55,
        41,
        48,
        43,
        98,
        65,
        53,
        74,
        86,
        55,
        44,
        41,
        39,
        142,
        113,
        79,
        106,
        86,
        63,
        37,
        89,
        88,
        62,
        52,
        44,
        67,
        68,
        64,
        73,
        68,
        58,
        113,
        58,
        47
      ]
    },
    {
      "margin": false,
      "index": 13,
      "file": null,
      "u": 0.71875,
      "v": 0.333333343,
      "uw": 0.21875,
      "vh": 0.333333343,
      "width": 448,
      "height": 448,
      "descriptor": [
        221,
        184,
        142,
        65,
        68,
        48,
        64,
        69,
        57,
        70,
        64,
        46,
        156,
        105,
        73,
        76,
        82,
        52,
        76,
        74,
        50,
        61,
        64,
        47,
        26,
        44,
        39,
        79,
        69,
        51,
        88,
        75,
        59,
        55,
        57,
        50,
        34,
        61,
        54,
        46,
        59,
        55,
        63,
        61,
        53,
        57,
        57,
        51
      ]
    },
    {
      "margin": false,
      "index": 14,
      "file": null,
      "u": 0.0625,
      "v": 0.6666667,
      "uw": 0.21875,
      "vh": 0.333333343,
      "width": 448,
      "height": 448,
      "descriptor": [
        75,
        83,
        73,
        79,
        82,
        72,
        70,
        58,
        47,
        118,
        94,
        69,
        65,
        76,
        64,
        48,
        50,
        43,
        93,
        90,
        57,
        120,
        59,
        50,
        94,
        84,
        57,
        61,
        60,
        46,
        113,
        98,
        79,
        40,
        43,
        41,
        71,
        70,
        57,
        120,
        105,
        88,
        54,
        61,
        49,
        62,
        56,
        50
      ]
    },
    {
      "margin": false,
      "index": 15,
      "file": null,
      "u": 0.28125,
      "v": 0.6666667,
      "uw": 0.21875,
      "vh": 0.333333343,
      "width": 448,
      "height": 448,