{
  "title": "KURUCI",
  "author": "PATAKY, LADISLAV",
  "year": "(1903 - 1904)",
  "id": "SNG-0001009719",
  "width": 2048,
  "height": 1152,
  "file": "GNZ--M_49--1_1--2015_01_13--L2_WEB_101877.webp",
  "tiles_x": 5,
  "tiles_y": 3,
  "offset_x": 0.03125,
  "offset_y": 0.0,
  "tiles": [
    {
      "margin": false,
      "index": 6,
      "file": null,
      "u": 0.03125,
      "v": 0.0,
      "uw": 0.1875,
      "vh": 0.333333343,
      "width": 384,
      "height": 384,
      "descriptor": [
        194,
        163,
        176,
        187,
        156,
        167,
        192,
        163,
        172,
        190,
        160,
        177,
        188,
        142,
        155,
        186,
        146,
        158,
        188,
        153,
        165,
        194,
        162,
        177,
        195,
        148,
        158,
        200,
        159,
        168,
        181,
        142,
        153,
        192,
        157,
        170,
        203,
        154,
        163,
        187,
        142,
        149,
        204,
        163,
        174,
        194,
        158,
        171
      ]
    },
    {
      "margin": false,
      "index": 7,
      "file": null,
      "u": 0.21875,
      "v": 0.0,
      "uw": 0.1875,
      "vh": 0.333333343,
      "width": 384,
      "height": 384,
      "descriptor": [
        182,
        156,
        169,
        181,
        151,
        165,
        181,
        154,
        172,
        178,
        151,
        169,
        188,
        158,
        168,
        179,
        151,
        165,
        178,
        150,
        165,
        175,
        148,
        168,
        188,
        156,
        172,
        185,
        156,
        172,
        179,
        149,
        162,
        183,
        155,
        168,
        181,
        147,
        158,
        185,
        152,
        167,
        168,
        138,
        149,
        174,
        144,
        159
      ]
    },
    {
      "margin": false,
      "index": 8,
      "file": null,
      "u": 0.40625,
      "v": 0.0,
      "uw": 0.1875,
      "vh": 0.333333343,
      "width": 384,
      "height": 384,
      "descriptor": [
        173,
        147,
        164,
        177,
        153,
        172,
        171,
        144,
        164,
        163,
        142,
        161,
        178,
        142,
        164,
        163,
        130,
        143,
        165,
        144,
        164,
        164,
        138,
        154,
        177,
        150,
        165,
        175,
        141,
        157,
        98,
        68,
        76,
        151,
        127,
        142,
        162,
        135,
        149,
        80,
        46,
        49,
        92,
        59,
        61,
        157,
        132,
        147
      ]
    },
    {
      "margin": false,
      "index": 9,
      "file": null,
      "u": 0.59375,
      "v": 0.0,
      "uw": 0.1875,
      "vh": 0.333333343,
      "width": 384,
      "height": 384,
      "descriptor": [
        152,
        132,
        151,
        159,
        139,
        156,
        153,
        133,
        154,
        156,
        141,
        164,
        157,
        134,
        151,
        157,
        139,
        156,
        150,
        132,
        150,
        142,
        130,
        147,
        151,
        132,
        147,
        167,
        140,
        156,
        142,
        130,
        147,
        130,
        113,
        128,
        144,
        125,
        140,
        130,
        120,
        136,
        119,
        112,
        131,
        106,
        89,
        104
      ]
    },
    {
      "margin": false,
      "index": 10,
      "file": null,
      "u": 0.78125,
      "v": 0.0,
      "uw": 0.1875,
      "vh": 0.333333343,
      "width": 384,
      "height": 384,
      "descriptor": [
        139,
        124,
        141,
        137,
        125,
        142,
        132,
        122,
        142,
        139,
        127,
        142,
        127,
        118,
        139,
        123,
        118,
        140,
        114,
        109,
        129,
        113,
        105,
        123,
        116,
        106,
        125,
        110,
        102,
        118,
        104,
        103,
        126,
        103,
        104,
        123,
        120,
        116,
        138,
        80,
        64,
        74,
        91,
        96,
        120,
        87,
        89,
        116
      ]
    },
    {
      "margin": false,
      "index": 11,
      "file": null,
      "u": 0.03125,
      "v": 0.333333343,
      "uw": 0.1875,
      "vh": 0.333333343,
      "width": 384,
      "height": 384,
      "descriptor": [
        94,
        72,
        75,
        86,
        69,
        75,
        106,
        85,
        90,
        172,
        132,
        132,
        71,
        63,
        66,
        70,
        62,
        63,
        80,
        61,
        65,
        92,
        73,
        73,
        80,
        67,
        68,
        104,
        72,
        72,
        100,
        79,
        72,
        109,
        84,
        79,
        85,
        53,
        53,
        79,
        62,
        66,
        110,
        81,
        65,
        120,
        95,
        91
      ]
    },
    {
      "margin": false,
      "index": 12,
      "file": null,
      "u": 0.21875,
      "v": 0.333333343,
      "uw": 0.1875,
      "vh": 0.333333343,
      "width": 384,
      "height": 384,
      "descriptor": [
        183,
        145,
        152,
        178,
        143,
        149,
        86,
        69,
        73,
        52,
        58,
        62,
        119,
        78,
        79,
        110,
        84,
        71,
        89,
        66,
        65,
        86,
        65,
        62,
        134,
        104,
        72,
        96,
        69,
        59,
        116,
        86,
        64,
        141,
        100,
        79,
        138,
        91,
        62,
        123,
        91,
        75,
        121,
        90,
        70,
        62,
        65,
        65
      ]
    },
    {
      "margin": false,
      "index": 13,
      "file": null,
      "u": 0.40625,
      "v": 0.333333343,
      "uw": 0.1875,
      "vh": 0.333333343,
      "width": 384,
      "height": 384,
      "descriptor": [
        50,
        58,
        59,
        62,
        57,
        60,
        92,
        84,
        89,
        54,
        51,
        53,
        62,
        64,
        66,
        75,
        59,
        63,
        50,
        44,
        45,
        64,
        53,
        52,
        52,
        58,
        58,
        103,
        89,
        82,
        58,
        62,
        64,
        53,
        56,
        56,
        134,
        105,
        83,
        51,
        59,
        59,
        142,
        111,
        86,
        122,
        97,
        77
      ]
    },
    {
      "margin": false,
      "index": 14,
      "file": null,
      "u": 0.59375,
      "v": 0.333333343,
      "uw": 0.1875,
      "vh": 0.333333343,
      "width": 384,
      "height": 384,
      "descriptor": [
        125,
        115,
        124,
        102,
        93,
        101,
        94,
        80,
        89,
        104,
        87,
        94,
        62,
        69,
        72,
        41,
        47,
        50,
        75,
        58,
        58,
        79,
        59,
        61,
        91,
        62,
        62,
        80,
        68,
        69,
        76,
        66,
        68,
        95,
        75,
        71,
        69,
        62,
        63,
        106,
        77,
        76,
        100,
        66,
        67,
        83,
        62,
        60
      ]
    },
    {
      "margin": false,
      "index": 15,
      "file": null,
      "u": 0.78125,
      "v": 0.333333343,
      "uw": 0.1875,
      "vh": 0.333333343,
      "width": 384,
      "height": 384,