{
  "title": "NARODENIE KRISTA",
  "author": "RAKÚSKY RYTEC Z 18. STOROČIA",
  "year": "(1770 - 1790)",
  "id": "SNG-0001025825",
  "width": 1472,
  "height": 2048,
  "file": "GNZ--G_729--1_1--_2015_03_25_--L2_WEB_118331.webp",
  "tiles_x": 3,
  "tiles_y": 4,
  "offset_x": 0.0,
  "offset_y": 0.0208333433,
  "tiles": [
    {
      "margin": false,
      "index": 6,
      "file": null,
      "u": 0.0,
      "v": 0.0208333433,
      "uw": 0.3333333,
      "vh": 0.239583328,
      "width": 490,
      "height": 490,
      "descriptor": [
        247,
        233,
        219,
        238,
        227,
        215,
        241,
        229,
        210,
        233,
        216,
        198,
        246,
        235,
        222,
        76,
        69,
        63,
        87,
        80,
        74,
        155,
        135,
        125,
        247,
        236,
        223,
        105,
        98,
        90,
        69,
        59,
        53,
        77,
        68,
        62,
        246,
        235,
        220,
        81,
        67,
        59,
        86,
        71,
        63,
        70,
        57,
        49
      ]
    },
    {
      "margin": false,
      "index": 7,
      "file": null,
      "u": 0.3333333,
      "v": 0.0208333433,
      "uw": 0.3333333,
      "vh": 0.239583328,
      "width": 490,
      "height": 490,
      "descriptor": [
        240,
        221,
        199,
        232,
        214,
        195,
        229,
        210,
        191,
        228,
        208,
        188,
        117,
        108,
        99,
        88,
        80,
        70,
        69,
        61,
        54,
        77,
        61,
        52,
        92,
        84,
        73,
        76,
        67,
        57,
        77,
        69,
        62,
        66,
        59,
        54,
        89,
        82,
        73,
        120,
        112,
        103,
        98,
        89,
        80,
        86,
        79,
        71
      ]
    },
    {
      "margin": false,
      "index": 8,
      "file": null,
      "u": 0.6666666,
      "v": 0.0208333433,
      "uw": 0.3333333,
      "vh": 0.239583328,
      "width": 490,
      "height": 490,
      "descriptor": [
        229,
        210,
        188,
        235,
        216,
        195,
        238,
        220,
        200,
        234,
        214,
        192,
        69,
        62,
        54,
        73,
        60,
        53,
        80,
        71,
        65,
        237,
        218,
        200,
        72,
        59,
        53,
        75,
        63,
        56,
        71,
        63,
        55,
        238,
        221,
        201,
        70,
        63,
        58,
        73,
        64,
        60,
        73,
        65,
        60,
        237,
        220,
        200
      ]
    },
    {
      "margin": false,
      "index": 9,
      "file": null,
      "u": 0.0,
      "v": 0.2604167,
      "uw": 0.3333333,
      "vh": 0.239583328,
      "width": 490,
      "height": 490,
      "descriptor": [
        248,
        237,
        223,
        82,
        68,
        60,
        73,
        65,
        57,
        88,
        74,
        65,
        247,
        236,
        222,
        71,
        60,
        53,
        70,
        58,
        52,
        84,
        70,
        61,
        252,
        240,
        226,
        90,
        77,
        68,
        78,
        64,
        58,
        84,
        71,
        63,
        248,
        237,
        224,
        114,
        96,
        76,
        80,
        73,
        61,
        155,
        133,
        107
      ]
    },
    {
      "margin": false,
      "index": 10,
      "file": null,
      "u": 0.3333333,
      "v": 0.2604167,
      "uw": 0.3333333,
      "vh": 0.239583328,
      "width": 490,
      "height": 490,
      "descriptor": [
        98,
        90,
        81,
        90,
        82,
        75,
        68,
        60,
        51,
        112,
        95,
        83,
        88,
        76,
        66,
        79,
        71,
        63,
        121,
        97,
        85,
        102,
        99,
        95,
        86,
        73,
        61,
        138,
        127,
        116,
        166,
        120,
        108,
        97,
        89,
        79,
        187,
        155,
        139,
        58,
        61,
        57,
        115,
        109,
        101,
        71,
        58,
        49
      ]
    },
    {
      "margin": false,
      "index": 11,
      "file": null,
      "u": 0.6666666,
      "v": 0.2604167,
      "uw": 0.3333333,
      "vh": 0.239583328,
      "width": 490,
      "height": 490,
      "descriptor": [
        98,
        88,
        82,
        72,
        60,
        54,
        84,
        75,
        69,
        241,
        226,
        207,
        108,
        75,
        59,
        74,
        62,
        57,
        84,
        76,
        68,
        235,
        215,
        192,
        76,
        66,
        58,
        128,
        69,
        58,
        79,
        70,
        64,
        229,
        213,
        194,
        82,
        71,
        64,
        91,
        81,
        70,
        77,
        68,
        61,
        244,
        230,
        212
      ]
    },
    {
      "margin": false,
      "index": 12,
      "file": null,
      "u": 0.0,
      "v": 0.5,
      "uw": 0.3333333,
      "vh": 0.239583328,
      "width": 490,
      "height": 490,
      "descriptor": [
        242,
        230,
        217,
        72,
        65,
        61,
        107,
        109,
        61,
        170,
        149,
        124,
        249,
        238,
        225,
        79,
        72,
        66,
        55,
        57,
        59,
        83,
        75,
        68,
        251,
        241,
        227,
        89,
        81,
        74,
        49,
        49,
        50,
        87,
        70,
        60,
        216,
        198,
        175,
        60,
        54,
        49,
        39,
        39,
        44,
        79,
        66,
        57
      ]
    },
    {
      "margin": false,
      "index": 13,
      "file": null,
      "u": 0.3333333,
      "v": 0.5,
      "uw": 0.3333333,
      "vh": 0.239583328,
      "width": 490,
      "height": 490,
      "descriptor": [
        86,
        77,
        68,
        192,
        152,
        136,
        149,
        127,
        114,
        72,
        60,
        54,
        73,
        62,
        55,
        127,
        109,
        97,
        78,
        68,
        57,
        123,
        113,
        100,
        81,
        65,
        54,
        80,
        67,
        57,
        69,
        62,
        45,
        144,
        120,
        106,
        83,
        67,
        56,
        79,
        71,
        65,
        85,
        78,
        59,
        104,
        95,
        86
      ]
    },
    {
      "margin": false,
      "index": 14,
      "file": null,
      "u": 0.6666666,
      "v": 0.5,
      "uw": 0.3333333,
      "vh": 0.239583328,
      "width": 490,
      "height": 490,
      "descriptor": [
        89,
        77,
        68,
        157,
        67,
        35,
        121,
        76,
        68,
        244,
        231,
        213,
        168,
        64,
        33,
        69,
        62,
        57,
        110,
        70,
        60,
        244,
        231,
        215,
        155,
        66,
        45,
        125,
        67,
        49,
        60,
        54,
        48,
        237,
        225,
        209,
        109,
        95,
        86,
        83,
        73,
        64,
        65,
        57,
        51,
        239,
        228,
        211
      ]
    },
    {
      "margin": false,
      "index": 15,
      "file": null,
      "u": 0.0,
      "v": 0.7395834,
      "uw": 0.3333333,
      "vh": 0.239583328,
      "width": 490,
      "height": 490,