{
  "title": "GALANTNÁ SCÉNA",
  "author": "BEAUBLÉ, LOUIS-JACQUES, BOISLY",
  "year": "(1790 - 1810)",
  "id": "SNG-0001025687",
  "width": 1344,
  "height": 2048,
  "file": "GNZ--G_1402--1_1--_2015_03_25_--L2_WEB_126080.webp",
  "tiles_x": 3,
  "tiles_y": 4,
  "offset_x": 0.0,
  "offset_y": 0.0625,
  "tiles": [
    {
      "margin": false,
      "index": 6,
      "file": null,
      "u": 0.0,
      "v": 0.0625,
      "uw": 0.333333343,
      "vh": 0.21875,
      "width": 448,
      "height": 448,
      "descriptor": [
        233,
        214,
        190,
        59,
        52,
        47,
        71,
        61,
        58,
        102,
        89,
        79,
        232,
        212,
        187,
        36,
        27,
        20,
        58,
        50,
        46,
        93,
        80,
        72,
        233,
        213,
        188,
        76,
        66,
        58,
        103,
        94,
        91,
        64,
        56,
        53,
        229,
        209,
        186,
        77,
        68,
        62,
        66,
        58,
        54,
        56,
        48,
        45
      ]
    },
    {
      "margin": false,
      "index": 7,
      "file": null,
      "u": 0.333333343,
      "v": 0.0625,
      "uw": 0.333333343,
      "vh": 0.21875,
      "width": 448,
      "height": 448,
      "descriptor": [
        70,
        64,
        54,
        94,
        85,
        76,
        98,
        86,
        71,
        79,
        71,
        64,
        57,
        49,
        44,
        103,
        88,
        75,
        183,
        165,
        148,
        128,
        114,
        108,
        78,
        71,
        67,
        68,
        55,
        47,
        110,
        95,
        81,
        76,
        61,
        43,
        67,
        57,
        53,
        144,
        127,
        112,
        99,
        83,
        68,
        132,
        110,
        88
      ]
    },
    {
      "margin": false,
      "index": 8,
      "file": null,
      "u": 0.6666667,
      "v": 0.0625,
      "uw": 0.333333343,
      "vh": 0.21875,
      "width": 448,
      "height": 448,
      "descriptor": [
        73,
        61,
        51,
        85,
        76,
        69,
        113,
        100,
        92,
        231,
        207,
        182,
        55,
        44,
        39,
        63,
        53,
        52,
        55,
        45,
        38,
        226,
        201,
        175,
        130,
        114,
        98,
        133,
        114,
        97,
        96,
        84,
        77,
        225,
        207,
        188,
        150,
        128,
        109,
        121,
        100,
        80,
        90,
        78,
        69,
        234,
        216,
        195
      ]
    },
    {
      "margin": false,
      "index": 9,
      "file": null,
      "u": 0.0,
      "v": 0.28125,
      "uw": 0.333333343,
      "vh": 0.21875,
      "width": 448,
      "height": 448,
      "descriptor": [
        233,
        215,
        191,
        68,
        59,
        55,
        61,
        52,
        48,
        59,
        51,
        46,
        232,
        214,
        190,
        85,
        79,
        75,
        63,
        53,
        52,
        90,
        83,
        75,
        238,
        220,
        198,
        131,
        114,
        100,
        88,
        76,
        70,
        60,
        53,
        51,
        234,
        217,
        195,
        83,
        69,
        59,
        75,
        61,
        57,
        64,
        56,
        52
      ]
    },
    {
      "margin": false,
      "index": 10,
      "file": null,
      "u": 0.333333343,
      "v": 0.28125,
      "uw": 0.333333343,
      "vh": 0.21875,
      "width": 448,
      "height": 448,
      "descriptor": [
        70,
        61,
        57,
        188,
        164,
        143,
        241,
        214,
        185,
        114,
        95,
        76,
        181,
        161,
        139,
        177,
        153,
        132,
        225,
        198,
        172,
        188,
        167,
        145,
        71,
        62,
        57,
        159,
        111,
        97,
        211,
        190,
        164,
        71,
        55,
        43,
        80,
        69,
        62,
        229,
        209,
        185,
        125,
        108,
        93,
        189,
        174,
        160
      ]
    },
    {
      "margin": false,
      "index": 11,
      "file": null,
      "u": 0.6666667,
      "v": 0.28125,
      "uw": 0.333333343,
      "vh": 0.21875,
      "width": 448,
      "height": 448,
      "descriptor": [
        91,
        77,
        73,
        110,
        96,
        84,
        145,
        125,
        104,
        236,
        219,
        198,
        178,
        156,
        130,
        144,
        127,
        108,
        109,
        95,
        85,
        236,
        217,
        196,
        77,
        53,
        43,
        190,
        152,
        124,
        87,
        62,
        43,
        231,
        212,
        191,
        140,
        113,
        91,
        98,
        73,
        58,
        112,
        88,
        77,
        237,
        219,
        198
      ]
    },
    {
      "margin": false,
      "index": 12,
      "file": null,
      "u": 0.0,
      "v": 0.5,
      "uw": 0.333333343,
      "vh": 0.21875,
      "width": 448,
      "height": 448,
      "descriptor": [
        228,
        208,
        183,
        62,
        56,
        50,
        67,
        56,
        49,
        83,
        61,
        48,
        239,
        220,
        196,
        115,
        102,
        95,
        185,
        152,
        133,
        76,
        63,
        61,
        236,
        217,
        194,
        80,
        58,
        42,
        117,
        93,
        77,
        109,
        87,
        72,
        234,
        214,
        189,
        133,
        111,
        95,
        60,
        51,
        48,
        58,
        53,
        50
      ]
    },
    {
      "margin": false,
      "index": 13,
      "file": null,
      "u": 0.333333343,
      "v": 0.5,
      "uw": 0.333333343,
      "vh": 0.21875,
      "width": 448,
      "height": 448,
      "descriptor": [
        65,
        95,
        105,
        187,
        172,
        154,
        210,
        196,
        178,
        167,
        122,
        105,
        98,
        135,
        140,
        58,
        100,
        107,
        242,
        222,
        199,
        120,
        88,
        70,
        81,
        113,
        120,
        74,
        112,
        122,
        82,
        111,
        117,
        124,
        85,
        56,
        63,
        56,
        55,
        74,
        105,
        110,
        142,
        175,
        177,
        136,
        101,
        87
      ]
    },
    {
      "margin": false,
      "index": 14,
      "file": null,
      "u": 0.6666667,
      "v": 0.5,
      "uw": 0.333333343,
      "vh": 0.21875,
      "width": 448,
      "height": 448,
      "descriptor": [
        176,
        150,
        129,
        238,
        201,
        161,
        116,
        89,
        76,
        230,
        214,
        192,
        157,
        150,
        144,
        87,
        69,
        59,
        78,
        57,
        50,
        236,
        219,
        197,
        156,
        126,
        110,
        90,
        71,
        60,
        69,
        59,
        54,
        235,
        219,
        197,
        97,
        101,
        99,
        60,
        54,
        53,
        61,
        54,
        51,
        232,
        214,
        190
      ]
    },
    {
      "margin": false,
      "index": 15,
      "file": null,
      "u": 0.0,
      "v": 0.71875,
      "uw": 0.333333343,
      "vh": 0.21875,
      "width": 448,
      "height": 448,