{
  "title": "JOZEF A PUTIFARKA",
  "author": "NEZNÁMY MALIAR Z 18. STOROČIA PODĽA TALIANSKEHO MALIARA ZO ZAČIATKU 16. STOROČIA, TALIANSKÝ MALIAR ZO ZAČIATKU 16. STOROČIA",
  "year": "(1700 - 1800)",
  "id": "SNG-0001000355",
  "width": 2048,
  "height": 1472,
  "file": "SNG--O_2106--1_1--_2013_10_17_--L2_WEB_17397.webp",
  "tiles_x": 4,
  "tiles_y": 3,
  "offset_x": 0.0208333433,
  "offset_y": 0.0,
  "tiles": [
    {
      "margin": false,
      "index": 6,
      "file": null,
      "u": 0.0208333433,
      "v": 0.0,
      "uw": 0.239583328,
      "vh": 0.3333333,
      "width": 490,
      "height": 490,
      "descriptor": [
        72,
        27,
        7,
        29,
        10,
        5,
        63,
        39,
        3,
        4,
        1,
        1,
        85,
        26,
        0,
        38,
        24,
        5,
        177,
        127,
        103,
        5,
        2,
        2,
        10,
        7,
        5,
        27,
        8,
        6,
        96,
        65,
        31,
        179,
        128,
        91,
        45,
        16,
        3,
        65,
        17,
        5,
        192,
        153,
        112,
        20,
        19,
        2
      ]
    },
    {
      "margin": false,
      "index": 7,
      "file": null,
      "u": 0.2604167,
      "v": 0.0,
      "uw": 0.239583328,
      "vh": 0.3333333,
      "width": 490,
      "height": 490,
      "descriptor": [
        37,
        12,
        5,
        1,
        1,
        2,
        5,
        2,
        3,
        0,
        0,
        0,
        184,
        143,
        106,
        0,
        0,
        0,
        5,
        2,
        2,
        9,
        6,
        8,
        77,
        49,
        7,
        140,
        108,
        71,
        171,
        135,
        103,
        9,
        8,
        8,
        49,
        4,
        0,
        92,
        67,
        42,
        37,
        18,
        2,
        191,
        180,
        160
      ]
    },
    {
      "margin": false,
      "index": 8,
      "file": null,
      "u": 0.5,
      "v": 0.0,
      "uw": 0.239583328,
      "vh": 0.3333333,
      "width": 490,
      "height": 490,
      "descriptor": [
        4,
        1,
        2,
        10,
        6,
        5,
        10,
        3,
        3,
        70,
        41,
        2,
        8,
        2,
        4,
        13,
        13,
        8,
        202,
        158,
        128,
        49,
        32,
        8,
        14,
        10,
        9,
        0,
        0,
        0,
        158,
        107,
        70,
        90,
        56,
        37,
        172,
        167,
        151,
        174,
        166,
        152,
        110,
        78,
        30,
        101,
        73,
        39
      ]
    },
    {
      "margin": false,
      "index": 9,
      "file": null,
      "u": 0.7395834,
      "v": 0.0,
      "uw": 0.239583328,
      "vh": 0.3333333,
      "width": 490,
      "height": 490,
      "descriptor": [
        42,
        24,
        2,
        119,
        75,
        14,
        100,
        25,
        4,
        41,
        4,
        1,
        41,
        23,
        5,
        93,
        26,
        3,
        120,
        91,
        69,
        97,
        36,
        11,
        13,
        3,
        0,
        2,
        2,
        1,
        60,
        17,
        0,
        63,
        29,
        27,
        156,
        132,
        109,
        13,
        5,
        3,
        34,
        1,
        0,
        33,
        10,
        3
      ]
    },
    {
      "margin": false,
      "index": 10,
      "file": null,
      "u": 0.0208333433,
      "v": 0.3333333,
      "uw": 0.239583328,
      "vh": 0.3333333,
      "width": 490,
      "height": 490,
      "descriptor": [
        15,
        0,
        0,
        28,
        31,
        12,
        150,
        139,
        107,
        77,
        43,
        8,
        54,
        23,
        1,
        48,
        12,
        0,
        93,
        46,
        10,
        59,
        34,
        7,
        119,
        73,
        6,
        105,
        66,
        6,
        138,
        99,
        56,
        19,
        17,
        3,
        135,
        94,
        26,
        11,
        4,
        1,
        3,
        1,
        1,
        77,
        18,
        18
      ]
    },
    {
      "margin": false,
      "index": 11,
      "file": null,
      "u": 0.2604167,
      "v": 0.3333333,
      "uw": 0.239583328,
      "vh": 0.3333333,
      "width": 490,
      "height": 490,
      "descriptor": [
        8,
        0,
        0,
        103,
        60,
        1,
        81,
        64,
        38,
        73,
        48,
        10,
        24,
        1,
        2,
        78,
        47,
        0,
        127,
        83,
        7,
        90,
        52,
        2,
        21,
        4,
        2,
        2,
        2,
        1,
        192,
        149,
        119,
        27,
        15,
        8,
        7,
        10,
        5,
        2,
        1,
        0,
        52,
        26,
        4,
        97,
        64,
        29
      ]
    },
    {
      "margin": false,
      "index": 12,
      "file": null,
      "u": 0.5,
      "v": 0.3333333,
      "uw": 0.239583328,
      "vh": 0.3333333,
      "width": 490,
      "height": 490,
      "descriptor": [
        170,
        157,
        137,
        134,
        127,
        117,
        205,
        176,
        147,
        213,
        186,
        154,
        25,
        7,
        3,
        48,
        13,
        0,
        202,
        190,
        170,
        193,
        161,
        136,
        100,
        71,
        12,
        22,
        0,
        0,
        11,
        4,
        4,
        209,
        200,
        170,
        122,
        87,
        36,
        187,
        150,
        112,
        156,
        126,
        90,
        179,
        167,
        146
      ]
    },
    {
      "margin": false,
      "index": 13,
      "file": null,
      "u": 0.7395834,
      "v": 0.3333333,
      "uw": 0.239583328,
      "vh": 0.3333333,
      "width": 490,
      "height": 490,
      "descriptor": [
        196,
        170,
        142,
        111,
        81,
        45,
        82,
        69,
        47,
        39,
        8,
        1,
        244,
        226,
        200,
        121,
        103,
        90,
        37,
        27,
        6,
        100,
        88,
        65,
        189,
        178,
        157,
        134,
        123,
        110,
        9,
        4,
        3,
        55,
        43,
        19,
        97,
        89,
        78,
        8,
        13,
        19,
        2,
        2,
        2,
        14,
        13,
        5
      ]
    },
    {
      "margin": false,
      "index": 14,
      "file": null,
      "u": 0.0208333433,
      "v": 0.6666666,
      "uw": 0.239583328,
      "vh": 0.3333333,
      "width": 490,
      "height": 490,
      "descriptor": [
        121,
        80,
        13,
        7,
        3,
        3,
        53,
        32,
        16,
        17,
        14,
        11,
        97,
        57,
        6,
        19,
        1,
        1,
        25,
        14,
        13,
        59,
        11,
        6,
        67,
        35,
        6,
        27,
        12,
        5,
        44,
        26,
        12,
        69,
        5,
        0,
        24,
        5,
        4,
        52,
        21,
        4,
        23,
        7,
        3,
        97,
        17,
        2
      ]
    },
    {
      "margin": false,
      "index": 15,
      "file": null,
      "u": 0.2604167,
      "v": 0.6666666,
      "uw": 0.239583328,
      "vh": 0.3333333,
      "width": 490,
      "height": 490,