{
  "title": "NÁČRT ŽENY MEDZI SLNEČNICAMI",
  "author": "PALUGYAY, ZOLO",
  "year": "1932",
  "id": "SNG-0001017498",
  "width": 1600,
  "height": 2048,
  "file": "SNG--O_648--1_1--2013_09_19--L2_WEB_119396.webp",
  "tiles_x": 3,
  "tiles_y": 3,
  "offset_x": 0.0,
  "offset_y": 0.109375,
  "tiles": [
    {
      "margin": false,
      "index": 6,
      "file": null,
      "u": 0.0,
      "v": 0.109375,
      "uw": 0.3333333,
      "vh": 0.260416657,
      "width": 533,
      "height": 533,
      "descriptor": [
        157,
        155,
        130,
        209,
        198,
        176,
        182,
        176,
        155,
        201,
        190,
        169,
        138,
        99,
        92,
        166,
        153,
        132,
        4,
        85,
        119,
        1,
        28,
        44,
        106,
        67,
        76,
        139,
        125,
        118,
        0,
        30,
        65,
        18,
        33,
        34,
        134,
        114,
        100,
        150,
        108,
        106,
        122,
        45,
        46,
        106,
        70,
        67
      ]
    },
    {
      "margin": false,
      "index": 7,
      "file": null,
      "u": 0.3333333,
      "v": 0.109375,
      "uw": 0.3333333,
      "vh": 0.260416657,
      "width": 533,
      "height": 533,
      "descriptor": [
        0,
        102,
        134,
        77,
        154,
        152,
        0,
        69,
        107,
        59,
        110,
        126,
        2,
        20,
        36,
        11,
        12,
        22,
        0,
        16,
        60,
        102,
        112,
        79,
        138,
        116,
        103,
        0,
        27,
        49,
        3,
        19,
        32,
        2,
        23,
        55,
        122,
        123,
        113,
        2,
        22,
        55,
        198,
        191,
        178,
        180,
        178,
        158
      ]
    },
    {
      "margin": false,
      "index": 8,
      "file": null,
      "u": 0.6666666,
      "v": 0.109375,
      "uw": 0.3333333,
      "vh": 0.260416657,
      "width": 533,
      "height": 533,
      "descriptor": [
        187,
        145,
        46,
        173,
        97,
        93,
        178,
        151,
        28,
        173,
        171,
        153,
        191,
        169,
        42,
        175,
        90,
        43,
        206,
        188,
        0,
        19,
        59,
        24,
        171,
        146,
        54,
        188,
        142,
        49,
        175,
        133,
        47,
        63,
        103,
        73,
        83,
        126,
        48,
        2,
        77,
        60,
        60,
        111,
        76,
        41,
        94,
        65
      ]
    },
    {
      "margin": false,
      "index": 9,
      "file": null,
      "u": 0.0,
      "v": 0.369791657,
      "uw": 0.3333333,
      "vh": 0.260416657,
      "width": 533,
      "height": 533,
      "descriptor": [
        108,
        81,
        84,
        124,
        72,
        76,
        130,
        106,
        81,
        127,
        110,
        94,
        93,
        83,
        82,
        191,
        172,
        109,
        190,
        125,
        75,
        51,
        78,
        34,
        195,
        174,
        43,
        130,
        75,
        69,
        152,
        65,
        65,
        194,
        142,
        72,
        186,
        162,
        42,
        200,
        175,
        49,
        173,
        118,
        88,
        71,
        116,
        83
      ]
    },
    {
      "margin": false,
      "index": 10,
      "file": null,
      "u": 0.3333333,
      "v": 0.369791657,
      "uw": 0.3333333,
      "vh": 0.260416657,
      "width": 533,
      "height": 533,
      "descriptor": [
        152,
        139,
        130,
        99,
        142,
        114,
        44,
        13,
        9,
        64,
        39,
        31,
        21,
        74,
        58,
        205,
        195,
        173,
        80,
        66,
        79,
        102,
        62,
        65,
        118,
        146,
        116,
        210,
        200,
        185,
        92,
        126,
        149,
        83,
        83,
        98,
        199,
        192,
        175,
        207,
        200,
        183,
        78,
        114,
        144,
        75,
        104,
        139
      ]
    },
    {
      "margin": false,
      "index": 11,
      "file": null,
      "u": 0.6666666,
      "v": 0.369791657,
      "uw": 0.3333333,
      "vh": 0.260416657,
      "width": 533,
      "height": 533,
      "descriptor": [
        78,
        98,
        42,
        18,
        92,
        89,
        67,
        115,
        81,
        49,
        100,
        67,
        181,
        173,
        151,
        33,
        88,
        55,
        68,
        111,
        75,
        44,
        100,
        78,
        209,
        203,
        187,
        1,
        29,
        26,
        0,
        67,
        56,
        37,
        78,
        64,
        210,
        201,
        183,
        202,
        196,
        179,
        0,
        65,
        79,
        29,
        79,
        67
      ]
    },
    {
      "margin": false,
      "index": 12,
      "file": null,
      "u": 0.0,
      "v": 0.6302083,
      "uw": 0.3333333,
      "vh": 0.260416657,
      "width": 533,
      "height": 533,
      "descriptor": [
        6,
        85,
        81,
        194,
        180,
        93,
        187,
        149,
        83,
        9,
        67,
        50,
        3,
        90,
        115,
        0,
        91,
        64,
        37,
        94,
        63,
        2,
        70,
        66,
        48,
        86,
        54,
        6,
        64,
        55,
        21,
        84,
        69,
        11,
        75,
        70,
        0,
        42,
        34,
        12,
        83,
        66,
        88,
        107,
        77,
        3,
        49,
        50
      ]
    },
    {
      "margin": false,
      "index": 13,
      "file": null,
      "u": 0.3333333,
      "v": 0.6302083,
      "uw": 0.3333333,
      "vh": 0.260416657,
      "width": 533,
      "height": 533,
      "descriptor": [
        214,
        203,
        187,
        211,
        197,
        175,
        168,
        167,
        153,
        174,
        166,
        144,
        203,
        194,
        178,
        190,
        185,
        149,
        143,
        155,
        161,
        74,
        36,
        30,
        223,
        213,
        201,
        198,
        191,
        164,
        144,
        31,
        34,
        96,
        0,
        9,
        168,
        164,
        148,
        200,
        194,
        178,
        24,
        64,
        91,
        20,
        59,
        99
      ]
    },
    {
      "margin": false,
      "index": 14,
      "file": null,
      "u": 0.6666666,
      "v": 0.6302083,
      "uw": 0.3333333,
      "vh": 0.260416657,
      "width": 533,
      "height": 533,
      "descriptor": [
        213,
        204,
        188,
        213,
        203,
        183,
        75,
        120,
        102,
        0,
        33,
        33,
        74,
        41,
        40,
        181,
        177,
        161,
        1,
        66,
        60,
        48,
        79,
        81,
        149,
        29,
        28,
        67,
        31,
        37,
        148,
        158,
        135,
        21,
        72,
        66,
        187,
        183,
        160,
        166,
        165,
        147,
        32,
        88,
        59,
        0,
        58,
        42
      ]
    }
  ],
  "margins": [
    {
      "margin": true,
      "index": 0,
      "file": null,
      "u": 0.0,
      "v": 0.0,
      "uw": 0.3333333,
      "vh": 0.109375,
      "width": 533,
      "height": 224,