{
  "title": "POĽOVNÍCI V KRAJINE",
  "author": "WEISZ-KUBÍNČAN, ARNOLD PETER",
  "year": "(1940 - 1944)",
  "id": "SNG-0001006930",
  "width": 2048,
  "height": 1216,
  "file": "SNG--K_8781--1_1--2015_08_24--L2_WEB_14965.webp",
  "tiles_x": 5,
  "tiles_y": 3,
  "offset_x": 0.00520831347,
  "offset_y": 0.0,
  "tiles": [
    {
      "margin": false,
      "index": 6,
      "file": null,
      "u": 0.00520831347,
      "v": 0.0,
      "uw": 0.197916672,
      "vh": 0.333333343,
      "width": 405,
      "height": 405,
      "descriptor": [
        226,
        203,
        175,
        233,
        208,
        178,
        221,
        198,
        166,
        224,
        201,
        172,
        233,
        210,
        180,
        228,
        204,
        175,
        97,
        132,
        150,
        89,
        134,
        147,
        232,
        211,
        180,
        232,
        209,
        179,
        106,
        149,
        154,
        98,
        143,
        156,
        239,
        215,
        183,
        210,
        194,
        164,
        166,
        194,
        187,
        164,
        179,
        174
      ]
    },
    {
      "margin": false,
      "index": 7,
      "file": null,
      "u": 0.203124985,
      "v": 0.0,
      "uw": 0.197916672,
      "vh": 0.333333343,
      "width": 405,
      "height": 405,
      "descriptor": [
        232,
        208,
        180,
        241,
        218,
        187,
        240,
        215,
        185,
        229,
        206,
        176,
        169,
        183,
        165,
        101,
        119,
        134,
        219,
        202,
        168,
        153,
        164,
        154,
        104,
        145,
        152,
        133,
        172,
        173,
        9,
        103,
        161,
        111,
        143,
        151,
        164,
        175,
        175,
        155,
        170,
        166,
        155,
        170,
        169,
        160,
        97,
        90
      ]
    },
    {
      "margin": false,
      "index": 8,
      "file": null,
      "u": 0.401041657,
      "v": 0.0,
      "uw": 0.197916672,
      "vh": 0.333333343,
      "width": 405,
      "height": 405,
      "descriptor": [
        213,
        194,
        163,
        216,
        193,
        161,
        224,
        201,
        172,
        235,
        211,
        184,
        143,
        145,
        136,
        154,
        158,
        145,
        128,
        117,
        108,
        157,
        151,
        149,
        89,
        146,
        158,
        134,
        157,
        161,
        134,
        155,
        155,
        110,
        161,
        165,
        136,
        147,
        143,
        137,
        156,
        154,
        133,
        147,
        143,
        107,
        139,
        152
      ]
    },
    {
      "margin": false,
      "index": 9,
      "file": null,
      "u": 0.5989583,
      "v": 0.0,
      "uw": 0.197916672,
      "vh": 0.333333343,
      "width": 405,
      "height": 405,
      "descriptor": [
        236,
        213,
        182,
        234,
        211,
        182,
        240,
        216,
        185,
        253,
        227,
        195,
        176,
        161,
        146,
        146,
        149,
        140,
        179,
        177,
        149,
        143,
        151,
        146,
        146,
        165,
        165,
        146,
        163,
        160,
        147,
        165,
        158,
        141,
        159,
        156,
        169,
        173,
        160,
        189,
        192,
        172,
        190,
        191,
        167,
        170,
        171,
        154
      ]
    },
    {
      "margin": false,
      "index": 10,
      "file": null,
      "u": 0.796875,
      "v": 0.0,
      "uw": 0.197916672,
      "vh": 0.333333343,
      "width": 405,
      "height": 405,
      "descriptor": [
        240,
        214,
        184,
        235,
        214,
        187,
        230,
        205,
        177,
        185,
        164,
        132,
        187,
        173,
        159,
        228,
        204,
        175,
        232,
        208,
        181,
        224,
        202,
        179,
        144,
        164,
        164,
        143,
        160,
        159,
        231,
        207,
        178,
        224,
        201,
        173,
        170,
        180,
        163,
        165,
        180,
        164,
        225,
        201,
        174,
        229,
        205,
        177
      ]
    },
    {
      "margin": false,
      "index": 11,
      "file": null,
      "u": 0.00520831347,
      "v": 0.333333343,
      "uw": 0.197916672,
      "vh": 0.333333343,
      "width": 405,
      "height": 405,
      "descriptor": [
        225,
        200,
        172,
        237,
        211,
        182,
        187,
        172,
        99,
        182,
        180,
        108,
        225,
        203,
        173,
        221,
        198,
        167,
        165,
        169,
        173,
        162,
        164,
        164,
        99,
        103,
        81,
        91,
        91,
        73,
        170,
        174,
        174,
        160,
        175,
        179,
        233,
        210,
        181,
        236,
        212,
        184,
        157,
        189,
        186,
        108,
        139,
        132
      ]
    },
    {
      "margin": false,
      "index": 12,
      "file": null,
      "u": 0.203124985,
      "v": 0.333333343,
      "uw": 0.197916672,
      "vh": 0.333333343,
      "width": 405,
      "height": 405,
      "descriptor": [
        179,
        179,
        150,
        190,
        166,
        127,
        185,
        182,
        159,
        180,
        200,
        189,
        133,
        145,
        140,
        130,
        136,
        131,
        137,
        140,
        130,
        140,
        154,
        147,
        150,
        158,
        160,
        163,
        162,
        165,
        158,
        142,
        141,
        129,
        129,
        121,
        88,
        127,
        145,
        133,
        128,
        114,
        137,
        148,
        124,
        169,
        185,
        175
      ]
    },
    {
      "margin": false,
      "index": 13,
      "file": null,
      "u": 0.401041657,
      "v": 0.333333343,
      "uw": 0.197916672,
      "vh": 0.333333343,
      "width": 405,
      "height": 405,
      "descriptor": [
        163,
        174,
        165,
        155,
        153,
        143,
        160,
        174,
        170,
        148,
        162,
        165,
        122,
        132,
        127,
        127,
        160,
        153,
        158,
        142,
        140,
        141,
        145,
        128,
        153,
        164,
        142,
        130,
        135,
        116,
        70,
        141,
        143,
        162,
        176,
        169,
        144,
        161,
        155,
        116,
        123,
        111,
        104,
        139,
        147,
        131,
        136,
        113
      ]
    },
    {
      "margin": false,
      "index": 14,
      "file": null,
      "u": 0.5989583,
      "v": 0.333333343,
      "uw": 0.197916672,
      "vh": 0.333333343,
      "width": 405,
      "height": 405,