{
  "title": "PODOBIZEŇ PIROŠKY RADVANSKEJ",
  "author": "KLEMENS, JOZEF BOŽETECH",
  "year": "1846",
  "id": "SNG-0001061652",
  "width": 1664,
  "height": 2048,
  "file": "SNG--O_228--1_1--_2016_01_12_--L2_WEB_59695509.webp",
  "tiles_x": 3,
  "tiles_y": 3,
  "offset_x": 0.0,
  "offset_y": 0.09375,
  "tiles": [
    {
      "margin": false,
      "index": 6,
      "file": null,
      "u": 0.0,
      "v": 0.09375,
      "uw": 0.333333343,
      "vh": 0.270833343,
      "width": 554,
      "height": 554,
      "descriptor": [
        59,
        67,
        50,
        55,
        66,
        46,
        59,
        67,
        45,
        64,
        70,
        50,
        56,
        62,
        40,
        62,
        70,
        51,
        58,
        65,
        43,
        66,
        73,
        48,
        56,
        57,
        30,
        53,
        57,
        33,
        60,
        63,
        42,
        79,
        82,
        64,
        43,
        41,
        20,
        49,
        50,
        26,
        61,
        56,
        32,
        121,
        113,
        103
      ]
    },
    {
      "margin": false,
      "index": 7,
      "file": null,
      "u": 0.333333343,
      "v": 0.09375,
      "uw": 0.333333343,
      "vh": 0.270833343,
      "width": 554,
      "height": 554,
      "descriptor": [
        18,
        18,
        19,
        224,
        183,
        138,
        26,
        31,
        27,
        75,
        88,
        68,
        18,
        17,
        18,
        211,
        159,
        128,
        155,
        121,
        92,
        83,
        94,
        68,
        18,
        16,
        18,
        224,
        173,
        135,
        121,
        95,
        62,
        92,
        97,
        66,
        211,
        178,
        130,
        223,
        185,
        144,
        134,
        121,
        89,
        97,
        101,
        69
      ]
    },
    {
      "margin": false,
      "index": 8,
      "file": null,
      "u": 0.6666667,
      "v": 0.09375,
      "uw": 0.333333343,
      "vh": 0.270833343,
      "width": 554,
      "height": 554,
      "descriptor": [
        76,
        87,
        61,
        87,
        93,
        63,
        92,
        96,
        64,
        97,
        99,
        64,
        89,
        97,
        65,
        94,
        100,
        68,
        103,
        104,
        65,
        104,
        103,
        62,
        89,
        95,
        65,
        95,
        100,
        66,
        105,
        105,
        64,
        106,
        104,
        61,
        96,
        101,
        65,
        99,
        101,
        64,
        107,
        106,
        63,
        105,
        103,
        58
      ]
    },
    {
      "margin": false,
      "index": 9,
      "file": null,
      "u": 0.0,
      "v": 0.364583343,
      "uw": 0.333333343,
      "vh": 0.270833343,
      "width": 554,
      "height": 554,
      "descriptor": [
        35,
        34,
        20,
        38,
        36,
        21,
        95,
        97,
        86,
        232,
        204,
        167,
        27,
        26,
        22,
        90,
        97,
        87,
        174,
        158,
        116,
        73,
        25,
        17,
        17,
        17,
        14,
        37,
        37,
        30,
        151,
        122,
        60,
        111,
        89,
        40,
        20,
        21,
        19,
        43,
        44,
        36,
        215,
        186,
        142,
        79,
        35,
        30
      ]
    },
    {
      "margin": false,
      "index": 10,
      "file": null,
      "u": 0.333333343,
      "v": 0.364583343,
      "uw": 0.333333343,
      "vh": 0.270833343,
      "width": 554,
      "height": 554,
      "descriptor": [
        220,
        189,
        154,
        172,
        152,
        121,
        189,
        165,
        130,
        152,
        147,
        129,
        90,
        56,
        20,
        176,
        156,
        110,
        155,
        125,
        55,
        123,
        112,
        82,
        55,
        27,
        30,
        99,
        48,
        19,
        144,
        130,
        97,
        101,
        87,
        59,
        61,
        40,
        32,
        51,
        27,
        26,
        44,
        19,
        17,
        54,
        27,
        23
      ]
    },
    {
      "margin": false,
      "index": 11,
      "file": null,
      "u": 0.6666667,
      "v": 0.364583343,
      "uw": 0.333333343,
      "vh": 0.270833343,
      "width": 554,
      "height": 554,
      "descriptor": [
        106,
        108,
        69,
        104,
        105,
        64,
        98,
        96,
        47,
        97,
        95,
        48,
        106,
        105,
        62,
        99,
        96,
        49,
        95,
        92,
        36,
        87,
        79,
        24,
        52,
        24,
        26,
        85,
        74,
        25,
        82,
        70,
        25,
        74,
        60,
        15,
        124,
        101,
        69,
        64,
        53,
        13,
        64,
        56,
        16,
        51,
        44,
        10
      ]
    },
    {
      "margin": false,
      "index": 12,
      "file": null,
      "u": 0.0,
      "v": 0.6354167,
      "uw": 0.333333343,
      "vh": 0.270833343,
      "width": 554,
      "height": 554,
      "descriptor": [
        21,
        21,
        17,
        119,
        122,
        112,
        211,
        176,
        140,
        205,
        179,
        145,
        24,
        25,
        21,
        156,
        148,
        117,
        136,
        129,
        101,
        203,
        180,
        146,
        83,
        87,
        86,
        187,
        185,
        157,
        173,
        167,
        136,
        173,
        168,
        140,
        190,
        187,
        156,
        180,
        172,
        140,
        173,
        165,
        131,
        174,
        163,
        122
      ]
    },
    {
      "margin": false,
      "index": 13,
      "file": null,
      "u": 0.333333343,
      "v": 0.6354167,
      "uw": 0.333333343,
      "vh": 0.270833343,
      "width": 554,
      "height": 554,
      "descriptor": [
        158,
        153,
        125,
        145,
        136,
        98,
        150,
        142,
        96,
        148,
        140,
        104,
        177,
        158,
        128,
        137,
        133,
        103,
        146,
        142,
        114,
        130,
        123,
        92,
        149,
        134,
        86,
        167,
        147,
        119,
        166,
        160,
        129,
        142,
        138,
        112,
        112,
        101,
        65,
        139,
        114,
        84,
        157,
        149,
        119,
        141,
        138,
        111
      ]
    },
    {
      "margin": false,
      "index": 14,
      "file": null,
      "u": 0.6666667,
      "v": 0.6354167,
      "uw": 0.333333343,
      "vh": 0.270833343,
      "width": 554,
      "height": 554,
      "descriptor": [
        86,
        82,
        60,
        157,
        136,
        107,
        30,
        18,
        15,
        20,
        15,
        11,
        86,
        71,
        59,
        32,
        23,
        18,
        206,
        168,
        131,
        185,
        141,
        100,
        91,
        88,
        72,
        97,
        93,
        77,
        43,
        21,
        21,
        19,
        17,
        18,
        102,
        99,
        84,
        84,
        80,
        66,
        34,
        24,
        23,
        18,
        17,
        18
      ]
    }
  ],
  "margins": [
    {
      "margin": true,
      "index": 0,
      "file": null,
      "u": 0.0,
      "v": 0.0,
      "uw": 0.333333343,
      "vh": 0.09375,
      "width": 554,