{
  "title": "ŠTÚDIA K OBJATIU",
  "author": "MAJERNÍK, CYPRIÁN",
  "year": "1936",
  "id": "SNG-0001023186",
  "width": 1472,
  "height": 2048,
  "file": "SNG--K_7147--1_1--_2015_08_20_--L2_WEB_99033.webp",
  "tiles_x": 3,
  "tiles_y": 4,
  "offset_x": 0.0,
  "offset_y": 0.0208333433,
  "tiles": [
    {
      "margin": false,
      "index": 6,
      "file": null,
      "u": 0.0,
      "v": 0.0208333433,
      "uw": 0.3333333,
      "vh": 0.239583328,
      "width": 490,
      "height": 490,
      "descriptor": [
        97,
        96,
        91,
        92,
        90,
        87,
        101,
        100,
        95,
        101,
        100,
        94,
        99,
        98,
        94,
        74,
        64,
        58,
        66,
        58,
        53,
        89,
        118,
        145,
        109,
        104,
        102,
        67,
        59,
        53,
        70,
        61,
        53,
        87,
        118,
        144,
        97,
        95,
        88,
        74,
        66,
        60,
        73,
        62,
        56,
        92,
        124,
        149
      ]
    },
    {
      "margin": false,
      "index": 7,
      "file": null,
      "u": 0.3333333,
      "v": 0.0208333433,
      "uw": 0.3333333,
      "vh": 0.239583328,
      "width": 490,
      "height": 490,
      "descriptor": [
        95,
        95,
        90,
        102,
        102,
        96,
        103,
        104,
        102,
        94,
        94,
        89,
        79,
        112,
        132,
        78,
        114,
        130,
        89,
        120,
        143,
        91,
        124,
        152,
        91,
        123,
        149,
        90,
        123,
        152,
        89,
        120,
        151,
        85,
        118,
        146,
        89,
        120,
        146,
        94,
        125,
        150,
        90,
        120,
        146,
        94,
        124,
        153
      ]
    },
    {
      "margin": false,
      "index": 8,
      "file": null,
      "u": 0.6666666,
      "v": 0.0208333433,
      "uw": 0.3333333,
      "vh": 0.239583328,
      "width": 490,
      "height": 490,
      "descriptor": [
        106,
        107,
        101,
        98,
        97,
        91,
        97,
        98,
        92,
        93,
        93,
        89,
        93,
        126,
        158,
        93,
        123,
        149,
        89,
        119,
        141,
        98,
        100,
        94,
        85,
        117,
        145,
        87,
        116,
        138,
        84,
        116,
        140,
        100,
        100,
        97,
        85,
        119,
        149,
        90,
        120,
        142,
        95,
        128,
        154,
        91,
        94,
        89
      ]
    },
    {
      "margin": false,
      "index": 9,
      "file": null,
      "u": 0.0,
      "v": 0.2604167,
      "uw": 0.3333333,
      "vh": 0.239583328,
      "width": 490,
      "height": 490,
      "descriptor": [
        100,
        98,
        93,
        65,
        56,
        52,
        68,
        59,
        52,
        98,
        128,
        150,
        101,
        99,
        92,
        68,
        58,
        51,
        71,
        61,
        55,
        95,
        124,
        148,
        95,
        93,
        87,
        71,
        60,
        54,
        68,
        57,
        50,
        101,
        98,
        97,
        98,
        95,
        89,
        66,
        56,
        49,
        83,
        70,
        61,
        81,
        77,
        73
      ]
    },
    {
      "margin": false,
      "index": 10,
      "file": null,
      "u": 0.3333333,
      "v": 0.2604167,
      "uw": 0.3333333,
      "vh": 0.239583328,
      "width": 490,
      "height": 490,
      "descriptor": [
        77,
        111,
        139,
        90,
        121,
        146,
        95,
        126,
        154,
        91,
        123,
        149,
        97,
        124,
        148,
        95,
        125,
        147,
        155,
        148,
        146,
        86,
        117,
        148,
        111,
        107,
        106,
        104,
        91,
        85,
        202,
        205,
        205,
        179,
        182,
        186,
        94,
        123,
        104,
        117,
        139,
        146,
        124,
        118,
        118,
        143,
        126,
        124
      ]
    },
    {
      "margin": false,
      "index": 11,
      "file": null,
      "u": 0.6666666,
      "v": 0.2604167,
      "uw": 0.3333333,
      "vh": 0.239583328,
      "width": 490,
      "height": 490,
      "descriptor": [
        91,
        125,
        149,
        90,
        124,
        151,
        81,
        117,
        146,
        91,
        91,
        87,
        126,
        133,
        138,
        84,
        118,
        144,
        93,
        124,
        151,
        93,
        93,
        87,
        90,
        124,
        155,
        89,
        119,
        146,
        154,
        160,
        160,
        95,
        95,
        90,
        87,
        105,
        102,
        102,
        116,
        94,
        82,
        98,
        87,
        101,
        101,
        97
      ]
    },
    {
      "margin": false,
      "index": 12,
      "file": null,
      "u": 0.0,
      "v": 0.5,
      "uw": 0.3333333,
      "vh": 0.239583328,
      "width": 490,
      "height": 490,
      "descriptor": [
        103,
        102,
        97,
        66,
        54,
        46,
        77,
        66,
        58,
        98,
        108,
        101,
        101,
        100,
        94,
        67,
        57,
        51,
        75,
        61,
        55,
        45,
        54,
        51,
        98,
        95,
        92,
        74,
        61,
        53,
        72,
        58,
        54,
        48,
        53,
        51,
        96,
        95,
        88,
        74,
        65,
        59,
        70,
        61,
        55,
        182,
        184,
        185
      ]
    },
    {
      "margin": false,
      "index": 13,
      "file": null,
      "u": 0.3333333,
      "v": 0.5,
      "uw": 0.3333333,
      "vh": 0.239583328,
      "width": 490,
      "height": 490,
      "descriptor": [
        102,
        127,
        114,
        99,
        87,
        80,
        162,
        168,
        163,
        86,
        104,
        103,
        142,
        148,
        143,
        134,
        139,
        138,
        171,
        173,
        169,
        79,
        91,
        93,
        160,
        165,
        165,
        149,
        153,
        152,
        166,
        167,
        162,
        66,
        72,
        72,
        158,
        160,
        158,
        164,
        165,
        165,
        150,
        154,
        153,
        61,
        67,
        66
      ]
    },
    {
      "margin": false,
      "index": 14,
      "file": null,
      "u": 0.6666666,
      "v": 0.5,
      "uw": 0.3333333,
      "vh": 0.239583328,
      "width": 490,
      "height": 490,
      "descriptor": [
        72,
        93,
        94,
        91,
        105,
        102,
        68,
        94,
        93,
        98,
        99,
        93,
        75,
        92,
        93,
        58,
        87,
        94,
        76,
        93,
        92,
        94,
        93,
        85,
        72,
        90,
        90,
        60,
        79,
        82,
        64,
        86,
        89,
        111,
        113,
        108,
        75,
        93,
        91,
        71,
        90,
        92,
        79,
        97,
        98,
        101,
        100,
        95
      ]
    },
    {
      "margin": false,
      "index": 15,
      "file": null,
      "u": 0.0,
      "v": 0.7395834,
      "uw": 0.3333333,
      "vh": 0.239583328,
      "width": 490,
      "height": 490,