{
  "title": "PODOBIZEŇ ŽOFIE SZMRECSÁNYIOVEJ ROD. AMBRÓZYOVEJ",
  "author": "KLEMENS, JOZEF BOŽETECH",
  "year": "",
  "id": "SNG-0001071927",
  "width": 1472,
  "height": 2048,
  "file": "SNG--O_6537--1_1--2017_02_13--L2_WEB_111845718.webp",
  "tiles_x": 3,
  "tiles_y": 4,
  "offset_x": 0.0,
  "offset_y": 0.0208333433,
  "tiles": [
    {
      "margin": false,
      "index": 6,
      "file": null,
      "u": 0.0,
      "v": 0.0208333433,
      "uw": 0.3333333,
      "vh": 0.239583328,
      "width": 490,
      "height": 490,
      "descriptor": [
        131,
        159,
        167,
        132,
        161,
        165,
        130,
        161,
        173,
        93,
        127,
        139,
        128,
        153,
        154,
        122,
        150,
        153,
        135,
        165,
        174,
        131,
        160,
        166,
        151,
        168,
        166,
        151,
        167,
        169,
        142,
        164,
        165,
        150,
        175,
        177,
        157,
        169,
        163,
        157,
        172,
        171,
        150,
        169,
        165,
        144,
        164,
        162
      ]
    },
    {
      "margin": false,
      "index": 7,
      "file": null,
      "u": 0.3333333,
      "v": 0.0208333433,
      "uw": 0.3333333,
      "vh": 0.239583328,
      "width": 490,
      "height": 490,
      "descriptor": [
        129,
        163,
        171,
        115,
        151,
        162,
        52,
        95,
        76,
        66,
        81,
        25,
        117,
        146,
        156,
        115,
        150,
        160,
        133,
        165,
        172,
        98,
        111,
        96,
        145,
        167,
        168,
        129,
        125,
        105,
        75,
        54,
        33,
        99,
        82,
        61,
        154,
        171,
        171,
        167,
        117,
        80,
        175,
        128,
        85,
        143,
        132,
        112
      ]
    },
    {
      "margin": false,
      "index": 8,
      "file": null,
      "u": 0.6666666,
      "v": 0.0208333433,
      "uw": 0.3333333,
      "vh": 0.239583328,
      "width": 490,
      "height": 490,
      "descriptor": [
        19,
        32,
        12,
        26,
        31,
        27,
        17,
        19,
        3,
        23,
        26,
        13,
        24,
        32,
        19,
        24,
        27,
        12,
        11,
        25,
        10,
        58,
        35,
        1,
        89,
        131,
        124,
        14,
        35,
        25,
        48,
        52,
        15,
        46,
        20,
        0,
        143,
        161,
        161,
        150,
        170,
        165,
        65,
        65,
        41,
        22,
        18,
        7
      ]
    },
    {
      "margin": false,
      "index": 9,
      "file": null,
      "u": 0.0,
      "v": 0.2604167,
      "uw": 0.3333333,
      "vh": 0.239583328,
      "width": 490,
      "height": 490,
      "descriptor": [
        168,
        177,
        171,
        165,
        173,
        167,
        158,
        171,
        168,
        161,
        174,
        172,
        176,
        174,
        156,
        176,
        177,
        166,
        182,
        181,
        166,
        166,
        173,
        165,
        195,
        183,
        159,
        198,
        185,
        164,
        192,
        183,
        164,
        186,
        179,
        160,
        139,
        160,
        155,
        117,
        135,
        110,
        141,
        159,
        153,
        133,
        124,
        94
      ]
    },
    {
      "margin": false,
      "index": 10,
      "file": null,
      "u": 0.3333333,
      "v": 0.2604167,
      "uw": 0.3333333,
      "vh": 0.239583328,
      "width": 490,
      "height": 490,
      "descriptor": [
        150,
        166,
        166,
        189,
        128,
        92,
        180,
        113,
        84,
        156,
        148,
        129,
        163,
        176,
        176,
        170,
        156,
        130,
        164,
        129,
        93,
        137,
        126,
        101,
        178,
        149,
        122,
        209,
        168,
        129,
        207,
        166,
        132,
        184,
        153,
        121,
        130,
        121,
        101,
        119,
        118,
        102,
        95,
        90,
        77,
        107,
        102,
        88
      ]
    },
    {
      "margin": false,
      "index": 11,
      "file": null,
      "u": 0.6666666,
      "v": 0.2604167,
      "uw": 0.3333333,
      "vh": 0.239583328,
      "width": 490,
      "height": 490,
      "descriptor": [
        152,
        172,
        169,
        148,
        165,
        166,
        72,
        44,
        14,
        99,
        60,
        4,
        165,
        172,
        166,
        140,
        159,
        152,
        124,
        150,
        145,
        41,
        28,
        5,
        183,
        150,
        115,
        165,
        136,
        105,
        119,
        142,
        128,
        50,
        37,
        10,
        98,
        91,
        76,
        67,
        60,
        52,
        50,
        54,
        36,
        81,
        84,
        30
      ]
    },
    {
      "margin": false,
      "index": 12,
      "file": null,
      "u": 0.0,
      "v": 0.5,
      "uw": 0.3333333,
      "vh": 0.239583328,
      "width": 490,
      "height": 490,
      "descriptor": [
        118,
        120,
        95,
        111,
        115,
        72,
        108,
        111,
        75,
        114,
        112,
        71,
        113,
        122,
        85,
        151,
        98,
        71,
        63,
        73,
        39,
        181,
        149,
        116,
        86,
        90,
        52,
        109,
        111,
        78,
        115,
        130,
        107,
        190,
        150,
        109,
        103,
        84,
        32,
        100,
        87,
        39,
        203,
        159,
        120,
        156,
        110,
        68
      ]
    },
    {
      "margin": false,
      "index": 13,
      "file": null,
      "u": 0.3333333,
      "v": 0.5,
      "uw": 0.3333333,
      "vh": 0.239583328,
      "width": 490,
      "height": 490,
      "descriptor": [
        116,
        110,
        93,
        76,
        64,
        55,
        87,
        82,
        70,
        77,
        81,
        72,
        181,
        137,
        95,
        127,
        123,
        112,
        105,
        96,
        82,
        96,
        89,
        72,
        118,
        95,
        75,
        111,
        99,
        81,
        79,
        70,
        57,
        62,
        52,
        40,
        128,
        108,
        95,
        111,
        97,
        80,
        210,
        169,
        123,
        189,
        151,
        116
      ]
    },
    {
      "margin": false,
      "index": 14,
      "file": null,
      "u": 0.6666666,
      "v": 0.5,
      "uw": 0.3333333,
      "vh": 0.239583328,
      "width": 490,
      "height": 490,
      "descriptor": [
        55,
        49,
        41,
        102,
        91,
        73,
        170,
        118,
        113,
        57,
        51,
        21,
        44,
        34,
        23,
        155,
        117,
        86,
        59,
        65,
        35,
        89,
        72,
        43,
        180,
        143,
        106,
        190,
        152,
        114,
        50,
        29,
        19,
        44,
        27,
        21,
        174,
        135,
        104,
        76,
        30,
        13,
        42,
        24,
        13,
        33,
        17,
        7
      ]
    },
    {
      "margin": false,
      "index": 15,
      "file": null,
      "u": 0.0,
      "v": 0.7395834,