{
  "title": "SVÄTÝ PAVOL KÁŽE V CAMPAGNI",
  "author": "PANNINI, GIOVANNI PAOLO",
  "year": "(1730 - 1740)",
  "id": "SNG-0001000260",
  "width": 2048,
  "height": 1344,
  "file": "SNG--O_3763--1_1--_2013_10_01_--L2_WEB_19477.webp",
  "tiles_x": 4,
  "tiles_y": 3,
  "offset_x": 0.0625,
  "offset_y": 0.0,
  "tiles": [
    {
      "margin": false,
      "index": 6,
      "file": null,
      "u": 0.0625,
      "v": 0.0,
      "uw": 0.21875,
      "vh": 0.333333343,
      "width": 448,
      "height": 448,
      "descriptor": [
        107,
        108,
        101,
        93,
        114,
        128,
        95,
        102,
        105,
        97,
        103,
        109,
        101,
        103,
        100,
        94,
        96,
        94,
        94,
        99,
        100,
        96,
        96,
        94,
        67,
        58,
        33,
        28,
        40,
        21,
        91,
        98,
        102,
        103,
        89,
        72,
        27,
        32,
        19,
        63,
        49,
        31,
        48,
        41,
        31,
        33,
        26,
        15
      ]
    },
    {
      "margin": false,
      "index": 7,
      "file": null,
      "u": 0.28125,
      "v": 0.0,
      "uw": 0.21875,
      "vh": 0.333333343,
      "width": 448,
      "height": 448,
      "descriptor": [
        101,
        109,
        111,
        85,
        100,
        113,
        89,
        99,
        109,
        79,
        103,
        116,
        91,
        108,
        115,
        89,
        106,
        114,
        85,
        102,
        113,
        73,
        81,
        91,
        66,
        42,
        30,
        100,
        114,
        120,
        92,
        108,
        116,
        86,
        105,
        102,
        61,
        47,
        30,
        47,
        43,
        23,
        87,
        71,
        36,
        75,
        50,
        27
      ]
    },
    {
      "margin": false,
      "index": 8,
      "file": null,
      "u": 0.5,
      "v": 0.0,
      "uw": 0.21875,
      "vh": 0.333333343,
      "width": 448,
      "height": 448,
      "descriptor": [
        84,
        105,
        115,
        86,
        102,
        110,
        87,
        109,
        119,
        85,
        100,
        110,
        81,
        102,
        115,
        84,
        98,
        108,
        71,
        90,
        104,
        81,
        92,
        101,
        29,
        33,
        17,
        15,
        22,
        12,
        29,
        37,
        22,
        88,
        99,
        101,
        32,
        32,
        18,
        10,
        15,
        13,
        64,
        54,
        34,
        85,
        96,
        90
      ]
    },
    {
      "margin": false,
      "index": 9,
      "file": null,
      "u": 0.71875,
      "v": 0.0,
      "uw": 0.21875,
      "vh": 0.333333343,
      "width": 448,
      "height": 448,
      "descriptor": [
        73,
        88,
        100,
        82,
        93,
        104,
        84,
        97,
        108,
        81,
        109,
        133,
        64,
        85,
        97,
        80,
        91,
        96,
        61,
        72,
        63,
        22,
        5,
        4,
        83,
        108,
        119,
        87,
        99,
        105,
        39,
        36,
        29,
        36,
        39,
        29,
        55,
        59,
        49,
        99,
        113,
        110,
        33,
        32,
        23,
        32,
        30,
        26
      ]
    },
    {
      "margin": false,
      "index": 10,
      "file": null,
      "u": 0.0625,
      "v": 0.333333343,
      "uw": 0.21875,
      "vh": 0.333333343,
      "width": 448,
      "height": 448,
      "descriptor": [
        23,
        30,
        18,
        55,
        49,
        41,
        57,
        49,
        37,
        105,
        93,
        68,
        89,
        79,
        57,
        107,
        112,
        110,
        110,
        125,
        130,
        76,
        66,
        42,
        112,
        109,
        94,
        119,
        114,
        103,
        127,
        131,
        127,
        40,
        34,
        18,
        158,
        149,
        128,
        144,
        136,
        123,
        128,
        123,
        113,
        51,
        40,
        23
      ]
    },
    {
      "margin": false,
      "index": 11,
      "file": null,
      "u": 0.28125,
      "v": 0.333333343,
      "uw": 0.21875,
      "vh": 0.333333343,
      "width": 448,
      "height": 448,
      "descriptor": [
        120,
        106,
        66,
        35,
        33,
        20,
        38,
        36,
        27,
        37,
        32,
        22,
        136,
        100,
        51,
        106,
        121,
        128,
        104,
        124,
        128,
        110,
        110,
        101,
        117,
        127,
        139,
        117,
        133,
        135,
        137,
        142,
        139,
        111,
        124,
        130,
        164,
        162,
        144,
        134,
        134,
        122,
        159,
        141,
        130,
        89,
        84,
        83
      ]
    },
    {
      "margin": false,
      "index": 12,
      "file": null,
      "u": 0.5,
      "v": 0.333333343,
      "uw": 0.21875,
      "vh": 0.333333343,
      "width": 448,
      "height": 448,
      "descriptor": [
        31,
        30,
        23,
        38,
        31,
        29,
        80,
        64,
        29,
        73,
        51,
        41,
        45,
        32,
        15,
        29,
        25,
        16,
        88,
        73,
        50,
        123,
        116,
        94,
        107,
        113,
        109,
        8,
        8,
        6,
        114,
        93,
        60,
        1,
        0,
        0,
        100,
        75,
        50,
        35,
        36,
        22,
        82,
        79,
        64,
        0,
        0,
        0
      ]
    },
    {
      "margin": false,
      "index": 13,
      "file": null,
      "u": 0.71875,
      "v": 0.333333343,
      "uw": 0.21875,
      "vh": 0.333333343,
      "width": 448,
      "height": 448,
      "descriptor": [
        30,
        27,
        14,
        32,
        38,
        19,
        25,
        14,
        15,
        28,
        27,
        13,
        32,
        23,
        16,
        133,
        89,
        38,
        20,
        11,
        10,
        26,
        20,
        12,
        47,
        39,
        29,
        80,
        57,
        21,
        19,
        13,
        12,
        18,
        22,
        14,
        47,
        37,
        30,
        62,
        46,
        36,
        18,
        13,
        10,
        24,
        23,
        13
      ]
    },
    {
      "margin": false,
      "index": 14,
      "file": null,
      "u": 0.0625,
      "v": 0.6666667,
      "uw": 0.21875,
      "vh": 0.333333343,
      "width": 448,
      "height": 448,
      "descriptor": [
        106,
        122,
        128,
        68,
        74,
        67,
        41,
        41,
        32,
        36,
        30,
        11,
        17,
        18,
        11,
        17,
        19,
        8,
        20,
        23,
        14,
        60,
        34,
        22,
        31,
        38,
        36,
        18,
        19,
        13,
        29,
        26,
        18,
        30,
        22,
        16,
        16,
        21,
        13,
        73,
        60,
        14,
        42,
        38,
        20,
        71,
        58,
        21
      ]
    },
    {
      "margin": false,
      "index": 15,
      "file": null,
      "u": 0.28125,
      "v": 0.6666667,
      "uw": 0.21875,
      "vh": 0.333333343,
      "width": 448,
      "height": 448,