{
  "title": "KRAJINA II.",
  "author": "CZÖLDER, DEZIDER",
  "year": "(1901 - 1925)",
  "id": "SNG-0001018733",
  "width": 1344,
  "height": 2048,
  "file": "SNG--O_5568--1_1--2013_10_28--L2_WEB_35892.webp",
  "tiles_x": 3,
  "tiles_y": 4,
  "offset_x": 0.0,
  "offset_y": 0.0625,
  "tiles": [
    {
      "margin": false,
      "index": 6,
      "file": null,
      "u": 0.0,
      "v": 0.0625,
      "uw": 0.333333343,
      "vh": 0.21875,
      "width": 448,
      "height": 448,
      "descriptor": [
        148,
        141,
        145,
        161,
        156,
        165,
        155,
        150,
        159,
        167,
        154,
        158,
        156,
        152,
        158,
        172,
        163,
        169,
        174,
        163,
        163,
        172,
        163,
        160,
        175,
        160,
        158,
        185,
        172,
        169,
        180,
        169,
        164,
        163,
        155,
        163,
        176,
        166,
        167,
        189,
        176,
        179,
        170,
        162,
        163,
        171,
        165,
        171
      ]
    },
    {
      "margin": false,
      "index": 7,
      "file": null,
      "u": 0.333333343,
      "v": 0.0625,
      "uw": 0.333333343,
      "vh": 0.21875,
      "width": 448,
      "height": 448,
      "descriptor": [
        166,
        156,
        159,
        140,
        137,
        144,
        160,
        156,
        166,
        136,
        147,
        158,
        170,
        157,
        159,
        169,
        161,
        164,
        134,
        144,
        156,
        148,
        143,
        153,
        180,
        165,
        166,
        163,
        157,
        162,
        150,
        158,
        166,
        146,
        137,
        146,
        153,
        147,
        149,
        144,
        160,
        159,
        143,
        143,
        144,
        142,
        148,
        143
      ]
    },
    {
      "margin": false,
      "index": 8,
      "file": null,
      "u": 0.6666667,
      "v": 0.0625,
      "uw": 0.333333343,
      "vh": 0.21875,
      "width": 448,
      "height": 448,
      "descriptor": [
        156,
        163,
        171,
        138,
        145,
        150,
        129,
        122,
        142,
        110,
        100,
        113,
        147,
        151,
        164,
        164,
        156,
        154,
        155,
        134,
        136,
        145,
        124,
        137,
        154,
        150,
        152,
        160,
        147,
        151,
        165,
        145,
        145,
        148,
        128,
        135,
        101,
        118,
        121,
        140,
        132,
        143,
        168,
        149,
        154,
        151,
        133,
        145
      ]
    },
    {
      "margin": false,
      "index": 9,
      "file": null,
      "u": 0.0,
      "v": 0.28125,
      "uw": 0.333333343,
      "vh": 0.21875,
      "width": 448,
      "height": 448,
      "descriptor": [
        175,
        170,
        154,
        184,
        174,
        164,
        190,
        180,
        170,
        172,
        168,
        169,
        151,
        154,
        160,
        123,
        124,
        121,
        133,
        144,
        152,
        148,
        150,
        158,
        149,
        141,
        144,
        149,
        149,
        159,
        147,
        154,
        158,
        148,
        150,
        154,
        130,
        139,
        142,
        163,
        156,
        160,
        155,
        154,
        152,
        154,
        159,
        150
      ]
    },
    {
      "margin": false,
      "index": 10,
      "file": null,
      "u": 0.333333343,
      "v": 0.28125,
      "uw": 0.333333343,
      "vh": 0.21875,
      "width": 448,
      "height": 448,
      "descriptor": [
        171,
        161,
        156,
        211,
        197,
        187,
        177,
        165,
        165,
        155,
        151,
        148,
        153,
        152,
        161,
        129,
        143,
        144,
        124,
        133,
        142,
        157,
        154,
        144,
        140,
        144,
        153,
        163,
        167,
        134,
        167,
        168,
        128,
        145,
        140,
        149,
        139,
        151,
        135,
        163,
        166,
        140,
        146,
        142,
        145,
        133,
        134,
        140
      ]
    },
    {
      "margin": false,
      "index": 11,
      "file": null,
      "u": 0.6666667,
      "v": 0.28125,
      "uw": 0.333333343,
      "vh": 0.21875,
      "width": 448,
      "height": 448,
      "descriptor": [
        144,
        144,
        152,
        142,
        127,
        142,
        141,
        129,
        142,
        140,
        125,
        138,
        151,
        145,
        156,
        160,
        137,
        136,
        159,
        140,
        152,
        153,
        133,
        146,
        133,
        128,
        137,
        134,
        114,
        133,
        123,
        113,
        130,
        140,
        114,
        127,
        134,
        122,
        138,
        146,
        120,
        131,
        139,
        121,
        138,
        157,
        135,
        136
      ]
    },
    {
      "margin": false,
      "index": 12,
      "file": null,
      "u": 0.0,
      "v": 0.5,
      "uw": 0.333333343,
      "vh": 0.21875,
      "width": 448,
      "height": 448,
      "descriptor": [
        150,
        152,
        154,
        143,
        148,
        157,
        151,
        152,
        139,
        119,
        128,
        136,
        118,
        128,
        133,
        179,
        170,
        148,
        84,
        88,
        104,
        108,
        128,
        143,
        128,
        138,
        143,
        137,
        143,
        144,
        136,
        133,
        131,
        110,
        120,
        127,
        131,
        139,
        145,
        144,
        148,
        147,
        125,
        143,
        138,
        128,
        141,
        149
      ]
    },
    {
      "margin": false,
      "index": 13,
      "file": null,
      "u": 0.333333343,
      "v": 0.5,
      "uw": 0.333333343,
      "vh": 0.21875,
      "width": 448,
      "height": 448,
      "descriptor": [
        134,
        146,
        142,
        161,
        161,
        162,
        170,
        162,
        154,
        143,
        156,
        143,
        139,
        141,
        143,
        147,
        151,
        164,
        125,
        136,
        121,
        103,
        127,
        115,
        119,
        124,
        135,
        170,
        163,
        145,
        105,
        116,
        122,
        173,
        162,
        165,
        193,
        176,
        153,
        120,
        134,
        135,
        172,
        156,
        149,
        109,
        112,
        126
      ]
    },
    {
      "margin": false,
      "index": 14,
      "file": null,
      "u": 0.6666667,
      "v": 0.5,
      "uw": 0.333333343,
      "vh": 0.21875,
      "width": 448,
      "height": 448,