{
  "title": "V PARKU",
  "author": "LOLEK, STANISLAV",
  "year": "(1890 - 1910)",
  "id": "SNG-0001017772",
  "width": 1856,
  "height": 2048,
  "file": "SNG--O_165--1_1--2013_12_05--L2_WEB_9975.webp",
  "tiles_x": 3,
  "tiles_y": 3,
  "offset_x": 0.0,
  "offset_y": 0.046875,
  "tiles": [
    {
      "margin": false,
      "index": 6,
      "file": null,
      "u": 0.0,
      "v": 0.046875,
      "uw": 0.333333343,
      "vh": 0.302083343,
      "width": 618,
      "height": 618,
      "descriptor": [
        136,
        158,
        84,
        120,
        139,
        78,
        99,
        117,
        63,
        88,
        110,
        64,
        97,
        102,
        69,
        97,
        94,
        61,
        107,
        143,
        119,
        70,
        99,
        75,
        98,
        95,
        67,
        75,
        101,
        75,
        77,
        105,
        73,
        80,
        110,
        80,
        97,
        87,
        59,
        86,
        84,
        55,
        100,
        88,
        59,
        64,
        98,
        71
      ]
    },
    {
      "margin": false,
      "index": 7,
      "file": null,
      "u": 0.333333343,
      "v": 0.046875,
      "uw": 0.333333343,
      "vh": 0.302083343,
      "width": 618,
      "height": 618,
      "descriptor": [
        82,
        110,
        64,
        116,
        137,
        85,
        70,
        97,
        62,
        112,
        133,
        72,
        65,
        98,
        73,
        66,
        93,
        63,
        86,
        117,
        81,
        79,
        107,
        61,
        80,
        115,
        126,
        72,
        97,
        69,
        81,
        86,
        70,
        72,
        92,
        62,
        90,
        120,
        92,
        66,
        105,
        74,
        57,
        96,
        74,
        75,
        104,
        64
      ]
    },
    {
      "margin": false,
      "index": 8,
      "file": null,
      "u": 0.6666667,
      "v": 0.046875,
      "uw": 0.333333343,
      "vh": 0.302083343,
      "width": 618,
      "height": 618,
      "descriptor": [
        65,
        100,
        76,
        94,
        120,
        75,
        92,
        113,
        62,
        117,
        135,
        78,
        76,
        105,
        80,
        59,
        94,
        74,
        131,
        146,
        60,
        115,
        134,
        70,
        59,
        98,
        75,
        78,
        108,
        69,
        83,
        102,
        60,
        101,
        130,
        77,
        68,
        104,
        58,
        71,
        105,
        73,
        82,
        112,
        74,
        68,
        101,
        79
      ]
    },
    {
      "margin": false,
      "index": 9,
      "file": null,
      "u": 0.0,
      "v": 0.348958343,
      "uw": 0.333333343,
      "vh": 0.302083343,
      "width": 618,
      "height": 618,
      "descriptor": [
        78,
        80,
        63,
        71,
        102,
        72,
        67,
        95,
        69,
        150,
        163,
        66,
        90,
        96,
        75,
        88,
        126,
        126,
        85,
        108,
        92,
        106,
        136,
        94,
        97,
        98,
        77,
        93,
        101,
        65,
        117,
        151,
        101,
        158,
        182,
        109,
        95,
        102,
        74,
        101,
        96,
        59,
        105,
        134,
        89,
        155,
        181,
        111
      ]
    },
    {
      "margin": false,
      "index": 10,
      "file": null,
      "u": 0.333333343,
      "v": 0.348958343,
      "uw": 0.333333343,
      "vh": 0.302083343,
      "width": 618,
      "height": 618,
      "descriptor": [
        64,
        98,
        73,
        86,
        124,
        120,
        67,
        103,
        71,
        84,
        110,
        74,
        113,
        142,
        95,
        75,
        108,
        76,
        67,
        102,
        71,
        51,
        83,
        73,
        92,
        121,
        71,
        57,
        94,
        78,
        70,
        101,
        80,
        64,
        99,
        72,
        175,
        183,
        88,
        171,
        174,
        55,
        87,
        119,
        77,
        101,
        127,
        68
      ]
    },
    {
      "margin": false,
      "index": 11,
      "file": null,
      "u": 0.6666667,
      "v": 0.348958343,
      "uw": 0.333333343,
      "vh": 0.302083343,
      "width": 618,
      "height": 618,
      "descriptor": [
        59,
        83,
        60,
        76,
        86,
        67,
        99,
        122,
        55,
        81,
        103,
        65,
        61,
        96,
        80,
        71,
        96,
        62,
        84,
        114,
        75,
        77,
        89,
        63,
        120,
        147,
        99,
        92,
        122,
        76,
        78,
        102,
        63,
        114,
        131,
        93,
        88,
        119,
        87,
        100,
        130,
        73,
        84,
        99,
        70,
        77,
        87,
        64
      ]
    },
    {
      "margin": false,
      "index": 12,
      "file": null,
      "u": 0.0,
      "v": 0.6510417,
      "uw": 0.333333343,
      "vh": 0.302083343,
      "width": 618,
      "height": 618,
      "descriptor": [
        81,
        86,
        62,
        107,
        98,
        62,
        95,
        97,
        62,
        128,
        142,
        110,
        85,
        84,
        50,
        132,
        127,
        111,
        126,
        133,
        91,
        95,
        117,
        83,
        130,
        126,
        95,
        159,
        145,
        101,
        119,
        115,
        66,
        159,
        155,
        96,
        77,
        114,
        85,
        84,
        115,
        95,
        84,
        121,
        81,
        102,
        138,
        85
      ]
    },
    {
      "margin": false,
      "index": 13,
      "file": null,
      "u": 0.333333343,
      "v": 0.6510417,
      "uw": 0.333333343,
      "vh": 0.302083343,
      "width": 618,
      "height": 618,
      "descriptor": [
        206,
        206,
        144,
        185,
        200,
        140,
        121,
        145,
        75,
        109,
        138,
        74,
        118,
        149,
        91,
        164,
        177,
        81,
        213,
        212,
        202,
        94,
        87,
        78,
        105,
        83,
        63,
        72,
        99,
        79,
        114,
        152,
        108,
        94,
        95,
        63,
        100,
        105,
        65,
        124,
        128,
        71,
        85,
        109,
        88,
        62,
        102,
        86
      ]
    },
    {
      "margin": false,
      "index": 14,
      "file": null,
      "u": 0.6666667,
      "v": 0.6510417,
      "uw": 0.333333343,
      "vh": 0.302083343,
      "width": 618,
      "height": 618,
      "descriptor": [
        112,
        141,
        78,
        100,
        117,
        61,
        93,
        114,
        68,
        76,
        83,
        59,
        157,
        129,
        65,
        102,
        115,
        73,
        77,
        82,
        63,
        112,
        113,
        66,
        93,
        90,
        55,
        110,
        102,
        58,
        99,
        81,
        55,
        131,
        121,
        68,
        164,
        131,
        67,
        134,
        111,
        66,
        111,
        92,
        54,
        137,
        126,
        66
      ]
    }
  ],
  "margins": [
    {
      "margin": true,
      "index": 0,
      "file": null,
      "u": 0.0,
      "v": 0.0,
      "uw": 0.333333343,
      "vh": 0.046875,
      "width": 618,
      "height": 96,