{
  "title": "MADONA",
  "author": "SKOCZYLAS, WLADYSLAW",
  "year": "(1920 - 1930)",
  "id": "SNG-0001059545",
  "width": 2048,
  "height": 1536,
  "file": "SNG--G_190--1_1--_2015_10_02_--L2_WEB_33293725.webp",
  "tiles_x": 4,
  "tiles_y": 3,
  "offset_x": 0.0,
  "offset_y": 0.0,
  "tiles": [
    {
      "margin": false,
      "index": 0,
      "file": null,
      "u": 0.0,
      "v": 0.0,
      "uw": 0.25,
      "vh": 0.333333343,
      "width": 512,
      "height": 512,
      "descriptor": [
        242,
        218,
        181,
        239,
        219,
        187,
        242,
        219,
        186,
        243,
        223,
        193,
        239,
        218,
        187,
        63,
        76,
        76,
        53,
        59,
        70,
        65,
        74,
        77,
        242,
        217,
        184,
        52,
        64,
        68,
        62,
        71,
        72,
        54,
        64,
        65,
        245,
        223,
        191,
        67,
        73,
        72,
        40,
        60,
        64,
        51,
        50,
        48
      ]
    },
    {
      "margin": false,
      "index": 1,
      "file": null,
      "u": 0.25,
      "v": 0.0,
      "uw": 0.25,
      "vh": 0.333333343,
      "width": 512,
      "height": 512,
      "descriptor": [
        246,
        222,
        190,
        241,
        220,
        188,
        247,
        228,
        195,
        245,
        224,
        193,
        54,
        60,
        58,
        58,
        77,
        78,
        79,
        69,
        67,
        85,
        61,
        52,
        33,
        38,
        40,
        47,
        37,
        41,
        71,
        63,
        58,
        85,
        75,
        69,
        71,
        63,
        54,
        255,
        235,
        166,
        123,
        82,
        77,
        65,
        47,
        42
      ]
    },
    {
      "margin": false,
      "index": 2,
      "file": null,
      "u": 0.5,
      "v": 0.0,
      "uw": 0.25,
      "vh": 0.333333343,
      "width": 512,
      "height": 512,
      "descriptor": [
        247,
        225,
        196,
        247,
        227,
        194,
        252,
        227,
        195,
        245,
        225,
        191,
        120,
        68,
        56,
        57,
        49,
        50,
        33,
        157,
        133,
        69,
        80,
        80,
        91,
        78,
        70,
        76,
        72,
        60,
        66,
        59,
        56,
        55,
        78,
        78,
        197,
        112,
        82,
        249,
        228,
        195,
        70,
        67,
        54,
        53,
        49,
        49
      ]
    },
    {
      "margin": false,
      "index": 3,
      "file": null,
      "u": 0.75,
      "v": 0.0,
      "uw": 0.25,
      "vh": 0.333333343,
      "width": 512,
      "height": 512,
      "descriptor": [
        245,
        227,
        193,
        245,
        227,
        194,
        247,
        223,
        187,
        245,
        222,
        189,
        59,
        73,
        72,
        65,
        67,
        70,
        61,
        66,
        63,
        246,
        221,
        186,
        142,
        195,
        169,
        47,
        88,
        80,
        76,
        173,
        146,
        244,
        223,
        189,
        46,
        115,
        106,
        75,
        174,
        149,
        59,
        61,
        57,
        245,
        221,
        188
      ]
    },
    {
      "margin": false,
      "index": 4,
      "file": null,
      "u": 0.0,
      "v": 0.333333343,
      "uw": 0.25,
      "vh": 0.333333343,
      "width": 512,
      "height": 512,
      "descriptor": [
        243,
        222,
        191,
        64,
        75,
        74,
        112,
        69,
        57,
        51,
        47,
        45,
        242,
        219,
        184,
        46,
        153,
        132,
        81,
        62,
        58,
        69,
        55,
        53,
        240,
        218,
        182,
        61,
        60,
        61,
        45,
        34,
        36,
        169,
        163,
        74,
        239,
        217,
        186,
        38,
        40,
        42,
        57,
        49,
        46,
        73,
        64,
        66
      ]
    },
    {
      "margin": false,
      "index": 5,
      "file": null,
      "u": 0.25,
      "v": 0.333333343,
      "uw": 0.25,
      "vh": 0.333333343,
      "width": 512,
      "height": 512,
      "descriptor": [
        68,
        56,
        54,
        247,
        228,
        198,
        69,
        59,
        56,
        59,
        51,
        51,
        183,
        137,
        28,
        223,
        119,
        84,
        60,
        48,
        51,
        125,
        110,
        97,
        60,
        53,
        55,
        61,
        53,
        52,
        215,
        116,
        81,
        226,
        126,
        84,
        142,
        117,
        57,
        67,
        56,
        53,
        246,
        144,
        110,
        54,
        51,
        49
      ]
    },
    {
      "margin": false,
      "index": 6,
      "file": null,
      "u": 0.5,
      "v": 0.333333343,
      "uw": 0.25,
      "vh": 0.333333343,
      "width": 512,
      "height": 512,
      "descriptor": [
        245,
        172,
        131,
        60,
        63,
        56,
        248,
        202,
        104,
        67,
        63,
        65,
        251,
        220,
        186,
        249,
        228,
        196,
        186,
        166,
        117,
        70,
        68,
        68,
        61,
        53,
        53,
        62,
        59,
        58,
        67,
        66,
        65,
        201,
        100,
        79,
        57,
        44,
        44,
        113,
        99,
        76,
        127,
        100,
        76,
        90,
        79,
        72
      ]
    },
    {
      "margin": false,
      "index": 7,
      "file": null,
      "u": 0.75,
      "v": 0.333333343,
      "uw": 0.25,
      "vh": 0.333333343,
      "width": 512,
      "height": 512,
      "descriptor": [
        255,
        225,
        133,
        65,
        65,
        63,
        108,
        189,
        167,
        248,
        224,
        191,
        65,
        55,
        51,
        72,
        61,
        61,
        75,
        73,
        71,
        246,
        220,
        189,
        248,
        123,
        91,
        92,
        80,
        74,
        12,
        156,
        133,
        246,
        225,
        192,
        128,
        129,
        83,
        65,
        63,
        56,
        54,
        52,
        49,
        250,
        228,
        194
      ]
    },
    {
      "margin": false,
      "index": 8,
      "file": null,
      "u": 0.0,
      "v": 0.6666667,
      "uw": 0.25,
      "vh": 0.333333343,
      "width": 512,
      "height": 512,
      "descriptor": [
        244,
        220,
        189,
        54,
        48,
        49,
        246,
        196,
        107,
        48,
        48,
        46,
        243,
        219,
        184,
        77,
        132,
        154,
        45,
        61,
        56,
        31,
        62,
        99,
        238,
        217,
        184,
        63,
        62,
        64,
        67,
        62,
        63,
        69,
        66,
        66,
        239,
        217,
        187,
        244,
        223,
        193,
        243,
        221,
        189,
        244,
        222,
        189
      ]
    },
    {
      "margin": false,
      "index": 9,
      "file": null,
      "u": 0.25,
      "v": 0.6666667,
      "uw": 0.25,
      "vh": 0.333333343,
      "width": 512,
      "height": 512,