{
  "title": "CESTOU Z MICHALOVSKÉHO TRHU",
  "author": "MOUSSON, JOZEF THEODOR",
  "year": "1915",
  "id": "SNG-0001019166",
  "width": 2048,
  "height": 1600,
  "file": "SNG--O_864--1_1--2013_11_5--L2_WEB_33732.webp",
  "tiles_x": 3,
  "tiles_y": 3,
  "offset_x": 0.109375,
  "offset_y": 0.0,
  "tiles": [
    {
      "margin": false,
      "index": 6,
      "file": null,
      "u": 0.109375,
      "v": 0.0,
      "uw": 0.260416657,
      "vh": 0.3333333,
      "width": 533,
      "height": 533,
      "descriptor": [
        162,
        153,
        148,
        150,
        148,
        148,
        161,
        155,
        146,
        171,
        163,
        158,
        159,
        153,
        151,
        150,
        136,
        135,
        173,
        167,
        163,
        177,
        169,
        163,
        164,
        155,
        149,
        152,
        139,
        134,
        177,
        171,
        161,
        167,
        163,
        162,
        167,
        158,
        154,
        136,
        118,
        119,
        173,
        167,
        160,
        172,
        166,
        164
      ]
    },
    {
      "margin": false,
      "index": 7,
      "file": null,
      "u": 0.369791657,
      "v": 0.0,
      "uw": 0.260416657,
      "vh": 0.3333333,
      "width": 533,
      "height": 533,
      "descriptor": [
        169,
        163,
        159,
        165,
        160,
        152,
        162,
        157,
        152,
        163,
        156,
        150,
        177,
        171,
        169,
        175,
        171,
        169,
        181,
        174,
        170,
        177,
        172,
        169,
        174,
        168,
        161,
        177,
        169,
        165,
        178,
        170,
        161,
        166,
        157,
        150,
        175,
        167,
        144,
        172,
        164,
        155,
        174,
        165,
        160,
        173,
        166,
        157
      ]
    },
    {
      "margin": false,
      "index": 8,
      "file": null,
      "u": 0.6302083,
      "v": 0.0,
      "uw": 0.260416657,
      "vh": 0.3333333,
      "width": 533,
      "height": 533,
      "descriptor": [
        161,
        153,
        147,
        169,
        167,
        163,
        168,
        163,
        159,
        158,
        152,
        147,
        173,
        162,
        152,
        174,
        166,
        161,
        178,
        168,
        166,
        180,
        170,
        162,
        181,
        172,
        162,
        170,
        157,
        139,
        168,
        163,
        157,
        166,
        152,
        142,
        188,
        176,
        169,
        182,
        173,
        163,
        178,
        169,
        160,
        110,
        86,
        75
      ]
    },
    {
      "margin": false,
      "index": 9,
      "file": null,
      "u": 0.109375,
      "v": 0.3333333,
      "uw": 0.260416657,
      "vh": 0.3333333,
      "width": 533,
      "height": 533,
      "descriptor": [
        175,
        168,
        163,
        147,
        131,
        129,
        171,
        169,
        168,
        178,
        169,
        166,
        169,
        161,
        154,
        159,
        132,
        125,
        177,
        169,
        168,
        170,
        161,
        159,
        123,
        109,
        103,
        167,
        133,
        94,
        112,
        102,
        99,
        135,
        114,
        102,
        100,
        82,
        78,
        120,
        90,
        71,
        132,
        90,
        54,
        73,
        59,
        52
      ]
    },
    {
      "margin": false,
      "index": 10,
      "file": null,
      "u": 0.369791657,
      "v": 0.3333333,
      "uw": 0.260416657,
      "vh": 0.3333333,
      "width": 533,
      "height": 533,
      "descriptor": [
        177,
        170,
        168,
        169,
        161,
        156,
        165,
        154,
        145,
        167,
        163,
        146,
        161,
        158,
        154,
        132,
        114,
        116,
        123,
        107,
        102,
        159,
        149,
        146,
        116,
        95,
        86,
        127,
        126,
        120,
        129,
        106,
        92,
        111,
        93,
        83,
        86,
        56,
        52,
        39,
        45,
        36,
        62,
        57,
        45,
        100,
        90,
        86
      ]
    },
    {
      "margin": false,
      "index": 11,
      "file": null,
      "u": 0.6302083,
      "v": 0.3333333,
      "uw": 0.260416657,
      "vh": 0.3333333,
      "width": 533,
      "height": 533,
      "descriptor": [
        127,
        109,
        107,
        136,
        117,
        122,
        109,
        84,
        87,
        131,
        106,
        112,
        144,
        132,
        122,
        154,
        129,
        103,
        159,
        134,
        110,
        167,
        145,
        133,
        119,
        100,
        90,
        85,
        75,
        71,
        85,
        50,
        51,
        103,
        82,
        73,
        106,
        86,
        80,
        120,
        104,
        97,
        104,
        97,
        90,
        158,
        128,
        115
      ]
    },
    {
      "margin": false,
      "index": 12,
      "file": null,
      "u": 0.109375,
      "v": 0.6666666,
      "uw": 0.260416657,
      "vh": 0.3333333,
      "width": 533,
      "height": 533,
      "descriptor": [
        102,
        79,
        71,
        76,
        63,
        54,
        90,
        92,
        99,
        76,
        64,
        61,
        117,
        94,
        81,
        94,
        84,
        74,
        122,
        96,
        83,
        42,
        57,
        56,
        127,
        92,
        69,
        117,
        91,
        79,
        120,
        87,
        85,
        75,
        65,
        70,
        88,
        72,
        64,
        89,
        70,
        60,
        98,
        83,
        74,
        128,
        114,
        105
      ]
    },
    {
      "margin": false,
      "index": 13,
      "file": null,
      "u": 0.369791657,
      "v": 0.6666666,
      "uw": 0.260416657,
      "vh": 0.3333333,
      "width": 533,
      "height": 533,
      "descriptor": [
        91,
        61,
        45,
        86,
        70,
        55,
        26,
        38,
        33,
        131,
        122,
        117,
        33,
        43,
        41,
        100,
        69,
        58,
        101,
        71,
        47,
        103,
        83,
        77,
        87,
        68,
        62,
        77,
        53,
        50,
        108,
        80,
        54,
        94,
        68,
        63,
        93,
        74,
        62,
        85,
        76,
        65,
        71,
        65,
        65,
        65,
        63,
        64
      ]
    },
    {
      "margin": false,
      "index": 14,
      "file": null,
      "u": 0.6302083,
      "v": 0.6666666,
      "uw": 0.260416657,
      "vh": 0.3333333,
      "width": 533,
      "height": 533,
      "descriptor": [
        102,
        75,
        68,
        113,
        83,
        80,
        109,
        89,
        83,
        104,
        83,
        80,
        45,
        58,
        72,
        64,
        62,
        64,
        113,
        86,
        72,
        117,
        86,
        83,
        75,
        68,
        69,
        69,
        59,
        56,
        84,
        74,
        70,
        116,
        91,
        84,
        106,
        93,
        85,
        78,
        71,
        72,
        94,
        79,
        74,
        89,
        68,
        64
      ]
    }
  ],
  "margins": [
    {
      "margin": true,
      "index": 0,
      "file": null,
      "u": 0.0,
      "v": 0.0,