{
  "title": "LIPTOVSKÁ KRAJINA SO STROMAMI",
  "author": "PALUGYAY, ZOLO",
  "year": "(1924 - 1944)",
  "id": "SNG-0001000960",
  "width": 2048,
  "height": 1472,
  "file": "SNG--O_970--1_1--_2014_10_08_--L2_WEB_14267.webp",
  "tiles_x": 4,
  "tiles_y": 3,
  "offset_x": 0.0208333433,
  "offset_y": 0.0,
  "tiles": [
    {
      "margin": false,
      "index": 6,
      "file": null,
      "u": 0.0208333433,
      "v": 0.0,
      "uw": 0.239583328,
      "vh": 0.3333333,
      "width": 490,
      "height": 490,
      "descriptor": [
        146,
        154,
        126,
        115,
        145,
        135,
        114,
        133,
        109,
        85,
        105,
        92,
        116,
        140,
        130,
        143,
        164,
        145,
        122,
        150,
        140,
        97,
        138,
        140,
        130,
        149,
        131,
        56,
        114,
        119,
        146,
        170,
        151,
        182,
        195,
        167,
        138,
        158,
        134,
        134,
        150,
        124,
        178,
        193,
        171,
        129,
        149,
        131
      ]
    },
    {
      "margin": false,
      "index": 7,
      "file": null,
      "u": 0.2604167,
      "v": 0.0,
      "uw": 0.239583328,
      "vh": 0.3333333,
      "width": 490,
      "height": 490,
      "descriptor": [
        101,
        135,
        139,
        100,
        132,
        136,
        110,
        141,
        132,
        103,
        122,
        100,
        96,
        134,
        126,
        133,
        160,
        144,
        101,
        124,
        116,
        126,
        146,
        130,
        124,
        152,
        138,
        172,
        180,
        150,
        126,
        145,
        136,
        135,
        152,
        138,
        180,
        186,
        147,
        114,
        125,
        99,
        163,
        180,
        153,
        166,
        187,
        167
      ]
    },
    {
      "margin": false,
      "index": 8,
      "file": null,
      "u": 0.5,
      "v": 0.0,
      "uw": 0.239583328,
      "vh": 0.3333333,
      "width": 490,
      "height": 490,
      "descriptor": [
        110,
        125,
        105,
        120,
        143,
        129,
        133,
        153,
        133,
        118,
        132,
        107,
        135,
        149,
        133,
        108,
        141,
        132,
        97,
        131,
        123,
        136,
        162,
        148,
        175,
        186,
        161,
        152,
        174,
        161,
        173,
        193,
        171,
        120,
        155,
        142,
        153,
        168,
        144,
        156,
        169,
        149,
        135,
        150,
        129,
        177,
        184,
        153
      ]
    },
    {
      "margin": false,
      "index": 9,
      "file": null,
      "u": 0.7395834,
      "v": 0.0,
      "uw": 0.239583328,
      "vh": 0.3333333,
      "width": 490,
      "height": 490,
      "descriptor": [
        87,
        126,
        117,
        116,
        130,
        99,
        78,
        120,
        123,
        56,
        111,
        113,
        100,
        125,
        114,
        128,
        149,
        135,
        128,
        144,
        131,
        95,
        137,
        137,
        156,
        176,
        148,
        98,
        117,
        103,
        124,
        149,
        136,
        114,
        142,
        131,
        113,
        138,
        125,
        120,
        130,
        111,
        128,
        156,
        145,
        110,
        136,
        126
      ]
    },
    {
      "margin": false,
      "index": 10,
      "file": null,
      "u": 0.0208333433,
      "v": 0.3333333,
      "uw": 0.239583328,
      "vh": 0.3333333,
      "width": 490,
      "height": 490,
      "descriptor": [
        139,
        147,
        119,
        160,
        180,
        160,
        119,
        144,
        135,
        186,
        194,
        168,
        137,
        154,
        134,
        128,
        153,
        131,
        117,
        126,
        93,
        92,
        104,
        80,
        127,
        133,
        109,
        134,
        155,
        143,
        111,
        118,
        99,
        111,
        117,
        78,
        126,
        151,
        137,
        134,
        157,
        141,
        138,
        156,
        144,
        95,
        91,
        50
      ]
    },
    {
      "margin": false,
      "index": 11,
      "file": null,
      "u": 0.2604167,
      "v": 0.3333333,
      "uw": 0.239583328,
      "vh": 0.3333333,
      "width": 490,
      "height": 490,
      "descriptor": [
        96,
        110,
        91,
        85,
        93,
        76,
        35,
        45,
        28,
        87,
        95,
        70,
        26,
        53,
        48,
        88,
        97,
        56,
        98,
        107,
        62,
        57,
        69,
        44,
        54,
        53,
        35,
        36,
        31,
        28,
        60,
        80,
        53,
        135,
        149,
        134,
        110,
        122,
        88,
        100,
        121,
        84,
        102,
        127,
        99,
        120,
        145,
        116
      ]
    },
    {
      "margin": false,
      "index": 12,
      "file": null,
      "u": 0.5,
      "v": 0.3333333,
      "uw": 0.239583328,
      "vh": 0.3333333,
      "width": 490,
      "height": 490,
      "descriptor": [
        130,
        158,
        145,
        158,
        167,
        152,
        137,
        148,
        139,
        128,
        151,
        140,
        121,
        151,
        149,
        120,
        145,
        142,
        118,
        147,
        144,
        119,
        140,
        130,
        138,
        155,
        141,
        140,
        151,
        147,
        121,
        124,
        67,
        79,
        85,
        41,
        137,
        167,
        161,
        157,
        151,
        98,
        114,
        115,
        67,
        106,
        98,
        25
      ]
    },
    {
      "margin": false,
      "index": 13,
      "file": null,
      "u": 0.7395834,
      "v": 0.3333333,
      "uw": 0.239583328,
      "vh": 0.3333333,
      "width": 490,
      "height": 490,
      "descriptor": [
        124,
        152,
        137,
        128,
        150,
        128,
        146,
        174,
        156,
        114,
        147,
        146,
        122,
        138,
        122,
        107,
        134,
        130,
        115,
        138,
        137,
        111,
        139,
        137,
        119,
        136,
        126,
        115,
        147,
        158,
        112,
        125,
        116,
        109,
        135,
        127,
        75,
        92,
        71,
        70,
        99,
        100,
        142,
        164,
        143,
        134,
        164,
        156
      ]
    },
    {
      "margin": false,
      "index": 14,
      "file": null,
      "u": 0.0208333433,
      "v": 0.6666666,
      "uw": 0.239583328,
      "vh": 0.3333333,
      "width": 490,
      "height": 490,
      "descriptor": [
        100,
        104,
        77,
        116,
        129,
        105,
        90,
        98,
        70,
        66,
        85,
        66,
        103,
        107,
        73,
        91,
        99,
        63,
        107,
        110,
        52,
        106,
        120,
        53,
        76,
        88,
        39,
        101,
        106,
        31,
        108,
        115,
        49,
        120,
        120,
        39,
        63,
        75,
        29,
        60,
        75,
        33,
        114,
        109,
        63,
        117,
        111,
        33
      ]
    },
    {
      "margin": false,
      "index": 15,