{
  "title": "TÚŽBA",
  "author": "WEISZ-KUBÍNČAN, ARNOLD PETER",
  "year": "(1940 - 1949)",
  "id": "SNG-0001007043",
  "width": 2048,
  "height": 1600,
  "file": "SNG--K_8926--1_1--2015_08_25--L2_WEB_115521.webp",
  "tiles_x": 3,
  "tiles_y": 3,
  "offset_x": 0.109375,
  "offset_y": 0.0,
  "tiles": [
    {
      "margin": false,
      "index": 6,
      "file": null,
      "u": 0.109375,
      "v": 0.0,
      "uw": 0.260416657,
      "vh": 0.3333333,
      "width": 533,
      "height": 533,
      "descriptor": [
        184,
        158,
        125,
        177,
        141,
        98,
        182,
        148,
        103,
        129,
        107,
        73,
        115,
        94,
        73,
        116,
        105,
        94,
        154,
        145,
        123,
        167,
        142,
        110,
        155,
        135,
        110,
        112,
        86,
        87,
        154,
        129,
        107,
        145,
        130,
        94,
        142,
        125,
        101,
        130,
        82,
        66,
        99,
        93,
        76,
        128,
        98,
        110
      ]
    },
    {
      "margin": false,
      "index": 7,
      "file": null,
      "u": 0.369791657,
      "v": 0.0,
      "uw": 0.260416657,
      "vh": 0.3333333,
      "width": 533,
      "height": 533,
      "descriptor": [
        179,
        149,
        107,
        144,
        114,
        72,
        158,
        129,
        86,
        137,
        121,
        94,
        113,
        97,
        66,
        201,
        172,
        112,
        181,
        149,
        88,
        171,
        145,
        85,
        130,
        113,
        77,
        196,
        160,
        106,
        171,
        144,
        98,
        165,
        134,
        101,
        121,
        109,
        90,
        182,
        154,
        106,
        187,
        156,
        118,
        145,
        108,
        65
      ]
    },
    {
      "margin": false,
      "index": 8,
      "file": null,
      "u": 0.6302083,
      "v": 0.0,
      "uw": 0.260416657,
      "vh": 0.3333333,
      "width": 533,
      "height": 533,
      "descriptor": [
        170,
        139,
        100,
        201,
        160,
        110,
        166,
        133,
        89,
        163,
        130,
        89,
        143,
        115,
        77,
        142,
        110,
        72,
        132,
        121,
        93,
        120,
        105,
        80,
        162,
        132,
        61,
        147,
        120,
        78,
        131,
        124,
        97,
        82,
        90,
        75,
        162,
        124,
        103,
        81,
        82,
        70,
        119,
        113,
        100,
        110,
        100,
        76
      ]
    },
    {
      "margin": false,
      "index": 9,
      "file": null,
      "u": 0.109375,
      "v": 0.3333333,
      "uw": 0.260416657,
      "vh": 0.3333333,
      "width": 533,
      "height": 533,
      "descriptor": [
        133,
        114,
        84,
        117,
        111,
        79,
        101,
        82,
        67,
        114,
        109,
        85,
        175,
        146,
        92,
        122,
        91,
        77,
        154,
        95,
        64,
        164,
        124,
        70,
        136,
        96,
        74,
        114,
        85,
        75,
        118,
        85,
        59,
        158,
        111,
        68,
        128,
        97,
        58,
        170,
        129,
        75,
        190,
        148,
        87,
        160,
        121,
        66
      ]
    },
    {
      "margin": false,
      "index": 10,
      "file": null,
      "u": 0.369791657,
      "v": 0.3333333,
      "uw": 0.260416657,
      "vh": 0.3333333,
      "width": 533,
      "height": 533,
      "descriptor": [
        132,
        122,
        90,
        165,
        138,
        101,
        168,
        101,
        72,
        139,
        133,
        87,
        142,
        122,
        83,
        116,
        109,
        81,
        125,
        121,
        66,
        117,
        90,
        65,
        136,
        118,
        96,
        163,
        134,
        82,
        131,
        106,
        88,
        108,
        81,
        65,
        151,
        120,
        83,
        160,
        117,
        116,
        151,
        115,
        90,
        186,
        154,
        92
      ]
    },
    {
      "margin": false,
      "index": 11,
      "file": null,
      "u": 0.6302083,
      "v": 0.3333333,
      "uw": 0.260416657,
      "vh": 0.3333333,
      "width": 533,
      "height": 533,
      "descriptor": [
        129,
        121,
        75,
        146,
        130,
        88,
        146,
        117,
        100,
        133,
        107,
        81,
        130,
        90,
        70,
        115,
        96,
        72,
        115,
        94,
        68,
        144,
        120,
        82,
        114,
        97,
        73,
        117,
        104,
        77,
        145,
        124,
        100,
        111,
        98,
        76,
        179,
        147,
        101,
        122,
        109,
        87,
        113,
        102,
        81,
        127,
        109,
        82
      ]
    },
    {
      "margin": false,
      "index": 12,
      "file": null,
      "u": 0.109375,
      "v": 0.6666666,
      "uw": 0.260416657,
      "vh": 0.3333333,
      "width": 533,
      "height": 533,
      "descriptor": [
        114,
        105,
        76,
        142,
        123,
        74,
        120,
        113,
        82,
        125,
        113,
        80,
        165,
        114,
        89,
        160,
        139,
        104,
        123,
        110,
        80,
        117,
        115,
        85,
        182,
        123,
        92,
        158,
        135,
        110,
        128,
        95,
        102,
        184,
        149,
        115,
        170,
        137,
        92,
        190,
        154,
        105,
        182,
        150,
        105,
        156,
        126,
        91
      ]
    },
    {
      "margin": false,
      "index": 13,
      "file": null,
      "u": 0.369791657,
      "v": 0.6666666,
      "uw": 0.260416657,
      "vh": 0.3333333,
      "width": 533,
      "height": 533,
      "descriptor": [
        117,
        99,
        61,
        120,
        108,
        78,
        145,
        113,
        81,
        129,
        96,
        60,
        124,
        107,
        72,
        145,
        131,
        93,
        134,
        120,
        82,
        124,
        112,
        83,
        179,
        144,
        113,
        168,
        132,
        98,
        176,
        144,
        107,
        180,
        146,
        110,
        167,
        134,
        99,
        193,
        157,
        119,
        166,
        132,
        94,
        180,
        147,
        108
      ]
    },
    {
      "margin": false,
      "index": 14,
      "file": null,
      "u": 0.6302083,
      "v": 0.6666666,
      "uw": 0.260416657,
      "vh": 0.3333333,
      "width": 533,
      "height": 533,
      "descriptor": [
        189,
        144,
        95,
        179,
        145,
        112,
        142,
        118,
        86,
        134,
        122,
        87,
        142,
        120,
        103,
        132,
        120,
        69,
        167,
        155,
        124,
        158,
        138,
        98,
        172,
        138,
        105,
        138,
        118,
        81,
        184,
        155,
        113,
        182,
        149,
        101,
        172,
        138,
        104,
        170,
        139,
        106,
        126,
        97,
        56,
        169,
        146,
        106
      ]
    }
  ],
  "margins": [
    {
      "margin": true,
      "index": 0,
      "file": null,