{
  "title": "ZÁTIŠIE SO ZELENINOU",
  "author": "TRESKOŇ, LADISLAV",
  "year": "1922",
  "id": "SNG-0001016368",
  "width": 2048,
  "height": 1536,
  "file": "SNG--O_631--1_1--2014_01_27--L2_WEB_108458.webp",
  "tiles_x": 4,
  "tiles_y": 3,
  "offset_x": 0.0,
  "offset_y": 0.0,
  "tiles": [
    {
      "margin": false,
      "index": 0,
      "file": null,
      "u": 0.0,
      "v": 0.0,
      "uw": 0.25,
      "vh": 0.333333343,
      "width": 512,
      "height": 512,
      "descriptor": [
        106,
        99,
        71,
        90,
        85,
        61,
        100,
        94,
        74,
        79,
        65,
        52,
        102,
        97,
        74,
        98,
        92,
        70,
        78,
        76,
        50,
        67,
        50,
        43,
        115,
        106,
        82,
        89,
        83,
        62,
        116,
        102,
        68,
        65,
        48,
        40,
        83,
        73,
        52,
        97,
        84,
        55,
        118,
        102,
        70,
        62,
        52,
        49
      ]
    },
    {
      "margin": false,
      "index": 1,
      "file": null,
      "u": 0.25,
      "v": 0.0,
      "uw": 0.25,
      "vh": 0.333333343,
      "width": 512,
      "height": 512,
      "descriptor": [
        74,
        55,
        39,
        58,
        49,
        39,
        45,
        37,
        34,
        74,
        60,
        45,
        85,
        67,
        49,
        75,
        65,
        55,
        77,
        63,
        55,
        73,
        61,
        57,
        64,
        53,
        46,
        76,
        63,
        52,
        47,
        64,
        52,
        77,
        91,
        67,
        114,
        106,
        75,
        143,
        122,
        82,
        32,
        44,
        39,
        69,
        89,
        52
      ]
    },
    {
      "margin": false,
      "index": 2,
      "file": null,
      "u": 0.5,
      "v": 0.0,
      "uw": 0.25,
      "vh": 0.333333343,
      "width": 512,
      "height": 512,
      "descriptor": [
        57,
        58,
        41,
        56,
        60,
        51,
        52,
        61,
        51,
        87,
        70,
        57,
        63,
        47,
        42,
        52,
        35,
        32,
        98,
        89,
        72,
        99,
        89,
        76,
        68,
        87,
        56,
        107,
        119,
        98,
        105,
        118,
        68,
        94,
        80,
        76,
        92,
        118,
        72,
        118,
        126,
        96,
        142,
        149,
        100,
        60,
        61,
        55
      ]
    },
    {
      "margin": false,
      "index": 3,
      "file": null,
      "u": 0.75,
      "v": 0.0,
      "uw": 0.25,
      "vh": 0.333333343,
      "width": 512,
      "height": 512,
      "descriptor": [
        87,
        70,
        59,
        67,
        69,
        60,
        81,
        81,
        70,
        90,
        92,
        73,
        90,
        67,
        53,
        80,
        73,
        59,
        64,
        58,
        45,
        89,
        77,
        46,
        74,
        66,
        62,
        83,
        75,
        68,
        71,
        73,
        57,
        79,
        76,
        48,
        115,
        106,
        93,
        80,
        72,
        64,
        69,
        65,
        49,
        83,
        77,
        67
      ]
    },
    {
      "margin": false,
      "index": 4,
      "file": null,
      "u": 0.0,
      "v": 0.333333343,
      "uw": 0.25,
      "vh": 0.333333343,
      "width": 512,
      "height": 512,
      "descriptor": [
        78,
        74,
        53,
        113,
        100,
        65,
        92,
        83,
        64,
        58,
        66,
        48,
        67,
        57,
        41,
        108,
        95,
        67,
        101,
        89,
        54,
        112,
        123,
        51,
        103,
        80,
        54,
        152,
        124,
        54,
        118,
        126,
        70,
        115,
        115,
        62,
        72,
        48,
        45,
        76,
        72,
        56,
        134,
        137,
        91,
        48,
        82,
        57
      ]
    },
    {
      "margin": false,
      "index": 5,
      "file": null,
      "u": 0.25,
      "v": 0.333333343,
      "uw": 0.25,
      "vh": 0.333333343,
      "width": 512,
      "height": 512,
      "descriptor": [
        43,
        62,
        51,
        53,
        64,
        48,
        54,
        74,
        63,
        55,
        69,
        49,
        86,
        92,
        63,
        37,
        54,
        51,
        48,
        65,
        49,
        64,
        76,
        56,
        33,
        49,
        47,
        71,
        80,
        78,
        38,
        51,
        40,
        52,
        62,
        59,
        156,
        51,
        44,
        91,
        67,
        43,
        33,
        38,
        36,
        82,
        66,
        71
      ]
    },
    {
      "margin": false,
      "index": 6,
      "file": null,
      "u": 0.5,
      "v": 0.333333343,
      "uw": 0.25,
      "vh": 0.333333343,
      "width": 512,
      "height": 512,
      "descriptor": [
        63,
        84,
        71,
        85,
        112,
        70,
        138,
        132,
        64,
        127,
        93,
        74,
        70,
        89,
        64,
        104,
        119,
        80,
        165,
        161,
        100,
        68,
        73,
        70,
        91,
        98,
        67,
        142,
        148,
        67,
        128,
        124,
        83,
        85,
        98,
        65,
        118,
        95,
        101,
        152,
        155,
        112,
        118,
        121,
        101,
        79,
        94,
        82
      ]
    },
    {
      "margin": false,
      "index": 7,
      "file": null,
      "u": 0.75,
      "v": 0.333333343,
      "uw": 0.25,
      "vh": 0.333333343,
      "width": 512,
      "height": 512,
      "descriptor": [
        114,
        116,
        80,
        62,
        81,
        62,
        62,
        62,
        56,
        58,
        61,
        53,
        112,
        125,
        93,
        95,
        103,
        75,
        180,
        167,
        97,
        195,
        177,
        109,
        73,
        76,
        74,
        113,
        127,
        79,
        159,
        149,
        104,
        131,
        133,
        78,
        93,
        94,
        82,
        115,
        101,
        78,
        191,
        168,
        127,
        119,
        101,
        68
      ]
    },
    {
      "margin": false,
      "index": 8,
      "file": null,
      "u": 0.0,
      "v": 0.6666667,
      "uw": 0.25,
      "vh": 0.333333343,
      "width": 512,
      "height": 512,
      "descriptor": [
        92,
        38,
        36,
        186,
        139,
        119,
        108,
        107,
        66,
        213,
        191,
        144,
        121,
        108,
        80,
        169,
        138,
        107,
        188,
        164,
        134,
        88,
        79,
        68,
        117,
        105,
        85,
        147,
        129,
        101,
        145,
        126,
        95,
        131,
        112,
        80,
        92,
        81,
        64,
        149,
        134,
        102,
        126,
        113,
        77,
        112,
        96,
        78
      ]
    },
    {
      "margin": false,
      "index": 9,
      "file": null,
      "u": 0.25,
      "v": 0.6666667,
      "uw": 0.25,
      "vh": 0.333333343,
      "width": 512,
      "height": 512,