{
  "title": "CIGÁNI PRI ZÁBAVE",
  "author": "SLOVENSKÝ MALIAR Z POLOVICE 19. STOROČIA",
  "year": "(1840 - 1850)",
  "id": "SNG-0001015719",
  "width": 2048,
  "height": 1536,
  "file": "SNG--O_3661--1_1--2014_03_18--L2_WEB_98442.webp",
  "tiles_x": 4,
  "tiles_y": 3,
  "offset_x": 0.0,
  "offset_y": 0.0,
  "tiles": [
    {
      "margin": false,
      "index": 0,
      "file": null,
      "u": 0.0,
      "v": 0.0,
      "uw": 0.25,
      "vh": 0.333333343,
      "width": 512,
      "height": 512,
      "descriptor": [
        147,
        134,
        133,
        38,
        44,
        41,
        55,
        51,
        48,
        132,
        115,
        119,
        92,
        84,
        60,
        105,
        98,
        72,
        124,
        137,
        148,
        108,
        115,
        109,
        53,
        50,
        40,
        50,
        45,
        36,
        72,
        60,
        37,
        37,
        36,
        34,
        37,
        35,
        30,
        66,
        57,
        47,
        142,
        108,
        75,
        69,
        57,
        47
      ]
    },
    {
      "margin": false,
      "index": 1,
      "file": null,
      "u": 0.25,
      "v": 0.0,
      "uw": 0.25,
      "vh": 0.333333343,
      "width": 512,
      "height": 512,
      "descriptor": [
        129,
        129,
        144,
        71,
        85,
        64,
        124,
        140,
        157,
        154,
        131,
        114,
        131,
        151,
        169,
        60,
        93,
        76,
        186,
        157,
        129,
        155,
        131,
        121,
        183,
        160,
        143,
        107,
        102,
        80,
        172,
        148,
        140,
        175,
        148,
        140,
        70,
        58,
        47,
        190,
        165,
        129,
        208,
        188,
        157,
        213,
        191,
        152
      ]
    },
    {
      "margin": false,
      "index": 2,
      "file": null,
      "u": 0.5,
      "v": 0.0,
      "uw": 0.25,
      "vh": 0.333333343,
      "width": 512,
      "height": 512,
      "descriptor": [
        152,
        125,
        115,
        152,
        134,
        131,
        99,
        83,
        56,
        115,
        101,
        89,
        149,
        126,
        124,
        147,
        123,
        121,
        47,
        52,
        46,
        58,
        47,
        37,
        179,
        151,
        139,
        186,
        152,
        138,
        42,
        42,
        37,
        31,
        32,
        33,
        209,
        188,
        151,
        196,
        176,
        142,
        196,
        177,
        147,
        148,
        114,
        70
      ]
    },
    {
      "margin": false,
      "index": 3,
      "file": null,
      "u": 0.75,
      "v": 0.0,
      "uw": 0.25,
      "vh": 0.333333343,
      "width": 512,
      "height": 512,
      "descriptor": [
        54,
        52,
        49,
        53,
        49,
        44,
        41,
        42,
        39,
        78,
        67,
        59,
        54,
        50,
        44,
        43,
        39,
        33,
        34,
        36,
        33,
        42,
        45,
        41,
        58,
        44,
        41,
        52,
        49,
        47,
        38,
        37,
        35,
        35,
        39,
        38,
        35,
        39,
        38,
        46,
        38,
        37,
        30,
        32,
        30,
        39,
        39,
        36
      ]
    },
    {
      "margin": false,
      "index": 4,
      "file": null,
      "u": 0.0,
      "v": 0.333333343,
      "uw": 0.25,
      "vh": 0.333333343,
      "width": 512,
      "height": 512,
      "descriptor": [
        65,
        53,
        43,
        114,
        83,
        55,
        55,
        44,
        38,
        83,
        63,
        49,
        30,
        30,
        28,
        98,
        54,
        44,
        58,
        50,
        46,
        69,
        48,
        41,
        127,
        102,
        75,
        58,
        53,
        40,
        64,
        38,
        34,
        108,
        78,
        51,
        51,
        39,
        37,
        76,
        56,
        48,
        136,
        104,
        59,
        94,
        67,
        51
      ]
    },
    {
      "margin": false,
      "index": 5,
      "file": null,
      "u": 0.25,
      "v": 0.333333343,
      "uw": 0.25,
      "vh": 0.333333343,
      "width": 512,
      "height": 512,
      "descriptor": [
        66,
        46,
        35,
        47,
        38,
        34,
        120,
        101,
        70,
        107,
        95,
        74,
        118,
        83,
        57,
        71,
        53,
        43,
        78,
        65,
        48,
        109,
        71,
        51,
        73,
        55,
        42,
        169,
        64,
        51,
        32,
        31,
        27,
        117,
        56,
        48,
        13,
        68,
        69,
        56,
        60,
        62,
        76,
        35,
        33,
        23,
        31,
        30
      ]
    },
    {
      "margin": false,
      "index": 6,
      "file": null,
      "u": 0.5,
      "v": 0.333333343,
      "uw": 0.25,
      "vh": 0.333333343,
      "width": 512,
      "height": 512,
      "descriptor": [
        95,
        82,
        54,
        100,
        87,
        63,
        81,
        61,
        44,
        74,
        61,
        50,
        87,
        45,
        39,
        162,
        138,
        120,
        139,
        123,
        67,
        95,
        72,
        53,
        83,
        47,
        42,
        83,
        49,
        43,
        142,
        124,
        70,
        77,
        40,
        41,
        64,
        35,
        34,
        152,
        128,
        86,
        127,
        106,
        59,
        108,
        41,
        45
      ]
    },
    {
      "margin": false,
      "index": 7,
      "file": null,
      "u": 0.75,
      "v": 0.333333343,
      "uw": 0.25,
      "vh": 0.333333343,
      "width": 512,
      "height": 512,
      "descriptor": [
        49,
        46,
        42,
        54,
        50,
        43,
        62,
        34,
        35,
        37,
        34,
        27,
        56,
        46,
        38,
        97,
        77,
        58,
        72,
        58,
        47,
        38,
        28,
        20,
        116,
        76,
        57,
        95,
        78,
        53,
        110,
        90,
        60,
        47,
        30,
        27,
        143,
        119,
        79,
        115,
        92,
        67,
        70,
        60,
        55,
        74,
        58,
        50
      ]
    },
    {
      "margin": false,
      "index": 8,
      "file": null,
      "u": 0.0,
      "v": 0.6666667,
      "uw": 0.25,
      "vh": 0.333333343,
      "width": 512,
      "height": 512,
      "descriptor": [
        55,
        48,
        43,
        67,
        50,
        44,
        73,
        48,
        41,
        112,
        73,
        57,
        117,
        91,
        68,
        74,
        52,
        45,
        80,
        48,
        37,
        81,
        44,
        43,
        77,
        53,
        49,
        56,
        47,
        45,
        55,
        47,
        40,
        98,
        84,
        56,
        135,
        101,
        66,
        139,
        97,
        63,
        121,
        88,
        59,
        50,
        45,
        40
      ]
    },
    {
      "margin": false,
      "index": 9,
      "file": null,
      "u": 0.25,
      "v": 0.6666667,
      "uw": 0.25,
      "vh": 0.333333343,
      "width": 512,
      "height": 512,