{
  "title": "JÁNOŠÍK S MILOU",
  "author": "SKOCZYLAS, WLADYSLAW",
  "year": "(1910 - 1930)",
  "id": "SNG-0001059447",
  "width": 1664,
  "height": 2048,
  "file": "SNG--G_2524--1_1--_2015_10_02_--L2_WEB_33293428.webp",
  "tiles_x": 3,
  "tiles_y": 3,
  "offset_x": 0.0,
  "offset_y": 0.09375,
  "tiles": [
    {
      "margin": false,
      "index": 6,
      "file": null,
      "u": 0.0,
      "v": 0.09375,
      "uw": 0.333333343,
      "vh": 0.270833343,
      "width": 554,
      "height": 554,
      "descriptor": [
        255,
        230,
        197,
        55,
        55,
        55,
        56,
        53,
        61,
        52,
        51,
        55,
        248,
        225,
        191,
        87,
        78,
        78,
        55,
        54,
        63,
        191,
        203,
        184,
        250,
        230,
        203,
        48,
        53,
        59,
        90,
        134,
        144,
        250,
        229,
        194,
        248,
        222,
        193,
        57,
        61,
        67,
        169,
        188,
        181,
        102,
        83,
        57
      ]
    },
    {
      "margin": false,
      "index": 7,
      "file": null,
      "u": 0.333333343,
      "v": 0.09375,
      "uw": 0.333333343,
      "vh": 0.270833343,
      "width": 554,
      "height": 554,
      "descriptor": [
        84,
        89,
        78,
        252,
        140,
        120,
        254,
        229,
        196,
        115,
        86,
        77,
        226,
        173,
        175,
        75,
        61,
        56,
        69,
        68,
        66,
        102,
        155,
        146,
        241,
        223,
        192,
        94,
        79,
        71,
        90,
        81,
        80,
        252,
        230,
        195,
        246,
        110,
        65,
        253,
        214,
        170,
        125,
        79,
        61,
        238,
        201,
        145
      ]
    },
    {
      "margin": false,
      "index": 8,
      "file": null,
      "u": 0.6666667,
      "v": 0.09375,
      "uw": 0.333333343,
      "vh": 0.270833343,
      "width": 554,
      "height": 554,
      "descriptor": [
        133,
        162,
        166,
        87,
        88,
        86,
        54,
        54,
        51,
        255,
        240,
        205,
        117,
        162,
        164,
        66,
        63,
        62,
        68,
        74,
        78,
        255,
        236,
        202,
        79,
        79,
        70,
        88,
        126,
        158,
        61,
        52,
        66,
        255,
        235,
        199,
        80,
        73,
        69,
        138,
        173,
        170,
        62,
        62,
        62,
        254,
        236,
        207
      ]
    },
    {
      "margin": false,
      "index": 9,
      "file": null,
      "u": 0.0,
      "v": 0.364583343,
      "uw": 0.333333343,
      "vh": 0.270833343,
      "width": 554,
      "height": 554,
      "descriptor": [
        250,
        232,
        202,
        59,
        55,
        62,
        87,
        78,
        69,
        74,
        68,
        66,
        252,
        230,
        200,
        72,
        71,
        74,
        252,
        226,
        198,
        252,
        221,
        179,
        250,
        227,
        197,
        102,
        88,
        90,
        61,
        62,
        61,
        70,
        67,
        71,
        251,
        220,
        182,
        64,
        69,
        70,
        73,
        60,
        58,
        61,
        52,
        48
      ]
    },
    {
      "margin": false,
      "index": 10,
      "file": null,
      "u": 0.333333343,
      "v": 0.364583343,
      "uw": 0.333333343,
      "vh": 0.270833343,
      "width": 554,
      "height": 554,
      "descriptor": [
        169,
        72,
        47,
        202,
        113,
        44,
        107,
        76,
        71,
        76,
        65,
        59,
        75,
        50,
        41,
        245,
        114,
        73,
        123,
        66,
        60,
        214,
        130,
        121,
        223,
        152,
        108,
        246,
        118,
        65,
        241,
        162,
        70,
        239,
        166,
        81,
        246,
        138,
        101,
        252,
        136,
        95,
        225,
        155,
        85,
        132,
        92,
        73
      ]
    },
    {
      "margin": false,
      "index": 11,
      "file": null,
      "u": 0.6666667,
      "v": 0.364583343,
      "uw": 0.333333343,
      "vh": 0.270833343,
      "width": 554,
      "height": 554,
      "descriptor": [
        252,
        214,
        160,
        161,
        181,
        174,
        56,
        63,
        72,
        254,
        234,
        202,
        249,
        225,
        189,
        252,
        231,
        200,
        112,
        158,
        166,
        253,
        230,
        195,
        249,
        224,
        192,
        70,
        69,
        58,
        137,
        166,
        170,
        253,
        227,
        191,
        149,
        103,
        65,
        168,
        192,
        183,
        65,
        50,
        48,
        249,
        223,
        186
      ]
    },
    {
      "margin": false,
      "index": 12,
      "file": null,
      "u": 0.0,
      "v": 0.6354167,
      "uw": 0.333333343,
      "vh": 0.270833343,
      "width": 554,
      "height": 554,
      "descriptor": [
        250,
        224,
        193,
        61,
        64,
        57,
        66,
        62,
        54,
        90,
        86,
        79,
        247,
        223,
        186,
        76,
        72,
        68,
        102,
        131,
        160,
        207,
        90,
        61,
        247,
        226,
        197,
        88,
        91,
        71,
        86,
        81,
        67,
        87,
        79,
        74,
        249,
        226,
        192,
        252,
        226,
        193,
        246,
        225,
        199,
        250,
        223,
        189
      ]
    },
    {
      "margin": false,
      "index": 13,
      "file": null,
      "u": 0.333333343,
      "v": 0.6354167,
      "uw": 0.333333343,
      "vh": 0.270833343,
      "width": 554,
      "height": 554,
      "descriptor": [
        61,
        62,
        62,
        124,
        85,
        41,
        149,
        105,
        48,
        131,
        87,
        61,
        79,
        85,
        74,
        94,
        74,
        58,
        237,
        169,
        112,
        198,
        110,
        20,
        90,
        83,
        72,
        234,
        149,
        96,
        50,
        54,
        56,
        94,
        93,
        79,
        251,
        227,
        192,
        255,
        228,
        187,
        251,
        225,
        188,
        248,
        226,
        198
      ]
    },
    {
      "margin": false,
      "index": 14,
      "file": null,
      "u": 0.6666667,
      "v": 0.6354167,
      "uw": 0.333333343,
      "vh": 0.270833343,
      "width": 554,
      "height": 554,
      "descriptor": [
        94,
        81,
        57,
        103,
        97,
        78,
        131,
        163,
        157,
        254,
        229,
        195,
        156,
        132,
        87,
        64,
        63,
        62,
        66,
        66,
        62,
        255,
        235,
        201,
        119,
        145,
        145,
        117,
        161,
        101,
        78,
        74,
        72,
        254,
        229,
        191,
        251,
        229,
        199,
        250,
        228,
        199,
        254,
        229,
        192,
        254,
        232,
        199
      ]
    }
  ],
  "margins": [
    {
      "margin": true,
      "index": 0,
      "file": null,
      "u": 0.0,
      "v": 0.0,