{
  "title": "SKALNATÁ KRAJINA SO ŽLTÝM STROMOM",
  "author": "PALUGYAY, ZOLO",
  "year": "1931",
  "id": "SNG-0001005918",
  "width": 1472,
  "height": 2048,
  "file": "SNG--K_657--1_1--2015_07_08--L2_WEB_111727.webp",
  "tiles_x": 3,
  "tiles_y": 4,
  "offset_x": 0.0,
  "offset_y": 0.0208333433,
  "tiles": [
    {
      "margin": false,
      "index": 6,
      "file": null,
      "u": 0.0,
      "v": 0.0208333433,
      "uw": 0.3333333,
      "vh": 0.239583328,
      "width": 490,
      "height": 490,
      "descriptor": [
        123,
        106,
        87,
        132,
        112,
        93,
        125,
        105,
        87,
        128,
        110,
        93,
        110,
        94,
        74,
        153,
        161,
        152,
        151,
        171,
        153,
        138,
        156,
        150,
        115,
        96,
        76,
        131,
        136,
        132,
        151,
        157,
        139,
        132,
        153,
        140,
        125,
        105,
        86,
        148,
        160,
        159,
        124,
        150,
        137,
        144,
        140,
        124
      ]
    },
    {
      "margin": false,
      "index": 7,
      "file": null,
      "u": 0.3333333,
      "v": 0.0208333433,
      "uw": 0.3333333,
      "vh": 0.239583328,
      "width": 490,
      "height": 490,
      "descriptor": [
        123,
        104,
        85,
        122,
        104,
        85,
        131,
        113,
        93,
        137,
        115,
        97,
        144,
        148,
        141,
        119,
        144,
        148,
        134,
        165,
        158,
        142,
        161,
        160,
        134,
        134,
        116,
        156,
        149,
        134,
        169,
        167,
        141,
        52,
        56,
        59,
        132,
        143,
        136,
        156,
        165,
        150,
        60,
        57,
        56,
        78,
        82,
        83
      ]
    },
    {
      "margin": false,
      "index": 8,
      "file": null,
      "u": 0.6666666,
      "v": 0.0208333433,
      "uw": 0.3333333,
      "vh": 0.239583328,
      "width": 490,
      "height": 490,
      "descriptor": [
        117,
        97,
        80,
        120,
        99,
        80,
        133,
        113,
        95,
        157,
        134,
        115,
        206,
        204,
        181,
        153,
        168,
        159,
        140,
        163,
        160,
        144,
        121,
        103,
        73,
        70,
        65,
        51,
        54,
        55,
        62,
        67,
        67,
        133,
        114,
        98,
        61,
        64,
        65,
        88,
        79,
        70,
        49,
        49,
        49,
        127,
        109,
        94
      ]
    },
    {
      "margin": false,
      "index": 9,
      "file": null,
      "u": 0.0,
      "v": 0.2604167,
      "uw": 0.3333333,
      "vh": 0.239583328,
      "width": 490,
      "height": 490,
      "descriptor": [
        130,
        111,
        91,
        163,
        171,
        157,
        184,
        187,
        166,
        160,
        165,
        150,
        134,
        115,
        98,
        149,
        144,
        124,
        197,
        194,
        173,
        187,
        180,
        152,
        132,
        112,
        93,
        60,
        66,
        71,
        111,
        105,
        101,
        185,
        177,
        147,
        131,
        111,
        91,
        68,
        72,
        81,
        111,
        112,
        117,
        73,
        69,
        70
      ]
    },
    {
      "margin": false,
      "index": 10,
      "file": null,
      "u": 0.3333333,
      "v": 0.2604167,
      "uw": 0.3333333,
      "vh": 0.239583328,
      "width": 490,
      "height": 490,
      "descriptor": [
        196,
        190,
        169,
        159,
        154,
        138,
        59,
        61,
        63,
        65,
        63,
        64,
        171,
        163,
        136,
        166,
        152,
        123,
        47,
        48,
        47,
        53,
        52,
        55,
        106,
        88,
        64,
        74,
        67,
        56,
        103,
        90,
        69,
        93,
        93,
        83,
        108,
        90,
        58,
        153,
        121,
        59,
        178,
        136,
        54,
        56,
        51,
        35
      ]
    },
    {
      "margin": false,
      "index": 11,
      "file": null,
      "u": 0.6666666,
      "v": 0.2604167,
      "uw": 0.3333333,
      "vh": 0.239583328,
      "width": 490,
      "height": 490,
      "descriptor": [
        60,
        64,
        64,
        59,
        60,
        61,
        68,
        65,
        62,
        127,
        112,
        98,
        63,
        63,
        66,
        57,
        56,
        58,
        64,
        63,
        64,
        116,
        98,
        80,
        66,
        66,
        57,
        102,
        104,
        96,
        70,
        69,
        70,
        106,
        93,
        77,
        60,
        58,
        49,
        53,
        57,
        54,
        92,
        99,
        92,
        117,
        98,
        75
      ]
    },
    {
      "margin": false,
      "index": 12,
      "file": null,
      "u": 0.0,
      "v": 0.5,
      "uw": 0.3333333,
      "vh": 0.239583328,
      "width": 490,
      "height": 490,
      "descriptor": [
        122,
        106,
        88,
        85,
        91,
        95,
        68,
        69,
        67,
        60,
        58,
        50,
        128,
        109,
        89,
        52,
        50,
        42,
        48,
        45,
        37,
        81,
        74,
        57,
        126,
        106,
        86,
        46,
        46,
        40,
        106,
        94,
        58,
        75,
        60,
        51,
        114,
        97,
        77,
        114,
        92,
        54,
        148,
        112,
        58,
        58,
        53,
        48
      ]
    },
    {
      "margin": false,
      "index": 13,
      "file": null,
      "u": 0.3333333,
      "v": 0.5,
      "uw": 0.3333333,
      "vh": 0.239583328,
      "width": 490,
      "height": 490,
      "descriptor": [
        129,
        104,
        54,
        131,
        100,
        48,
        81,
        71,
        57,
        56,
        52,
        41,
        134,
        112,
        58,
        150,
        125,
        64,
        145,
        109,
        42,
        176,
        130,
        58,
        101,
        92,
        62,
        126,
        103,
        58,
        134,
        102,
        60,
        139,
        97,
        44,
        71,
        61,
        55,
        83,
        72,
        54,
        68,
        60,
        57,
        64,
        55,
        52
      ]
    },
    {
      "margin": false,
      "index": 14,
      "file": null,
      "u": 0.6666666,
      "v": 0.5,
      "uw": 0.3333333,
      "vh": 0.239583328,
      "width": 490,
      "height": 490,
      "descriptor": [
        86,
        81,
        61,
        66,
        67,
        64,
        63,
        63,
        55,
        120,
        103,
        84,
        114,
        88,
        51,
        57,
        56,
        48,
        91,
        82,
        68,
        122,
        107,
        88,
        87,
        71,
        46,
        68,
        66,
        57,
        69,
        66,
        56,
        109,
        97,
        80,
        62,
        55,
        52,
        53,
        50,
        44,
        49,
        49,
        44,
        102,
        90,
        74
      ]
    },
    {
      "margin": false,
      "index": 15,
      "file": null,
      "u": 0.0,
      "v": 0.7395834,
      "uw": 0.3333333,
      "vh": 0.239583328,
      "width": 490,
      "height": 490,