{
  "title": "ŽENA S VÁZOU",
  "author": "GALANDA, MIKULÁŠ",
  "year": "1938",
  "id": "SNG-0001033253",
  "width": 1408,
  "height": 2048,
  "file": "SNG--K_2471--1_1--2015_04_21--L2_WEB_436689.webp",
  "tiles_x": 3,
  "tiles_y": 4,
  "offset_x": 0.0,
  "offset_y": 0.0416666567,
  "tiles": [
    {
      "margin": false,
      "index": 6,
      "file": null,
      "u": 0.0,
      "v": 0.0416666567,
      "uw": 0.333333343,
      "vh": 0.229166672,
      "width": 469,
      "height": 469,
      "descriptor": [
        244,
        219,
        185,
        244,
        217,
        181,
        247,
        220,
        186,
        245,
        220,
        182,
        244,
        218,
        181,
        233,
        206,
        175,
        240,
        207,
        167,
        189,
        183,
        155,
        247,
        221,
        186,
        234,
        207,
        167,
        243,
        211,
        177,
        219,
        204,
        162,
        243,
        217,
        182,
        234,
        197,
        140,
        244,
        210,
        150,
        198,
        195,
        157
      ]
    },
    {
      "margin": false,
      "index": 7,
      "file": null,
      "u": 0.333333343,
      "v": 0.0416666567,
      "uw": 0.333333343,
      "vh": 0.229166672,
      "width": 469,
      "height": 469,
      "descriptor": [
        245,
        220,
        186,
        245,
        219,
        182,
        246,
        219,
        183,
        245,
        218,
        180,
        250,
        182,
        172,
        250,
        216,
        203,
        254,
        183,
        174,
        218,
        205,
        178,
        248,
        220,
        190,
        225,
        125,
        111,
        210,
        121,
        109,
        210,
        177,
        176,
        249,
        216,
        193,
        229,
        120,
        109,
        224,
        117,
        102,
        254,
        186,
        177
      ]
    },
    {
      "margin": false,
      "index": 8,
      "file": null,
      "u": 0.6666667,
      "v": 0.0416666567,
      "uw": 0.333333343,
      "vh": 0.229166672,
      "width": 469,
      "height": 469,
      "descriptor": [
        246,
        220,
        185,
        244,
        216,
        177,
        245,
        220,
        183,
        251,
        225,
        191,
        220,
        196,
        188,
        137,
        152,
        141,
        242,
        217,
        183,
        249,
        223,
        185,
        137,
        153,
        143,
        152,
        159,
        143,
        238,
        214,
        182,
        249,
        225,
        191,
        127,
        154,
        139,
        119,
        123,
        115,
        244,
        212,
        168,
        250,
        225,
        193
      ]
    },
    {
      "margin": false,
      "index": 9,
      "file": null,
      "u": 0.0,
      "v": 0.2708333,
      "uw": 0.333333343,
      "vh": 0.229166672,
      "width": 469,
      "height": 469,
      "descriptor": [
        245,
        219,
        184,
        243,
        207,
        147,
        241,
        209,
        155,
        216,
        205,
        165,
        247,
        221,
        185,
        216,
        206,
        186,
        219,
        202,
        173,
        226,
        206,
        175,
        244,
        219,
        186,
        224,
        209,
        178,
        237,
        208,
        158,
        244,
        202,
        161,
        246,
        221,
        187,
        226,
        209,
        183,
        241,
        196,
        128,
        241,
        207,
        171
      ]
    },
    {
      "margin": false,
      "index": 10,
      "file": null,
      "u": 0.333333343,
      "v": 0.2708333,
      "uw": 0.333333343,
      "vh": 0.229166672,
      "width": 469,
      "height": 469,
      "descriptor": [
        249,
        220,
        203,
        248,
        224,
        196,
        253,
        169,
        142,
        255,
        186,
        179,
        241,
        152,
        153,
        251,
        189,
        172,
        253,
        202,
        179,
        255,
        173,
        159,
        254,
        179,
        167,
        253,
        197,
        179,
        250,
        222,
        188,
        255,
        187,
        153,
        251,
        199,
        188,
        252,
        225,
        188,
        244,
        219,
        188,
        255,
        179,
        172
      ]
    },
    {
      "margin": false,
      "index": 11,
      "file": null,
      "u": 0.6666667,
      "v": 0.2708333,
      "uw": 0.333333343,
      "vh": 0.229166672,
      "width": 469,
      "height": 469,
      "descriptor": [
        159,
        157,
        149,
        140,
        150,
        135,
        240,
        218,
        185,
        247,
        222,
        185,
        255,
        179,
        171,
        165,
        179,
        162,
        194,
        190,
        170,
        249,
        223,
        190,
        255,
        183,
        175,
        116,
        121,
        115,
        185,
        184,
        168,
        250,
        224,
        190,
        254,
        190,
        154,
        132,
        149,
        124,
        185,
        181,
        162,
        249,
        223,
        189
      ]
    },
    {
      "margin": false,
      "index": 12,
      "file": null,
      "u": 0.0,
      "v": 0.5,
      "uw": 0.333333343,
      "vh": 0.229166672,
      "width": 469,
      "height": 469,
      "descriptor": [
        246,
        220,
        185,
        227,
        208,
        179,
        217,
        204,
        180,
        221,
        194,
        144,
        249,
        223,
        188,
        202,
        195,
        171,
        90,
        157,
        137,
        242,
        125,
        107,
        245,
        220,
        185,
        193,
        192,
        183,
        105,
        155,
        140,
        246,
        222,
        192,
        244,
        218,
        183,
        221,
        208,
        184,
        115,
        177,
        139,
        246,
        114,
        90
      ]
    },
    {
      "margin": false,
      "index": 13,
      "file": null,
      "u": 0.333333343,
      "v": 0.5,
      "uw": 0.333333343,
      "vh": 0.229166672,
      "width": 469,
      "height": 469,
      "descriptor": [
        245,
        132,
        132,
        248,
        225,
        204,
        250,
        223,
        192,
        254,
        191,
        175,
        116,
        98,
        91,
        249,
        219,
        184,
        250,
        219,
        188,
        255,
        176,
        162,
        248,
        221,
        198,
        252,
        202,
        180,
        255,
        194,
        172,
        252,
        201,
        175,
        254,
        178,
        168,
        254,
        183,
        175,
        247,
        213,
        184,
        240,
        121,
        105
      ]
    },
    {
      "margin": false,
      "index": 14,
      "file": null,
      "u": 0.6666667,
      "v": 0.5,
      "uw": 0.333333343,
      "vh": 0.229166672,
      "width": 469,
      "height": 469,