{
  "title": "DVAJA JAZDCI",
  "author": "MAJERNÍK, CYPRIÁN",
  "year": "(1926 - 1946)",
  "id": "SNG-0001023260",
  "width": 2048,
  "height": 1344,
  "file": "SNG--K_76--1_1--_2015_08_20_--L2_WEB_66836.webp",
  "tiles_x": 4,
  "tiles_y": 3,
  "offset_x": 0.0625,
  "offset_y": 0.0,
  "tiles": [
    {
      "margin": false,
      "index": 6,
      "file": null,
      "u": 0.0625,
      "v": 0.0,
      "uw": 0.21875,
      "vh": 0.333333343,
      "width": 448,
      "height": 448,
      "descriptor": [
        127,
        91,
        64,
        87,
        76,
        66,
        81,
        73,
        65,
        82,
        75,
        68,
        112,
        81,
        60,
        96,
        77,
        63,
        88,
        75,
        66,
        93,
        77,
        65,
        98,
        74,
        56,
        97,
        77,
        64,
        92,
        77,
        66,
        92,
        76,
        63,
        104,
        74,
        56,
        86,
        73,
        63,
        94,
        77,
        63,
        93,
        77,
        62
      ]
    },
    {
      "margin": false,
      "index": 7,
      "file": null,
      "u": 0.28125,
      "v": 0.0,
      "uw": 0.21875,
      "vh": 0.333333343,
      "width": 448,
      "height": 448,
      "descriptor": [
        92,
        80,
        72,
        95,
        81,
        72,
        96,
        84,
        77,
        100,
        88,
        79,
        94,
        79,
        70,
        199,
        187,
        184,
        238,
        226,
        218,
        236,
        222,
        215,
        91,
        77,
        66,
        91,
        78,
        69,
        179,
        129,
        119,
        147,
        101,
        88,
        94,
        79,
        67,
        100,
        83,
        72,
        179,
        150,
        139,
        148,
        121,
        109
      ]
    },
    {
      "margin": false,
      "index": 8,
      "file": null,
      "u": 0.5,
      "v": 0.0,
      "uw": 0.21875,
      "vh": 0.333333343,
      "width": 448,
      "height": 448,
      "descriptor": [
        116,
        99,
        90,
        116,
        100,
        92,
        118,
        102,
        95,
        107,
        94,
        83,
        221,
        190,
        181,
        99,
        83,
        75,
        94,
        80,
        71,
        106,
        85,
        74,
        220,
        191,
        181,
        100,
        83,
        75,
        108,
        118,
        121,
        117,
        124,
        129,
        230,
        215,
        209,
        176,
        163,
        155,
        224,
        208,
        209,
        187,
        181,
        182
      ]
    },
    {
      "margin": false,
      "index": 9,
      "file": null,
      "u": 0.71875,
      "v": 0.0,
      "uw": 0.21875,
      "vh": 0.333333343,
      "width": 448,
      "height": 448,
      "descriptor": [
        106,
        92,
        82,
        104,
        90,
        80,
        103,
        89,
        80,
        105,
        91,
        80,
        107,
        90,
        77,
        106,
        90,
        79,
        110,
        93,
        81,
        104,
        88,
        77,
        109,
        90,
        74,
        101,
        85,
        74,
        102,
        84,
        74,
        111,
        87,
        73,
        96,
        81,
        71,
        110,
        87,
        71,
        104,
        87,
        72,
        106,
        84,
        71
      ]
    },
    {
      "margin": false,
      "index": 10,
      "file": null,
      "u": 0.0625,
      "v": 0.333333343,
      "uw": 0.21875,
      "vh": 0.333333343,
      "width": 448,
      "height": 448,
      "descriptor": [
        98,
        72,
        56,
        97,
        77,
        65,
        93,
        77,
        64,
        100,
        80,
        66,
        96,
        72,
        58,
        91,
        75,
        63,
        90,
        75,
        64,
        86,
        72,
        62,
        96,
        72,
        57,
        108,
        79,
        59,
        93,
        74,
        62,
        106,
        80,
        63,
        94,
        91,
        79,
        90,
        90,
        77,
        102,
        90,
        79,
        214,
        204,
        197
      ]
    },
    {
      "margin": false,
      "index": 11,
      "file": null,
      "u": 0.28125,
      "v": 0.333333343,
      "uw": 0.21875,
      "vh": 0.333333343,
      "width": 448,
      "height": 448,
      "descriptor": [
        91,
        75,
        64,
        152,
        118,
        92,
        218,
        184,
        171,
        139,
        110,
        96,
        95,
        79,
        68,
        174,
        154,
        143,
        110,
        95,
        84,
        111,
        97,
        86,
        88,
        74,
        64,
        222,
        170,
        161,
        142,
        110,
        95,
        102,
        89,
        82,
        83,
        84,
        76,
        196,
        155,
        140,
        155,
        119,
        107,
        57,
        59,
        56
      ]
    },
    {
      "margin": false,
      "index": 12,
      "file": null,
      "u": 0.5,
      "v": 0.333333343,
      "uw": 0.21875,
      "vh": 0.333333343,
      "width": 448,
      "height": 448,
      "descriptor": [
        217,
        206,
        200,
        68,
        70,
        67,
        94,
        102,
        104,
        166,
        162,
        165,
        63,
        63,
        61,
        104,
        110,
        110,
        88,
        96,
        98,
        55,
        57,
        54,
        69,
        78,
        75,
        97,
        103,
        104,
        175,
        173,
        174,
        94,
        99,
        98,
        61,
        63,
        62,
        103,
        110,
        111,
        156,
        159,
        164,
        116,
        116,
        111
      ]
    },
    {
      "margin": false,
      "index": 13,
      "file": null,
      "u": 0.71875,
      "v": 0.333333343,
      "uw": 0.21875,
      "vh": 0.333333343,
      "width": 448,
      "height": 448,
      "descriptor": [
        128,
        135,
        139,
        113,
        87,
        69,
        103,
        84,
        72,
        96,
        81,
        71,
        205,
        199,
        202,
        184,
        184,
        188,
        100,
        82,
        70,
        104,
        84,
        70,
        111,
        91,
        81,
        108,
        90,
        77,
        94,
        79,
        71,
        99,
        82,
        71,
        99,
        99,
        89,
        97,
        97,
        85,
        98,
        100,
        89,
        101,
        104,
        93
      ]
    },
    {
      "margin": false,
      "index": 14,
      "file": null,
      "u": 0.0625,
      "v": 0.6666667,
      "uw": 0.21875,
      "vh": 0.333333343,
      "width": 448,
      "height": 448,
      "descriptor": [
        92,
        94,
        84,
        81,
        89,
        87,
        77,
        81,
        80,
        125,
        82,
        66,
        66,
        72,
        69,
        111,
        113,
        112,
        70,
        72,
        69,
        169,
        93,
        59,
        68,
        73,
        71,
        62,
        66,
        63,
        136,
        82,
        60,
        130,
        73,
        48,
        68,
        67,
        62,
        66,
        67,
        65,
        60,
        61,
        56,
        59,
        59,
        54
      ]
    },
    {
      "margin": false,
      "index": 15,
      "file": null,
      "u": 0.28125,
      "v": 0.6666667,
      "uw": 0.21875,
      "vh": 0.333333343,
      "width": 448,
      "height": 448,