{
  "title": "KRAJINA MEDZI SENNÍKMI",
  "author": "MEDNYÁNSZKY, LADISLAV",
  "year": "(1878 - 1880)",
  "id": "SNG-0001067239",
  "width": 2048,
  "height": 1472,
  "file": "SNG--K_4663-a-b--1_2--2013_11_13--L2_WEB_82011116.webp",
  "tiles_x": 4,
  "tiles_y": 3,
  "offset_x": 0.0208333433,
  "offset_y": 0.0,
  "tiles": [
    {
      "margin": false,
      "index": 6,
      "file": null,
      "u": 0.0208333433,
      "v": 0.0,
      "uw": 0.239583328,
      "vh": 0.3333333,
      "width": 490,
      "height": 490,
      "descriptor": [
        148,
        176,
        171,
        128,
        165,
        163,
        134,
        167,
        170,
        124,
        161,
        169,
        236,
        216,
        189,
        131,
        171,
        171,
        115,
        169,
        171,
        126,
        166,
        166,
        158,
        124,
        90,
        167,
        131,
        98,
        231,
        212,
        182,
        227,
        211,
        182,
        140,
        121,
        101,
        94,
        73,
        61,
        167,
        133,
        101,
        158,
        182,
        177
      ]
    },
    {
      "margin": false,
      "index": 7,
      "file": null,
      "u": 0.2604167,
      "v": 0.0,
      "uw": 0.239583328,
      "vh": 0.3333333,
      "width": 490,
      "height": 490,
      "descriptor": [
        144,
        174,
        174,
        168,
        183,
        175,
        236,
        218,
        192,
        147,
        176,
        178,
        239,
        220,
        198,
        238,
        221,
        198,
        141,
        179,
        184,
        190,
        181,
        158,
        229,
        215,
        187,
        238,
        221,
        197,
        178,
        192,
        188,
        185,
        176,
        152,
        188,
        201,
        194,
        174,
        195,
        189,
        170,
        196,
        192,
        174,
        198,
        193
      ]
    },
    {
      "margin": false,
      "index": 8,
      "file": null,
      "u": 0.5,
      "v": 0.0,
      "uw": 0.239583328,
      "vh": 0.3333333,
      "width": 490,
      "height": 490,
      "descriptor": [
        221,
        206,
        179,
        235,
        219,
        190,
        229,
        213,
        181,
        234,
        216,
        184,
        227,
        212,
        181,
        228,
        211,
        181,
        191,
        183,
        160,
        222,
        207,
        180,
        231,
        216,
        191,
        184,
        169,
        147,
        160,
        153,
        133,
        168,
        141,
        110,
        210,
        210,
        196,
        182,
        193,
        187,
        180,
        196,
        190,
        142,
        134,
        111
      ]
    },
    {
      "margin": false,
      "index": 9,
      "file": null,
      "u": 0.7395834,
      "v": 0.0,
      "uw": 0.239583328,
      "vh": 0.3333333,
      "width": 490,
      "height": 490,
      "descriptor": [
        140,
        114,
        85,
        166,
        138,
        106,
        97,
        78,
        65,
        81,
        61,
        56,
        157,
        128,
        94,
        101,
        79,
        64,
        97,
        78,
        66,
        120,
        97,
        79,
        70,
        54,
        48,
        83,
        65,
        54,
        129,
        114,
        92,
        146,
        117,
        84,
        202,
        207,
        191,
        220,
        203,
        174,
        120,
        103,
        81,
        113,
        104,
        85
      ]
    },
    {
      "margin": false,
      "index": 10,
      "file": null,
      "u": 0.0208333433,
      "v": 0.3333333,
      "uw": 0.239583328,
      "vh": 0.3333333,
      "width": 490,
      "height": 490,
      "descriptor": [
        116,
        96,
        81,
        106,
        88,
        72,
        130,
        99,
        77,
        171,
        135,
        100,
        103,
        83,
        64,
        92,
        77,
        66,
        168,
        140,
        88,
        180,
        153,
        119,
        166,
        151,
        77,
        180,
        161,
        80,
        163,
        152,
        82,
        184,
        169,
        85,
        158,
        144,
        56,
        156,
        142,
        69,
        191,
        175,
        97,
        178,
        161,
        81
      ]
    },
    {
      "margin": false,
      "index": 11,
      "file": null,
      "u": 0.2604167,
      "v": 0.3333333,
      "uw": 0.239583328,
      "vh": 0.3333333,
      "width": 490,
      "height": 490,
      "descriptor": [
        233,
        219,
        197,
        232,
        220,
        199,
        231,
        218,
        197,
        177,
        197,
        189,
        94,
        76,
        68,
        225,
        202,
        181,
        225,
        210,
        191,
        166,
        160,
        124,
        144,
        137,
        76,
        168,
        151,
        114,
        175,
        160,
        79,
        131,
        120,
        77,
        164,
        157,
        79,
        203,
        158,
        95,
        145,
        146,
        97,
        158,
        142,
        108
      ]
    },
    {
      "margin": false,
      "index": 12,
      "file": null,
      "u": 0.5,
      "v": 0.3333333,
      "uw": 0.239583328,
      "vh": 0.3333333,
      "width": 490,
      "height": 490,
      "descriptor": [
        123,
        119,
        98,
        134,
        109,
        66,
        114,
        90,
        52,
        215,
        209,
        188,
        88,
        84,
        60,
        79,
        65,
        49,
        79,
        76,
        44,
        178,
        132,
        71,
        94,
        86,
        54,
        140,
        115,
        100,
        71,
        60,
        49,
        142,
        116,
        71,
        95,
        81,
        69,
        123,
        102,
        63,
        87,
        82,
        70,
        96,
        95,
        71
      ]
    },
    {
      "margin": false,
      "index": 13,
      "file": null,
      "u": 0.7395834,
      "v": 0.3333333,
      "uw": 0.239583328,
      "vh": 0.3333333,
      "width": 490,
      "height": 490,
      "descriptor": [
        171,
        191,
        183,
        228,
        211,
        185,
        167,
        145,
        113,
        157,
        130,
        94,
        185,
        159,
        128,
        225,
        213,
        192,
        131,
        112,
        87,
        162,
        137,
        106,
        171,
        161,
        94,
        133,
        114,
        89,
        95,
        78,
        62,
        149,
        126,
        97,
        87,
        81,
        55,
        111,
        95,
        70,
        165,
        139,
        109,
        164,
        144,
        114
      ]
    },
    {
      "margin": false,
      "index": 14,
      "file": null,
      "u": 0.0208333433,
      "v": 0.6666666,
      "uw": 0.239583328,
      "vh": 0.3333333,
      "width": 490,
      "height": 490,
      "descriptor": [
        113,
        105,
        62,
        120,
        102,
        50,
        104,
        106,
        59,
        144,
        133,
        64,
        196,
        168,
        103,
        170,
        121,
        62,
        182,
        149,
        69,
        141,
        114,
        69,
        189,
        158,
        97,
        175,
        143,
        85,
        127,
        126,
        88,
        200,
        159,
        88,
        185,
        154,
        100,
        170,
        134,
        90,
        141,
        116,
        63,
        198,
        163,
        98
      ]
    },
    {
      "margin": false,
      "index": 15,
      "file": null,