{
  "title": "POĽOVNÍK V MODROM LESE",
  "author": "WEISZ-KUBÍNČAN, ARNOLD PETER",
  "year": "1940",
  "id": "SNG-0001019124",
  "width": 1536,
  "height": 2048,
  "file": "SNG--O_4488--1_1--2013_11_7--L2_WEB_121422.webp",
  "tiles_x": 3,
  "tiles_y": 4,
  "offset_x": 0.0,
  "offset_y": 0.0,
  "tiles": [
    {
      "margin": false,
      "index": 0,
      "file": null,
      "u": 0.0,
      "v": 0.0,
      "uw": 0.333333343,
      "vh": 0.25,
      "width": 512,
      "height": 512,
      "descriptor": [
        36,
        54,
        65,
        84,
        95,
        95,
        81,
        91,
        82,
        133,
        149,
        143,
        32,
        51,
        66,
        88,
        102,
        113,
        70,
        81,
        72,
        124,
        134,
        145,
        89,
        121,
        134,
        104,
        120,
        114,
        85,
        108,
        116,
        142,
        140,
        126,
        78,
        106,
        128,
        81,
        92,
        88,
        92,
        104,
        94,
        102,
        114,
        118
      ]
    },
    {
      "margin": false,
      "index": 1,
      "file": null,
      "u": 0.333333343,
      "v": 0.0,
      "uw": 0.333333343,
      "vh": 0.25,
      "width": 512,
      "height": 512,
      "descriptor": [
        45,
        59,
        64,
        125,
        130,
        117,
        43,
        62,
        85,
        127,
        150,
        167,
        144,
        158,
        154,
        115,
        124,
        112,
        62,
        77,
        85,
        50,
        73,
        91,
        130,
        147,
        146,
        79,
        68,
        67,
        93,
        118,
        136,
        65,
        82,
        102,
        78,
        85,
        74,
        113,
        115,
        117,
        162,
        97,
        49,
        110,
        138,
        136
      ]
    },
    {
      "margin": false,
      "index": 2,
      "file": null,
      "u": 0.6666667,
      "v": 0.0,
      "uw": 0.333333343,
      "vh": 0.25,
      "width": 512,
      "height": 512,
      "descriptor": [
        110,
        138,
        155,
        83,
        95,
        80,
        127,
        140,
        136,
        165,
        168,
        164,
        75,
        97,
        118,
        73,
        85,
        90,
        111,
        125,
        124,
        48,
        67,
        78,
        78,
        96,
        118,
        94,
        104,
        101,
        112,
        136,
        143,
        122,
        134,
        105,
        87,
        111,
        125,
        128,
        142,
        141,
        50,
        71,
        84,
        51,
        67,
        93
      ]
    },
    {
      "margin": false,
      "index": 3,
      "file": null,
      "u": 0.0,
      "v": 0.25,
      "uw": 0.333333343,
      "vh": 0.25,
      "width": 512,
      "height": 512,
      "descriptor": [
        64,
        85,
        104,
        47,
        73,
        91,
        96,
        134,
        136,
        89,
        87,
        83,
        56,
        83,
        95,
        65,
        87,
        107,
        102,
        128,
        136,
        63,
        74,
        82,
        56,
        82,
        102,
        173,
        165,
        64,
        75,
        73,
        80,
        56,
        88,
        57,
        61,
        85,
        105,
        30,
        55,
        70,
        142,
        58,
        54,
        101,
        88,
        85
      ]
    },
    {
      "margin": false,
      "index": 4,
      "file": null,
      "u": 0.333333343,
      "v": 0.25,
      "uw": 0.333333343,
      "vh": 0.25,
      "width": 512,
      "height": 512,
      "descriptor": [
        140,
        108,
        51,
        178,
        150,
        42,
        56,
        73,
        102,
        84,
        115,
        141,
        61,
        88,
        69,
        131,
        137,
        125,
        148,
        140,
        64,
        93,
        121,
        140,
        28,
        61,
        50,
        68,
        90,
        54,
        86,
        95,
        98,
        83,
        94,
        73,
        81,
        78,
        68,
        42,
        59,
        68,
        74,
        74,
        64,
        74,
        86,
        79
      ]
    },
    {
      "margin": false,
      "index": 5,
      "file": null,
      "u": 0.6666667,
      "v": 0.25,
      "uw": 0.333333343,
      "vh": 0.25,
      "width": 512,
      "height": 512,
      "descriptor": [
        98,
        119,
        135,
        71,
        81,
        88,
        80,
        100,
        125,
        107,
        120,
        123,
        56,
        73,
        95,
        76,
        89,
        120,
        125,
        155,
        161,
        136,
        146,
        136,
        87,
        94,
        81,
        114,
        119,
        99,
        122,
        122,
        120,
        112,
        117,
        118,
        93,
        97,
        65,
        116,
        125,
        99,
        92,
        99,
        92,
        51,
        62,
        90
      ]
    },
    {
      "margin": false,
      "index": 6,
      "file": null,
      "u": 0.0,
      "v": 0.5,
      "uw": 0.333333343,
      "vh": 0.25,
      "width": 512,
      "height": 512,
      "descriptor": [
        66,
        79,
        89,
        106,
        92,
        79,
        97,
        56,
        62,
        94,
        58,
        61,
        40,
        58,
        67,
        135,
        96,
        53,
        41,
        60,
        71,
        72,
        76,
        82,
        43,
        60,
        74,
        157,
        120,
        79,
        40,
        69,
        82,
        55,
        78,
        107,
        55,
        71,
        79,
        66,
        60,
        60,
        90,
        74,
        65,
        87,
        70,
        77
      ]
    },
    {
      "margin": false,
      "index": 7,
      "file": null,
      "u": 0.333333343,
      "v": 0.5,
      "uw": 0.333333343,
      "vh": 0.25,
      "width": 512,
      "height": 512,
      "descriptor": [
        126,
        76,
        68,
        139,
        79,
        60,
        79,
        74,
        69,
        80,
        85,
        78,
        56,
        56,
        61,
        94,
        59,
        61,
        97,
        113,
        124,
        92,
        102,
        88,
        103,
        96,
        70,
        32,
        60,
        70,
        99,
        93,
        85,
        95,
        112,
        109,
        55,
        66,
        68,
        47,
        74,
        97,
        83,
        71,
        65,
        103,
        107,
        101
      ]
    },
    {
      "margin": false,
      "index": 8,
      "file": null,
      "u": 0.6666667,
      "v": 0.5,
      "uw": 0.333333343,
      "vh": 0.25,
      "width": 512,
      "height": 512,
      "descriptor": [
        75,
        88,
        66,
        37,
        61,
        75,
        124,
        148,
        151,
        76,
        95,
        106,
        81,
        85,
        92,
        144,
        162,
        164,
        85,
        88,
        96,
        80,
        94,
        100,
        79,
        86,
        74,
        67,
        77,
        85,
        96,
        106,
        115,
        114,
        132,
        137,
        58,
        72,
        86,
        91,
        111,
        106,
        79,
        101,
        110,
        119,
        116,
        119
      ]
    },
    {
      "margin": false,
      "index": 9,
      "file": null,
      "u": 0.0,
      "v": 0.75,
      "uw": 0.333333343,
      "vh": 0.25,
      "width": 512,
      "height": 512,