{
  "title": "PORTRÉT ŽENY V BELASÝCH ŠATÁCH",
  "author": "PITTHORDT, ĽUDOVÍT",
  "year": "(1920 - 1930)",
  "id": "SNG-0001002826",
  "width": 1280,
  "height": 2048,
  "file": "SNG--O_3475--1_1--_2015_08_11_--L2_WEB_33189.webp",
  "tiles_x": 3,
  "tiles_y": 4,
  "offset_x": 0.0,
  "offset_y": 0.08333334,
  "tiles": [
    {
      "margin": false,
      "index": 6,
      "file": null,
      "u": 0.0,
      "v": 0.08333334,
      "uw": 0.3333333,
      "vh": 0.208333328,
      "width": 426,
      "height": 426,
      "descriptor": [
        66,
        54,
        42,
        53,
        44,
        35,
        74,
        56,
        37,
        136,
        112,
        54,
        69,
        55,
        44,
        63,
        48,
        34,
        83,
        65,
        47,
        129,
        104,
        51,
        81,
        71,
        61,
        79,
        63,
        44,
        146,
        117,
        32,
        112,
        72,
        40,
        75,
        67,
        58,
        64,
        50,
        35,
        147,
        123,
        65,
        126,
        90,
        55
      ]
    },
    {
      "margin": false,
      "index": 7,
      "file": null,
      "u": 0.3333333,
      "v": 0.08333334,
      "uw": 0.3333333,
      "vh": 0.208333328,
      "width": 426,
      "height": 426,
      "descriptor": [
        144,
        120,
        76,
        125,
        110,
        66,
        156,
        129,
        66,
        153,
        126,
        63,
        151,
        125,
        66,
        204,
        167,
        103,
        147,
        122,
        65,
        144,
        115,
        64,
        173,
        139,
        68,
        203,
        161,
        95,
        212,
        165,
        101,
        178,
        143,
        122,
        170,
        133,
        76,
        149,
        108,
        70,
        127,
        96,
        57,
        161,
        126,
        91
      ]
    },
    {
      "margin": false,
      "index": 8,
      "file": null,
      "u": 0.6666666,
      "v": 0.08333334,
      "uw": 0.3333333,
      "vh": 0.208333328,
      "width": 426,
      "height": 426,
      "descriptor": [
        109,
        96,
        44,
        65,
        56,
        47,
        63,
        53,
        43,
        64,
        56,
        49,
        140,
        112,
        56,
        79,
        72,
        63,
        57,
        49,
        41,
        49,
        40,
        32,
        133,
        110,
        61,
        79,
        67,
        54,
        58,
        54,
        47,
        65,
        57,
        51,
        144,
        107,
        72,
        120,
        107,
        72,
        58,
        50,
        43,
        54,
        50,
        42
      ]
    },
    {
      "margin": false,
      "index": 9,
      "file": null,
      "u": 0.0,
      "v": 0.2916667,
      "uw": 0.3333333,
      "vh": 0.208333328,
      "width": 426,
      "height": 426,
      "descriptor": [
        61,
        52,
        41,
        57,
        47,
        34,
        133,
        108,
        54,
        146,
        118,
        84,
        82,
        73,
        63,
        63,
        56,
        48,
        65,
        60,
        48,
        91,
        76,
        63,
        43,
        37,
        30,
        54,
        45,
        36,
        59,
        49,
        41,
        69,
        55,
        48,
        79,
        71,
        64,
        58,
        51,
        43,
        64,
        56,
        48,
        61,
        50,
        41
      ]
    },
    {
      "margin": false,
      "index": 10,
      "file": null,
      "u": 0.3333333,
      "v": 0.2916667,
      "uw": 0.3333333,
      "vh": 0.208333328,
      "width": 426,
      "height": 426,
      "descriptor": [
        175,
        129,
        91,
        170,
        134,
        98,
        166,
        123,
        86,
        142,
        112,
        87,
        193,
        153,
        90,
        118,
        69,
        53,
        180,
        149,
        105,
        201,
        163,
        102,
        182,
        146,
        92,
        162,
        77,
        52,
        200,
        165,
        131,
        177,
        140,
        97,
        101,
        75,
        56,
        176,
        139,
        103,
        186,
        155,
        120,
        163,
        143,
        119
      ]
    },
    {
      "margin": false,
      "index": 11,
      "file": null,
      "u": 0.6666666,
      "v": 0.2916667,
      "uw": 0.3333333,
      "vh": 0.208333328,
      "width": 426,
      "height": 426,
      "descriptor": [
        121,
        93,
        57,
        137,
        110,
        62,
        64,
        54,
        47,
        58,
        53,
        46,
        91,
        68,
        44,
        109,
        96,
        58,
        58,
        49,
        41,
        60,
        58,
        50,
        81,
        66,
        43,
        65,
        54,
        46,
        51,
        42,
        35,
        62,
        59,
        52,
        61,
        51,
        42,
        52,
        45,
        37,
        52,
        46,
        40,
        76,
        73,
        67
      ]
    },
    {
      "margin": false,
      "index": 12,
      "file": null,
      "u": 0.0,
      "v": 0.5,
      "uw": 0.3333333,
      "vh": 0.208333328,
      "width": 426,
      "height": 426,
      "descriptor": [
        63,
        61,
        53,
        83,
        73,
        65,
        53,
        43,
        36,
        48,
        38,
        29,
        64,
        59,
        51,
        49,
        40,
        31,
        53,
        46,
        37,
        63,
        48,
        39,
        64,
        65,
        58,
        44,
        36,
        26,
        69,
        62,
        54,
        56,
        44,
        33,
        40,
        35,
        27,
        52,
        48,
        41,
        126,
        87,
        55,
        150,
        143,
        100
      ]
    },
    {
      "margin": false,
      "index": 13,
      "file": null,
      "u": 0.3333333,
      "v": 0.5,
      "uw": 0.3333333,
      "vh": 0.208333328,
      "width": 426,
      "height": 426,
      "descriptor": [
        61,
        53,
        44,
        134,
        105,
        81,
        137,
        105,
        75,
        154,
        138,
        107,
        64,
        55,
        43,
        153,
        126,
        91,
        187,
        163,
        120,
        191,
        157,
        99,
        113,
        98,
        74,
        133,
        117,
        91,
        181,
        159,
        114,
        210,
        175,
        114,
        155,
        130,
        87,
        192,
        159,
        64,
        204,
        171,
        124,
        156,
        130,
        62
      ]
    },
    {
      "margin": false,
      "index": 14,
      "file": null,
      "u": 0.6666666,
      "v": 0.5,
      "uw": 0.3333333,
      "vh": 0.208333328,
      "width": 426,
      "height": 426,
      "descriptor": [
        180,
        152,
        102,
        70,
        56,
        49,
        49,
        43,
        36,
        74,
        73,
        67,
        205,
        175,
        121,
        168,
        146,
        95,
        116,
        107,
        80,
        79,
        75,
        69,
        213,
        184,
        117,
        163,
        138,
        89,
        206,
        170,
        101,
        68,
        63,
        58,
        197,
        160,
        91,
        126,
        122,
        90,
        149,
        149,
        131,
        129,
        124,
        111
      ]
    },
    {
      "margin": false,
      "index": 15,
      "file": null,
      "u": 0.0,
      "v": 0.7083334,
      "uw": 0.3333333,
      "vh": 0.208333328,
      "width": 426,
      "height": 426,