{
  "title": "RYBÁR",
  "author": "WEISZ-KUBÍNČAN, ARNOLD PETER",
  "year": "(1935 - 1944)",
  "id": "SNG-0001007157",
  "width": 2048,
  "height": 1344,
  "file": "SNG--K_8996--1_1--2015_09_03--L2_WEB_100878.webp",
  "tiles_x": 4,
  "tiles_y": 3,
  "offset_x": 0.0625,
  "offset_y": 0.0,
  "tiles": [
    {
      "margin": false,
      "index": 6,
      "file": null,
      "u": 0.0625,
      "v": 0.0,
      "uw": 0.21875,
      "vh": 0.333333343,
      "width": 448,
      "height": 448,
      "descriptor": [
        230,
        160,
        82,
        204,
        196,
        186,
        171,
        172,
        177,
        120,
        87,
        64,
        176,
        173,
        172,
        160,
        168,
        183,
        182,
        116,
        71,
        170,
        174,
        184,
        225,
        208,
        181,
        168,
        110,
        83,
        210,
        138,
        50,
        189,
        170,
        140,
        232,
        182,
        104,
        227,
        188,
        93,
        218,
        165,
        74,
        72,
        74,
        59
      ]
    },
    {
      "margin": false,
      "index": 7,
      "file": null,
      "u": 0.28125,
      "v": 0.0,
      "uw": 0.21875,
      "vh": 0.333333343,
      "width": 448,
      "height": 448,
      "descriptor": [
        219,
        166,
        65,
        214,
        153,
        88,
        194,
        151,
        107,
        205,
        178,
        127,
        167,
        173,
        178,
        48,
        53,
        53,
        174,
        158,
        115,
        224,
        186,
        134,
        204,
        132,
        84,
        139,
        142,
        118,
        128,
        152,
        161,
        181,
        172,
        148,
        182,
        123,
        83,
        218,
        157,
        119,
        161,
        172,
        177,
        130,
        105,
        77
      ]
    },
    {
      "margin": false,
      "index": 8,
      "file": null,
      "u": 0.5,
      "v": 0.0,
      "uw": 0.21875,
      "vh": 0.333333343,
      "width": 448,
      "height": 448,
      "descriptor": [
        175,
        120,
        88,
        152,
        93,
        68,
        159,
        160,
        143,
        210,
        191,
        164,
        186,
        65,
        71,
        122,
        170,
        174,
        166,
        129,
        69,
        71,
        83,
        87,
        170,
        100,
        94,
        224,
        198,
        146,
        200,
        163,
        87,
        195,
        169,
        97,
        194,
        180,
        56,
        197,
        187,
        92,
        205,
        156,
        87,
        189,
        145,
        106
      ]
    },
    {
      "margin": false,
      "index": 9,
      "file": null,
      "u": 0.71875,
      "v": 0.0,
      "uw": 0.21875,
      "vh": 0.333333343,
      "width": 448,
      "height": 448,
      "descriptor": [
        235,
        219,
        199,
        150,
        169,
        173,
        121,
        136,
        143,
        142,
        147,
        167,
        139,
        143,
        126,
        117,
        176,
        187,
        164,
        169,
        164,
        101,
        127,
        170,
        113,
        129,
        104,
        174,
        179,
        174,
        163,
        152,
        127,
        224,
        214,
        196,
        241,
        222,
        200,
        122,
        112,
        90,
        195,
        180,
        146,
        175,
        181,
        193
      ]
    },
    {
      "margin": false,
      "index": 10,
      "file": null,
      "u": 0.0625,
      "v": 0.333333343,
      "uw": 0.21875,
      "vh": 0.333333343,
      "width": 448,
      "height": 448,
      "descriptor": [
        182,
        167,
        111,
        213,
        190,
        110,
        185,
        162,
        78,
        77,
        72,
        66,
        226,
        200,
        89,
        214,
        195,
        103,
        210,
        198,
        140,
        158,
        157,
        153,
        227,
        160,
        95,
        173,
        153,
        70,
        208,
        165,
        110,
        152,
        146,
        92,
        153,
        153,
        165,
        160,
        149,
        166,
        75,
        71,
        63,
        99,
        89,
        75
      ]
    },
    {
      "margin": false,
      "index": 11,
      "file": null,
      "u": 0.28125,
      "v": 0.333333343,
      "uw": 0.21875,
      "vh": 0.333333343,
      "width": 448,
      "height": 448,
      "descriptor": [
        152,
        144,
        115,
        230,
        128,
        51,
        220,
        211,
        203,
        182,
        171,
        131,
        199,
        181,
        161,
        200,
        180,
        97,
        227,
        186,
        97,
        208,
        184,
        139,
        159,
        144,
        121,
        226,
        210,
        186,
        100,
        93,
        92,
        145,
        139,
        133,
        111,
        90,
        71,
        194,
        162,
        133,
        194,
        189,
        174,
        145,
        145,
        138
      ]
    },
    {
      "margin": false,
      "index": 12,
      "file": null,
      "u": 0.5,
      "v": 0.333333343,
      "uw": 0.21875,
      "vh": 0.333333343,
      "width": 448,
      "height": 448,
      "descriptor": [
        226,
        211,
        108,
        195,
        162,
        146,
        218,
        146,
        78,
        172,
        134,
        129,
        175,
        106,
        82,
        109,
        95,
        80,
        116,
        113,
        95,
        88,
        77,
        80,
        146,
        146,
        145,
        174,
        158,
        94,
        152,
        139,
        106,
        198,
        195,
        173,
        164,
        150,
        139,
        173,
        170,
        158,
        185,
        174,
        154,
        98,
        83,
        74
      ]
    },
    {
      "margin": false,
      "index": 13,
      "file": null,
      "u": 0.71875,
      "v": 0.333333343,
      "uw": 0.21875,
      "vh": 0.333333343,
      "width": 448,
      "height": 448,
      "descriptor": [
        203,
        195,
        150,
        213,
        189,
        125,
        191,
        188,
        142,
        166,
        179,
        180,
        208,
        158,
        91,
        202,
        185,
        104,
        142,
        157,
        120,
        167,
        163,
        98,
        212,
        197,
        144,
        168,
        164,
        116,
        177,
        178,
        136,
        178,
        179,
        102,
        242,
        206,
        195,
        186,
        164,
        164,
        162,
        131,
        133,
        87,
        70,
        68
      ]
    },
    {
      "margin": false,
      "index": 14,
      "file": null,
      "u": 0.0625,
      "v": 0.6666667,
      "uw": 0.21875,
      "vh": 0.333333343,
      "width": 448,
      "height": 448,
      "descriptor": [
        131,
        151,
        142,
        188,
        183,
        170,
        146,
        154,
        131,
        175,
        167,
        149,
        106,
        107,
        102,
        174,
        163,
        143,
        164,
        164,
        165,
        168,
        161,
        142,
        138,
        155,
        170,
        158,
        167,
        178,
        231,
        215,
        192,
        221,
        158,
        127,
        198,
        184,
        116,
        110,
        88,
        50,
        162,
        81,
        51,
        201,
        179,
        126
      ]
    },
    {
      "margin": false,
      "index": 15,
      "file": null,
      "u": 0.28125,