{
  "title": "FAJČIARI FAJOK",
  "author": "TENIERS, DAVID, HOLANDSKÝ ROTTERDAMSKÝ MALIAR Z POLOVICE 17. STOROČIA",
  "year": "(1650 - 1700)",
  "id": "SNG-0001003069",
  "width": 1408,
  "height": 2048,
  "file": "SNG--O_294--1_1--_2015_08_28_--L2_WEB_32713.webp",
  "tiles_x": 3,
  "tiles_y": 4,
  "offset_x": 0.0,
  "offset_y": 0.0416666567,
  "tiles": [
    {
      "margin": false,
      "index": 6,
      "file": null,
      "u": 0.0,
      "v": 0.0416666567,
      "uw": 0.333333343,
      "vh": 0.229166672,
      "width": 469,
      "height": 469,
      "descriptor": [
        31,
        23,
        9,
        48,
        36,
        12,
        64,
        49,
        19,
        61,
        46,
        2,
        86,
        63,
        30,
        38,
        30,
        11,
        66,
        51,
        17,
        70,
        58,
        17,
        83,
        61,
        29,
        92,
        49,
        6,
        97,
        55,
        4,
        84,
        57,
        35,
        50,
        42,
        27,
        59,
        33,
        15,
        40,
        35,
        11,
        76,
        53,
        12
      ]
    },
    {
      "margin": false,
      "index": 7,
      "file": null,
      "u": 0.333333343,
      "v": 0.0416666567,
      "uw": 0.333333343,
      "vh": 0.229166672,
      "width": 469,
      "height": 469,
      "descriptor": [
        87,
        59,
        14,
        57,
        46,
        18,
        83,
        67,
        31,
        96,
        64,
        32,
        117,
        82,
        29,
        77,
        62,
        25,
        81,
        60,
        14,
        64,
        50,
        19,
        75,
        60,
        14,
        105,
        74,
        30,
        102,
        73,
        19,
        106,
        67,
        29,
        60,
        44,
        13,
        82,
        67,
        18,
        69,
        52,
        20,
        88,
        58,
        15
      ]
    },
    {
      "margin": false,
      "index": 8,
      "file": null,
      "u": 0.6666667,
      "v": 0.0416666567,
      "uw": 0.333333343,
      "vh": 0.229166672,
      "width": 469,
      "height": 469,
      "descriptor": [
        67,
        45,
        7,
        115,
        75,
        38,
        50,
        39,
        23,
        59,
        44,
        20,
        85,
        66,
        31,
        104,
        67,
        24,
        74,
        55,
        31,
        96,
        60,
        8,
        52,
        40,
        12,
        72,
        60,
        25,
        98,
        60,
        30,
        68,
        53,
        14,
        82,
        70,
        48,
        102,
        82,
        50,
        119,
        101,
        72,
        101,
        80,
        21
      ]
    },
    {
      "margin": false,
      "index": 9,
      "file": null,
      "u": 0.0,
      "v": 0.2708333,
      "uw": 0.333333343,
      "vh": 0.229166672,
      "width": 469,
      "height": 469,
      "descriptor": [
        38,
        30,
        25,
        49,
        40,
        15,
        61,
        43,
        18,
        60,
        52,
        21,
        50,
        50,
        30,
        37,
        36,
        14,
        73,
        51,
        16,
        132,
        97,
        51,
        31,
        32,
        5,
        21,
        23,
        9,
        49,
        40,
        13,
        60,
        43,
        18,
        73,
        60,
        10,
        111,
        79,
        24,
        53,
        29,
        8,
        125,
        72,
        28
      ]
    },
    {
      "margin": false,
      "index": 10,
      "file": null,
      "u": 0.333333343,
      "v": 0.2708333,
      "uw": 0.333333343,
      "vh": 0.229166672,
      "width": 469,
      "height": 469,
      "descriptor": [
        82,
        57,
        16,
        78,
        66,
        28,
        109,
        81,
        25,
        90,
        59,
        4,
        73,
        56,
        18,
        81,
        65,
        45,
        104,
        73,
        32,
        122,
        83,
        33,
        114,
        76,
        26,
        98,
        75,
        37,
        112,
        85,
        54,
        90,
        58,
        18,
        96,
        36,
        27,
        115,
        85,
        34,
        127,
        80,
        29,
        69,
        46,
        7
      ]
    },
    {
      "margin": false,
      "index": 11,
      "file": null,
      "u": 0.6666667,
      "v": 0.2708333,
      "uw": 0.333333343,
      "vh": 0.229166672,
      "width": 469,
      "height": 469,
      "descriptor": [
        64,
        50,
        32,
        118,
        107,
        62,
        116,
        98,
        56,
        113,
        69,
        17,
        57,
        35,
        13,
        117,
        97,
        46,
        130,
        125,
        91,
        124,
        79,
        31,
        99,
        59,
        19,
        110,
        68,
        19,
        119,
        113,
        76,
        111,
        63,
        13,
        150,
        104,
        30,
        78,
        71,
        27,
        47,
        40,
        25,
        69,
        47,
        10
      ]
    },
    {
      "margin": false,
      "index": 12,
      "file": null,
      "u": 0.0,
      "v": 0.5,
      "uw": 0.333333343,
      "vh": 0.229166672,
      "width": 469,
      "height": 469,
      "descriptor": [
        42,
        24,
        14,
        61,
        46,
        13,
        162,
        133,
        92,
        116,
        77,
        38,
        101,
        65,
        13,
        80,
        53,
        4,
        134,
        81,
        9,
        114,
        92,
        58,
        81,
        58,
        25,
        154,
        100,
        0,
        107,
        60,
        5,
        135,
        82,
        30,
        61,
        36,
        4,
        107,
        70,
        13,
        95,
        55,
        5,
        81,
        48,
        10
      ]
    },
    {
      "margin": false,
      "index": 13,
      "file": null,
      "u": 0.333333343,
      "v": 0.5,
      "uw": 0.333333343,
      "vh": 0.229166672,
      "width": 469,
      "height": 469,
      "descriptor": [
        73,
        52,
        16,
        103,
        78,
        42,
        102,
        76,
        33,
        155,
        150,
        106,
        89,
        63,
        27,
        67,
        36,
        2,
        133,
        84,
        33,
        89,
        65,
        13,
        77,
        42,
        17,
        106,
        53,
        10,
        104,
        57,
        0,
        92,
        62,
        17,
        83,
        79,
        43,
        120,
        68,
        5,
        131,
        85,
        24,
        108,
        73,
        26
      ]
    },
    {
      "margin": false,
      "index": 14,
      "file": null,
      "u": 0.6666667,
      "v": 0.5,
      "uw": 0.333333343,
      "vh": 0.229166672,
      "width": 469,
      "height": 469,
      "descriptor": [
        82,
        74,
        39,
        32,
        34,
        15,
        24,
        18,
        13,
        124,
        75,
        14,
        57,
        33,
        15,
        30,
        30,
        15,
        163,
        98,
        14,
        120,
        70,
        15,
        60,
        40,
        16,
        74,
        57,
        28,
        73,
        57,
        17,
        130,
        85,
        45,
        100,
        70,
        31,
        55,
        35,
        8,
        126,
        72,
        14,
        113,
        76,
        36
      ]
    },
    {
      "margin": false,
      "index": 15,
      "file": null,
      "u": 0.0,
      "v": 0.7291666,
      "uw": 0.333333343,
      "vh": 0.229166672,
      "width": 469,
      "height": 469,