{
  "title": "DVOR V KREMNICI",
  "author": "ANGYAL, VOJTECH",
  "year": "(1890 - 1900)",
  "id": "SNG-0001002349",
  "width": 1344,
  "height": 2048,
  "file": "SNG--O_613--1_1--_2015_07_08_--L2_WEB_35049.webp",
  "tiles_x": 3,
  "tiles_y": 4,
  "offset_x": 0.0,
  "offset_y": 0.0625,
  "tiles": [
    {
      "margin": false,
      "index": 6,
      "file": null,
      "u": 0.0,
      "v": 0.0625,
      "uw": 0.333333343,
      "vh": 0.21875,
      "width": 448,
      "height": 448,
      "descriptor": [
        145,
        145,
        132,
        147,
        154,
        147,
        176,
        179,
        167,
        150,
        169,
        172,
        146,
        158,
        151,
        147,
        156,
        148,
        158,
        162,
        156,
        175,
        178,
        162,
        149,
        158,
        150,
        158,
        163,
        156,
        121,
        116,
        116,
        171,
        175,
        169,
        146,
        153,
        148,
        166,
        168,
        157,
        170,
        169,
        159,
        155,
        161,
        156
      ]
    },
    {
      "margin": false,
      "index": 7,
      "file": null,
      "u": 0.333333343,
      "v": 0.0625,
      "uw": 0.333333343,
      "vh": 0.21875,
      "width": 448,
      "height": 448,
      "descriptor": [
        190,
        185,
        164,
        170,
        175,
        166,
        164,
        163,
        153,
        205,
        205,
        190,
        145,
        159,
        156,
        161,
        166,
        157,
        198,
        197,
        180,
        201,
        193,
        169,
        157,
        165,
        156,
        170,
        172,
        164,
        181,
        183,
        171,
        126,
        111,
        94,
        176,
        180,
        172,
        170,
        170,
        157,
        77,
        112,
        103,
        174,
        169,
        152
      ]
    },
    {
      "margin": false,
      "index": 8,
      "file": null,
      "u": 0.6666667,
      "v": 0.0625,
      "uw": 0.333333343,
      "vh": 0.21875,
      "width": 448,
      "height": 448,
      "descriptor": [
        152,
        170,
        163,
        183,
        189,
        175,
        178,
        174,
        162,
        187,
        187,
        172,
        204,
        197,
        177,
        194,
        195,
        182,
        198,
        199,
        179,
        201,
        200,
        187,
        84,
        69,
        52,
        127,
        113,
        94,
        168,
        170,
        157,
        176,
        180,
        170,
        136,
        125,
        104,
        105,
        90,
        75,
        130,
        115,
        94,
        81,
        68,
        38
      ]
    },
    {
      "margin": false,
      "index": 9,
      "file": null,
      "u": 0.0,
      "v": 0.28125,
      "uw": 0.333333343,
      "vh": 0.21875,
      "width": 448,
      "height": 448,
      "descriptor": [
        152,
        142,
        117,
        158,
        115,
        96,
        165,
        119,
        99,
        175,
        125,
        107,
        140,
        128,
        96,
        39,
        29,
        20,
        87,
        91,
        60,
        115,
        116,
        102,
        146,
        131,
        103,
        67,
        47,
        18,
        104,
        101,
        57,
        83,
        82,
        59,
        136,
        120,
        86,
        114,
        87,
        51,
        99,
        102,
        57,
        118,
        116,
        81
      ]
    },
    {
      "margin": false,
      "index": 10,
      "file": null,
      "u": 0.333333343,
      "v": 0.28125,
      "uw": 0.333333343,
      "vh": 0.21875,
      "width": 448,
      "height": 448,
      "descriptor": [
        122,
        127,
        121,
        100,
        106,
        92,
        105,
        104,
        67,
        177,
        177,
        167,
        78,
        79,
        70,
        74,
        75,
        63,
        90,
        85,
        48,
        162,
        151,
        128,
        101,
        90,
        33,
        79,
        82,
        72,
        99,
        101,
        92,
        149,
        130,
        110,
        100,
        90,
        49,
        113,
        106,
        61,
        70,
        60,
        32,
        176,
        158,
        131
      ]
    },
    {
      "margin": false,
      "index": 11,
      "file": null,
      "u": 0.6666667,
      "v": 0.28125,
      "uw": 0.333333343,
      "vh": 0.21875,
      "width": 448,
      "height": 448,
      "descriptor": [
        110,
        96,
        84,
        95,
        79,
        55,
        120,
        105,
        92,
        87,
        62,
        34,
        207,
        185,
        143,
        95,
        73,
        46,
        34,
        27,
        17,
        175,
        158,
        132,
        78,
        65,
        38,
        94,
        88,
        76,
        177,
        170,
        149,
        184,
        166,
        137,
        221,
        210,
        186,
        168,
        158,
        134,
        210,
        203,
        184,
        163,
        151,
        127
      ]
    },
    {
      "margin": false,
      "index": 12,
      "file": null,
      "u": 0.0,
      "v": 0.5,
      "uw": 0.333333343,
      "vh": 0.21875,
      "width": 448,
      "height": 448,
      "descriptor": [
        128,
        116,
        75,
        76,
        49,
        18,
        103,
        77,
        35,
        124,
        105,
        76,
        94,
        78,
        43,
        33,
        18,
        10,
        133,
        106,
        74,
        220,
        206,
        168,
        89,
        43,
        0,
        94,
        76,
        51,
        232,
        226,
        206,
        225,
        209,
        173,
        95,
        63,
        21,
        70,
        65,
        57,
        218,
        203,
        178,
        226,
        209,
        166
      ]
    },
    {
      "margin": false,
      "index": 13,
      "file": null,
      "u": 0.333333343,
      "v": 0.5,
      "uw": 0.333333343,
      "vh": 0.21875,
      "width": 448,
      "height": 448,
      "descriptor": [
        141,
        122,
        87,
        84,
        64,
        40,
        131,
        107,
        70,
        97,
        94,
        87,
        74,
        58,
        44,
        66,
        47,
        27,
        94,
        76,
        49,
        43,
        33,
        17,
        110,
        66,
        35,
        145,
        106,
        61,
        57,
        38,
        22,
        56,
        36,
        12,
        135,
        98,
        66,
        175,
        137,
        87,
        91,
        76,
        54,
        72,
        54,
        33
      ]
    },
    {
      "margin": false,
      "index": 14,
      "file": null,
      "u": 0.6666667,
      "v": 0.5,
      "uw": 0.333333343,
      "vh": 0.21875,
      "width": 448,
      "height": 448,
      "descriptor": [
        87,
        88,
        78,
        132,
        141,
        134,
        209,
        192,
        161,
        155,
        153,
        137,
        90,
        75,
        57,
        162,
        167,
        153,
        173,
        159,
        128,
        189,
        176,
        154,
        159,
        143,
        120,
        166,
        146,
        119,
        182,
        160,
        128,
        223,
        209,
        178,
        134,
        127,
        108,
        187,
        155,
        121,
        179,
        156,
        126,
        179,
        159,
        131
      ]
    },
    {
      "margin": false,
      "index": 15,
      "file": null,
      "u": 0.0,
      "v": 0.71875,
      "uw": 0.333333343,
      "vh": 0.21875,
      "width": 448,