{
  "title": "HNEDÁ DEDINA",
  "author": "PALUGYAY, ZOLO",
  "year": "1931",
  "id": "SNG-0001005741",
  "width": 2048,
  "height": 1472,
  "file": "SNG--K_705--1_1--2015_07_01--L2_WEB_18873.webp",
  "tiles_x": 4,
  "tiles_y": 3,
  "offset_x": 0.0208333433,
  "offset_y": 0.0,
  "tiles": [
    {
      "margin": false,
      "index": 6,
      "file": null,
      "u": 0.0208333433,
      "v": 0.0,
      "uw": 0.239583328,
      "vh": 0.3333333,
      "width": 490,
      "height": 490,
      "descriptor": [
        175,
        164,
        144,
        161,
        153,
        137,
        177,
        168,
        151,
        178,
        171,
        151,
        183,
        172,
        150,
        189,
        179,
        155,
        195,
        186,
        158,
        217,
        200,
        161,
        181,
        173,
        158,
        222,
        204,
        152,
        216,
        199,
        162,
        210,
        195,
        162,
        200,
        184,
        144,
        186,
        181,
        168,
        183,
        180,
        164,
        192,
        182,
        158
      ]
    },
    {
      "margin": false,
      "index": 7,
      "file": null,
      "u": 0.2604167,
      "v": 0.0,
      "uw": 0.239583328,
      "vh": 0.3333333,
      "width": 490,
      "height": 490,
      "descriptor": [
        173,
        164,
        151,
        191,
        181,
        160,
        191,
        176,
        142,
        187,
        178,
        158,
        217,
        199,
        141,
        210,
        197,
        175,
        168,
        161,
        147,
        171,
        164,
        159,
        189,
        179,
        158,
        193,
        182,
        160,
        213,
        198,
        161,
        220,
        202,
        165,
        215,
        199,
        170,
        219,
        201,
        168,
        220,
        203,
        176,
        216,
        199,
        172
      ]
    },
    {
      "margin": false,
      "index": 8,
      "file": null,
      "u": 0.5,
      "v": 0.0,
      "uw": 0.239583328,
      "vh": 0.3333333,
      "width": 490,
      "height": 490,
      "descriptor": [
        189,
        180,
        158,
        183,
        175,
        157,
        184,
        178,
        162,
        182,
        174,
        159,
        188,
        179,
        164,
        188,
        178,
        157,
        203,
        189,
        161,
        199,
        186,
        163,
        224,
        207,
        179,
        216,
        200,
        172,
        212,
        195,
        167,
        210,
        194,
        165,
        174,
        174,
        177,
        201,
        189,
        166,
        175,
        170,
        155,
        203,
        191,
        167
      ]
    },
    {
      "margin": false,
      "index": 9,
      "file": null,
      "u": 0.7395834,
      "v": 0.0,
      "uw": 0.239583328,
      "vh": 0.3333333,
      "width": 490,
      "height": 490,
      "descriptor": [
        185,
        179,
        165,
        169,
        167,
        151,
        176,
        172,
        153,
        185,
        178,
        158,
        185,
        179,
        159,
        195,
        179,
        142,
        205,
        191,
        162,
        198,
        182,
        152,
        206,
        192,
        166,
        183,
        170,
        142,
        173,
        157,
        126,
        191,
        174,
        138,
        195,
        184,
        160,
        176,
        165,
        138,
        193,
        183,
        159,
        175,
        172,
        166
      ]
    },
    {
      "margin": false,
      "index": 10,
      "file": null,
      "u": 0.0208333433,
      "v": 0.3333333,
      "uw": 0.239583328,
      "vh": 0.3333333,
      "width": 490,
      "height": 490,
      "descriptor": [
        176,
        174,
        168,
        206,
        193,
        167,
        216,
        200,
        172,
        184,
        176,
        182,
        174,
        171,
        175,
        162,
        164,
        161,
        132,
        140,
        154,
        139,
        146,
        156,
        147,
        146,
        152,
        146,
        153,
        158,
        134,
        143,
        156,
        147,
        158,
        172,
        155,
        164,
        174,
        139,
        150,
        161,
        177,
        170,
        156,
        176,
        168,
        148
      ]
    },
    {
      "margin": false,
      "index": 11,
      "file": null,
      "u": 0.2604167,
      "v": 0.3333333,
      "uw": 0.239583328,
      "vh": 0.3333333,
      "width": 490,
      "height": 490,
      "descriptor": [
        188,
        177,
        162,
        201,
        190,
        174,
        204,
        190,
        170,
        205,
        193,
        171,
        116,
        134,
        163,
        199,
        189,
        168,
        164,
        163,
        168,
        125,
        137,
        151,
        153,
        158,
        162,
        128,
        137,
        149,
        131,
        137,
        145,
        133,
        141,
        156,
        202,
        174,
        143,
        161,
        147,
        140,
        146,
        150,
        158,
        191,
        161,
        127
      ]
    },
    {
      "margin": false,
      "index": 12,
      "file": null,
      "u": 0.5,
      "v": 0.3333333,
      "uw": 0.239583328,
      "vh": 0.3333333,
      "width": 490,
      "height": 490,
      "descriptor": [
        183,
        179,
        172,
        131,
        139,
        154,
        171,
        170,
        166,
        190,
        173,
        144,
        158,
        164,
        174,
        101,
        119,
        153,
        137,
        150,
        165,
        121,
        97,
        81,
        171,
        164,
        154,
        168,
        160,
        140,
        129,
        139,
        146,
        115,
        82,
        63,
        183,
        173,
        149,
        162,
        140,
        124,
        162,
        152,
        125,
        139,
        100,
        79
      ]
    },
    {
      "margin": false,
      "index": 13,
      "file": null,
      "u": 0.7395834,
      "v": 0.3333333,
      "uw": 0.239583328,
      "vh": 0.3333333,
      "width": 490,
      "height": 490,
      "descriptor": [
        137,
        140,
        140,
        166,
        166,
        170,
        167,
        163,
        154,
        158,
        160,
        169,
        152,
        157,
        163,
        145,
        154,
        162,
        136,
        150,
        164,
        126,
        137,
        142,
        180,
        154,
        130,
        160,
        153,
        149,
        164,
        157,
        148,
        132,
        134,
        148,
        158,
        147,
        137,
        143,
        150,
        157,
        122,
        138,
        152,
        134,
        146,
        155
      ]
    },
    {
      "margin": false,
      "index": 14,
      "file": null,
      "u": 0.0208333433,
      "v": 0.6666666,
      "uw": 0.239583328,
      "vh": 0.3333333,
      "width": 490,
      "height": 490,