{
  "title": "ŠTÚDIA RUSKÉHO ZAJATCA",
  "author": "TRESKOŇ, LADISLAV",
  "year": "1922",
  "id": "SNG-0001018821",
  "width": 1408,
  "height": 2048,
  "file": "SNG--O_1130--1_1--2013_10_30--L2_WEB_108863.webp",
  "tiles_x": 3,
  "tiles_y": 4,
  "offset_x": 0.0,
  "offset_y": 0.0416666567,
  "tiles": [
    {
      "margin": false,
      "index": 6,
      "file": null,
      "u": 0.0,
      "v": 0.0416666567,
      "uw": 0.333333343,
      "vh": 0.229166672,
      "width": 469,
      "height": 469,
      "descriptor": [
        76,
        70,
        68,
        78,
        72,
        70,
        81,
        73,
        71,
        81,
        77,
        75,
        86,
        76,
        74,
        80,
        73,
        68,
        75,
        69,
        67,
        74,
        70,
        68,
        79,
        72,
        72,
        80,
        75,
        73,
        68,
        65,
        61,
        67,
        63,
        58,
        77,
        73,
        72,
        83,
        74,
        72,
        83,
        78,
        75,
        69,
        64,
        61
      ]
    },
    {
      "margin": false,
      "index": 7,
      "file": null,
      "u": 0.333333343,
      "v": 0.0416666567,
      "uw": 0.333333343,
      "vh": 0.229166672,
      "width": 469,
      "height": 469,
      "descriptor": [
        88,
        82,
        79,
        42,
        46,
        52,
        37,
        42,
        48,
        82,
        77,
        75,
        75,
        70,
        67,
        38,
        42,
        46,
        48,
        55,
        60,
        73,
        68,
        66,
        70,
        66,
        61,
        151,
        105,
        76,
        174,
        127,
        94,
        57,
        61,
        65,
        76,
        72,
        68,
        146,
        108,
        88,
        67,
        50,
        49,
        71,
        47,
        51
      ]
    },
    {
      "margin": false,
      "index": 8,
      "file": null,
      "u": 0.6666667,
      "v": 0.0416666567,
      "uw": 0.333333343,
      "vh": 0.229166672,
      "width": 469,
      "height": 469,
      "descriptor": [
        72,
        66,
        64,
        69,
        64,
        64,
        85,
        73,
        67,
        79,
        72,
        68,
        75,
        71,
        70,
        91,
        82,
        78,
        76,
        71,
        71,
        72,
        68,
        68,
        76,
        73,
        70,
        79,
        75,
        74,
        71,
        64,
        62,
        64,
        63,
        65,
        71,
        68,
        67,
        71,
        70,
        70,
        80,
        77,
        77,
        77,
        75,
        76
      ]
    },
    {
      "margin": false,
      "index": 9,
      "file": null,
      "u": 0.0,
      "v": 0.2708333,
      "uw": 0.333333343,
      "vh": 0.229166672,
      "width": 469,
      "height": 469,
      "descriptor": [
        58,
        53,
        52,
        78,
        69,
        67,
        77,
        74,
        72,
        74,
        69,
        65,
        77,
        74,
        73,
        80,
        74,
        74,
        71,
        69,
        68,
        72,
        68,
        65,
        68,
        65,
        65,
        79,
        75,
        75,
        61,
        65,
        72,
        54,
        60,
        67,
        69,
        66,
        66,
        76,
        73,
        74,
        42,
        50,
        56,
        73,
        74,
        77
      ]
    },
    {
      "margin": false,
      "index": 10,
      "file": null,
      "u": 0.333333343,
      "v": 0.2708333,
      "uw": 0.333333343,
      "vh": 0.229166672,
      "width": 469,
      "height": 469,
      "descriptor": [
        76,
        74,
        71,
        116,
        90,
        68,
        66,
        59,
        56,
        74,
        74,
        72,
        74,
        72,
        71,
        81,
        76,
        76,
        76,
        73,
        72,
        66,
        65,
        64,
        49,
        53,
        56,
        98,
        81,
        66,
        98,
        79,
        65,
        154,
        134,
        114,
        70,
        69,
        71,
        120,
        102,
        82,
        124,
        106,
        91,
        139,
        116,
        98
      ]
    },
    {
      "margin": false,
      "index": 11,
      "file": null,
      "u": 0.6666667,
      "v": 0.2708333,
      "uw": 0.333333343,
      "vh": 0.229166672,
      "width": 469,
      "height": 469,
      "descriptor": [
        66,
        65,
        65,
        61,
        60,
        60,
        79,
        78,
        79,
        70,
        68,
        69,
        61,
        61,
        62,
        71,
        72,
        74,
        67,
        67,
        69,
        77,
        72,
        72,
        41,
        48,
        54,
        73,
        74,
        76,
        68,
        67,
        69,
        69,
        69,
        71,
        163,
        138,
        119,
        58,
        64,
        71,
        60,
        62,
        65,
        73,
        74,
        75
      ]
    },
    {
      "margin": false,
      "index": 12,
      "file": null,
      "u": 0.0,
      "v": 0.5,
      "uw": 0.333333343,
      "vh": 0.229166672,
      "width": 469,
      "height": 469,
      "descriptor": [
        79,
        76,
        77,
        86,
        83,
        83,
        58,
        60,
        64,
        62,
        65,
        69,
        76,
        76,
        77,
        91,
        89,
        89,
        69,
        69,
        71,
        66,
        68,
        71,
        87,
        84,
        86,
        75,
        77,
        79,
        73,
        74,
        74,
        76,
        80,
        85,
        96,
        92,
        92,
        44,
        52,
        58,
        65,
        69,
        72,
        69,
        72,
        76
      ]
    },
    {
      "margin": false,
      "index": 13,
      "file": null,
      "u": 0.333333343,
      "v": 0.5,
      "uw": 0.333333343,
      "vh": 0.229166672,
      "width": 469,
      "height": 469,
      "descriptor": [
        58,
        60,
        62,
        143,
        118,
        98,
        119,
        98,
        80,
        133,
        112,
        97,
        69,
        71,
        73,
        128,
        109,
        93,
        118,
        99,
        84,
        117,
        96,
        77,
        69,
        73,
        78,
        115,
        98,
        80,
        90,
        73,
        66,
        83,
        60,
        64,
        58,
        64,
        68,
        164,
        134,
        110,
        166,
        137,
        112,
        93,
        82,
        73
      ]
    },
    {
      "margin": false,
      "index": 14,
      "file": null,
      "u": 0.6666667,
      "v": 0.5,
      "uw": 0.333333343,
      "vh": 0.229166672,
      "width": 469,
      "height": 469,
      "descriptor": [
        161,
        135,
        118,
        151,
        124,
        100,
        93,
        94,
        100,
        70,
        67,
        69,
        141,
        107,
        83,
        150,
        119,
        98,
        72,
        71,
        74,
        73,
        71,
        73,
        40,
        47,
        53,
        170,
        136,
        113,
        54,
        59,
        64,
        64,
        63,
        64,
        56,
        63,
        69,
        145,
        114,
        97,
        107,
        90,
        82,
        68,
        68,
        69
      ]
    },
    {
      "margin": false,
      "index": 15,
      "file": null,
      "u": 0.0,
      "v": 0.7291666,
      "uw": 0.333333343,
      "vh": 0.229166672,
      "width": 469,
      "height": 469,