{
  "title": "MADONA S DIEŤAŤOM PRI STOLE",
  "author": "COECKE VAN AELST ST., PIETER, NIZOZEMSKÝ MALIAR Z POLOVICE 16. STOROČIA",
  "year": "(1550 - 1580)",
  "id": "SNG-0001000387",
  "width": 1344,
  "height": 2048,
  "file": "SNG--O_1022--1_1--_2013_10_21_--L2_WEB_65221.webp",
  "tiles_x": 3,
  "tiles_y": 4,
  "offset_x": 0.0,
  "offset_y": 0.0625,
  "tiles": [
    {
      "margin": false,
      "index": 6,
      "file": null,
      "u": 0.0,
      "v": 0.0625,
      "uw": 0.333333343,
      "vh": 0.21875,
      "width": 448,
      "height": 448,
      "descriptor": [
        5,
        4,
        3,
        6,
        4,
        2,
        10,
        8,
        9,
        6,
        5,
        5,
        11,
        8,
        7,
        7,
        8,
        7,
        6,
        6,
        8,
        5,
        3,
        4,
        6,
        2,
        3,
        24,
        22,
        13,
        100,
        68,
        35,
        122,
        95,
        50,
        5,
        4,
        4,
        6,
        6,
        5,
        96,
        60,
        24,
        127,
        89,
        56
      ]
    },
    {
      "margin": false,
      "index": 7,
      "file": null,
      "u": 0.333333343,
      "v": 0.0625,
      "uw": 0.333333343,
      "vh": 0.21875,
      "width": 448,
      "height": 448,
      "descriptor": [
        21,
        15,
        11,
        16,
        11,
        9,
        2,
        2,
        0,
        9,
        4,
        5,
        8,
        6,
        4,
        55,
        44,
        30,
        152,
        131,
        105,
        25,
        17,
        8,
        16,
        12,
        0,
        87,
        64,
        39,
        117,
        91,
        64,
        106,
        86,
        64,
        23,
        8,
        3,
        24,
        17,
        5,
        135,
        103,
        75,
        142,
        91,
        65
      ]
    },
    {
      "margin": false,
      "index": 8,
      "file": null,
      "u": 0.6666667,
      "v": 0.0625,
      "uw": 0.333333343,
      "vh": 0.21875,
      "width": 448,
      "height": 448,
      "descriptor": [
        4,
        3,
        3,
        40,
        39,
        37,
        34,
        17,
        12,
        5,
        4,
        4,
        4,
        2,
        2,
        21,
        13,
        15,
        47,
        31,
        13,
        32,
        14,
        0,
        30,
        9,
        2,
        18,
        22,
        24,
        9,
        8,
        10,
        9,
        10,
        12,
        58,
        46,
        32,
        4,
        3,
        2,
        7,
        3,
        2,
        5,
        4,
        3
      ]
    },
    {
      "margin": false,
      "index": 9,
      "file": null,
      "u": 0.0,
      "v": 0.28125,
      "uw": 0.333333343,
      "vh": 0.21875,
      "width": 448,
      "height": 448,
      "descriptor": [
        3,
        3,
        4,
        31,
        29,
        5,
        116,
        77,
        41,
        143,
        99,
        69,
        11,
        7,
        1,
        169,
        133,
        101,
        148,
        109,
        78,
        73,
        45,
        10,
        12,
        6,
        5,
        154,
        118,
        83,
        142,
        104,
        73,
        132,
        92,
        52,
        97,
        59,
        18,
        12,
        7,
        6,
        129,
        91,
        63,
        96,
        61,
        13
      ]
    },
    {
      "margin": false,
      "index": 10,
      "file": null,
      "u": 0.333333343,
      "v": 0.28125,
      "uw": 0.333333343,
      "vh": 0.21875,
      "width": 448,
      "height": 448,
      "descriptor": [
        8,
        4,
        2,
        22,
        32,
        2,
        4,
        3,
        4,
        57,
        45,
        29,
        8,
        2,
        2,
        6,
        4,
        1,
        11,
        3,
        3,
        63,
        54,
        42,
        4,
        1,
        0,
        141,
        40,
        6,
        14,
        4,
        4,
        184,
        151,
        115,
        19,
        7,
        2,
        58,
        39,
        12,
        41,
        9,
        0,
        50,
        16,
        8
      ]
    },
    {
      "margin": false,
      "index": 11,
      "file": null,
      "u": 0.6666667,
      "v": 0.28125,
      "uw": 0.333333343,
      "vh": 0.21875,
      "width": 448,
      "height": 448,
      "descriptor": [
        83,
        63,
        51,
        18,
        10,
        2,
        12,
        11,
        5,
        21,
        23,
        5,
        103,
        81,
        65,
        87,
        70,
        54,
        64,
        13,
        2,
        108,
        38,
        12,
        158,
        134,
        108,
        8,
        2,
        3,
        121,
        29,
        16,
        75,
        29,
        14,
        76,
        42,
        35,
        11,
        5,
        4,
        52,
        25,
        19,
        131,
        22,
        6
      ]
    },
    {
      "margin": false,
      "index": 12,
      "file": null,
      "u": 0.0,
      "v": 0.5,
      "uw": 0.333333343,
      "vh": 0.21875,
      "width": 448,
      "height": 448,
      "descriptor": [
        4,
        1,
        4,
        144,
        104,
        74,
        92,
        54,
        19,
        145,
        105,
        60,
        49,
        33,
        9,
        142,
        108,
        83,
        111,
        72,
        13,
        65,
        37,
        2,
        4,
        3,
        3,
        80,
        49,
        12,
        170,
        136,
        108,
        7,
        3,
        4,
        0,
        0,
        0,
        7,
        4,
        3,
        177,
        139,
        110,
        24,
        8,
        3
      ]
    },
    {
      "margin": false,
      "index": 13,
      "file": null,
      "u": 0.333333343,
      "v": 0.5,
      "uw": 0.333333343,
      "vh": 0.21875,
      "width": 448,
      "height": 448,
      "descriptor": [
        48,
        8,
        6,
        39,
        8,
        5,
        36,
        11,
        7,
        45,
        4,
        0,
        28,
        2,
        1,
        4,
        3,
        3,
        91,
        101,
        80,
        30,
        8,
        5,
        67,
        19,
        6,
        5,
        3,
        4,
        19,
        44,
        25,
        7,
        6,
        4,
        22,
        0,
        0,
        8,
        3,
        2,
        79,
        44,
        3,
        95,
        65,
        24
      ]
    },
    {
      "margin": false,
      "index": 14,
      "file": null,
      "u": 0.6666667,
      "v": 0.5,
      "uw": 0.333333343,
      "vh": 0.21875,
      "width": 448,
      "height": 448,
      "descriptor": [
        73,
        30,
        20,
        50,
        10,
        10,
        48,
        17,
        9,
        85,
        21,
        4,
        11,
        6,
        3,
        134,
        49,
        9,
        57,
        26,
        16,
        43,
        10,
        1,
        11,
        2,
        3,
        11,
        4,
        3,
        24,
        8,
        8,
        66,
        17,
        3,
        102,
        73,
        31,
        18,
        4,
        3,
        26,
        11,
        7,
        20,
        2,
        3
      ]
    },
    {
      "margin": false,
      "index": 15,
      "file": null,
      "u": 0.0,
      "v": 0.71875,
      "uw": 0.333333343,
      "vh": 0.21875,
      "width": 448,
      "height": 448,