{
  "title": "ŽENA A KVET",
  "author": "GALANDA, MIKULÁŠ",
  "year": "1937",
  "id": "SNG-0001004643",
  "width": 1024,
  "height": 2048,
  "file": "SNG--K_789--1_1--2015_05_21--L2_WEB_5611.webp",
  "tiles_x": 3,
  "tiles_y": 6,
  "offset_x": 0.0,
  "offset_y": 0.0,
  "tiles": [
    {
      "margin": false,
      "index": 0,
      "file": null,
      "u": 0.0,
      "v": 0.0,
      "uw": 0.333333343,
      "vh": 0.166666672,
      "width": 341,
      "height": 341,
      "descriptor": [
        219,
        209,
        199,
        163,
        145,
        142,
        213,
        205,
        193,
        89,
        69,
        65,
        237,
        227,
        216,
        110,
        117,
        130,
        108,
        115,
        128,
        108,
        114,
        125,
        238,
        230,
        221,
        106,
        115,
        129,
        109,
        116,
        128,
        109,
        115,
        128,
        236,
        228,
        221,
        145,
        155,
        167,
        152,
        160,
        168,
        151,
        160,
        171
      ]
    },
    {
      "margin": false,
      "index": 1,
      "file": null,
      "u": 0.333333343,
      "v": 0.0,
      "uw": 0.333333343,
      "vh": 0.166666672,
      "width": 341,
      "height": 341,
      "descriptor": [
        68,
        66,
        68,
        76,
        72,
        74,
        65,
        65,
        67,
        63,
        64,
        66,
        104,
        107,
        115,
        220,
        209,
        199,
        110,
        99,
        99,
        98,
        89,
        91,
        107,
        113,
        125,
        71,
        69,
        69,
        95,
        89,
        92,
        104,
        95,
        96,
        109,
        114,
        126,
        230,
        189,
        179,
        232,
        190,
        178,
        233,
        190,
        181
      ]
    },
    {
      "margin": false,
      "index": 2,
      "file": null,
      "u": 0.6666667,
      "v": 0.0,
      "uw": 0.333333343,
      "vh": 0.166666672,
      "width": 341,
      "height": 341,
      "descriptor": [
        67,
        66,
        69,
        104,
        106,
        118,
        106,
        108,
        118,
        67,
        67,
        68,
        171,
        179,
        177,
        111,
        116,
        127,
        108,
        115,
        125,
        67,
        66,
        69,
        112,
        97,
        96,
        223,
        216,
        211,
        114,
        121,
        133,
        67,
        66,
        66,
        241,
        202,
        193,
        206,
        224,
        238,
        119,
        125,
        136,
        63,
        63,
        66
      ]
    },
    {
      "margin": false,
      "index": 3,
      "file": null,
      "u": 0.0,
      "v": 0.166666672,
      "uw": 0.333333343,
      "vh": 0.166666672,
      "width": 341,
      "height": 341,
      "descriptor": [
        239,
        233,
        225,
        200,
        68,
        58,
        64,
        62,
        64,
        156,
        167,
        178,
        240,
        232,
        223,
        72,
        63,
        69,
        148,
        160,
        168,
        143,
        153,
        163,
        240,
        227,
        217,
        119,
        131,
        140,
        153,
        162,
        174,
        145,
        155,
        165,
        234,
        221,
        210,
        63,
        68,
        71,
        143,
        154,
        164,
        152,
        159,
        168
      ]
    },
    {
      "margin": false,
      "index": 4,
      "file": null,
      "u": 0.333333343,
      "v": 0.166666672,
      "uw": 0.333333343,
      "vh": 0.166666672,
      "width": 341,
      "height": 341,
      "descriptor": [
        107,
        115,
        127,
        167,
        171,
        180,
        236,
        196,
        186,
        220,
        144,
        126,
        68,
        67,
        71,
        70,
        67,
        70,
        150,
        150,
        152,
        71,
        69,
        68,
        75,
        68,
        71,
        80,
        61,
        56,
        216,
        211,
        199,
        228,
        215,
        204,
        232,
        188,
        176,
        234,
        197,
        183,
        107,
        111,
        118,
        65,
        64,
        66
      ]
    },
    {
      "margin": false,
      "index": 5,
      "file": null,
      "u": 0.6666667,
      "v": 0.166666672,
      "uw": 0.333333343,
      "vh": 0.166666672,
      "width": 341,
      "height": 341,
      "descriptor": [
        236,
        197,
        186,
        135,
        140,
        146,
        74,
        71,
        76,
        83,
        81,
        83,
        230,
        216,
        200,
        159,
        161,
        163,
        235,
        212,
        196,
        69,
        69,
        69,
        71,
        70,
        73,
        235,
        228,
        222,
        239,
        227,
        211,
        149,
        156,
        166,
        239,
        225,
        212,
        239,
        233,
        227,
        238,
        216,
        200,
        81,
        78,
        94
      ]
    },
    {
      "margin": false,
      "index": 6,
      "file": null,
      "u": 0.0,
      "v": 0.333333343,
      "uw": 0.333333343,
      "vh": 0.166666672,
      "width": 341,
      "height": 341,
      "descriptor": [
        237,
        224,
        212,
        58,
        60,
        63,
        82,
        69,
        67,
        132,
        65,
        64,
        236,
        223,
        211,
        50,
        88,
        86,
        91,
        69,
        68,
        149,
        155,
        164,
        242,
        231,
        219,
        55,
        53,
        59,
        114,
        118,
        128,
        110,
        115,
        128,
        235,
        223,
        211,
        49,
        96,
        93,
        58,
        121,
        107,
        116,
        121,
        133
      ]
    },
    {
      "margin": false,
      "index": 7,
      "file": null,
      "u": 0.333333343,
      "v": 0.333333343,
      "uw": 0.333333343,
      "vh": 0.166666672,
      "width": 341,
      "height": 341,
      "descriptor": [
        74,
        66,
        69,
        235,
        193,
        182,
        148,
        145,
        148,
        221,
        217,
        207,
        236,
        196,
        182,
        237,
        194,
        183,
        168,
        166,
        166,
        237,
        222,
        207,
        237,
        194,
        183,
        237,
        195,
        185,
        237,
        193,
        181,
        226,
        220,
        216,
        240,
        195,
        184,
        226,
        158,
        138,
        233,
        191,
        180,
        235,
        220,
        206
      ]
    },
    {
      "margin": false,
      "index": 8,
      "file": null,
      "u": 0.6666667,
      "v": 0.333333343,
      "uw": 0.333333343,
      "vh": 0.166666672,
      "width": 341,
      "height": 341,
      "descriptor": [
        237,
        223,
        209,
        236,
        221,
        205,
        219,
        214,
        207,
        63,
        63,
        61,
        232,
        226,
        221,
        238,
        229,
        220,
        213,
        202,
        194,
        126,
        122,
        131,
        233,
        225,
        214,
        225,
        214,
        199,
        223,
        206,
        191,
        80,
        60,
        57,
        231,
        224,
        216,
        168,
        171,
        162,
        118,
        110,
        111,
        137,
        156,
        166
      ]
    },
    {
      "margin": false,
      "index": 9,
      "file": null,
      "u": 0.0,
      "v": 0.5,