{
  "title": "DIEVČA V ČERVENEJ SUKNI",
  "author": "PALUGYAY, ZOLO",
  "year": "1931",
  "id": "SNG-0001005884",
  "width": 1664,
  "height": 2048,
  "file": "SNG--K_5047--1_1--2015_07_08--L2_WEB_103014.webp",
  "tiles_x": 3,
  "tiles_y": 3,
  "offset_x": 0.0,
  "offset_y": 0.09375,
  "tiles": [
    {
      "margin": false,
      "index": 6,
      "file": null,
      "u": 0.0,
      "v": 0.09375,
      "uw": 0.333333343,
      "vh": 0.270833343,
      "width": 554,
      "height": 554,
      "descriptor": [
        203,
        181,
        162,
        126,
        113,
        116,
        153,
        125,
        115,
        120,
        106,
        107,
        179,
        168,
        175,
        181,
        174,
        174,
        180,
        161,
        146,
        174,
        166,
        156,
        165,
        157,
        172,
        177,
        172,
        171,
        183,
        173,
        168,
        188,
        146,
        129,
        172,
        124,
        108,
        82,
        85,
        94,
        148,
        153,
        152,
        136,
        159,
        166
      ]
    },
    {
      "margin": false,
      "index": 7,
      "file": null,
      "u": 0.333333343,
      "v": 0.09375,
      "uw": 0.333333343,
      "vh": 0.270833343,
      "width": 554,
      "height": 554,
      "descriptor": [
        116,
        101,
        102,
        90,
        90,
        92,
        207,
        189,
        138,
        76,
        71,
        67,
        178,
        133,
        105,
        159,
        130,
        110,
        185,
        165,
        128,
        212,
        189,
        138,
        143,
        103,
        91,
        180,
        131,
        55,
        196,
        160,
        107,
        207,
        185,
        142,
        152,
        139,
        142,
        158,
        121,
        91,
        111,
        72,
        68,
        187,
        171,
        120
      ]
    },
    {
      "margin": false,
      "index": 8,
      "file": null,
      "u": 0.6666667,
      "v": 0.09375,
      "uw": 0.333333343,
      "vh": 0.270833343,
      "width": 554,
      "height": 554,
      "descriptor": [
        178,
        133,
        75,
        83,
        70,
        65,
        183,
        139,
        86,
        155,
        119,
        88,
        118,
        98,
        89,
        193,
        145,
        117,
        182,
        167,
        165,
        199,
        150,
        102,
        67,
        67,
        66,
        179,
        128,
        101,
        187,
        153,
        141,
        195,
        165,
        133,
        189,
        139,
        96,
        174,
        125,
        95,
        190,
        172,
        159,
        187,
        130,
        101
      ]
    },
    {
      "margin": false,
      "index": 9,
      "file": null,
      "u": 0.0,
      "v": 0.364583343,
      "uw": 0.333333343,
      "vh": 0.270833343,
      "width": 554,
      "height": 554,
      "descriptor": [
        135,
        107,
        96,
        190,
        138,
        115,
        110,
        100,
        104,
        113,
        74,
        68,
        134,
        107,
        98,
        127,
        110,
        108,
        115,
        99,
        98,
        192,
        169,
        159,
        160,
        135,
        97,
        99,
        106,
        76,
        97,
        100,
        66,
        202,
        172,
        166,
        123,
        132,
        92,
        108,
        105,
        67,
        133,
        116,
        59,
        165,
        81,
        59
      ]
    },
    {
      "margin": false,
      "index": 10,
      "file": null,
      "u": 0.333333343,
      "v": 0.364583343,
      "uw": 0.333333343,
      "vh": 0.270833343,
      "width": 554,
      "height": 554,
      "descriptor": [
        179,
        160,
        144,
        205,
        186,
        140,
        169,
        148,
        138,
        177,
        141,
        115,
        180,
        164,
        152,
        193,
        174,
        160,
        200,
        183,
        175,
        179,
        169,
        154,
        198,
        175,
        165,
        204,
        178,
        171,
        212,
        192,
        174,
        193,
        184,
        167,
        176,
        83,
        62,
        172,
        138,
        128,
        188,
        167,
        155,
        181,
        169,
        153
      ]
    },
    {
      "margin": false,
      "index": 11,
      "file": null,
      "u": 0.6666667,
      "v": 0.364583343,
      "uw": 0.333333343,
      "vh": 0.270833343,
      "width": 554,
      "height": 554,
      "descriptor": [
        107,
        128,
        86,
        106,
        65,
        59,
        201,
        144,
        114,
        191,
        131,
        101,
        113,
        138,
        96,
        104,
        134,
        85,
        135,
        119,
        70,
        193,
        145,
        114,
        195,
        155,
        117,
        117,
        143,
        98,
        184,
        165,
        101,
        166,
        142,
        70,
        128,
        131,
        71,
        157,
        162,
        98,
        170,
        169,
        106,
        176,
        148,
        75
      ]
    },
    {
      "margin": false,
      "index": 12,
      "file": null,
      "u": 0.0,
      "v": 0.6354167,
      "uw": 0.333333343,
      "vh": 0.270833343,
      "width": 554,
      "height": 554,
      "descriptor": [
        179,
        161,
        93,
        190,
        160,
        109,
        150,
        80,
        50,
        197,
        63,
        48,
        141,
        118,
        106,
        81,
        71,
        72,
        182,
        71,
        52,
        192,
        72,
        50,
        194,
        167,
        105,
        158,
        106,
        85,
        107,
        85,
        71,
        186,
        68,
        52,
        135,
        103,
        80,
        138,
        101,
        80,
        95,
        101,
        73,
        159,
        137,
        72
      ]
    },
    {
      "margin": false,
      "index": 13,
      "file": null,
      "u": 0.333333343,
      "v": 0.6354167,
      "uw": 0.333333343,
      "vh": 0.270833343,
      "width": 554,
      "height": 554,
      "descriptor": [
        196,
        66,
        44,
        191,
        67,
        49,
        87,
        84,
        84,
        63,
        63,
        61,
        189,
        122,
        109,
        71,
        71,
        70,
        110,
        105,
        69,
        128,
        123,
        67,
        180,
        130,
        75,
        120,
        140,
        96,
        144,
        143,
        86,
        176,
        152,
        90,
        155,
        143,
        97,
        188,
        148,
        89,
        191,
        170,
        85,
        193,
        149,
        105
      ]
    },
    {
      "margin": false,
      "index": 14,
      "file": null,
      "u": 0.6666667,
      "v": 0.6354167,
      "uw": 0.333333343,
      "vh": 0.270833343,
      "width": 554,
      "height": 554,
      "descriptor": [
        175,
        168,
        93,
        194,
        162,
        123,
        192,
        178,
        107,
        193,
        147,
        99,
        158,
        139,
        60,
        197,
        161,
        79,
        167,
        154,
        89,
        194,
        143,
        84,
        184,
        151,
        89,
        176,
        163,
        88,
        190,
        153,
        81,
        203,
        154,
        102,
        113,
        101,
        81,
        97,
        88,
        76,
        146,
        128,
        102,
        192,
        135,
        93
      ]
    }
  ],
  "margins": [
    {
      "margin": true,
      "index": 0,