{
  "title": "ŽENA NA MOSTE",
  "author": "PONGRÁCZ, KAROL",
  "year": "1907",
  "id": "SNG-0001018273",
  "width": 2048,
  "height": 1600,
  "file": "SNG--O_2905--1_1--2013_11_19--L2_WEB_98463.webp",
  "tiles_x": 3,
  "tiles_y": 3,
  "offset_x": 0.109375,
  "offset_y": 0.0,
  "tiles": [
    {
      "margin": false,
      "index": 6,
      "file": null,
      "u": 0.109375,
      "v": 0.0,
      "uw": 0.260416657,
      "vh": 0.3333333,
      "width": 533,
      "height": 533,
      "descriptor": [
        101,
        122,
        115,
        130,
        136,
        118,
        101,
        125,
        125,
        121,
        137,
        132,
        122,
        124,
        111,
        117,
        134,
        121,
        67,
        100,
        109,
        61,
        94,
        102,
        85,
        81,
        76,
        109,
        121,
        118,
        98,
        114,
        115,
        68,
        88,
        82,
        92,
        107,
        101,
        104,
        120,
        112,
        97,
        115,
        108,
        98,
        110,
        100
      ]
    },
    {
      "margin": false,
      "index": 7,
      "file": null,
      "u": 0.369791657,
      "v": 0.0,
      "uw": 0.260416657,
      "vh": 0.3333333,
      "width": 533,
      "height": 533,
      "descriptor": [
        117,
        133,
        126,
        124,
        138,
        122,
        127,
        141,
        127,
        119,
        141,
        139,
        70,
        99,
        102,
        56,
        87,
        89,
        56,
        84,
        87,
        78,
        110,
        115,
        61,
        88,
        87,
        83,
        103,
        96,
        72,
        95,
        92,
        79,
        79,
        73,
        74,
        72,
        59,
        98,
        108,
        91,
        101,
        110,
        97,
        97,
        106,
        97
      ]
    },
    {
      "margin": false,
      "index": 8,
      "file": null,
      "u": 0.6302083,
      "v": 0.0,
      "uw": 0.260416657,
      "vh": 0.3333333,
      "width": 533,
      "height": 533,
      "descriptor": [
        114,
        132,
        125,
        113,
        132,
        125,
        117,
        125,
        116,
        119,
        141,
        134,
        120,
        126,
        114,
        114,
        134,
        127,
        122,
        142,
        134,
        120,
        144,
        135,
        99,
        83,
        64,
        78,
        109,
        106,
        87,
        80,
        69,
        73,
        70,
        59,
        96,
        103,
        91,
        85,
        96,
        86,
        86,
        93,
        78,
        89,
        90,
        73
      ]
    },
    {
      "margin": false,
      "index": 9,
      "file": null,
      "u": 0.109375,
      "v": 0.3333333,
      "uw": 0.260416657,
      "vh": 0.3333333,
      "width": 533,
      "height": 533,
      "descriptor": [
        114,
        102,
        84,
        113,
        118,
        102,
        165,
        158,
        134,
        148,
        141,
        114,
        100,
        108,
        92,
        107,
        96,
        72,
        88,
        93,
        72,
        95,
        103,
        86,
        102,
        89,
        69,
        108,
        102,
        81,
        87,
        92,
        77,
        79,
        88,
        75,
        102,
        103,
        90,
        89,
        92,
        77,
        101,
        97,
        75,
        92,
        88,
        68
      ]
    },
    {
      "margin": false,
      "index": 10,
      "file": null,
      "u": 0.369791657,
      "v": 0.3333333,
      "uw": 0.260416657,
      "vh": 0.3333333,
      "width": 533,
      "height": 533,
      "descriptor": [
        177,
        168,
        140,
        114,
        117,
        101,
        165,
        159,
        132,
        120,
        114,
        94,
        70,
        63,
        54,
        82,
        85,
        73,
        107,
        110,
        91,
        103,
        112,
        94,
        56,
        47,
        41,
        79,
        73,
        63,
        92,
        94,
        81,
        102,
        103,
        87,
        58,
        52,
        45,
        68,
        56,
        49,
        114,
        105,
        84,
        88,
        96,
        84
      ]
    },
    {
      "margin": false,
      "index": 11,
      "file": null,
      "u": 0.6302083,
      "v": 0.3333333,
      "uw": 0.260416657,
      "vh": 0.3333333,
      "width": 533,
      "height": 533,
      "descriptor": [
        113,
        116,
        100,
        107,
        112,
        97,
        105,
        114,
        99,
        108,
        119,
        105,
        104,
        99,
        80,
        110,
        95,
        76,
        106,
        106,
        86,
        111,
        100,
        75,
        96,
        100,
        82,
        113,
        98,
        75,
        114,
        101,
        78,
        85,
        92,
        80,
        99,
        99,
        80,
        116,
        99,
        75,
        97,
        104,
        89,
        100,
        100,
        82
      ]
    },
    {
      "margin": false,
      "index": 12,
      "file": null,
      "u": 0.109375,
      "v": 0.6666666,
      "uw": 0.260416657,
      "vh": 0.3333333,
      "width": 533,
      "height": 533,
      "descriptor": [
        111,
        92,
        71,
        141,
        112,
        81,
        118,
        100,
        74,
        70,
        69,
        72,
        113,
        92,
        64,
        128,
        104,
        67,
        119,
        99,
        69,
        114,
        100,
        76,
        134,
        105,
        66,
        117,
        96,
        69,
        131,
        108,
        76,
        113,
        94,
        67,
        102,
        93,
        82,
        109,
        90,
        72,
        106,
        94,
        80,
        117,
        97,
        76
      ]
    },
    {
      "margin": false,
      "index": 13,
      "file": null,
      "u": 0.369791657,
      "v": 0.6666666,
      "uw": 0.260416657,
      "vh": 0.3333333,
      "width": 533,
      "height": 533,
      "descriptor": [
        67,
        64,
        58,
        41,
        33,
        29,
        89,
        96,
        83,
        87,
        92,
        78,
        51,
        52,
        49,
        66,
        63,
        57,
        120,
        104,
        77,
        120,
        101,
        72,
        116,
        97,
        72,
        116,
        98,
        73,
        129,
        107,
        78,
        115,
        98,
        73,
        171,
        133,
        92,
        130,
        105,
        77,
        124,
        95,
        60,
        128,
        96,
        59
      ]
    },
    {
      "margin": false,
      "index": 14,
      "file": null,
      "u": 0.6302083,
      "v": 0.6666666,
      "uw": 0.260416657,
      "vh": 0.3333333,
      "width": 533,
      "height": 533,
      "descriptor": [
        90,
        95,
        80,
        113,
        95,
        67,
        101,
        104,
        89,
        90,
        93,
        80,
        116,
        101,
        81,
        140,
        113,
        75,
        117,
        95,
        62,
        127,
        100,
        72,
        128,
        104,
        70,
        143,
        106,
        69,
        132,
        105,
        78,
        134,
        103,
        69,
        118,
        92,
        67,
        132,
        106,
        78,
        153,
        116,
        76,
        152,
        116,
        82
      ]
    }
  ],
  "margins": [
    {
      "margin": true,
      "index": 0,
      "file": null,
      "u": 0.0,
      "v": 0.0,
      "uw": 0.109375,
      "vh": 0.3333333,
      "width": 224,
      "height": 533,