{
  "title": "POCHOD ZBOJNÍKOV",
  "author": "SKOCZYLAS, WLADYSLAW",
  "year": "(1910 - 1930)",
  "id": "SNG-0001059448",
  "width": 2048,
  "height": 1856,
  "file": "SNG--G_2525--1_1--_2015_10_02_--L2_WEB_33293425.webp",
  "tiles_x": 3,
  "tiles_y": 3,
  "offset_x": 0.046875,
  "offset_y": 0.0,
  "tiles": [
    {
      "margin": false,
      "index": 6,
      "file": null,
      "u": 0.046875,
      "v": 0.0,
      "uw": 0.302083343,
      "vh": 0.333333343,
      "width": 618,
      "height": 618,
      "descriptor": [
        244,
        223,
        193,
        247,
        224,
        193,
        250,
        228,
        193,
        249,
        225,
        190,
        61,
        62,
        70,
        74,
        71,
        74,
        63,
        55,
        50,
        211,
        212,
        200,
        66,
        64,
        65,
        60,
        52,
        48,
        236,
        106,
        74,
        175,
        85,
        61,
        61,
        66,
        69,
        74,
        68,
        65,
        70,
        59,
        51,
        247,
        224,
        191
      ]
    },
    {
      "margin": false,
      "index": 7,
      "file": null,
      "u": 0.348958343,
      "v": 0.0,
      "uw": 0.302083343,
      "vh": 0.333333343,
      "width": 618,
      "height": 618,
      "descriptor": [
        248,
        224,
        189,
        248,
        226,
        191,
        245,
        218,
        182,
        250,
        222,
        185,
        255,
        242,
        210,
        83,
        77,
        73,
        249,
        226,
        199,
        156,
        90,
        68,
        242,
        129,
        89,
        124,
        77,
        64,
        254,
        228,
        198,
        200,
        96,
        72,
        158,
        123,
        96,
        64,
        52,
        49,
        90,
        72,
        70,
        230,
        159,
        118
      ]
    },
    {
      "margin": false,
      "index": 8,
      "file": null,
      "u": 0.6510417,
      "v": 0.0,
      "uw": 0.302083343,
      "vh": 0.333333343,
      "width": 618,
      "height": 618,
      "descriptor": [
        251,
        231,
        201,
        252,
        228,
        191,
        251,
        226,
        186,
        251,
        228,
        196,
        167,
        187,
        170,
        59,
        62,
        67,
        59,
        65,
        73,
        62,
        61,
        67,
        210,
        92,
        65,
        245,
        219,
        180,
        173,
        196,
        187,
        64,
        58,
        64,
        114,
        95,
        93,
        162,
        106,
        86,
        206,
        205,
        181,
        117,
        150,
        115
      ]
    },
    {
      "margin": false,
      "index": 9,
      "file": null,
      "u": 0.046875,
      "v": 0.333333343,
      "uw": 0.302083343,
      "vh": 0.333333343,
      "width": 618,
      "height": 618,
      "descriptor": [
        71,
        72,
        71,
        243,
        206,
        153,
        208,
        171,
        127,
        241,
        210,
        173,
        131,
        146,
        154,
        83,
        78,
        62,
        122,
        103,
        69,
        102,
        83,
        61,
        123,
        157,
        157,
        80,
        77,
        68,
        221,
        172,
        112,
        251,
        216,
        166,
        119,
        149,
        152,
        57,
        64,
        66,
        127,
        73,
        54,
        238,
        195,
        136
      ]
    },
    {
      "margin": false,
      "index": 10,
      "file": null,
      "u": 0.348958343,
      "v": 0.333333343,
      "uw": 0.302083343,
      "vh": 0.333333343,
      "width": 618,
      "height": 618,
      "descriptor": [
        64,
        62,
        60,
        165,
        158,
        125,
        74,
        69,
        68,
        101,
        84,
        72,
        77,
        70,
        65,
        240,
        197,
        147,
        225,
        173,
        116,
        86,
        81,
        57,
        72,
        67,
        64,
        90,
        77,
        52,
        71,
        64,
        60,
        173,
        86,
        54,
        72,
        64,
        60,
        82,
        68,
        62,
        67,
        64,
        61,
        255,
        118,
        90
      ]
    },
    {
      "margin": false,
      "index": 11,
      "file": null,
      "u": 0.6510417,
      "v": 0.333333343,
      "uw": 0.302083343,
      "vh": 0.333333343,
      "width": 618,
      "height": 618,
      "descriptor": [
        232,
        188,
        130,
        82,
        70,
        61,
        78,
        72,
        71,
        69,
        67,
        68,
        80,
        66,
        55,
        67,
        64,
        62,
        101,
        87,
        75,
        81,
        81,
        81,
        79,
        67,
        64,
        75,
        69,
        68,
        246,
        223,
        190,
        79,
        81,
        83,
        236,
        116,
        78,
        235,
        90,
        54,
        72,
        69,
        70,
        77,
        79,
        91
      ]
    },
    {
      "margin": false,
      "index": 12,
      "file": null,
      "u": 0.046875,
      "v": 0.6666667,
      "uw": 0.302083343,
      "vh": 0.333333343,
      "width": 618,
      "height": 618,
      "descriptor": [
        59,
        54,
        62,
        117,
        74,
        67,
        237,
        210,
        133,
        75,
        65,
        56,
        66,
        66,
        62,
        235,
        117,
        69,
        62,
        60,
        58,
        62,
        66,
        68,
        62,
        68,
        68,
        134,
        79,
        60,
        60,
        62,
        59,
        60,
        59,
        60,
        247,
        224,
        194,
        245,
        222,
        194,
        246,
        218,
        184,
        243,
        221,
        189
      ]
    },
    {
      "margin": false,
      "index": 13,
      "file": null,
      "u": 0.348958343,
      "v": 0.6666667,
      "uw": 0.302083343,
      "vh": 0.333333343,
      "width": 618,
      "height": 618,
      "descriptor": [
        70,
        66,
        63,
        237,
        124,
        80,
        244,
        127,
        86,
        236,
        130,
        94,
        65,
        62,
        59,
        158,
        84,
        68,
        96,
        74,
        68,
        60,
        57,
        52,
        141,
        79,
        60,
        221,
        183,
        95,
        242,
        149,
        99,
        113,
        96,
        74,
        244,
        220,
        187,
        246,
        226,
        195,
        247,
        224,
        196,
        240,
        219,
        190
      ]
    },
    {
      "margin": false,
      "index": 14,
      "file": null,
      "u": 0.6510417,
      "v": 0.6666667,
      "uw": 0.302083343,
      "vh": 0.333333343,
      "width": 618,
      "height": 618,
      "descriptor": [
        143,
        96,
        71,
        227,
        102,
        66,
        60,
        58,
        62,
        67,
        62,
        64,
        64,
        93,
        107,
        111,
        72,
        58,
        54,
        54,
        59,
        60,
        56,
        61,
        65,
        65,
        67,
        106,
        75,
        60,
        64,
        65,
        70,
        69,
        66,
        65,
        246,
        226,
        194,
        251,
        229,
        198,
        250,
        226,
        194,
        244,
        223,
        194
      ]
    }
  ],
  "margins": [
    {
      "margin": true,
      "index": 0,
      "file": null,
      "u": 0.0,
      "v": 0.0,
      "uw": 0.046875,
      "vh": 0.333333343,