{
  "title": "MALÝ HRAD Z KARÁT",
  "author": "HUET, JEAN BAPTISTE, BONNET, LOUIS MARIN",
  "year": "(1770 - 1790)",
  "id": "SNG-0001025369",
  "width": 2048,
  "height": 1856,
  "file": "SNG--G_9863--1_1--_2015_09_30_--L2_WEB_33108.webp",
  "tiles_x": 3,
  "tiles_y": 3,
  "offset_x": 0.046875,
  "offset_y": 0.0,
  "tiles": [
    {
      "margin": false,
      "index": 6,
      "file": null,
      "u": 0.046875,
      "v": 0.0,
      "uw": 0.302083343,
      "vh": 0.333333343,
      "width": 618,
      "height": 618,
      "descriptor": [
        87,
        89,
        82,
        86,
        86,
        76,
        93,
        92,
        86,
        97,
        94,
        87,
        228,
        236,
        224,
        151,
        192,
        201,
        216,
        224,
        216,
        207,
        221,
        229,
        104,
        108,
        100,
        95,
        115,
        97,
        176,
        205,
        197,
        207,
        214,
        209,
        82,
        96,
        80,
        128,
        139,
        125,
        155,
        179,
        183,
        200,
        208,
        201
      ]
    },
    {
      "margin": false,
      "index": 7,
      "file": null,
      "u": 0.348958343,
      "v": 0.0,
      "uw": 0.302083343,
      "vh": 0.333333343,
      "width": 618,
      "height": 618,
      "descriptor": [
        206,
        193,
        192,
        255,
        249,
        245,
        240,
        233,
        222,
        232,
        226,
        212,
        193,
        217,
        215,
        208,
        215,
        204,
        169,
        189,
        185,
        207,
        208,
        198,
        206,
        205,
        189,
        147,
        176,
        173,
        201,
        195,
        168,
        157,
        143,
        130,
        220,
        214,
        201,
        234,
        183,
        146,
        175,
        175,
        157,
        74,
        61,
        55
      ]
    },
    {
      "margin": false,
      "index": 8,
      "file": null,
      "u": 0.6510417,
      "v": 0.0,
      "uw": 0.302083343,
      "vh": 0.333333343,
      "width": 618,
      "height": 618,
      "descriptor": [
        233,
        229,
        217,
        242,
        234,
        221,
        248,
        240,
        225,
        244,
        239,
        224,
        144,
        182,
        181,
        232,
        230,
        220,
        158,
        144,
        137,
        94,
        111,
        107,
        168,
        202,
        197,
        184,
        188,
        175,
        169,
        164,
        152,
        88,
        87,
        80,
        93,
        91,
        89,
        87,
        77,
        63,
        90,
        98,
        86,
        106,
        96,
        95
      ]
    },
    {
      "margin": false,
      "index": 9,
      "file": null,
      "u": 0.046875,
      "v": 0.333333343,
      "uw": 0.302083343,
      "vh": 0.333333343,
      "width": 618,
      "height": 618,
      "descriptor": [
        124,
        148,
        136,
        100,
        120,
        113,
        196,
        207,
        192,
        148,
        96,
        83,
        97,
        112,
        106,
        132,
        179,
        157,
        108,
        120,
        106,
        194,
        128,
        127,
        119,
        118,
        112,
        71,
        67,
        68,
        131,
        126,
        115,
        171,
        165,
        153,
        78,
        85,
        74,
        114,
        152,
        156,
        147,
        133,
        122,
        174,
        141,
        137
      ]
    },
    {
      "margin": false,
      "index": 10,
      "file": null,
      "u": 0.348958343,
      "v": 0.333333343,
      "uw": 0.302083343,
      "vh": 0.333333343,
      "width": 618,
      "height": 618,
      "descriptor": [
        189,
        199,
        183,
        180,
        193,
        192,
        237,
        232,
        216,
        207,
        196,
        167,
        126,
        133,
        113,
        157,
        143,
        122,
        174,
        164,
        142,
        250,
        220,
        185,
        129,
        150,
        122,
        102,
        98,
        76,
        246,
        206,
        174,
        172,
        137,
        127,
        128,
        107,
        92,
        89,
        91,
        85,
        245,
        224,
        194,
        187,
        147,
        114
      ]
    },
    {
      "margin": false,
      "index": 11,
      "file": null,
      "u": 0.6510417,
      "v": 0.333333343,
      "uw": 0.302083343,
      "vh": 0.333333343,
      "width": 618,
      "height": 618,
      "descriptor": [
        222,
        199,
        199,
        160,
        178,
        164,
        97,
        99,
        80,
        72,
        76,
        68,
        80,
        68,
        60,
        110,
        165,
        157,
        110,
        106,
        90,
        91,
        100,
        91,
        220,
        181,
        137,
        183,
        195,
        179,
        81,
        79,
        70,
        89,
        87,
        70,
        194,
        167,
        144,
        89,
        95,
        53,
        121,
        127,
        114,
        119,
        124,
        106
      ]
    },
    {
      "margin": false,
      "index": 12,
      "file": null,
      "u": 0.046875,
      "v": 0.6666667,
      "uw": 0.302083343,
      "vh": 0.333333343,
      "width": 618,
      "height": 618,
      "descriptor": [
        122,
        118,
        114,
        158,
        150,
        154,
        170,
        137,
        109,
        159,
        125,
        97,
        246,
        235,
        223,
        200,
        201,
        177,
        248,
        238,
        223,
        253,
        241,
        229,
        255,
        246,
        236,
        255,
        248,
        239,
        254,
        248,
        238,
        255,
        249,
        240,
        255,
        248,
        240,
        251,
        244,
        236,
        252,
        245,
        233,
        253,
        246,
        236
      ]
    },
    {
      "margin": false,
      "index": 13,
      "file": null,
      "u": 0.348958343,
      "v": 0.6666667,
      "uw": 0.302083343,
      "vh": 0.333333343,
      "width": 618,
      "height": 618,
      "descriptor": [
        240,
        222,
        199,
        234,
        210,
        172,
        202,
        177,
        160,
        236,
        217,
        200,
        252,
        240,
        227,
        250,
        241,
        227,
        254,
        243,
        231,
        244,
        232,
        218,
        254,
        245,
        236,
        252,
        244,
        236,
        255,
        248,
        240,
        254,
        245,
        237,
        253,
        243,
        230,
        171,
        166,
        155,
        205,
        210,
        218,
        162,
        153,
        148
      ]
    },
    {
      "margin": false,
      "index": 14,
      "file": null,
      "u": 0.6510417,
      "v": 0.6666667,
      "uw": 0.302083343,
      "vh": 0.333333343,
      "width": 618,
      "height": 618,