{
  "title": "NA CESTE DO EGYPTA",
  "author": "MURILLO, BARTOLOMÉ ESTEBÁN, ŠPANIELSKY MALIAR Z KONCA 17. STOROČIA",
  "year": "(1650 - 1700)",
  "id": "SNG-0001003123",
  "width": 2048,
  "height": 1472,
  "file": "SNG--O_5167--1_1--_2015_08_27_--L2_WEB_16878.webp",
  "tiles_x": 4,
  "tiles_y": 3,
  "offset_x": 0.0208333433,
  "offset_y": 0.0,
  "tiles": [
    {
      "margin": false,
      "index": 6,
      "file": null,
      "u": 0.0208333433,
      "v": 0.0,
      "uw": 0.239583328,
      "vh": 0.3333333,
      "width": 490,
      "height": 490,
      "descriptor": [
        128,
        121,
        93,
        112,
        104,
        75,
        120,
        108,
        77,
        139,
        126,
        91,
        130,
        123,
        92,
        109,
        101,
        73,
        118,
        114,
        93,
        70,
        53,
        28,
        134,
        128,
        93,
        119,
        108,
        72,
        122,
        109,
        66,
        67,
        60,
        53,
        163,
        146,
        107,
        113,
        100,
        63,
        104,
        94,
        71,
        49,
        42,
        18
      ]
    },
    {
      "margin": false,
      "index": 7,
      "file": null,
      "u": 0.2604167,
      "v": 0.0,
      "uw": 0.239583328,
      "vh": 0.3333333,
      "width": 490,
      "height": 490,
      "descriptor": [
        143,
        126,
        88,
        107,
        99,
        60,
        108,
        100,
        64,
        67,
        62,
        44,
        58,
        48,
        33,
        126,
        119,
        101,
        126,
        115,
        81,
        90,
        82,
        66,
        63,
        49,
        28,
        101,
        76,
        39,
        135,
        116,
        55,
        104,
        97,
        74,
        122,
        86,
        7,
        106,
        70,
        43,
        70,
        60,
        41,
        111,
        104,
        79
      ]
    },
    {
      "margin": false,
      "index": 8,
      "file": null,
      "u": 0.5,
      "v": 0.0,
      "uw": 0.239583328,
      "vh": 0.3333333,
      "width": 490,
      "height": 490,
      "descriptor": [
        45,
        44,
        28,
        60,
        53,
        39,
        51,
        51,
        33,
        54,
        50,
        24,
        107,
        103,
        84,
        111,
        105,
        87,
        36,
        38,
        27,
        59,
        50,
        33,
        130,
        126,
        96,
        81,
        66,
        46,
        84,
        71,
        41,
        63,
        59,
        47,
        100,
        84,
        61,
        103,
        72,
        41,
        73,
        70,
        60,
        50,
        52,
        42
      ]
    },
    {
      "margin": false,
      "index": 9,
      "file": null,
      "u": 0.7395834,
      "v": 0.0,
      "uw": 0.239583328,
      "vh": 0.3333333,
      "width": 490,
      "height": 490,
      "descriptor": [
        47,
        44,
        30,
        56,
        49,
        39,
        51,
        53,
        36,
        50,
        51,
        38,
        45,
        41,
        35,
        56,
        56,
        32,
        47,
        46,
        38,
        39,
        45,
        41,
        71,
        65,
        46,
        52,
        58,
        45,
        42,
        38,
        36,
        30,
        30,
        30,
        62,
        67,
        54,
        66,
        62,
        44,
        49,
        55,
        52,
        55,
        57,
        55
      ]
    },
    {
      "margin": false,
      "index": 10,
      "file": null,
      "u": 0.0208333433,
      "v": 0.3333333,
      "uw": 0.239583328,
      "vh": 0.3333333,
      "width": 490,
      "height": 490,
      "descriptor": [
        61,
        59,
        47,
        82,
        71,
        60,
        53,
        56,
        50,
        72,
        62,
        39,
        136,
        119,
        89,
        63,
        59,
        43,
        46,
        43,
        34,
        63,
        53,
        30,
        196,
        183,
        154,
        119,
        105,
        82,
        75,
        58,
        35,
        48,
        50,
        44,
        127,
        109,
        74,
        114,
        104,
        80,
        197,
        178,
        139,
        63,
        58,
        50
      ]
    },
    {
      "margin": false,
      "index": 11,
      "file": null,
      "u": 0.2604167,
      "v": 0.3333333,
      "uw": 0.239583328,
      "vh": 0.3333333,
      "width": 490,
      "height": 490,
      "descriptor": [
        122,
        85,
        8,
        122,
        83,
        17,
        74,
        63,
        36,
        62,
        68,
        57,
        59,
        55,
        38,
        100,
        71,
        26,
        82,
        74,
        53,
        46,
        43,
        28,
        86,
        69,
        35,
        75,
        63,
        34,
        154,
        133,
        99,
        97,
        86,
        73,
        82,
        66,
        42,
        99,
        78,
        49,
        122,
        115,
        100,
        216,
        204,
        178
      ]
    },
    {
      "margin": false,
      "index": 12,
      "file": null,
      "u": 0.5,
      "v": 0.3333333,
      "uw": 0.239583328,
      "vh": 0.3333333,
      "width": 490,
      "height": 490,
      "descriptor": [
        135,
        110,
        66,
        121,
        100,
        61,
        65,
        61,
        48,
        60,
        60,
        47,
        72,
        59,
        46,
        127,
        105,
        79,
        74,
        62,
        40,
        61,
        61,
        56,
        213,
        172,
        135,
        69,
        59,
        41,
        124,
        92,
        50,
        85,
        73,
        61,
        68,
        60,
        48,
        83,
        81,
        69,
        79,
        72,
        50,
        72,
        63,
        49
      ]
    },
    {
      "margin": false,
      "index": 13,
      "file": null,
      "u": 0.7395834,
      "v": 0.3333333,
      "uw": 0.239583328,
      "vh": 0.3333333,
      "width": 490,
      "height": 490,
      "descriptor": [
        134,
        114,
        77,
        37,
        42,
        40,
        65,
        67,
        59,
        52,
        57,
        53,
        104,
        82,
        64,
        74,
        69,
        64,
        53,
        53,
        45,
        46,
        50,
        40,
        83,
        72,
        50,
        74,
        65,
        41,
        66,
        63,
        52,
        94,
        80,
        60,
        95,
        84,
        76,
        56,
        47,
        34,
        70,
        63,
        50,
        54,
        50,
        40
      ]
    },
    {
      "margin": false,
      "index": 14,
      "file": null,
      "u": 0.0208333433,
      "v": 0.6666666,
      "uw": 0.239583328,
      "vh": 0.3333333,
      "width": 490,
      "height": 490,
      "descriptor": [
        61,
        53,
        37,
        66,
        62,
        50,
        89,
        78,
        68,
        60,
        61,
        48,
        73,
        68,
        42,
        54,
        52,
        44,
        63,
        62,
        54,
        71,
        69,
        61,
        62,
        53,
        35,
        66,
        62,
        48,
        61,
        56,
        42,
        73,
        66,
        58,
        116,
        109,
        106,
        102,
        75,
        34,
        81,
        69,
        37,
        131,
        76,
        24
      ]
    },
    {
      "margin": false,
      "index": 15,
      "file": null,
      "u": 0.2604167,
      "v": 0.6666666,
      "uw": 0.239583328,
      "vh": 0.3333333,
      "width": 490,
      "height": 490,