{
  "title": "SLOVÁCI ZO ZVOLENA",
  "author": "BOHÚŇ, KORNEL, BOHÚŇ, PETER MICHAL",
  "year": "1883",
  "id": "SNG-0001004277",
  "width": 1408,
  "height": 2048,
  "file": "SNG--G_11411--1_1--_2015_09_04_--L2_WEB_13286.webp",
  "tiles_x": 3,
  "tiles_y": 4,
  "offset_x": 0.0,
  "offset_y": 0.0416666567,
  "tiles": [
    {
      "margin": false,
      "index": 6,
      "file": null,
      "u": 0.0,
      "v": 0.0416666567,
      "uw": 0.333333343,
      "vh": 0.229166672,
      "width": 469,
      "height": 469,
      "descriptor": [
        233,
        214,
        193,
        141,
        171,
        160,
        175,
        173,
        150,
        198,
        198,
        171,
        231,
        214,
        191,
        178,
        193,
        180,
        169,
        187,
        175,
        221,
        203,
        182,
        228,
        210,
        189,
        206,
        198,
        174,
        191,
        186,
        159,
        203,
        199,
        184,
        227,
        209,
        188,
        179,
        189,
        169,
        184,
        178,
        156,
        236,
        196,
        161
      ]
    },
    {
      "margin": false,
      "index": 7,
      "file": null,
      "u": 0.333333343,
      "v": 0.0416666567,
      "uw": 0.333333343,
      "vh": 0.229166672,
      "width": 469,
      "height": 469,
      "descriptor": [
        130,
        157,
        148,
        168,
        183,
        167,
        155,
        183,
        173,
        179,
        188,
        176,
        196,
        206,
        193,
        191,
        212,
        199,
        183,
        197,
        187,
        153,
        175,
        156,
        179,
        197,
        183,
        188,
        203,
        186,
        200,
        207,
        195,
        188,
        191,
        171,
        204,
        192,
        166,
        175,
        164,
        141,
        187,
        197,
        182,
        193,
        195,
        168
      ]
    },
    {
      "margin": false,
      "index": 8,
      "file": null,
      "u": 0.6666667,
      "v": 0.0416666567,
      "uw": 0.333333343,
      "vh": 0.229166672,
      "width": 469,
      "height": 469,
      "descriptor": [
        145,
        166,
        147,
        131,
        171,
        166,
        166,
        188,
        177,
        238,
        221,
        200,
        182,
        195,
        180,
        155,
        170,
        147,
        190,
        207,
        202,
        243,
        229,
        209,
        121,
        104,
        84,
        184,
        195,
        179,
        189,
        201,
        188,
        240,
        225,
        207,
        152,
        119,
        95,
        178,
        180,
        164,
        187,
        191,
        175,
        243,
        229,
        210
      ]
    },
    {
      "margin": false,
      "index": 9,
      "file": null,
      "u": 0.0,
      "v": 0.2708333,
      "uw": 0.333333343,
      "vh": 0.229166672,
      "width": 469,
      "height": 469,
      "descriptor": [
        230,
        213,
        191,
        183,
        188,
        165,
        182,
        187,
        164,
        191,
        74,
        54,
        236,
        216,
        194,
        175,
        186,
        170,
        185,
        194,
        181,
        76,
        72,
        63,
        241,
        221,
        199,
        164,
        169,
        151,
        153,
        140,
        120,
        86,
        78,
        69,
        237,
        220,
        199,
        124,
        117,
        101,
        143,
        131,
        111,
        69,
        64,
        54
      ]
    },
    {
      "margin": false,
      "index": 10,
      "file": null,
      "u": 0.333333343,
      "v": 0.2708333,
      "uw": 0.333333343,
      "vh": 0.229166672,
      "width": 469,
      "height": 469,
      "descriptor": [
        78,
        69,
        59,
        197,
        193,
        167,
        177,
        178,
        153,
        196,
        169,
        110,
        127,
        155,
        134,
        175,
        165,
        135,
        185,
        171,
        134,
        248,
        225,
        198,
        221,
        181,
        102,
        187,
        177,
        152,
        170,
        158,
        122,
        232,
        203,
        172,
        236,
        209,
        179,
        153,
        139,
        109,
        119,
        96,
        74,
        239,
        216,
        190
      ]
    },
    {
      "margin": false,
      "index": 11,
      "file": null,
      "u": 0.6666667,
      "v": 0.2708333,
      "uw": 0.333333343,
      "vh": 0.229166672,
      "width": 469,
      "height": 469,
      "descriptor": [
        145,
        108,
        80,
        195,
        164,
        125,
        184,
        199,
        185,
        242,
        227,
        206,
        229,
        200,
        172,
        231,
        209,
        180,
        165,
        182,
        165,
        241,
        228,
        210,
        190,
        166,
        150,
        242,
        213,
        183,
        117,
        139,
        108,
        240,
        226,
        204,
        243,
        219,
        192,
        208,
        178,
        150,
        106,
        113,
        92,
        243,
        230,
        211
      ]
    },
    {
      "margin": false,
      "index": 12,
      "file": null,
      "u": 0.0,
      "v": 0.5,
      "uw": 0.333333343,
      "vh": 0.229166672,
      "width": 469,
      "height": 469,
      "descriptor": [
        242,
        225,
        203,
        144,
        135,
        111,
        121,
        123,
        115,
        167,
        148,
        126,
        238,
        216,
        188,
        173,
        148,
        117,
        170,
        174,
        155,
        201,
        192,
        165,
        245,
        225,
        198,
        165,
        151,
        111,
        177,
        164,
        114,
        142,
        130,
        112,
        238,
        220,
        194,
        136,
        121,
        93,
        170,
        161,
        88,
        128,
        153,
        108
      ]
    },
    {
      "margin": false,
      "index": 13,
      "file": null,
      "u": 0.333333343,
      "v": 0.5,
      "uw": 0.333333343,
      "vh": 0.229166672,
      "width": 469,
      "height": 469,
      "descriptor": [
        126,
        116,
        105,
        84,
        85,
        76,
        94,
        69,
        54,
        241,
        214,
        186,
        79,
        90,
        86,
        100,
        100,
        91,
        170,
        167,
        139,
        152,
        122,
        98,
        115,
        125,
        109,
        92,
        91,
        75,
        240,
        206,
        173,
        176,
        158,
        135,
        94,
        100,
        79,
        96,
        111,
        95,
        118,
        106,
        95,
        180,
        154,
        124
      ]
    },
    {
      "margin": false,
      "index": 14,
      "file": null,
      "u": 0.6666667,
      "v": 0.5,
      "uw": 0.333333343,
      "vh": 0.229166672,
      "width": 469,
      "height": 469,