{
  "title": "KRST KRISTOV V JORDANE",
  "author": "STREDOEURÓPSKY MALIAR Z KONCA 18. STOROČIA",
  "year": "(1770 - 1790)",
  "id": "SNG-0001003060",
  "width": 2048,
  "height": 1152,
  "file": "SNG--O_2667--1_1--_2015_08_27_--L2_WEB_3538.webp",
  "tiles_x": 5,
  "tiles_y": 3,
  "offset_x": 0.03125,
  "offset_y": 0.0,
  "tiles": [
    {
      "margin": false,
      "index": 6,
      "file": null,
      "u": 0.03125,
      "v": 0.0,
      "uw": 0.1875,
      "vh": 0.333333343,
      "width": 384,
      "height": 384,
      "descriptor": [
        86,
        82,
        60,
        107,
        90,
        55,
        109,
        95,
        53,
        103,
        88,
        56,
        67,
        64,
        43,
        113,
        81,
        46,
        106,
        75,
        19,
        117,
        78,
        32,
        61,
        63,
        46,
        64,
        62,
        41,
        92,
        81,
        43,
        81,
        61,
        32,
        72,
        70,
        43,
        67,
        74,
        49,
        99,
        88,
        59,
        52,
        50,
        39
      ]
    },
    {
      "margin": false,
      "index": 7,
      "file": null,
      "u": 0.21875,
      "v": 0.0,
      "uw": 0.1875,
      "vh": 0.333333343,
      "width": 384,
      "height": 384,
      "descriptor": [
        75,
        60,
        25,
        72,
        62,
        37,
        93,
        82,
        49,
        85,
        83,
        55,
        68,
        40,
        16,
        72,
        77,
        54,
        72,
        72,
        42,
        59,
        68,
        43,
        51,
        51,
        42,
        107,
        96,
        61,
        74,
        71,
        45,
        61,
        64,
        41,
        58,
        61,
        49,
        74,
        76,
        49,
        65,
        62,
        40,
        143,
        114,
        73
      ]
    },
    {
      "margin": false,
      "index": 8,
      "file": null,
      "u": 0.40625,
      "v": 0.0,
      "uw": 0.1875,
      "vh": 0.333333343,
      "width": 384,
      "height": 384,
      "descriptor": [
        58,
        67,
        46,
        72,
        60,
        47,
        31,
        55,
        35,
        67,
        71,
        41,
        127,
        99,
        49,
        70,
        52,
        40,
        24,
        43,
        24,
        81,
        89,
        61,
        121,
        90,
        58,
        55,
        58,
        41,
        41,
        42,
        27,
        64,
        71,
        49,
        134,
        102,
        56,
        113,
        79,
        44,
        113,
        90,
        52,
        115,
        93,
        61
      ]
    },
    {
      "margin": false,
      "index": 9,
      "file": null,
      "u": 0.59375,
      "v": 0.0,
      "uw": 0.1875,
      "vh": 0.333333343,
      "width": 384,
      "height": 384,
      "descriptor": [
        60,
        67,
        44,
        175,
        152,
        93,
        59,
        66,
        48,
        46,
        56,
        36,
        81,
        69,
        30,
        77,
        67,
        41,
        70,
        73,
        55,
        120,
        94,
        49,
        76,
        75,
        52,
        144,
        119,
        74,
        60,
        65,
        47,
        109,
        67,
        31,
        54,
        53,
        49,
        41,
        51,
        47,
        119,
        92,
        54,
        119,
        82,
        42
      ]
    },
    {
      "margin": false,
      "index": 10,
      "file": null,
      "u": 0.78125,
      "v": 0.0,
      "uw": 0.1875,
      "vh": 0.333333343,
      "width": 384,
      "height": 384,
      "descriptor": [
        51,
        57,
        40,
        56,
        69,
        49,
        49,
        57,
        42,
        43,
        38,
        28,
        46,
        33,
        9,
        75,
        65,
        57,
        57,
        46,
        34,
        54,
        55,
        42,
        57,
        56,
        38,
        71,
        59,
        36,
        71,
        68,
        57,
        62,
        46,
        27,
        109,
        80,
        37,
        106,
        87,
        51,
        62,
        52,
        44,
        65,
        54,
        42
      ]
    },
    {
      "margin": false,
      "index": 11,
      "file": null,
      "u": 0.03125,
      "v": 0.333333343,
      "uw": 0.1875,
      "vh": 0.333333343,
      "width": 384,
      "height": 384,
      "descriptor": [
        61,
        62,
        42,
        79,
        78,
        62,
        68,
        74,
        52,
        63,
        59,
        48,
        106,
        83,
        36,
        121,
        83,
        36,
        64,
        49,
        37,
        59,
        57,
        47,
        60,
        58,
        50,
        118,
        36,
        3,
        142,
        81,
        47,
        77,
        59,
        45,
        63,
        62,
        51,
        103,
        89,
        63,
        135,
        98,
        59,
        82,
        62,
        46
      ]
    },
    {
      "margin": false,
      "index": 12,
      "file": null,
      "u": 0.21875,
      "v": 0.333333343,
      "uw": 0.1875,
      "vh": 0.333333343,
      "width": 384,
      "height": 384,
      "descriptor": [
        71,
        69,
        50,
        83,
        71,
        49,
        107,
        91,
        64,
        136,
        106,
        62,
        116,
        98,
        66,
        90,
        76,
        51,
        156,
        130,
        80,
        157,
        129,
        76,
        68,
        70,
        51,
        124,
        106,
        68,
        148,
        125,
        81,
        92,
        77,
        49,
        100,
        83,
        58,
        96,
        85,
        59,
        134,
        105,
        62,
        85,
        67,
        51
      ]
    },
    {
      "margin": false,
      "index": 13,
      "file": null,
      "u": 0.40625,
      "v": 0.333333343,
      "uw": 0.1875,
      "vh": 0.333333343,
      "width": 384,
      "height": 384,
      "descriptor": [
        104,
        65,
        39,
        89,
        60,
        18,
        135,
        115,
        83,
        95,
        77,
        48,
        88,
        69,
        46,
        131,
        105,
        69,
        83,
        50,
        27,
        67,
        72,
        54,
        83,
        68,
        50,
        60,
        63,
        49,
        93,
        56,
        39,
        125,
        72,
        41,
        133,
        100,
        53,
        102,
        84,
        61,
        48,
        53,
        33,
        109,
        70,
        51
      ]
    },
    {
      "margin": false,
      "index": 14,
      "file": null,
      "u": 0.59375,
      "v": 0.333333343,
      "uw": 0.1875,
      "vh": 0.333333343,
      "width": 384,
      "height": 384,
      "descriptor": [
        45,
        55,
        49,
        109,
        83,
        51,
        86,
        59,
        41,
        141,
        112,
        72,
        135,
        86,
        47,
        72,
        42,
        20,
        88,
        62,
        42,
        103,
        83,
        54,
        100,
        65,
        42,
        79,
        51,
        39,
        121,
        94,
        62,
        72,
        69,
        50,
        90,
        63,
        44,
        89,
        56,
        37,
        84,
        62,
        52,
        124,
        90,
        47
      ]
    },
    {
      "margin": false,
      "index": 15,
      "file": null,
      "u": 0.78125,
      "v": 0.333333343,
      "uw": 0.1875,
      "vh": 0.333333343,
      "width": 384,
      "height": 384,