{
  "title": "RODINA",
  "author": "KISS, VIKTOR",
  "year": "1932",
  "id": "SNG-0001002823",
  "width": 1408,
  "height": 2048,
  "file": "SNG--O_3280--1_1--_2015_08_11_--L2_WEB_46498.webp",
  "tiles_x": 3,
  "tiles_y": 4,
  "offset_x": 0.0,
  "offset_y": 0.0416666567,
  "tiles": [
    {
      "margin": false,
      "index": 6,
      "file": null,
      "u": 0.0,
      "v": 0.0416666567,
      "uw": 0.333333343,
      "vh": 0.229166672,
      "width": 469,
      "height": 469,
      "descriptor": [
        166,
        163,
        151,
        85,
        83,
        83,
        124,
        102,
        80,
        143,
        110,
        84,
        164,
        166,
        159,
        115,
        94,
        69,
        112,
        88,
        61,
        146,
        112,
        87,
        82,
        73,
        70,
        118,
        96,
        72,
        140,
        109,
        79,
        118,
        99,
        73,
        97,
        87,
        80,
        142,
        108,
        79,
        135,
        99,
        72,
        148,
        117,
        86
      ]
    },
    {
      "margin": false,
      "index": 7,
      "file": null,
      "u": 0.333333343,
      "v": 0.0416666567,
      "uw": 0.333333343,
      "vh": 0.229166672,
      "width": 469,
      "height": 469,
      "descriptor": [
        121,
        100,
        74,
        90,
        81,
        74,
        139,
        147,
        148,
        122,
        132,
        139,
        159,
        127,
        94,
        144,
        118,
        86,
        91,
        85,
        80,
        120,
        128,
        134,
        162,
        129,
        91,
        160,
        126,
        91,
        148,
        119,
        89,
        108,
        123,
        135,
        156,
        123,
        89,
        106,
        95,
        80,
        129,
        106,
        80,
        118,
        129,
        145
      ]
    },
    {
      "margin": false,
      "index": 8,
      "file": null,
      "u": 0.6666667,
      "v": 0.0416666567,
      "uw": 0.333333343,
      "vh": 0.229166672,
      "width": 469,
      "height": 469,
      "descriptor": [
        111,
        126,
        145,
        91,
        79,
        76,
        91,
        73,
        71,
        84,
        62,
        60,
        122,
        133,
        144,
        81,
        69,
        68,
        81,
        63,
        62,
        102,
        73,
        70,
        123,
        133,
        141,
        63,
        56,
        60,
        76,
        63,
        64,
        123,
        102,
        103,
        110,
        124,
        140,
        71,
        54,
        56,
        77,
        63,
        62,
        67,
        48,
        47
      ]
    },
    {
      "margin": false,
      "index": 9,
      "file": null,
      "u": 0.0,
      "v": 0.2708333,
      "uw": 0.333333343,
      "vh": 0.229166672,
      "width": 469,
      "height": 469,
      "descriptor": [
        132,
        135,
        136,
        138,
        108,
        79,
        147,
        110,
        77,
        153,
        118,
        88,
        43,
        60,
        102,
        143,
        113,
        82,
        148,
        116,
        81,
        164,
        129,
        90,
        63,
        90,
        130,
        153,
        122,
        88,
        131,
        101,
        73,
        156,
        121,
        85,
        65,
        81,
        122,
        161,
        128,
        92,
        159,
        130,
        97,
        132,
        106,
        85
      ]
    },
    {
      "margin": false,
      "index": 10,
      "file": null,
      "u": 0.333333343,
      "v": 0.2708333,
      "uw": 0.333333343,
      "vh": 0.229166672,
      "width": 469,
      "height": 469,
      "descriptor": [
        160,
        126,
        93,
        139,
        116,
        95,
        147,
        112,
        83,
        97,
        95,
        94,
        158,
        127,
        92,
        137,
        112,
        85,
        141,
        96,
        71,
        148,
        103,
        66,
        158,
        125,
        90,
        133,
        91,
        72,
        140,
        94,
        65,
        129,
        88,
        65,
        164,
        144,
        118,
        152,
        120,
        86,
        105,
        87,
        74,
        126,
        91,
        73
      ]
    },
    {
      "margin": false,
      "index": 11,
      "file": null,
      "u": 0.6666667,
      "v": 0.2708333,
      "uw": 0.333333343,
      "vh": 0.229166672,
      "width": 469,
      "height": 469,
      "descriptor": [
        123,
        134,
        139,
        64,
        56,
        59,
        72,
        57,
        59,
        68,
        48,
        50,
        110,
        73,
        51,
        132,
        81,
        57,
        75,
        62,
        65,
        77,
        59,
        57,
        121,
        85,
        59,
        119,
        83,
        71,
        69,
        68,
        74,
        74,
        44,
        44,
        128,
        86,
        54,
        153,
        126,
        95,
        140,
        109,
        87,
        72,
        49,
        51
      ]
    },
    {
      "margin": false,
      "index": 12,
      "file": null,
      "u": 0.0,
      "v": 0.5,
      "uw": 0.333333343,
      "vh": 0.229166672,
      "width": 469,
      "height": 469,
      "descriptor": [
        110,
        124,
        129,
        156,
        123,
        86,
        134,
        104,
        76,
        138,
        112,
        86,
        167,
        153,
        125,
        157,
        124,
        93,
        157,
        133,
        110,
        125,
        100,
        82,
        211,
        203,
        189,
        179,
        151,
        128,
        135,
        104,
        79,
        160,
        126,
        91,
        196,
        184,
        165,
        121,
        131,
        141,
        175,
        90,
        75,
        164,
        74,
        65
      ]
    },
    {
      "margin": false,
      "index": 13,
      "file": null,
      "u": 0.333333343,
      "v": 0.5,
      "uw": 0.333333343,
      "vh": 0.229166672,
      "width": 469,
      "height": 469,
      "descriptor": [
        161,
        130,
        91,
        155,
        137,
        114,
        134,
        116,
        99,
        149,
        117,
        89,
        160,
        129,
        98,
        165,
        133,
        98,
        150,
        121,
        92,
        161,
        134,
        110,
        154,
        128,
        101,
        159,
        129,
        100,
        158,
        128,
        92,
        160,
        125,
        88,
        156,
        129,
        98,
        156,
        131,
        103,
        154,
        120,
        85,
        151,
        122,
        90
      ]
    },
    {
      "margin": false,
      "index": 14,
      "file": null,
      "u": 0.6666667,
      "v": 0.5,
      "uw": 0.333333343,
      "vh": 0.229166672,
      "width": 469,
      "height": 469,
      "descriptor": [
        142,
        125,
        100,
        153,
        125,
        93,
        149,
        130,
        109,
        63,
        46,
        47,
        146,
        107,
        77,
        134,
        111,
        86,
        114,
        102,
        88,
        73,
        48,
        48,
        148,
        121,
        91,
        129,
        85,
        65,
        188,
        180,
        163,
        69,
        47,
        48,
        156,
        129,
        101,
        182,
        166,
        148,
        190,
        178,
        163,
        70,
        50,
        52
      ]
    },
    {
      "margin": false,
      "index": 15,
      "file": null,
      "u": 0.0,
      "v": 0.7291666,
      "uw": 0.333333343,
      "vh": 0.229166672,