{
  "title": "PODOBIZEŇ SEDIACEHO MUŽA SO PSOM",
  "author": "PALINKA",
  "year": "1853",
  "id": "SNG-0001002504",
  "width": 1536,
  "height": 2048,
  "file": "SNG--O_1819--1_1--_2015_07_22_--L2_WEB_98724.webp",
  "tiles_x": 3,
  "tiles_y": 4,
  "offset_x": 0.0,
  "offset_y": 0.0,
  "tiles": [
    {
      "margin": false,
      "index": 0,
      "file": null,
      "u": 0.0,
      "v": 0.0,
      "uw": 0.333333343,
      "vh": 0.25,
      "width": 512,
      "height": 512,
      "descriptor": [
        50,
        48,
        43,
        42,
        44,
        36,
        35,
        35,
        25,
        61,
        56,
        46,
        46,
        45,
        39,
        42,
        41,
        33,
        43,
        41,
        32,
        45,
        42,
        31,
        62,
        57,
        49,
        49,
        43,
        33,
        61,
        56,
        46,
        61,
        53,
        43,
        56,
        52,
        40,
        45,
        41,
        29,
        52,
        48,
        37,
        63,
        53,
        42
      ]
    },
    {
      "margin": false,
      "index": 1,
      "file": null,
      "u": 0.333333343,
      "v": 0.0,
      "uw": 0.333333343,
      "vh": 0.25,
      "width": 512,
      "height": 512,
      "descriptor": [
        43,
        37,
        19,
        48,
        41,
        27,
        59,
        49,
        34,
        76,
        61,
        43,
        53,
        48,
        33,
        68,
        57,
        45,
        74,
        66,
        54,
        76,
        61,
        47,
        65,
        55,
        45,
        88,
        70,
        45,
        79,
        68,
        52,
        84,
        68,
        48,
        65,
        56,
        43,
        189,
        143,
        89,
        171,
        127,
        81,
        109,
        89,
        59
      ]
    },
    {
      "margin": false,
      "index": 2,
      "file": null,
      "u": 0.6666667,
      "v": 0.0,
      "uw": 0.333333343,
      "vh": 0.25,
      "width": 512,
      "height": 512,
      "descriptor": [
        85,
        68,
        52,
        82,
        66,
        49,
        81,
        65,
        49,
        79,
        69,
        56,
        81,
        65,
        47,
        85,
        72,
        52,
        83,
        67,
        50,
        81,
        64,
        46,
        98,
        82,
        59,
        92,
        78,
        55,
        101,
        84,
        57,
        90,
        76,
        51,
        103,
        84,
        55,
        111,
        91,
        61,
        109,
        90,
        59,
        103,
        85,
        54
      ]
    },
    {
      "margin": false,
      "index": 3,
      "file": null,
      "u": 0.0,
      "v": 0.25,
      "uw": 0.333333343,
      "vh": 0.25,
      "width": 512,
      "height": 512,
      "descriptor": [
        57,
        50,
        40,
        46,
        41,
        25,
        57,
        48,
        32,
        73,
        58,
        44,
        60,
        53,
        44,
        51,
        43,
        27,
        67,
        53,
        39,
        82,
        66,
        47,
        73,
        59,
        49,
        58,
        50,
        43,
        86,
        36,
        33,
        38,
        48,
        45,
        100,
        50,
        48,
        65,
        20,
        13,
        68,
        30,
        28,
        45,
        55,
        49
      ]
    },
    {
      "margin": false,
      "index": 4,
      "file": null,
      "u": 0.333333343,
      "v": 0.25,
      "uw": 0.333333343,
      "vh": 0.25,
      "width": 512,
      "height": 512,
      "descriptor": [
        150,
        101,
        66,
        188,
        135,
        89,
        148,
        93,
        52,
        129,
        103,
        68,
        82,
        66,
        41,
        170,
        123,
        86,
        168,
        113,
        75,
        142,
        118,
        85,
        32,
        45,
        40,
        40,
        47,
        43,
        32,
        39,
        36,
        144,
        122,
        91,
        22,
        33,
        30,
        35,
        48,
        42,
        206,
        181,
        138,
        43,
        51,
        48
      ]
    },
    {
      "margin": false,
      "index": 5,
      "file": null,
      "u": 0.6666667,
      "v": 0.25,
      "uw": 0.333333343,
      "vh": 0.25,
      "width": 512,
      "height": 512,
      "descriptor": [
        118,
        95,
        60,
        119,
        97,
        61,
        113,
        92,
        61,
        106,
        87,
        54,
        125,
        99,
        63,
        119,
        95,
        62,
        124,
        100,
        69,
        115,
        93,
        56,
        131,
        107,
        74,
        128,
        103,
        66,
        121,
        95,
        59,
        114,
        91,
        57,
        122,
        100,
        75,
        118,
        95,
        64,
        108,
        87,
        57,
        94,
        76,
        49
      ]
    },
    {
      "margin": false,
      "index": 6,
      "file": null,
      "u": 0.0,
      "v": 0.5,
      "uw": 0.333333343,
      "vh": 0.25,
      "width": 512,
      "height": 512,
      "descriptor": [
        87,
        35,
        33,
        83,
        46,
        42,
        19,
        29,
        27,
        28,
        41,
        37,
        100,
        37,
        36,
        72,
        47,
        44,
        24,
        38,
        34,
        31,
        43,
        38,
        71,
        39,
        39,
        34,
        43,
        40,
        30,
        46,
        40,
        29,
        43,
        38,
        75,
        54,
        50,
        47,
        55,
        50,
        27,
        41,
        36,
        28,
        38,
        35
      ]
    },
    {
      "margin": false,
      "index": 7,
      "file": null,
      "u": 0.333333343,
      "v": 0.5,
      "uw": 0.333333343,
      "vh": 0.25,
      "width": 512,
      "height": 512,
      "descriptor": [
        41,
        53,
        48,
        28,
        36,
        34,
        211,
        188,
        142,
        37,
        46,
        44,
        43,
        54,
        48,
        31,
        42,
        38,
        190,
        165,
        125,
        38,
        48,
        44,
        39,
        51,
        46,
        39,
        48,
        46,
        39,
        43,
        43,
        31,
        40,
        35,
        47,
        54,
        50,
        76,
        70,
        55,
        117,
        71,
        33,
        100,
        74,
        41
      ]
    },
    {
      "margin": false,
      "index": 8,
      "file": null,
      "u": 0.6666667,
      "v": 0.5,
      "uw": 0.333333343,
      "vh": 0.25,
      "width": 512,
      "height": 512,
      "descriptor": [
        19,
        31,
        28,
        103,
        82,
        53,
        90,
        72,
        47,
        82,
        61,
        40,
        15,
        26,
        24,
        80,
        66,
        53,
        76,
        57,
        41,
        65,
        51,
        36,
        22,
        34,
        31,
        32,
        42,
        39,
        64,
        51,
        38,
        51,
        46,
        28,
        35,
        42,
        40,
        35,
        46,
        43,
        23,
        33,
        29,
        35,
        33,
        23
      ]
    },
    {
      "margin": false,
      "index": 9,
      "file": null,
      "u": 0.0,
      "v": 0.75,
      "uw": 0.333333343,
      "vh": 0.25,
      "width": 512,
      "height": 512,