{
  "title": "VIDIECKY MOTÍV",
  "author": "POLÓNYI, KAROL",
  "year": "(1931 - 1936)",
  "id": "SNG-0001002218",
  "width": 2048,
  "height": 1536,
  "file": "SNG--K_13767--1_1--_2015_07_01_--L2_WEB_32808.webp",
  "tiles_x": 4,
  "tiles_y": 3,
  "offset_x": 0.0,
  "offset_y": 0.0,
  "tiles": [
    {
      "margin": false,
      "index": 0,
      "file": null,
      "u": 0.0,
      "v": 0.0,
      "uw": 0.25,
      "vh": 0.333333343,
      "width": 512,
      "height": 512,
      "descriptor": [
        113,
        137,
        176,
        113,
        129,
        167,
        75,
        89,
        105,
        92,
        104,
        116,
        107,
        97,
        94,
        93,
        82,
        79,
        81,
        94,
        107,
        78,
        89,
        104,
        103,
        91,
        83,
        83,
        59,
        61,
        64,
        77,
        90,
        66,
        79,
        91,
        92,
        69,
        67,
        84,
        51,
        56,
        77,
        51,
        54,
        69,
        79,
        90
      ]
    },
    {
      "margin": false,
      "index": 1,
      "file": null,
      "u": 0.25,
      "v": 0.0,
      "uw": 0.25,
      "vh": 0.333333343,
      "width": 512,
      "height": 512,
      "descriptor": [
        112,
        115,
        114,
        79,
        93,
        108,
        88,
        102,
        116,
        110,
        134,
        173,
        80,
        92,
        104,
        71,
        87,
        102,
        70,
        83,
        98,
        70,
        84,
        98,
        77,
        90,
        102,
        110,
        109,
        109,
        108,
        116,
        117,
        121,
        131,
        133,
        114,
        115,
        113,
        123,
        132,
        130,
        120,
        127,
        128,
        114,
        126,
        126
      ]
    },
    {
      "margin": false,
      "index": 2,
      "file": null,
      "u": 0.5,
      "v": 0.0,
      "uw": 0.25,
      "vh": 0.333333343,
      "width": 512,
      "height": 512,
      "descriptor": [
        115,
        140,
        188,
        93,
        120,
        156,
        102,
        127,
        154,
        106,
        131,
        171,
        120,
        131,
        131,
        85,
        92,
        92,
        113,
        120,
        121,
        77,
        88,
        102,
        116,
        125,
        123,
        123,
        133,
        132,
        83,
        64,
        58,
        60,
        46,
        49,
        122,
        130,
        131,
        107,
        114,
        113,
        124,
        120,
        114,
        83,
        65,
        56
      ]
    },
    {
      "margin": false,
      "index": 3,
      "file": null,
      "u": 0.75,
      "v": 0.0,
      "uw": 0.25,
      "vh": 0.333333343,
      "width": 512,
      "height": 512,
      "descriptor": [
        120,
        143,
        199,
        120,
        145,
        198,
        117,
        143,
        202,
        122,
        144,
        196,
        117,
        132,
        181,
        67,
        70,
        76,
        118,
        140,
        181,
        119,
        141,
        186,
        123,
        130,
        130,
        114,
        119,
        118,
        100,
        89,
        82,
        115,
        132,
        174,
        119,
        119,
        113,
        59,
        53,
        52,
        68,
        57,
        52,
        86,
        78,
        72
      ]
    },
    {
      "margin": false,
      "index": 4,
      "file": null,
      "u": 0.0,
      "v": 0.333333343,
      "uw": 0.25,
      "vh": 0.333333343,
      "width": 512,
      "height": 512,
      "descriptor": [
        159,
        135,
        137,
        153,
        117,
        123,
        114,
        72,
        70,
        106,
        100,
        109,
        152,
        131,
        129,
        110,
        93,
        79,
        158,
        139,
        137,
        151,
        125,
        91,
        188,
        174,
        163,
        203,
        192,
        188,
        198,
        189,
        182,
        113,
        92,
        70,
        105,
        95,
        89,
        190,
        173,
        167,
        130,
        126,
        115,
        160,
        124,
        89
      ]
    },
    {
      "margin": false,
      "index": 5,
      "file": null,
      "u": 0.25,
      "v": 0.333333343,
      "uw": 0.25,
      "vh": 0.333333343,
      "width": 512,
      "height": 512,
      "descriptor": [
        128,
        108,
        87,
        139,
        108,
        94,
        87,
        68,
        69,
        141,
        142,
        153,
        198,
        161,
        123,
        164,
        146,
        130,
        190,
        158,
        129,
        92,
        83,
        79,
        160,
        126,
        90,
        86,
        73,
        63,
        106,
        92,
        80,
        111,
        90,
        84,
        122,
        99,
        75,
        158,
        127,
        93,
        180,
        143,
        111,
        164,
        139,
        126
      ]
    },
    {
      "margin": false,
      "index": 6,
      "file": null,
      "u": 0.5,
      "v": 0.333333343,
      "uw": 0.25,
      "vh": 0.333333343,
      "width": 512,
      "height": 512,
      "descriptor": [
        157,
        164,
        177,
        153,
        159,
        168,
        101,
        118,
        127,
        85,
        78,
        77,
        185,
        189,
        202,
        70,
        57,
        61,
        165,
        167,
        154,
        96,
        76,
        79,
        162,
        173,
        188,
        170,
        181,
        187,
        184,
        187,
        187,
        178,
        185,
        182,
        131,
        133,
        127,
        52,
        85,
        115,
        100,
        99,
        100,
        84,
        95,
        88
      ]
    },
    {
      "margin": false,
      "index": 7,
      "file": null,
      "u": 0.75,
      "v": 0.333333343,
      "uw": 0.25,
      "vh": 0.333333343,
      "width": 512,
      "height": 512,
      "descriptor": [
        116,
        87,
        69,
        61,
        55,
        56,
        62,
        46,
        48,
        109,
        81,
        54,
        65,
        67,
        68,
        75,
        65,
        72,
        125,
        130,
        131,
        130,
        132,
        130,
        185,
        195,
        191,
        113,
        107,
        101,
        153,
        157,
        157,
        130,
        133,
        134,
        96,
        109,
        98,
        99,
        96,
        91,
        70,
        70,
        73,
        169,
        166,
        165
      ]
    },
    {
      "margin": false,
      "index": 8,
      "file": null,
      "u": 0.0,
      "v": 0.6666667,
      "uw": 0.25,
      "vh": 0.333333343,
      "width": 512,
      "height": 512,
      "descriptor": [
        152,
        141,
        129,
        183,
        161,
        147,
        81,
        77,
        68,
        112,
        92,
        69,
        142,
        129,
        115,
        151,
        136,
        121,
        70,
        66,
        63,
        60,
        52,
        51,
        182,
        125,
        84,
        49,
        39,
        37,
        55,
        46,
        45,
        43,
        38,
        37,
        136,
        103,
        79,
        77,
        72,
        66,
        95,
        87,
        82,
        60,
        51,
        49
      ]
    },
    {
      "margin": false,
      "index": 9,
      "file": null,
      "u": 0.25,
      "v": 0.6666667,
      "uw": 0.25,
      "vh": 0.333333343,
      "width": 512,
      "height": 512,