{
  "title": "SVÄTÁ ANNA SAMOTRETIA",
  "author": "SLOVENSKÝ MALIAR Z 18. STOROČIA, NEZNÁMY MALIAR",
  "year": "(1700 - 1800)",
  "id": "SNG-0001003122",
  "width": 1792,
  "height": 2048,
  "file": "SNG--O_5160--1_1--_2015_08_27_--L2_WEB_16420.webp",
  "tiles_x": 3,
  "tiles_y": 3,
  "offset_x": 0.0,
  "offset_y": 0.0625,
  "tiles": [
    {
      "margin": false,
      "index": 6,
      "file": null,
      "u": 0.0,
      "v": 0.0625,
      "uw": 0.3333333,
      "vh": 0.291666657,
      "width": 597,
      "height": 597,
      "descriptor": [
        76,
        62,
        53,
        57,
        51,
        39,
        54,
        47,
        40,
        60,
        51,
        41,
        77,
        66,
        59,
        145,
        55,
        39,
        63,
        56,
        49,
        150,
        101,
        75,
        43,
        51,
        34,
        157,
        130,
        115,
        114,
        69,
        56,
        97,
        93,
        81,
        50,
        56,
        46,
        107,
        116,
        101,
        113,
        118,
        103,
        114,
        99,
        87
      ]
    },
    {
      "margin": false,
      "index": 7,
      "file": null,
      "u": 0.3333333,
      "v": 0.0625,
      "uw": 0.3333333,
      "vh": 0.291666657,
      "width": 597,
      "height": 597,
      "descriptor": [
        141,
        104,
        66,
        76,
        54,
        28,
        116,
        93,
        48,
        150,
        119,
        71,
        92,
        48,
        38,
        54,
        45,
        34,
        47,
        36,
        20,
        58,
        41,
        26,
        84,
        58,
        39,
        179,
        149,
        100,
        144,
        119,
        73,
        47,
        38,
        27,
        138,
        109,
        83,
        63,
        74,
        66,
        73,
        52,
        28,
        82,
        74,
        60
      ]
    },
    {
      "margin": false,
      "index": 8,
      "file": null,
      "u": 0.6666666,
      "v": 0.0625,
      "uw": 0.3333333,
      "vh": 0.291666657,
      "width": 597,
      "height": 597,
      "descriptor": [
        193,
        152,
        60,
        51,
        37,
        32,
        51,
        41,
        38,
        51,
        40,
        39,
        120,
        83,
        48,
        92,
        54,
        18,
        71,
        46,
        26,
        41,
        20,
        8,
        62,
        44,
        32,
        58,
        38,
        22,
        55,
        33,
        15,
        69,
        50,
        34,
        61,
        48,
        34,
        66,
        52,
        39,
        56,
        41,
        31,
        57,
        45,
        34
      ]
    },
    {
      "margin": false,
      "index": 9,
      "file": null,
      "u": 0.0,
      "v": 0.354166657,
      "uw": 0.3333333,
      "vh": 0.291666657,
      "width": 597,
      "height": 597,
      "descriptor": [
        68,
        55,
        45,
        89,
        67,
        44,
        93,
        94,
        82,
        101,
        117,
        113,
        58,
        52,
        40,
        68,
        51,
        40,
        99,
        84,
        65,
        138,
        94,
        34,
        107,
        95,
        77,
        49,
        48,
        39,
        60,
        52,
        46,
        101,
        61,
        44,
        51,
        45,
        40,
        48,
        39,
        34,
        53,
        49,
        43,
        114,
        69,
        43
      ]
    },
    {
      "margin": false,
      "index": 10,
      "file": null,
      "u": 0.3333333,
      "v": 0.354166657,
      "uw": 0.3333333,
      "vh": 0.291666657,
      "width": 597,
      "height": 597,
      "descriptor": [
        145,
        115,
        84,
        80,
        65,
        53,
        82,
        59,
        32,
        131,
        99,
        57,
        137,
        104,
        81,
        195,
        153,
        112,
        83,
        54,
        34,
        128,
        114,
        90,
        119,
        81,
        59,
        121,
        73,
        47,
        82,
        57,
        39,
        82,
        68,
        55,
        170,
        142,
        112,
        176,
        152,
        117,
        49,
        40,
        34,
        126,
        84,
        62
      ]
    },
    {
      "margin": false,
      "index": 11,
      "file": null,
      "u": 0.6666666,
      "v": 0.354166657,
      "uw": 0.3333333,
      "vh": 0.291666657,
      "width": 597,
      "height": 597,
      "descriptor": [
        60,
        52,
        30,
        73,
        56,
        44,
        72,
        61,
        37,
        60,
        43,
        25,
        58,
        48,
        35,
        59,
        50,
        30,
        83,
        47,
        17,
        73,
        52,
        37,
        105,
        86,
        57,
        53,
        52,
        46,
        81,
        57,
        48,
        62,
        50,
        42,
        56,
        54,
        37,
        63,
        55,
        49,
        69,
        56,
        42,
        95,
        70,
        54
      ]
    },
    {
      "margin": false,
      "index": 12,
      "file": null,
      "u": 0.0,
      "v": 0.6458333,
      "uw": 0.3333333,
      "vh": 0.291666657,
      "width": 597,
      "height": 597,
      "descriptor": [
        52,
        45,
        37,
        102,
        72,
        44,
        44,
        60,
        57,
        73,
        78,
        87,
        55,
        46,
        35,
        54,
        52,
        45,
        74,
        92,
        97,
        65,
        63,
        65,
        61,
        59,
        53,
        60,
        55,
        47,
        54,
        65,
        66,
        64,
        67,
        63,
        85,
        51,
        40,
        71,
        69,
        62,
        54,
        68,
        68,
        55,
        61,
        56
      ]
    },
    {
      "margin": false,
      "index": 13,
      "file": null,
      "u": 0.3333333,
      "v": 0.6458333,
      "uw": 0.3333333,
      "vh": 0.291666657,
      "width": 597,
      "height": 597,
      "descriptor": [
        119,
        78,
        58,
        183,
        148,
        120,
        113,
        96,
        73,
        87,
        61,
        47,
        72,
        87,
        93,
        158,
        111,
        70,
        100,
        69,
        61,
        100,
        71,
        57,
        72,
        76,
        72,
        102,
        64,
        54,
        89,
        69,
        62,
        94,
        65,
        51,
        59,
        67,
        57,
        118,
        84,
        64,
        55,
        53,
        47,
        66,
        59,
        54
      ]
    },
    {
      "margin": false,
      "index": 14,
      "file": null,
      "u": 0.6666666,
      "v": 0.6458333,
      "uw": 0.3333333,
      "vh": 0.291666657,
      "width": 597,
      "height": 597,
      "descriptor": [
        77,
        53,
        38,
        82,
        59,
        46,
        64,
        50,
        44,
        111,
        66,
        35,
        163,
        120,
        75,
        92,
        64,
        48,
        71,
        62,
        53,
        105,
        67,
        45,
        101,
        68,
        53,
        85,
        59,
        41,
        63,
        52,
        48,
        61,
        57,
        47,
        94,
        75,
        67,
        89,
        79,
        69,
        63,
        61,
        47,
        85,
        68,
        57
      ]
    }
  ],
  "margins": [
    {
      "margin": true,
      "index": 0,
      "file": null,
      "u": 0.0,
      "v": 0.0,
      "uw": 0.3333333,
      "vh": 0.0625,
      "width": 597,
      "height": 128,
      "descriptor": null
    },
    {
      "margin": true,
      "index": 1,
      "file": null,