{
  "title": "ANNA MÁRIA B. DE HELLENBACH AKO 25 ROČNÁ",
  "author": "KRAMER, JÁN GOTTLIEB",
  "year": "1740",
  "id": "SNG-0001003112",
  "width": 1472,
  "height": 2048,
  "file": "SNG--O_4849--1_1--_2015_08_25_--L2_WEB_111892.webp",
  "tiles_x": 3,
  "tiles_y": 4,
  "offset_x": 0.0,
  "offset_y": 0.0208333433,
  "tiles": [
    {
      "margin": false,
      "index": 6,
      "file": null,
      "u": 0.0,
      "v": 0.0208333433,
      "uw": 0.3333333,
      "vh": 0.239583328,
      "width": 490,
      "height": 490,
      "descriptor": [
        84,
        67,
        31,
        67,
        56,
        11,
        85,
        66,
        37,
        77,
        61,
        16,
        79,
        62,
        25,
        89,
        68,
        32,
        93,
        57,
        24,
        86,
        64,
        22,
        75,
        61,
        24,
        86,
        66,
        25,
        159,
        142,
        103,
        131,
        106,
        75,
        71,
        59,
        24,
        87,
        68,
        30,
        94,
        65,
        23,
        87,
        67,
        25
      ]
    },
    {
      "margin": false,
      "index": 7,
      "file": null,
      "u": 0.3333333,
      "v": 0.0208333433,
      "uw": 0.3333333,
      "vh": 0.239583328,
      "width": 490,
      "height": 490,
      "descriptor": [
        82,
        60,
        17,
        96,
        71,
        30,
        95,
        70,
        36,
        86,
        68,
        33,
        101,
        75,
        38,
        108,
        97,
        72,
        118,
        112,
        98,
        45,
        35,
        23,
        94,
        73,
        47,
        140,
        124,
        103,
        186,
        155,
        130,
        109,
        88,
        66,
        96,
        66,
        24,
        103,
        79,
        48,
        109,
        72,
        46,
        114,
        90,
        68
      ]
    },
    {
      "margin": false,
      "index": 8,
      "file": null,
      "u": 0.6666666,
      "v": 0.0208333433,
      "uw": 0.3333333,
      "vh": 0.239583328,
      "width": 490,
      "height": 490,
      "descriptor": [
        83,
        62,
        28,
        82,
        63,
        24,
        81,
        58,
        18,
        80,
        58,
        19,
        95,
        73,
        30,
        81,
        63,
        33,
        91,
        75,
        46,
        84,
        67,
        38,
        92,
        72,
        48,
        85,
        67,
        35,
        86,
        66,
        36,
        92,
        78,
        49,
        89,
        69,
        45,
        92,
        77,
        60,
        92,
        71,
        29,
        72,
        58,
        15
      ]
    },
    {
      "margin": false,
      "index": 9,
      "file": null,
      "u": 0.0,
      "v": 0.2604167,
      "uw": 0.3333333,
      "vh": 0.239583328,
      "width": 490,
      "height": 490,
      "descriptor": [
        77,
        63,
        26,
        98,
        73,
        27,
        86,
        66,
        38,
        87,
        65,
        33,
        75,
        62,
        25,
        73,
        55,
        14,
        79,
        58,
        15,
        86,
        56,
        28,
        90,
        73,
        41,
        83,
        63,
        26,
        92,
        68,
        32,
        130,
        134,
        124,
        87,
        68,
        37,
        95,
        76,
        37,
        76,
        56,
        22,
        146,
        148,
        132
      ]
    },
    {
      "margin": false,
      "index": 10,
      "file": null,
      "u": 0.3333333,
      "v": 0.2604167,
      "uw": 0.3333333,
      "vh": 0.239583328,
      "width": 490,
      "height": 490,
      "descriptor": [
        93,
        64,
        20,
        93,
        62,
        23,
        140,
        116,
        97,
        95,
        76,
        46,
        138,
        123,
        100,
        157,
        133,
        112,
        119,
        119,
        103,
        144,
        123,
        104,
        181,
        173,
        145,
        179,
        111,
        85,
        203,
        108,
        83,
        185,
        127,
        91,
        157,
        148,
        131,
        187,
        183,
        156,
        168,
        74,
        50,
        161,
        154,
        134
      ]
    },
    {
      "margin": false,
      "index": 11,
      "file": null,
      "u": 0.6666666,
      "v": 0.2604167,
      "uw": 0.3333333,
      "vh": 0.239583328,
      "width": 490,
      "height": 490,
      "descriptor": [
        98,
        70,
        37,
        85,
        68,
        22,
        81,
        62,
        32,
        78,
        60,
        27,
        118,
        93,
        44,
        96,
        77,
        45,
        85,
        67,
        39,
        91,
        72,
        44,
        183,
        144,
        63,
        131,
        125,
        110,
        107,
        104,
        92,
        82,
        63,
        32,
        135,
        128,
        106,
        146,
        154,
        137,
        95,
        99,
        88,
        92,
        75,
        46
      ]
    },
    {
      "margin": false,
      "index": 12,
      "file": null,
      "u": 0.0,
      "v": 0.5,
      "uw": 0.3333333,
      "vh": 0.239583328,
      "width": 490,
      "height": 490,
      "descriptor": [
        74,
        60,
        33,
        86,
        65,
        30,
        84,
        65,
        30,
        152,
        157,
        142,
        66,
        53,
        22,
        54,
        54,
        29,
        85,
        66,
        29,
        172,
        178,
        161,
        77,
        63,
        28,
        78,
        64,
        28,
        101,
        79,
        53,
        84,
        83,
        86,
        79,
        68,
        36,
        99,
        70,
        27,
        152,
        141,
        109,
        84,
        98,
        96
      ]
    },
    {
      "margin": false,
      "index": 13,
      "file": null,
      "u": 0.3333333,
      "v": 0.5,
      "uw": 0.3333333,
      "vh": 0.239583328,
      "width": 490,
      "height": 490,
      "descriptor": [
        79,
        68,
        57,
        101,
        72,
        44,
        149,
        64,
        39,
        127,
        92,
        43,
        82,
        75,
        64,
        130,
        69,
        48,
        158,
        73,
        46,
        115,
        84,
        32,
        156,
        130,
        78,
        186,
        82,
        57,
        160,
        64,
        43,
        105,
        90,
        66,
        78,
        94,
        99,
        176,
        82,
        59,
        168,
        127,
        67,
        65,
        76,
        75
      ]
    },
    {
      "margin": false,
      "index": 14,
      "file": null,
      "u": 0.6666666,
      "v": 0.5,
      "uw": 0.3333333,
      "vh": 0.239583328,
      "width": 490,
      "height": 490,
      "descriptor": [
        46,
        54,
        41,
        114,
        88,
        37,
        105,
        94,
        55,
        74,
        55,
        27,
        23,
        34,
        26,
        153,
        159,
        148,
        119,
        129,
        120,
        81,
        66,
        41,
        89,
        88,
        68,
        170,
        173,
        159,
        87,
        85,
        74,
        72,
        63,
        28,
        187,
        160,
        141,
        122,
        100,
        80,
        87,
        75,
        57,
        72,
        57,
        22
      ]
    },
    {
      "margin": false,
      "index": 15,
      "file": null,
      "u": 0.0,
      "v": 0.7395834,
      "uw": 0.3333333,
      "vh": 0.239583328,
      "width": 490,
      "height": 490,