{
  "title": "DON QUIJOTE",
  "author": "MAJERNÍK, CYPRIÁN",
  "year": "1937",
  "id": "SNG-0001017537",
  "width": 1536,
  "height": 2048,
  "file": "SNG--O_592--1_1--2013_09_19--L2_WEB_9291.webp",
  "tiles_x": 3,
  "tiles_y": 4,
  "offset_x": 0.0,
  "offset_y": 0.0,
  "tiles": [
    {
      "margin": false,
      "index": 0,
      "file": null,
      "u": 0.0,
      "v": 0.0,
      "uw": 0.333333343,
      "vh": 0.25,
      "width": 512,
      "height": 512,
      "descriptor": [
        99,
        99,
        78,
        91,
        97,
        74,
        95,
        96,
        77,
        89,
        89,
        66,
        87,
        95,
        71,
        107,
        103,
        83,
        93,
        88,
        73,
        96,
        93,
        66,
        109,
        107,
        76,
        113,
        104,
        84,
        102,
        104,
        84,
        81,
        78,
        56,
        125,
        116,
        93,
        114,
        111,
        85,
        88,
        87,
        66,
        110,
        118,
        116
      ]
    },
    {
      "margin": false,
      "index": 1,
      "file": null,
      "u": 0.333333343,
      "v": 0.0,
      "uw": 0.333333343,
      "vh": 0.25,
      "width": 512,
      "height": 512,
      "descriptor": [
        89,
        93,
        70,
        101,
        96,
        75,
        108,
        104,
        84,
        111,
        109,
        86,
        47,
        33,
        36,
        104,
        101,
        77,
        91,
        90,
        62,
        95,
        92,
        68,
        97,
        96,
        82,
        100,
        96,
        69,
        100,
        92,
        53,
        99,
        90,
        77,
        107,
        108,
        88,
        82,
        82,
        61,
        98,
        93,
        74,
        87,
        85,
        73
      ]
    },
    {
      "margin": false,
      "index": 2,
      "file": null,
      "u": 0.6666667,
      "v": 0.0,
      "uw": 0.333333343,
      "vh": 0.25,
      "width": 512,
      "height": 512,
      "descriptor": [
        92,
        87,
        68,
        86,
        85,
        78,
        88,
        88,
        76,
        92,
        84,
        66,
        106,
        99,
        76,
        73,
        79,
        75,
        116,
        114,
        91,
        119,
        110,
        83,
        106,
        104,
        86,
        105,
        106,
        87,
        93,
        93,
        79,
        111,
        103,
        79,
        117,
        116,
        94,
        102,
        103,
        85,
        94,
        101,
        81,
        105,
        104,
        84
      ]
    },
    {
      "margin": false,
      "index": 3,
      "file": null,
      "u": 0.0,
      "v": 0.25,
      "uw": 0.333333343,
      "vh": 0.25,
      "width": 512,
      "height": 512,
      "descriptor": [
        124,
        125,
        102,
        106,
        103,
        85,
        98,
        98,
        70,
        88,
        84,
        66,
        89,
        90,
        73,
        97,
        95,
        76,
        96,
        90,
        72,
        83,
        67,
        46,
        90,
        85,
        68,
        101,
        88,
        63,
        94,
        83,
        65,
        110,
        99,
        71,
        110,
        97,
        78,
        81,
        69,
        57,
        56,
        42,
        47,
        168,
        145,
        108
      ]
    },
    {
      "margin": false,
      "index": 4,
      "file": null,
      "u": 0.333333343,
      "v": 0.25,
      "uw": 0.333333343,
      "vh": 0.25,
      "width": 512,
      "height": 512,
      "descriptor": [
        115,
        109,
        83,
        88,
        82,
        66,
        95,
        92,
        74,
        106,
        100,
        83,
        126,
        131,
        129,
        74,
        75,
        59,
        89,
        88,
        69,
        103,
        97,
        83,
        109,
        108,
        95,
        51,
        33,
        36,
        184,
        157,
        117,
        56,
        30,
        30,
        81,
        78,
        63,
        102,
        102,
        91,
        141,
        119,
        86,
        96,
        68,
        61
      ]
    },
    {
      "margin": false,
      "index": 5,
      "file": null,
      "u": 0.6666667,
      "v": 0.25,
      "uw": 0.333333343,
      "vh": 0.25,
      "width": 512,
      "height": 512,
      "descriptor": [
        100,
        93,
        75,
        102,
        105,
        93,
        123,
        120,
        100,
        121,
        121,
        100,
        100,
        93,
        72,
        118,
        109,
        82,
        98,
        91,
        72,
        116,
        117,
        101,
        86,
        76,
        62,
        100,
        92,
        74,
        103,
        100,
        77,
        114,
        112,
        88,
        73,
        42,
        44,
        105,
        92,
        73,
        120,
        118,
        96,
        109,
        106,
        81
      ]
    },
    {
      "margin": false,
      "index": 6,
      "file": null,
      "u": 0.0,
      "v": 0.5,
      "uw": 0.333333343,
      "vh": 0.25,
      "width": 512,
      "height": 512,
      "descriptor": [
        87,
        75,
        59,
        184,
        148,
        102,
        90,
        62,
        59,
        152,
        135,
        113,
        76,
        65,
        54,
        77,
        63,
        58,
        172,
        143,
        102,
        135,
        127,
        103,
        75,
        69,
        60,
        83,
        83,
        72,
        161,
        139,
        102,
        79,
        80,
        63,
        41,
        24,
        26,
        50,
        53,
        51,
        166,
        137,
        99,
        46,
        45,
        45
      ]
    },
    {
      "margin": false,
      "index": 7,
      "file": null,
      "u": 0.333333343,
      "v": 0.5,
      "uw": 0.333333343,
      "vh": 0.25,
      "width": 512,
      "height": 512,
      "descriptor": [
        151,
        134,
        112,
        88,
        89,
        83,
        165,
        140,
        96,
        87,
        73,
        70,
        128,
        120,
        93,
        86,
        87,
        87,
        188,
        157,
        116,
        39,
        32,
        34,
        79,
        81,
        64,
        86,
        89,
        70,
        76,
        61,
        64,
        93,
        89,
        63,
        64,
        52,
        46,
        79,
        82,
        84,
        82,
        83,
        96,
        78,
        78,
        79
      ]
    },
    {
      "margin": false,
      "index": 8,
      "file": null,
      "u": 0.6666667,
      "v": 0.5,
      "uw": 0.333333343,
      "vh": 0.25,
      "width": 512,
      "height": 512,
      "descriptor": [
        97,
        94,
        91,
        159,
        141,
        115,
        52,
        27,
        30,
        109,
        103,
        77,
        107,
        108,
        89,
        70,
        81,
        57,
        170,
        143,
        111,
        102,
        107,
        84,
        96,
        100,
        84,
        98,
        101,
        82,
        179,
        150,
        109,
        98,
        96,
        70,
        72,
        70,
        71,
        47,
        43,
        46,
        33,
        46,
        46,
        55,
        88,
        72
      ]
    },
    {
      "margin": false,
      "index": 9,
      "file": null,
      "u": 0.0,
      "v": 0.75,
      "uw": 0.333333343,
      "vh": 0.25,
      "width": 512,
      "height": 512,