{
  "title": "PODOBIZEŇ MLADEJ DÁMY V BIELOM ŠATE",
  "author": "GINOVSKÝ, JOZEF",
  "year": "1826",
  "id": "SNG-0001061883",
  "width": 1600,
  "height": 2048,
  "file": "SNG--O_5--1_1--_2016_08_16_--L2_WEB_59696169.webp",
  "tiles_x": 3,
  "tiles_y": 3,
  "offset_x": 0.0,
  "offset_y": 0.109375,
  "tiles": [
    {
      "margin": false,
      "index": 6,
      "file": null,
      "u": 0.0,
      "v": 0.109375,
      "uw": 0.3333333,
      "vh": 0.260416657,
      "width": 533,
      "height": 533,
      "descriptor": [
        58,
        84,
        78,
        72,
        102,
        97,
        76,
        101,
        94,
        65,
        95,
        90,
        47,
        78,
        73,
        78,
        109,
        102,
        61,
        87,
        75,
        78,
        103,
        97,
        59,
        87,
        80,
        68,
        96,
        86,
        57,
        72,
        42,
        71,
        83,
        61,
        76,
        88,
        52,
        55,
        59,
        27,
        53,
        70,
        42,
        57,
        72,
        43
      ]
    },
    {
      "margin": false,
      "index": 7,
      "file": null,
      "u": 0.3333333,
      "v": 0.109375,
      "uw": 0.3333333,
      "vh": 0.260416657,
      "width": 533,
      "height": 533,
      "descriptor": [
        9,
        6,
        2,
        26,
        22,
        4,
        23,
        17,
        1,
        13,
        13,
        1,
        14,
        7,
        1,
        183,
        147,
        94,
        64,
        42,
        8,
        70,
        50,
        9,
        29,
        20,
        4,
        205,
        162,
        104,
        147,
        114,
        64,
        44,
        36,
        4,
        59,
        52,
        23,
        199,
        151,
        97,
        188,
        135,
        78,
        37,
        29,
        0
      ]
    },
    {
      "margin": false,
      "index": 8,
      "file": null,
      "u": 0.6666666,
      "v": 0.109375,
      "uw": 0.3333333,
      "vh": 0.260416657,
      "width": 533,
      "height": 533,
      "descriptor": [
        68,
        96,
        90,
        63,
        89,
        53,
        57,
        76,
        38,
        29,
        52,
        22,
        14,
        10,
        1,
        10,
        57,
        65,
        36,
        68,
        30,
        48,
        65,
        25,
        54,
        54,
        18,
        47,
        59,
        7,
        73,
        88,
        65,
        50,
        62,
        25,
        97,
        111,
        84,
        61,
        46,
        13,
        28,
        17,
        20,
        38,
        64,
        28
      ]
    },
    {
      "margin": false,
      "index": 9,
      "file": null,
      "u": 0.0,
      "v": 0.369791657,
      "uw": 0.3333333,
      "vh": 0.260416657,
      "width": 533,
      "height": 533,
      "descriptor": [
        51,
        61,
        26,
        32,
        47,
        15,
        49,
        57,
        31,
        49,
        59,
        35,
        10,
        6,
        1,
        38,
        33,
        17,
        41,
        48,
        23,
        64,
        69,
        39,
        5,
        0,
        0,
        27,
        19,
        3,
        32,
        35,
        13,
        162,
        142,
        90,
        15,
        11,
        4,
        163,
        156,
        119,
        182,
        172,
        126,
        187,
        174,
        127
      ]
    },
    {
      "margin": false,
      "index": 10,
      "file": null,
      "u": 0.3333333,
      "v": 0.369791657,
      "uw": 0.3333333,
      "vh": 0.260416657,
      "width": 533,
      "height": 533,
      "descriptor": [
        36,
        47,
        18,
        185,
        136,
        81,
        161,
        134,
        87,
        96,
        96,
        46,
        51,
        54,
        24,
        192,
        166,
        106,
        142,
        119,
        72,
        115,
        98,
        53,
        198,
        176,
        120,
        194,
        174,
        122,
        191,
        165,
        106,
        189,
        166,
        111,
        208,
        186,
        128,
        208,
        183,
        125,
        168,
        113,
        18,
        211,
        189,
        130
      ]
    },
    {
      "margin": false,
      "index": 11,
      "file": null,
      "u": 0.6666666,
      "v": 0.369791657,
      "uw": 0.3333333,
      "vh": 0.260416657,
      "width": 533,
      "height": 533,
      "descriptor": [
        95,
        104,
        67,
        76,
        94,
        57,
        48,
        56,
        21,
        21,
        38,
        14,
        98,
        96,
        60,
        4,
        31,
        33,
        57,
        67,
        28,
        36,
        58,
        13,
        159,
        144,
        91,
        62,
        67,
        41,
        44,
        55,
        9,
        44,
        55,
        2,
        186,
        169,
        123,
        162,
        154,
        116,
        114,
        119,
        91,
        31,
        67,
        89
      ]
    },
    {
      "margin": false,
      "index": 12,
      "file": null,
      "u": 0.0,
      "v": 0.6302083,
      "uw": 0.3333333,
      "vh": 0.260416657,
      "width": 533,
      "height": 533,
      "descriptor": [
        36,
        38,
        17,
        174,
        169,
        132,
        130,
        132,
        103,
        195,
        184,
        140,
        109,
        110,
        82,
        148,
        151,
        120,
        140,
        139,
        110,
        98,
        104,
        85,
        156,
        152,
        119,
        118,
        117,
        89,
        79,
        79,
        60,
        54,
        51,
        34,
        167,
        158,
        120,
        171,
        170,
        134,
        107,
        90,
        53,
        184,
        155,
        100
      ]
    },
    {
      "margin": false,
      "index": 13,
      "file": null,
      "u": 0.3333333,
      "v": 0.6302083,
      "uw": 0.3333333,
      "vh": 0.260416657,
      "width": 533,
      "height": 533,
      "descriptor": [
        192,
        183,
        135,
        158,
        109,
        6,
        205,
        197,
        154,
        212,
        200,
        147,
        178,
        179,
        149,
        183,
        176,
        142,
        181,
        174,
        138,
        168,
        168,
        130,
        154,
        148,
        112,
        180,
        176,
        142,
        176,
        170,
        129,
        143,
        140,
        106,
        39,
        61,
        73,
        33,
        63,
        85,
        7,
        58,
        89,
        52,
        73,
        78
      ]
    },
    {
      "margin": false,
      "index": 14,
      "file": null,
      "u": 0.6666666,
      "v": 0.6302083,
      "uw": 0.3333333,
      "vh": 0.260416657,
      "width": 533,
      "height": 533,
      "descriptor": [
        155,
        148,
        107,
        161,
        155,
        114,
        161,
        155,
        117,
        82,
        84,
        60,
        124,
        119,
        85,
        199,
        190,
        164,
        157,
        154,
        122,
        134,
        123,
        79,
        142,
        142,
        113,
        170,
        159,
        123,
        138,
        135,
        103,
        100,
        97,
        69,
        140,
        141,
        113,
        170,
        159,
        122,
        153,
        135,
        96,
        81,
        77,
        46
      ]
    }
  ],
  "margins": [
    {
      "margin": true,
      "index": 0,
      "file": null,
      "u": 0.0,
      "v": 0.0,
      "uw": 0.3333333,
      "vh": 0.109375,
      "width": 533,
      "height": 224,