{
  "title": "ATELIÉR",
  "author": "MAJERNÍK, CYPRIÁN",
  "year": "(1930 - 1939)",
  "id": "SNG-0001023194",
  "width": 2048,
  "height": 1536,
  "file": "SNG--K_7664--1_2--_2015_08_20_--L2_WEB_15604.webp",
  "tiles_x": 4,
  "tiles_y": 3,
  "offset_x": 0.0,
  "offset_y": 0.0,
  "tiles": [
    {
      "margin": false,
      "index": 0,
      "file": null,
      "u": 0.0,
      "v": 0.0,
      "uw": 0.25,
      "vh": 0.333333343,
      "width": 512,
      "height": 512,
      "descriptor": [
        214,
        193,
        163,
        117,
        103,
        92,
        218,
        194,
        162,
        224,
        203,
        170,
        220,
        199,
        170,
        76,
        58,
        53,
        68,
        56,
        53,
        210,
        156,
        91,
        213,
        194,
        164,
        132,
        143,
        132,
        206,
        163,
        114,
        208,
        167,
        115,
        217,
        197,
        166,
        178,
        149,
        111,
        203,
        165,
        121,
        197,
        156,
        113
      ]
    },
    {
      "margin": false,
      "index": 1,
      "file": null,
      "u": 0.25,
      "v": 0.0,
      "uw": 0.25,
      "vh": 0.333333343,
      "width": 512,
      "height": 512,
      "descriptor": [
        215,
        195,
        171,
        225,
        202,
        170,
        215,
        196,
        166,
        226,
        204,
        176,
        57,
        52,
        50,
        51,
        46,
        43,
        47,
        46,
        42,
        158,
        163,
        165,
        68,
        64,
        57,
        122,
        137,
        133,
        126,
        136,
        131,
        163,
        165,
        171,
        207,
        145,
        102,
        214,
        166,
        134,
        97,
        102,
        94,
        174,
        178,
        178
      ]
    },
    {
      "margin": false,
      "index": 2,
      "file": null,
      "u": 0.5,
      "v": 0.0,
      "uw": 0.25,
      "vh": 0.333333343,
      "width": 512,
      "height": 512,
      "descriptor": [
        217,
        186,
        143,
        141,
        139,
        132,
        158,
        152,
        140,
        230,
        207,
        179,
        170,
        172,
        171,
        196,
        197,
        194,
        173,
        172,
        167,
        45,
        46,
        41,
        165,
        169,
        170,
        193,
        193,
        190,
        114,
        97,
        80,
        46,
        49,
        44,
        178,
        183,
        184,
        163,
        167,
        166,
        189,
        144,
        94,
        57,
        51,
        46
      ]
    },
    {
      "margin": false,
      "index": 3,
      "file": null,
      "u": 0.75,
      "v": 0.0,
      "uw": 0.25,
      "vh": 0.333333343,
      "width": 512,
      "height": 512,
      "descriptor": [
        223,
        199,
        171,
        227,
        205,
        176,
        221,
        198,
        166,
        216,
        195,
        165,
        88,
        63,
        48,
        92,
        65,
        53,
        128,
        80,
        51,
        219,
        200,
        173,
        46,
        112,
        112,
        69,
        108,
        126,
        71,
        111,
        113,
        220,
        199,
        171,
        165,
        175,
        171,
        64,
        75,
        78,
        85,
        130,
        132,
        217,
        188,
        151
      ]
    },
    {
      "margin": false,
      "index": 4,
      "file": null,
      "u": 0.0,
      "v": 0.333333343,
      "uw": 0.25,
      "vh": 0.333333343,
      "width": 512,
      "height": 512,
      "descriptor": [
        218,
        196,
        169,
        226,
        110,
        81,
        183,
        153,
        110,
        83,
        70,
        61,
        222,
        196,
        162,
        202,
        106,
        83,
        91,
        100,
        87,
        210,
        162,
        117,
        219,
        197,
        166,
        194,
        112,
        83,
        69,
        141,
        125,
        108,
        114,
        92,
        218,
        196,
        165,
        180,
        97,
        73,
        47,
        121,
        106,
        86,
        152,
        119
      ]
    },
    {
      "margin": false,
      "index": 5,
      "file": null,
      "u": 0.25,
      "v": 0.333333343,
      "uw": 0.25,
      "vh": 0.333333343,
      "width": 512,
      "height": 512,
      "descriptor": [
        212,
        162,
        124,
        212,
        167,
        130,
        203,
        175,
        146,
        190,
        138,
        96,
        199,
        146,
        105,
        204,
        155,
        122,
        162,
        150,
        137,
        174,
        157,
        130,
        191,
        132,
        91,
        211,
        160,
        124,
        217,
        177,
        146,
        95,
        125,
        141,
        162,
        172,
        137,
        214,
        169,
        136,
        95,
        102,
        100,
        203,
        153,
        100
      ]
    },
    {
      "margin": false,
      "index": 6,
      "file": null,
      "u": 0.5,
      "v": 0.333333343,
      "uw": 0.25,
      "vh": 0.333333343,
      "width": 512,
      "height": 512,
      "descriptor": [
        164,
        163,
        154,
        57,
        51,
        46,
        214,
        141,
        86,
        62,
        54,
        48,
        163,
        149,
        127,
        145,
        135,
        121,
        212,
        130,
        74,
        219,
        144,
        88,
        97,
        125,
        135,
        152,
        161,
        154,
        129,
        95,
        68,
        200,
        181,
        157,
        224,
        169,
        120,
        212,
        142,
        80,
        121,
        89,
        63,
        174,
        125,
        83
      ]
    },
    {
      "margin": false,
      "index": 7,
      "file": null,
      "u": 0.75,
      "v": 0.333333343,
      "uw": 0.25,
      "vh": 0.333333343,
      "width": 512,
      "height": 512,
      "descriptor": [
        96,
        120,
        123,
        203,
        55,
        40,
        115,
        114,
        114,
        215,
        193,
        156,
        216,
        156,
        100,
        129,
        130,
        115,
        82,
        107,
        110,
        224,
        203,
        171,
        99,
        123,
        137,
        108,
        97,
        84,
        72,
        97,
        100,
        223,
        200,
        170,
        93,
        63,
        39,
        62,
        84,
        87,
        74,
        81,
        70,
        219,
        195,
        161
      ]
    },
    {
      "margin": false,
      "index": 8,
      "file": null,
      "u": 0.0,
      "v": 0.6666667,
      "uw": 0.25,
      "vh": 0.333333343,
      "width": 512,
      "height": 512,
      "descriptor": [
        218,
        198,
        170,
        186,
        106,
        82,
        65,
        73,
        67,
        118,
        165,
        134,
        212,
        186,
        151,
        185,
        102,
        73,
        50,
        55,
        50,
        58,
        66,
        60,
        186,
        119,
        92,
        187,
        83,
        59,
        84,
        147,
        127,
        116,
        161,
        130,
        220,
        198,
        166,
        220,
        198,
        174,
        217,
        197,
        166,
        221,
        200,
        172
      ]
    },
    {
      "margin": false,
      "index": 9,
      "file": null,
      "u": 0.25,
      "v": 0.6666667,
      "uw": 0.25,
      "vh": 0.333333343,
      "width": 512,
      "height": 512,