{
  "title": "KRAJINA S CHYŽOU",
  "author": "NEMECKÝ MALIAR Z KONCA 17. STOROČIA",
  "year": "(1690 - 1700)",
  "id": "SNG-0001003001",
  "width": 2048,
  "height": 1792,
  "file": "SNG--O_4204--1_1--_2015_08_20_--L2_WEB_44809.webp",
  "tiles_x": 3,
  "tiles_y": 3,
  "offset_x": 0.0625,
  "offset_y": 0.0,
  "tiles": [
    {
      "margin": false,
      "index": 6,
      "file": null,
      "u": 0.0625,
      "v": 0.0,
      "uw": 0.291666657,
      "vh": 0.3333333,
      "width": 597,
      "height": 597,
      "descriptor": [
        166,
        155,
        107,
        129,
        145,
        114,
        120,
        158,
        147,
        222,
        194,
        135,
        140,
        158,
        145,
        144,
        151,
        122,
        206,
        185,
        136,
        195,
        181,
        142,
        201,
        177,
        125,
        179,
        166,
        123,
        168,
        169,
        130,
        195,
        180,
        138,
        185,
        173,
        130,
        201,
        179,
        132,
        188,
        178,
        141,
        171,
        174,
        143
      ]
    },
    {
      "margin": false,
      "index": 7,
      "file": null,
      "u": 0.354166657,
      "v": 0.0,
      "uw": 0.291666657,
      "vh": 0.3333333,
      "width": 597,
      "height": 597,
      "descriptor": [
        168,
        157,
        119,
        135,
        160,
        150,
        148,
        159,
        133,
        76,
        87,
        49,
        180,
        166,
        129,
        167,
        149,
        104,
        126,
        120,
        60,
        101,
        93,
        53,
        148,
        160,
        135,
        177,
        162,
        123,
        191,
        175,
        128,
        96,
        94,
        51,
        174,
        163,
        127,
        169,
        157,
        122,
        135,
        117,
        65,
        109,
        98,
        65
      ]
    },
    {
      "margin": false,
      "index": 8,
      "file": null,
      "u": 0.6458333,
      "v": 0.0,
      "uw": 0.291666657,
      "vh": 0.3333333,
      "width": 597,
      "height": 597,
      "descriptor": [
        66,
        61,
        20,
        101,
        87,
        58,
        63,
        60,
        27,
        79,
        77,
        46,
        101,
        94,
        55,
        82,
        77,
        45,
        87,
        77,
        35,
        89,
        82,
        66,
        101,
        93,
        51,
        98,
        88,
        50,
        69,
        67,
        43,
        75,
        72,
        47,
        72,
        70,
        52,
        101,
        98,
        59,
        62,
        69,
        26,
        119,
        114,
        68
      ]
    },
    {
      "margin": false,
      "index": 9,
      "file": null,
      "u": 0.0625,
      "v": 0.3333333,
      "uw": 0.291666657,
      "vh": 0.3333333,
      "width": 597,
      "height": 597,
      "descriptor": [
        93,
        106,
        64,
        176,
        163,
        118,
        198,
        182,
        140,
        186,
        173,
        134,
        102,
        80,
        50,
        89,
        89,
        54,
        129,
        139,
        100,
        182,
        167,
        120,
        117,
        98,
        49,
        60,
        65,
        35,
        94,
        107,
        65,
        212,
        194,
        154,
        99,
        90,
        49,
        54,
        63,
        46,
        73,
        81,
        51,
        192,
        166,
        114
      ]
    },
    {
      "margin": false,
      "index": 10,
      "file": null,
      "u": 0.354166657,
      "v": 0.3333333,
      "uw": 0.291666657,
      "vh": 0.3333333,
      "width": 597,
      "height": 597,
      "descriptor": [
        193,
        184,
        144,
        174,
        186,
        152,
        195,
        192,
        145,
        135,
        128,
        76,
        181,
        197,
        170,
        203,
        190,
        153,
        161,
        157,
        116,
        101,
        100,
        72,
        202,
        186,
        136,
        112,
        111,
        66,
        105,
        81,
        38,
        75,
        61,
        40,
        160,
        158,
        118,
        96,
        78,
        53,
        114,
        105,
        67,
        154,
        120,
        46
      ]
    },
    {
      "margin": false,
      "index": 11,
      "file": null,
      "u": 0.6458333,
      "v": 0.3333333,
      "uw": 0.291666657,
      "vh": 0.3333333,
      "width": 597,
      "height": 597,
      "descriptor": [
        96,
        98,
        47,
        70,
        67,
        42,
        66,
        61,
        39,
        84,
        75,
        50,
        74,
        80,
        64,
        67,
        73,
        52,
        69,
        66,
        47,
        89,
        82,
        64,
        110,
        90,
        54,
        82,
        57,
        30,
        65,
        64,
        38,
        93,
        83,
        18,
        120,
        87,
        18,
        85,
        75,
        41,
        77,
        67,
        34,
        109,
        90,
        42
      ]
    },
    {
      "margin": false,
      "index": 12,
      "file": null,
      "u": 0.0625,
      "v": 0.6666666,
      "uw": 0.291666657,
      "vh": 0.3333333,
      "width": 597,
      "height": 597,
      "descriptor": [
        41,
        43,
        21,
        42,
        47,
        32,
        81,
        79,
        41,
        72,
        91,
        54,
        56,
        60,
        41,
        77,
        76,
        47,
        105,
        90,
        63,
        87,
        85,
        55,
        76,
        71,
        52,
        44,
        42,
        28,
        75,
        61,
        26,
        49,
        64,
        40,
        78,
        72,
        56,
        57,
        63,
        31,
        49,
        57,
        38,
        57,
        60,
        33
      ]
    },
    {
      "margin": false,
      "index": 13,
      "file": null,
      "u": 0.354166657,
      "v": 0.6666666,
      "uw": 0.291666657,
      "vh": 0.3333333,
      "width": 597,
      "height": 597,
      "descriptor": [
        127,
        133,
        94,
        100,
        80,
        28,
        112,
        80,
        22,
        99,
        77,
        35,
        51,
        85,
        62,
        108,
        91,
        31,
        54,
        43,
        17,
        78,
        57,
        29,
        70,
        63,
        25,
        93,
        73,
        42,
        84,
        74,
        49,
        83,
        68,
        38,
        70,
        58,
        38,
        67,
        55,
        29,
        104,
        93,
        62,
        115,
        86,
        66
      ]
    },
    {
      "margin": false,
      "index": 14,
      "file": null,
      "u": 0.6458333,
      "v": 0.6666666,
      "uw": 0.291666657,
      "vh": 0.3333333,
      "width": 597,
      "height": 597,
      "descriptor": [
        117,
        84,
        23,
        79,
        69,
        42,
        90,
        79,
        42,
        98,
        86,
        37,
        104,
        80,
        40,
        89,
        68,
        38,
        100,
        83,
        27,
        55,
        58,
        37,
        112,
        92,
        36,
        70,
        54,
        33,
        78,
        66,
        43,
        93,
        71,
        33,
        55,
        51,
        36,
        71,
        55,
        34,
        69,
        54,
        32,
        61,
        48,
        26
      ]
    }
  ],
  "margins": [
    {
      "margin": true,
      "index": 0,
      "file": null,
      "u": 0.0,
      "v": 0.0,
      "uw": 0.0625,
      "vh": 0.3333333,
      "width": 128,
      "height": 597,