{
  "title": "ŽENA S VÁZOU",
  "author": "GALANDA, MIKULÁŠ",
  "year": "1927",
  "id": "SNG-0001034500",
  "width": 1280,
  "height": 2048,
  "file": "SNG--K_2839--1_1--2015_05_05--L2_WEB_438862.webp",
  "tiles_x": 3,
  "tiles_y": 4,
  "offset_x": 0.0,
  "offset_y": 0.08333334,
  "tiles": [
    {
      "margin": false,
      "index": 6,
      "file": null,
      "u": 0.0,
      "v": 0.08333334,
      "uw": 0.3333333,
      "vh": 0.208333328,
      "width": 426,
      "height": 426,
      "descriptor": [
        229,
        213,
        192,
        128,
        134,
        112,
        127,
        135,
        106,
        165,
        163,
        141,
        225,
        209,
        188,
        135,
        136,
        110,
        166,
        162,
        134,
        152,
        149,
        120,
        227,
        209,
        187,
        163,
        159,
        142,
        144,
        148,
        121,
        172,
        165,
        141,
        230,
        213,
        192,
        138,
        133,
        112,
        158,
        152,
        127,
        184,
        176,
        152
      ]
    },
    {
      "margin": false,
      "index": 7,
      "file": null,
      "u": 0.3333333,
      "v": 0.08333334,
      "uw": 0.3333333,
      "vh": 0.208333328,
      "width": 426,
      "height": 426,
      "descriptor": [
        195,
        162,
        128,
        196,
        172,
        145,
        117,
        90,
        69,
        116,
        94,
        72,
        159,
        129,
        104,
        222,
        197,
        172,
        216,
        192,
        166,
        230,
        195,
        159,
        172,
        163,
        136,
        229,
        203,
        177,
        233,
        203,
        173,
        231,
        202,
        171,
        182,
        173,
        149,
        133,
        106,
        86,
        225,
        203,
        177,
        225,
        187,
        153
      ]
    },
    {
      "margin": false,
      "index": 8,
      "file": null,
      "u": 0.6666666,
      "v": 0.08333334,
      "uw": 0.3333333,
      "vh": 0.208333328,
      "width": 426,
      "height": 426,
      "descriptor": [
        109,
        87,
        69,
        125,
        126,
        104,
        131,
        134,
        111,
        231,
        216,
        194,
        219,
        178,
        143,
        127,
        102,
        78,
        162,
        155,
        132,
        230,
        215,
        194,
        228,
        186,
        154,
        113,
        94,
        78,
        155,
        149,
        125,
        227,
        212,
        190,
        217,
        161,
        121,
        224,
        166,
        124,
        131,
        107,
        88,
        229,
        214,
        193
      ]
    },
    {
      "margin": false,
      "index": 9,
      "file": null,
      "u": 0.0,
      "v": 0.2916667,
      "uw": 0.3333333,
      "vh": 0.208333328,
      "width": 426,
      "height": 426,
      "descriptor": [
        232,
        216,
        197,
        143,
        133,
        111,
        160,
        150,
        129,
        182,
        169,
        146,
        231,
        216,
        194,
        215,
        171,
        127,
        116,
        82,
        57,
        200,
        149,
        104,
        225,
        208,
        186,
        219,
        172,
        129,
        193,
        147,
        102,
        161,
        123,
        91,
        229,
        212,
        190,
        215,
        169,
        125,
        189,
        140,
        102,
        121,
        89,
        66
      ]
    },
    {
      "margin": false,
      "index": 10,
      "file": null,
      "u": 0.3333333,
      "v": 0.2916667,
      "uw": 0.3333333,
      "vh": 0.208333328,
      "width": 426,
      "height": 426,
      "descriptor": [
        195,
        183,
        159,
        195,
        161,
        130,
        103,
        79,
        59,
        227,
        204,
        178,
        177,
        162,
        136,
        184,
        184,
        174,
        231,
        209,
        181,
        230,
        206,
        177,
        173,
        175,
        164,
        145,
        166,
        154,
        163,
        171,
        155,
        226,
        204,
        177,
        163,
        120,
        84,
        114,
        146,
        134,
        134,
        159,
        159,
        145,
        164,
        160
      ]
    },
    {
      "margin": false,
      "index": 11,
      "file": null,
      "u": 0.6666666,
      "v": 0.2916667,
      "uw": 0.3333333,
      "vh": 0.208333328,
      "width": 426,
      "height": 426,
      "descriptor": [
        233,
        202,
        170,
        212,
        140,
        98,
        189,
        149,
        117,
        228,
        211,
        190,
        225,
        195,
        164,
        219,
        164,
        121,
        215,
        163,
        124,
        231,
        215,
        194,
        227,
        196,
        167,
        213,
        164,
        127,
        161,
        173,
        169,
        228,
        212,
        191,
        164,
        173,
        162,
        156,
        169,
        169,
        175,
        177,
        156,
        225,
        212,
        191
      ]
    },
    {
      "margin": false,
      "index": 12,
      "file": null,
      "u": 0.0,
      "v": 0.5,
      "uw": 0.3333333,
      "vh": 0.208333328,
      "width": 426,
      "height": 426,
      "descriptor": [
        228,
        213,
        191,
        199,
        159,
        119,
        208,
        166,
        125,
        143,
        107,
        78,
        230,
        215,
        194,
        208,
        172,
        133,
        194,
        150,
        108,
        188,
        145,
        107,
        226,
        210,
        189,
        188,
        147,
        107,
        222,
        191,
        161,
        234,
        204,
        174,
        228,
        211,
        189,
        178,
        152,
        123,
        228,
        174,
        140,
        222,
        163,
        121
      ]
    },
    {
      "margin": false,
      "index": 13,
      "file": null,
      "u": 0.3333333,
      "v": 0.5,
      "uw": 0.3333333,
      "vh": 0.208333328,
      "width": 426,
      "height": 426,
      "descriptor": [
        165,
        127,
        94,
        82,
        123,
        116,
        139,
        157,
        149,
        130,
        153,
        148,
        178,
        132,
        93,
        229,
        210,
        183,
        158,
        167,
        156,
        101,
        133,
        133,
        227,
        201,
        172,
        227,
        182,
        146,
        234,
        207,
        176,
        194,
        185,
        165,
        221,
        152,
        106,
        219,
        166,
        127,
        202,
        132,
        88,
        96,
        126,
        132
      ]
    },
    {
      "margin": false,
      "index": 14,
      "file": null,
      "u": 0.6666666,
      "v": 0.5,
      "uw": 0.3333333,
      "vh": 0.208333328,
      "width": 426,
      "height": 426,