{
  "title": "KRAJINA S RIEKOU",
  "author": "WEISZ-KUBÍNČAN, ARNOLD PETER",
  "year": "(1935 - 1944)",
  "id": "SNG-0001019182",
  "width": 2048,
  "height": 896,
  "file": "SNG--O_4463--1_1--2013_11_5--L2_WEB_46716.webp",
  "tiles_x": 6,
  "tiles_y": 3,
  "offset_x": 0.0625,
  "offset_y": 0.0,
  "tiles": [
    {
      "margin": false,
      "index": 6,
      "file": null,
      "u": 0.0625,
      "v": 0.0,
      "uw": 0.145833328,
      "vh": 0.3333333,
      "width": 298,
      "height": 298,
      "descriptor": [
        124,
        108,
        90,
        115,
        103,
        85,
        116,
        102,
        84,
        106,
        93,
        72,
        116,
        106,
        87,
        111,
        103,
        84,
        125,
        112,
        90,
        128,
        114,
        97,
        134,
        117,
        96,
        134,
        116,
        94,
        152,
        131,
        99,
        165,
        152,
        108,
        162,
        140,
        107,
        125,
        92,
        79,
        155,
        135,
        105,
        160,
        143,
        113
      ]
    },
    {
      "margin": false,
      "index": 7,
      "file": null,
      "u": 0.208333328,
      "v": 0.0,
      "uw": 0.145833328,
      "vh": 0.3333333,
      "width": 298,
      "height": 298,
      "descriptor": [
        102,
        93,
        73,
        105,
        97,
        77,
        104,
        98,
        80,
        98,
        92,
        70,
        99,
        92,
        76,
        115,
        104,
        87,
        121,
        115,
        78,
        135,
        128,
        105,
        144,
        125,
        93,
        144,
        126,
        91,
        108,
        104,
        77,
        152,
        140,
        113,
        144,
        119,
        96,
        129,
        114,
        86,
        134,
        119,
        98,
        93,
        107,
        90
      ]
    },
    {
      "margin": false,
      "index": 8,
      "file": null,
      "u": 0.354166657,
      "v": 0.0,
      "uw": 0.145833328,
      "vh": 0.3333333,
      "width": 298,
      "height": 298,
      "descriptor": [
        112,
        103,
        81,
        104,
        99,
        83,
        128,
        120,
        94,
        140,
        131,
        95,
        113,
        106,
        85,
        118,
        105,
        86,
        102,
        107,
        93,
        91,
        93,
        83,
        116,
        109,
        80,
        116,
        116,
        86,
        125,
        119,
        91,
        106,
        109,
        87,
        116,
        115,
        76,
        128,
        122,
        107,
        97,
        117,
        95,
        110,
        114,
        95
      ]
    },
    {
      "margin": false,
      "index": 9,
      "file": null,
      "u": 0.5,
      "v": 0.0,
      "uw": 0.145833328,
      "vh": 0.3333333,
      "width": 298,
      "height": 298,
      "descriptor": [
        155,
        150,
        120,
        108,
        108,
        94,
        107,
        115,
        105,
        110,
        118,
        101,
        100,
        111,
        105,
        123,
        123,
        103,
        88,
        103,
        96,
        92,
        100,
        90,
        112,
        108,
        85,
        116,
        110,
        86,
        127,
        117,
        95,
        123,
        111,
        84,
        124,
        119,
        93,
        127,
        119,
        93,
        132,
        131,
        104,
        113,
        113,
        94
      ]
    },
    {
      "margin": false,
      "index": 10,
      "file": null,
      "u": 0.6458333,
      "v": 0.0,
      "uw": 0.145833328,
      "vh": 0.3333333,
      "width": 298,
      "height": 298,
      "descriptor": [
        153,
        144,
        117,
        136,
        129,
        108,
        130,
        125,
        100,
        149,
        137,
        111,
        86,
        100,
        89,
        112,
        121,
        106,
        109,
        121,
        107,
        127,
        123,
        98,
        115,
        115,
        94,
        130,
        114,
        90,
        92,
        87,
        75,
        95,
        99,
        85,
        95,
        101,
        86,
        129,
        125,
        103,
        115,
        117,
        99,
        127,
        117,
        92
      ]
    },
    {
      "margin": false,
      "index": 11,
      "file": null,
      "u": 0.7916666,
      "v": 0.0,
      "uw": 0.145833328,
      "vh": 0.3333333,
      "width": 298,
      "height": 298,
      "descriptor": [
        155,
        143,
        121,
        166,
        150,
        120,
        183,
        156,
        123,
        172,
        150,
        114,
        145,
        142,
        104,
        143,
        140,
        122,
        113,
        115,
        102,
        147,
        147,
        131,
        91,
        85,
        82,
        97,
        100,
        89,
        107,
        109,
        99,
        104,
        101,
        94,
        116,
        118,
        100,
        114,
        110,
        92,
        125,
        121,
        102,
        92,
        99,
        90
      ]
    },
    {
      "margin": false,
      "index": 12,
      "file": null,
      "u": 0.0625,
      "v": 0.3333333,
      "uw": 0.145833328,
      "vh": 0.3333333,
      "width": 298,
      "height": 298,
      "descriptor": [
        154,
        122,
        95,
        120,
        95,
        78,
        127,
        103,
        86,
        157,
        138,
        109,
        154,
        131,
        96,
        140,
        119,
        98,
        108,
        82,
        74,
        128,
        104,
        85,
        112,
        89,
        71,
        127,
        98,
        78,
        118,
        101,
        86,
        118,
        93,
        79,
        115,
        97,
        80,
        116,
        91,
        71,
        117,
        97,
        83,
        120,
        96,
        69
      ]
    },
    {
      "margin": false,
      "index": 13,
      "file": null,
      "u": 0.208333328,
      "v": 0.3333333,
      "uw": 0.145833328,
      "vh": 0.3333333,
      "width": 298,
      "height": 298,
      "descriptor": [
        145,
        129,
        101,
        148,
        131,
        110,
        112,
        108,
        92,
        143,
        128,
        78,
        117,
        107,
        86,
        106,
        98,
        69,
        136,
        120,
        98,
        118,
        117,
        78,
        140,
        130,
        61,
        130,
        118,
        79,
        125,
        118,
        66,
        178,
        156,
        32,
        125,
        109,
        88,
        113,
        75,
        63,
        97,
        80,
        76,
        115,
        94,
        76
      ]
    },
    {
      "margin": false,
      "index": 14,
      "file": null,
      "u": 0.354166657,
      "v": 0.3333333,
      "uw": 0.145833328,
      "vh": 0.3333333,
      "width": 298,
      "height": 298,
      "descriptor": [
        120,
        119,
        83,
        130,
        135,
        76,
        137,
        131,
        83,
        111,
        116,
        100,
        145,
        143,
        74,
        174,
        162,
        68,
        99,
        99,
        87,
        142,
        128,
        70,
        114,
        102,
        84,
        91,
        91,
        79,
        140,
        100,
        60,
        123,
        104,
        83,
        114,
        105,
        93,
        131,
        104,
        89,
        113,
        100,
        86,
        57,
        50,
        47
      ]
    },
    {
      "margin": false,
      "index": 15,
      "file": null,
      "u": 0.5,
      "v": 0.3333333,
      "uw": 0.145833328,