{
  "title": "TATRANSKÁ KRAJINA",
  "author": "POLÓNYI, KAROL",
  "year": "(1930 - 1940)",
  "id": "SNG-0001017098",
  "width": 2048,
  "height": 1600,
  "file": "SNG--O_5918--1_1--2013_11_25--L2_WEB_13898.webp",
  "tiles_x": 3,
  "tiles_y": 3,
  "offset_x": 0.109375,
  "offset_y": 0.0,
  "tiles": [
    {
      "margin": false,
      "index": 6,
      "file": null,
      "u": 0.109375,
      "v": 0.0,
      "uw": 0.260416657,
      "vh": 0.3333333,
      "width": 533,
      "height": 533,
      "descriptor": [
        148,
        167,
        171,
        129,
        153,
        160,
        98,
        132,
        161,
        143,
        147,
        144,
        147,
        158,
        157,
        155,
        159,
        152,
        159,
        164,
        156,
        155,
        154,
        146,
        99,
        144,
        157,
        130,
        150,
        151,
        130,
        148,
        148,
        127,
        142,
        142,
        129,
        143,
        143,
        110,
        122,
        129,
        112,
        128,
        130,
        124,
        136,
        145
      ]
    },
    {
      "margin": false,
      "index": 7,
      "file": null,
      "u": 0.369791657,
      "v": 0.0,
      "uw": 0.260416657,
      "vh": 0.3333333,
      "width": 533,
      "height": 533,
      "descriptor": [
        158,
        165,
        159,
        123,
        151,
        160,
        138,
        154,
        157,
        126,
        146,
        165,
        160,
        165,
        157,
        163,
        168,
        157,
        144,
        160,
        162,
        115,
        143,
        160,
        118,
        137,
        142,
        129,
        149,
        155,
        119,
        137,
        144,
        133,
        148,
        151,
        125,
        141,
        147,
        118,
        132,
        134,
        137,
        149,
        147,
        137,
        149,
        135
      ]
    },
    {
      "margin": false,
      "index": 8,
      "file": null,
      "u": 0.6302083,
      "v": 0.0,
      "uw": 0.260416657,
      "vh": 0.3333333,
      "width": 533,
      "height": 533,
      "descriptor": [
        108,
        146,
        169,
        131,
        157,
        173,
        131,
        162,
        175,
        125,
        158,
        176,
        135,
        150,
        161,
        144,
        161,
        164,
        140,
        160,
        166,
        142,
        157,
        159,
        160,
        163,
        142,
        148,
        152,
        122,
        141,
        158,
        162,
        147,
        161,
        166,
        196,
        194,
        178,
        154,
        142,
        108,
        135,
        148,
        129,
        156,
        150,
        118
      ]
    },
    {
      "margin": false,
      "index": 9,
      "file": null,
      "u": 0.109375,
      "v": 0.3333333,
      "uw": 0.260416657,
      "vh": 0.3333333,
      "width": 533,
      "height": 533,
      "descriptor": [
        77,
        88,
        92,
        186,
        191,
        184,
        166,
        176,
        173,
        201,
        197,
        184,
        202,
        198,
        186,
        142,
        128,
        97,
        101,
        124,
        126,
        127,
        134,
        141,
        122,
        143,
        120,
        110,
        134,
        112,
        111,
        123,
        102,
        114,
        147,
        112,
        103,
        115,
        93,
        75,
        106,
        108,
        110,
        130,
        106,
        103,
        118,
        99
      ]
    },
    {
      "margin": false,
      "index": 10,
      "file": null,
      "u": 0.369791657,
      "v": 0.3333333,
      "uw": 0.260416657,
      "vh": 0.3333333,
      "width": 533,
      "height": 533,
      "descriptor": [
        166,
        166,
        149,
        129,
        149,
        151,
        65,
        118,
        130,
        95,
        125,
        122,
        165,
        178,
        163,
        99,
        108,
        107,
        90,
        108,
        111,
        128,
        137,
        119,
        183,
        183,
        163,
        158,
        166,
        138,
        90,
        109,
        112,
        79,
        108,
        115,
        107,
        134,
        99,
        139,
        154,
        128,
        142,
        151,
        132,
        128,
        155,
        131
      ]
    },
    {
      "margin": false,
      "index": 11,
      "file": null,
      "u": 0.6302083,
      "v": 0.3333333,
      "uw": 0.260416657,
      "vh": 0.3333333,
      "width": 533,
      "height": 533,
      "descriptor": [
        99,
        128,
        139,
        87,
        108,
        109,
        93,
        110,
        109,
        147,
        156,
        143,
        90,
        116,
        125,
        124,
        139,
        130,
        105,
        121,
        120,
        115,
        137,
        134,
        50,
        76,
        76,
        92,
        119,
        119,
        155,
        156,
        146,
        123,
        138,
        126,
        114,
        146,
        123,
        69,
        99,
        114,
        100,
        136,
        139,
        76,
        82,
        79
      ]
    },
    {
      "margin": false,
      "index": 12,
      "file": null,
      "u": 0.109375,
      "v": 0.6666666,
      "uw": 0.260416657,
      "vh": 0.3333333,
      "width": 533,
      "height": 533,
      "descriptor": [
        74,
        87,
        74,
        92,
        112,
        91,
        122,
        122,
        107,
        78,
        114,
        114,
        121,
        132,
        112,
        115,
        119,
        102,
        69,
        92,
        92,
        75,
        95,
        92,
        63,
        80,
        80,
        142,
        138,
        108,
        44,
        67,
        77,
        92,
        102,
        93,
        204,
        159,
        110,
        109,
        127,
        119,
        150,
        151,
        118,
        100,
        119,
        99
      ]
    },
    {
      "margin": false,
      "index": 13,
      "file": null,
      "u": 0.369791657,
      "v": 0.6666666,
      "uw": 0.260416657,
      "vh": 0.3333333,
      "width": 533,
      "height": 533,
      "descriptor": [
        84,
        113,
        107,
        41,
        80,
        92,
        47,
        82,
        96,
        48,
        86,
        97,
        42,
        79,
        91,
        78,
        96,
        90,
        147,
        143,
        109,
        60,
        91,
        100,
        48,
        93,
        114,
        53,
        92,
        116,
        57,
        97,
        115,
        53,
        98,
        121,
        152,
        135,
        105,
        30,
        61,
        72,
        36,
        75,
        87,
        32,
        62,
        69
      ]
    },
    {
      "margin": false,
      "index": 14,
      "file": null,
      "u": 0.6302083,
      "v": 0.6666666,
      "uw": 0.260416657,
      "vh": 0.3333333,
      "width": 533,
      "height": 533,
      "descriptor": [
        99,
        116,
        118,
        86,
        104,
        103,
        83,
        110,
        119,
        75,
        81,
        80,
        148,
        145,
        132,
        124,
        117,
        107,
        60,
        83,
        94,
        64,
        85,
        92,
        56,
        99,
        125,
        102,
        117,
        107,
        95,
        113,
        110,
        84,
        111,
        122,
        54,
        89,
        109,
        102,
        128,
        113,
        156,
        166,
        146,
        121,
        134,
        123
      ]
    }
  ],
  "margins": [
    {
      "margin": true,
      "index": 0,