{
  "title": "DEDINSKÝ MOTÍV",
  "author": "WEISZ-KUBÍNČAN, ARNOLD PETER",
  "year": "(1935 - 1944)",
  "id": "SNG-0001006070",
  "width": 1472,
  "height": 2048,
  "file": "SNG--K_8857-a--1_1--2015_07_22--L2_WEB_103677.webp",
  "tiles_x": 3,
  "tiles_y": 4,
  "offset_x": 0.0,
  "offset_y": 0.0208333433,
  "tiles": [
    {
      "margin": false,
      "index": 6,
      "file": null,
      "u": 0.0,
      "v": 0.0208333433,
      "uw": 0.3333333,
      "vh": 0.239583328,
      "width": 490,
      "height": 490,
      "descriptor": [
        223,
        224,
        222,
        143,
        146,
        160,
        154,
        156,
        160,
        200,
        190,
        177,
        188,
        191,
        197,
        188,
        180,
        173,
        171,
        167,
        175,
        184,
        174,
        159,
        165,
        165,
        174,
        159,
        155,
        155,
        185,
        182,
        178,
        187,
        179,
        166,
        186,
        183,
        189,
        191,
        182,
        177,
        201,
        195,
        187,
        200,
        192,
        177
      ]
    },
    {
      "margin": false,
      "index": 7,
      "file": null,
      "u": 0.3333333,
      "v": 0.0208333433,
      "uw": 0.3333333,
      "vh": 0.239583328,
      "width": 490,
      "height": 490,
      "descriptor": [
        173,
        168,
        168,
        116,
        109,
        105,
        192,
        184,
        168,
        171,
        167,
        165,
        156,
        154,
        149,
        153,
        147,
        138,
        181,
        171,
        156,
        161,
        155,
        145,
        142,
        134,
        127,
        131,
        126,
        121,
        169,
        159,
        148,
        143,
        135,
        129,
        102,
        96,
        92,
        150,
        144,
        136,
        113,
        107,
        106,
        112,
        109,
        106
      ]
    },
    {
      "margin": false,
      "index": 8,
      "file": null,
      "u": 0.6666666,
      "v": 0.0208333433,
      "uw": 0.3333333,
      "vh": 0.239583328,
      "width": 490,
      "height": 490,
      "descriptor": [
        154,
        151,
        149,
        176,
        171,
        161,
        207,
        197,
        179,
        225,
        209,
        184,
        152,
        149,
        144,
        143,
        162,
        145,
        191,
        183,
        163,
        180,
        187,
        168,
        149,
        145,
        137,
        170,
        187,
        166,
        171,
        181,
        159,
        223,
        208,
        182,
        150,
        147,
        137,
        191,
        192,
        173,
        215,
        208,
        183,
        231,
        215,
        191
      ]
    },
    {
      "margin": false,
      "index": 9,
      "file": null,
      "u": 0.0,
      "v": 0.2604167,
      "uw": 0.3333333,
      "vh": 0.239583328,
      "width": 490,
      "height": 490,
      "descriptor": [
        202,
        195,
        180,
        222,
        214,
        202,
        217,
        206,
        192,
        194,
        191,
        177,
        207,
        195,
        182,
        174,
        164,
        147,
        160,
        173,
        136,
        133,
        134,
        113,
        189,
        180,
        177,
        181,
        177,
        167,
        187,
        148,
        129,
        179,
        139,
        116,
        181,
        160,
        159,
        197,
        189,
        160,
        208,
        194,
        163,
        215,
        201,
        167
      ]
    },
    {
      "margin": false,
      "index": 10,
      "file": null,
      "u": 0.3333333,
      "v": 0.2604167,
      "uw": 0.3333333,
      "vh": 0.239583328,
      "width": 490,
      "height": 490,
      "descriptor": [
        168,
        162,
        154,
        154,
        149,
        135,
        172,
        164,
        149,
        132,
        134,
        112,
        169,
        178,
        143,
        147,
        166,
        129,
        136,
        144,
        116,
        158,
        172,
        135,
        197,
        144,
        119,
        185,
        150,
        123,
        185,
        179,
        147,
        211,
        202,
        170,
        213,
        199,
        163,
        121,
        158,
        135,
        177,
        184,
        160,
        193,
        198,
        175
      ]
    },
    {
      "margin": false,
      "index": 11,
      "file": null,
      "u": 0.6666666,
      "v": 0.2604167,
      "uw": 0.3333333,
      "vh": 0.239583328,
      "width": 490,
      "height": 490,
      "descriptor": [
        131,
        131,
        110,
        105,
        123,
        97,
        159,
        180,
        156,
        206,
        202,
        179,
        194,
        186,
        151,
        130,
        141,
        113,
        142,
        150,
        129,
        231,
        215,
        191,
        166,
        169,
        146,
        199,
        191,
        156,
        139,
        139,
        119,
        170,
        169,
        147,
        163,
        171,
        149,
        154,
        168,
        149,
        152,
        147,
        124,
        167,
        160,
        140
      ]
    },
    {
      "margin": false,
      "index": 12,
      "file": null,
      "u": 0.0,
      "v": 0.5,
      "uw": 0.3333333,
      "vh": 0.239583328,
      "width": 490,
      "height": 490,
      "descriptor": [
        181,
        146,
        141,
        207,
        194,
        159,
        229,
        213,
        191,
        212,
        198,
        165,
        202,
        163,
        153,
        208,
        182,
        111,
        195,
        175,
        126,
        181,
        158,
        111,
        218,
        177,
        167,
        204,
        175,
        144,
        196,
        179,
        141,
        190,
        168,
        120,
        202,
        147,
        136,
        202,
        172,
        146,
        170,
        164,
        116,
        115,
        108,
        83
      ]
    },
    {
      "margin": false,
      "index": 13,
      "file": null,
      "u": 0.3333333,
      "v": 0.5,
      "uw": 0.3333333,
      "vh": 0.239583328,
      "width": 490,
      "height": 490,
      "descriptor": [
        166,
        168,
        134,
        196,
        193,
        155,
        208,
        197,
        167,
        167,
        179,
        159,
        183,
        178,
        149,
        209,
        195,
        151,
        211,
        197,
        149,
        166,
        154,
        94,
        158,
        169,
        146,
        172,
        168,
        154,
        176,
        173,
        128,
        172,
        155,
        118,
        171,
        178,
        156,
        155,
        147,
        135,
        109,
        105,
        100,
        91,
        84,
        59
      ]
    },
    {
      "margin": false,
      "index": 14,
      "file": null,
      "u": 0.6666666,
      "v": 0.5,
      "uw": 0.3333333,
      "vh": 0.239583328,
      "width": 490,
      "height": 490,