{
  "title": "PODOBIZEŇ ĽUDMILY DROPPOVEJ",
  "author": "BOHÚŇ, PETER MICHAL",
  "year": "",
  "id": "SNG-0001015709",
  "width": 1536,
  "height": 2048,
  "file": "SNG--O_1604--1_1--2014_03_19--L2_WEB_71839.webp",
  "tiles_x": 3,
  "tiles_y": 4,
  "offset_x": 0.0,
  "offset_y": 0.0,
  "tiles": [
    {
      "margin": false,
      "index": 0,
      "file": null,
      "u": 0.0,
      "v": 0.0,
      "uw": 0.333333343,
      "vh": 0.25,
      "width": 512,
      "height": 512,
      "descriptor": [
        86,
        83,
        76,
        86,
        83,
        76,
        93,
        90,
        81,
        99,
        89,
        79,
        84,
        80,
        74,
        94,
        89,
        81,
        97,
        90,
        82,
        113,
        97,
        77,
        85,
        80,
        74,
        88,
        83,
        75,
        97,
        91,
        82,
        122,
        95,
        63,
        96,
        90,
        83,
        89,
        81,
        72,
        90,
        87,
        77,
        116,
        95,
        68
      ]
    },
    {
      "margin": false,
      "index": 1,
      "file": null,
      "u": 0.333333343,
      "v": 0.0,
      "uw": 0.333333343,
      "vh": 0.25,
      "width": 512,
      "height": 512,
      "descriptor": [
        106,
        98,
        84,
        123,
        114,
        96,
        130,
        122,
        104,
        127,
        118,
        99,
        125,
        90,
        60,
        101,
        77,
        59,
        75,
        50,
        39,
        77,
        55,
        44,
        123,
        90,
        59,
        212,
        186,
        153,
        195,
        169,
        137,
        176,
        141,
        105,
        198,
        170,
        133,
        212,
        186,
        150,
        193,
        160,
        124,
        137,
        105,
        68
      ]
    },
    {
      "margin": false,
      "index": 2,
      "file": null,
      "u": 0.6666667,
      "v": 0.0,
      "uw": 0.333333343,
      "vh": 0.25,
      "width": 512,
      "height": 512,
      "descriptor": [
        123,
        115,
        94,
        132,
        125,
        106,
        130,
        122,
        104,
        131,
        125,
        108,
        130,
        122,
        104,
        137,
        129,
        110,
        138,
        129,
        111,
        132,
        122,
        104,
        140,
        128,
        106,
        140,
        131,
        109,
        144,
        134,
        115,
        131,
        121,
        102,
        145,
        132,
        110,
        148,
        138,
        116,
        139,
        130,
        110,
        130,
        118,
        98
      ]
    },
    {
      "margin": false,
      "index": 3,
      "file": null,
      "u": 0.0,
      "v": 0.25,
      "uw": 0.333333343,
      "vh": 0.25,
      "width": 512,
      "height": 512,
      "descriptor": [
        91,
        84,
        76,
        87,
        80,
        73,
        90,
        82,
        74,
        198,
        161,
        122,
        85,
        78,
        70,
        81,
        72,
        64,
        78,
        71,
        63,
        98,
        69,
        55,
        77,
        65,
        55,
        74,
        66,
        58,
        115,
        90,
        64,
        154,
        121,
        75,
        74,
        66,
        59,
        78,
        71,
        63,
        125,
        98,
        64,
        206,
        169,
        126
      ]
    },
    {
      "margin": false,
      "index": 4,
      "file": null,
      "u": 0.333333343,
      "v": 0.25,
      "uw": 0.333333343,
      "vh": 0.25,
      "width": 512,
      "height": 512,
      "descriptor": [
        199,
        172,
        138,
        195,
        167,
        139,
        202,
        175,
        138,
        163,
        115,
        79,
        189,
        160,
        126,
        184,
        151,
        129,
        213,
        184,
        148,
        188,
        146,
        121,
        212,
        185,
        148,
        199,
        169,
        138,
        195,
        166,
        137,
        85,
        58,
        48,
        192,
        163,
        124,
        203,
        174,
        136,
        130,
        84,
        54,
        77,
        56,
        47
      ]
    },
    {
      "margin": false,
      "index": 5,
      "file": null,
      "u": 0.6666667,
      "v": 0.25,
      "uw": 0.333333343,
      "vh": 0.25,
      "width": 512,
      "height": 512,
      "descriptor": [
        161,
        146,
        118,
        155,
        144,
        122,
        111,
        101,
        82,
        132,
        122,
        106,
        156,
        140,
        114,
        146,
        134,
        109,
        131,
        120,
        102,
        120,
        110,
        94,
        163,
        148,
        123,
        156,
        144,
        123,
        135,
        126,
        107,
        108,
        97,
        80,
        157,
        143,
        119,
        134,
        121,
        104,
        122,
        113,
        96,
        122,
        107,
        88
      ]
    },
    {
      "margin": false,
      "index": 6,
      "file": null,
      "u": 0.0,
      "v": 0.5,
      "uw": 0.333333343,
      "vh": 0.25,
      "width": 512,
      "height": 512,
      "descriptor": [
        66,
        58,
        51,
        144,
        119,
        103,
        173,
        135,
        102,
        199,
        169,
        132,
        82,
        67,
        62,
        188,
        148,
        129,
        201,
        166,
        147,
        204,
        162,
        145,
        151,
        120,
        100,
        205,
        167,
        148,
        195,
        144,
        121,
        200,
        152,
        131,
        196,
        153,
        135,
        201,
        161,
        144,
        165,
        119,
        94,
        189,
        134,
        109
      ]
    },
    {
      "margin": false,
      "index": 7,
      "file": null,
      "u": 0.333333343,
      "v": 0.5,
      "uw": 0.333333343,
      "vh": 0.25,
      "width": 512,
      "height": 512,
      "descriptor": [
        201,
        172,
        135,
        212,
        93,
        77,
        192,
        161,
        121,
        166,
        128,
        92,
        202,
        155,
        131,
        205,
        161,
        144,
        193,
        123,
        95,
        183,
        129,
        108,
        192,
        150,
        126,
        184,
        135,
        116,
        193,
        141,
        122,
        196,
        150,
        127,
        183,
        137,
        113,
        197,
        150,
        131,
        193,
        145,
        121,
        182,
        128,
        106
      ]
    },
    {
      "margin": false,
      "index": 8,
      "file": null,
      "u": 0.6666667,
      "v": 0.5,
      "uw": 0.333333343,
      "vh": 0.25,
      "width": 512,
      "height": 512,
      "descriptor": [
        153,
        118,
        84,
        151,
        136,
        115,
        118,
        108,
        92,
        119,
        105,
        87,
        147,
        94,
        71,
        144,
        122,
        99,
        127,
        116,
        99,
        126,
        112,
        94,
        138,
        88,
        65,
        129,
        100,
        79,
        118,
        107,
        93,
        109,
        95,
        80,
        132,
        94,
        75,
        114,
        72,
        55,
        119,
        106,
        89,
        101,
        90,
        76
      ]
    },
    {
      "margin": false,
      "index": 9,
      "file": null,
      "u": 0.0,
      "v": 0.75,
      "uw": 0.333333343,
      "vh": 0.25,
      "width": 512,
      "height": 512,