{
  "title": "JASKYŇA",
  "author": "MEDNYÁNSZKY, LADISLAV",
  "year": "(1870 - 1873)",
  "id": "SNG-0001067253",
  "width": 1600,
  "height": 2048,
  "file": "SNG--K_4307-a-b--1_2--2013_11_13--L2_WEB_82011396.webp",
  "tiles_x": 3,
  "tiles_y": 3,
  "offset_x": 0.0,
  "offset_y": 0.109375,
  "tiles": [
    {
      "margin": false,
      "index": 6,
      "file": null,
      "u": 0.0,
      "v": 0.109375,
      "uw": 0.3333333,
      "vh": 0.260416657,
      "width": 533,
      "height": 533,
      "descriptor": [
        166,
        167,
        143,
        168,
        168,
        143,
        154,
        164,
        146,
        158,
        171,
        158,
        171,
        155,
        121,
        165,
        167,
        136,
        160,
        170,
        149,
        164,
        172,
        154,
        157,
        139,
        118,
        177,
        156,
        125,
        212,
        185,
        140,
        169,
        172,
        150,
        153,
        129,
        94,
        169,
        148,
        119,
        176,
        150,
        119,
        152,
        132,
        108
      ]
    },
    {
      "margin": false,
      "index": 7,
      "file": null,
      "u": 0.3333333,
      "v": 0.109375,
      "uw": 0.3333333,
      "vh": 0.260416657,
      "width": 533,
      "height": 533,
      "descriptor": [
        163,
        172,
        155,
        160,
        172,
        159,
        171,
        180,
        167,
        166,
        178,
        161,
        162,
        173,
        156,
        159,
        171,
        154,
        164,
        177,
        164,
        161,
        176,
        163,
        166,
        170,
        142,
        170,
        179,
        156,
        154,
        171,
        158,
        152,
        166,
        153,
        133,
        119,
        100,
        189,
        167,
        114,
        170,
        178,
        157,
        164,
        177,
        161
      ]
    },
    {
      "margin": false,
      "index": 8,
      "file": null,
      "u": 0.6666666,
      "v": 0.109375,
      "uw": 0.3333333,
      "vh": 0.260416657,
      "width": 533,
      "height": 533,
      "descriptor": [
        159,
        178,
        164,
        170,
        181,
        163,
        180,
        184,
        160,
        245,
        240,
        238,
        167,
        179,
        164,
        174,
        183,
        160,
        179,
        181,
        159,
        241,
        237,
        235,
        170,
        181,
        167,
        176,
        183,
        165,
        179,
        184,
        165,
        238,
        232,
        231,
        181,
        182,
        161,
        185,
        186,
        161,
        175,
        177,
        154,
        217,
        209,
        199
      ]
    },
    {
      "margin": false,
      "index": 9,
      "file": null,
      "u": 0.0,
      "v": 0.369791657,
      "uw": 0.3333333,
      "vh": 0.260416657,
      "width": 533,
      "height": 533,
      "descriptor": [
        233,
        229,
        228,
        160,
        134,
        102,
        187,
        158,
        117,
        188,
        157,
        115,
        177,
        144,
        104,
        182,
        151,
        116,
        189,
        153,
        110,
        160,
        132,
        106,
        171,
        148,
        112,
        183,
        146,
        102,
        176,
        145,
        111,
        176,
        163,
        115,
        182,
        151,
        117,
        185,
        151,
        111,
        184,
        146,
        102,
        75,
        76,
        60
      ]
    },
    {
      "margin": false,
      "index": 10,
      "file": null,
      "u": 0.3333333,
      "v": 0.369791657,
      "uw": 0.3333333,
      "vh": 0.260416657,
      "width": 533,
      "height": 533,
      "descriptor": [
        176,
        144,
        106,
        147,
        134,
        109,
        149,
        122,
        96,
        150,
        131,
        97,
        170,
        137,
        105,
        125,
        99,
        73,
        154,
        129,
        96,
        162,
        144,
        111,
        105,
        87,
        70,
        78,
        65,
        57,
        116,
        93,
        76,
        176,
        145,
        108,
        54,
        50,
        48,
        99,
        79,
        65,
        122,
        129,
        85,
        134,
        141,
        99
      ]
    },
    {
      "margin": false,
      "index": 11,
      "file": null,
      "u": 0.6666666,
      "v": 0.369791657,
      "uw": 0.3333333,
      "vh": 0.260416657,
      "width": 533,
      "height": 533,
      "descriptor": [
        124,
        123,
        81,
        150,
        156,
        144,
        142,
        146,
        115,
        178,
        168,
        142,
        157,
        142,
        93,
        190,
        147,
        107,
        188,
        156,
        116,
        207,
        179,
        126,
        172,
        155,
        109,
        186,
        158,
        111,
        193,
        156,
        108,
        182,
        148,
        113,
        143,
        137,
        94,
        175,
        154,
        114,
        170,
        134,
        95,
        141,
        118,
        97
      ]
    },
    {
      "margin": false,
      "index": 12,
      "file": null,
      "u": 0.0,
      "v": 0.6302083,
      "uw": 0.3333333,
      "vh": 0.260416657,
      "width": 533,
      "height": 533,
      "descriptor": [
        158,
        130,
        101,
        186,
        154,
        110,
        200,
        169,
        119,
        142,
        120,
        90,
        170,
        136,
        95,
        182,
        150,
        109,
        200,
        162,
        110,
        151,
        127,
        99,
        184,
        160,
        111,
        196,
        168,
        119,
        193,
        161,
        113,
        199,
        168,
        126,
        184,
        151,
        104,
        201,
        170,
        127,
        199,
        172,
        126,
        202,
        171,
        129
      ]
    },
    {
      "margin": false,
      "index": 13,
      "file": null,
      "u": 0.3333333,
      "v": 0.6302083,
      "uw": 0.3333333,
      "vh": 0.260416657,
      "width": 533,
      "height": 533,
      "descriptor": [
        122,
        93,
        73,
        61,
        59,
        56,
        101,
        85,
        73,
        104,
        103,
        79,
        81,
        99,
        56,
        71,
        77,
        51,
        103,
        108,
        71,
        144,
        138,
        88,
        192,
        176,
        127,
        134,
        136,
        82,
        147,
        146,
        90,
        180,
        165,
        99,
        188,
        173,
        139,
        187,
        158,
        120,
        180,
        154,
        127,
        179,
        144,
        111
      ]
    },
    {
      "margin": false,
      "index": 14,
      "file": null,
      "u": 0.6666666,
      "v": 0.6302083,
      "uw": 0.3333333,
      "vh": 0.260416657,
      "width": 533,
      "height": 533,
      "descriptor": [
        126,
        110,
        78,
        181,
        163,
        113,
        151,
        134,
        103,
        193,
        166,
        117,
        157,
        153,
        107,
        171,
        153,
        117,
        182,
        169,
        122,
        109,
        104,
        93,
        182,
        165,
        101,
        186,
        167,
        112,
        187,
        166,
        114,
        188,
        166,
        119,
        176,
        141,
        111,
        180,
        157,
        123,
        183,
        160,
        126,
        164,
        143,
        119
      ]
    }
  ],