{
  "title": "STARČEK S FAJKOU PRI OKNE",
  "author": "RIPPL-RÓNAI, JÓZSEF",
  "year": "1914",
  "id": "SNG-0001018022",
  "width": 1472,
  "height": 2048,
  "file": "SNG--O_1655--1_1--2013_10_15--L2_WEB_37788.webp",
  "tiles_x": 3,
  "tiles_y": 4,
  "offset_x": 0.0,
  "offset_y": 0.0208333433,
  "tiles": [
    {
      "margin": false,
      "index": 6,
      "file": null,
      "u": 0.0,
      "v": 0.0208333433,
      "uw": 0.3333333,
      "vh": 0.239583328,
      "width": 490,
      "height": 490,
      "descriptor": [
        191,
        183,
        147,
        186,
        163,
        144,
        182,
        159,
        141,
        108,
        74,
        73,
        181,
        182,
        166,
        184,
        165,
        142,
        182,
        151,
        120,
        111,
        74,
        66,
        130,
        83,
        80,
        135,
        85,
        84,
        116,
        73,
        65,
        99,
        67,
        61,
        218,
        178,
        112,
        189,
        160,
        98,
        205,
        157,
        90,
        95,
        66,
        60
      ]
    },
    {
      "margin": false,
      "index": 7,
      "file": null,
      "u": 0.3333333,
      "v": 0.0208333433,
      "uw": 0.3333333,
      "vh": 0.239583328,
      "width": 490,
      "height": 490,
      "descriptor": [
        194,
        194,
        165,
        197,
        145,
        81,
        189,
        117,
        80,
        93,
        94,
        80,
        218,
        181,
        117,
        188,
        122,
        56,
        171,
        109,
        88,
        135,
        88,
        77,
        111,
        67,
        69,
        100,
        67,
        62,
        93,
        59,
        59,
        102,
        67,
        68,
        208,
        150,
        62,
        221,
        173,
        105,
        83,
        67,
        68,
        55,
        57,
        50
      ]
    },
    {
      "margin": false,
      "index": 8,
      "file": null,
      "u": 0.6666666,
      "v": 0.0208333433,
      "uw": 0.3333333,
      "vh": 0.239583328,
      "width": 490,
      "height": 490,
      "descriptor": [
        171,
        168,
        131,
        162,
        185,
        165,
        86,
        92,
        69,
        82,
        84,
        74,
        164,
        176,
        147,
        152,
        185,
        163,
        84,
        93,
        85,
        98,
        102,
        89,
        161,
        179,
        154,
        152,
        189,
        178,
        79,
        87,
        78,
        77,
        80,
        73,
        138,
        175,
        159,
        161,
        181,
        149,
        71,
        80,
        73,
        91,
        97,
        83
      ]
    },
    {
      "margin": false,
      "index": 9,
      "file": null,
      "u": 0.0,
      "v": 0.2604167,
      "uw": 0.3333333,
      "vh": 0.239583328,
      "width": 490,
      "height": 490,
      "descriptor": [
        107,
        107,
        73,
        216,
        161,
        75,
        205,
        151,
        99,
        124,
        77,
        63,
        179,
        125,
        83,
        157,
        147,
        112,
        112,
        105,
        77,
        110,
        72,
        59,
        172,
        126,
        116,
        214,
        173,
        103,
        189,
        163,
        115,
        115,
        78,
        72,
        192,
        182,
        174,
        178,
        153,
        108,
        189,
        162,
        132,
        99,
        65,
        61
      ]
    },
    {
      "margin": false,
      "index": 10,
      "file": null,
      "u": 0.3333333,
      "v": 0.2604167,
      "uw": 0.3333333,
      "vh": 0.239583328,
      "width": 490,
      "height": 490,
      "descriptor": [
        211,
        158,
        93,
        214,
        155,
        95,
        75,
        55,
        57,
        73,
        58,
        58,
        195,
        157,
        121,
        194,
        137,
        86,
        82,
        54,
        51,
        76,
        69,
        59,
        139,
        109,
        82,
        154,
        127,
        92,
        97,
        84,
        62,
        73,
        71,
        65,
        199,
        171,
        115,
        54,
        56,
        42,
        41,
        46,
        43,
        51,
        57,
        56
      ]
    },
    {
      "margin": false,
      "index": 11,
      "file": null,
      "u": 0.6666666,
      "v": 0.2604167,
      "uw": 0.3333333,
      "vh": 0.239583328,
      "width": 490,
      "height": 490,
      "descriptor": [
        83,
        67,
        73,
        147,
        166,
        137,
        70,
        78,
        70,
        84,
        88,
        76,
        78,
        59,
        61,
        165,
        175,
        154,
        75,
        80,
        73,
        84,
        91,
        80,
        51,
        56,
        54,
        162,
        171,
        141,
        83,
        87,
        76,
        77,
        85,
        80,
        42,
        49,
        48,
        45,
        52,
        52,
        55,
        62,
        62,
        59,
        73,
        70
      ]
    },
    {
      "margin": false,
      "index": 12,
      "file": null,
      "u": 0.0,
      "v": 0.5,
      "uw": 0.3333333,
      "vh": 0.239583328,
      "width": 490,
      "height": 490,
      "descriptor": [
        96,
        56,
        46,
        123,
        74,
        59,
        105,
        63,
        60,
        98,
        68,
        55,
        158,
        105,
        79,
        186,
        117,
        82,
        88,
        84,
        61,
        79,
        69,
        57,
        104,
        54,
        53,
        111,
        90,
        76,
        78,
        69,
        60,
        58,
        57,
        56,
        190,
        166,
        135,
        84,
        71,
        63,
        63,
        51,
        50,
        50,
        48,
        44
      ]
    },
    {
      "margin": false,
      "index": 13,
      "file": null,
      "u": 0.3333333,
      "v": 0.5,
      "uw": 0.3333333,
      "vh": 0.239583328,
      "width": 490,
      "height": 490,
      "descriptor": [
        59,
        61,
        55,
        158,
        123,
        75,
        37,
        43,
        43,
        35,
        40,
        39,
        81,
        76,
        69,
        106,
        73,
        71,
        43,
        49,
        48,
        43,
        50,
        49,
        79,
        73,
        66,
        82,
        73,
        63,
        75,
        65,
        62,
        33,
        38,
        35,
        104,
        101,
        82,
        64,
        48,
        50,
        65,
        58,
        54,
        56,
        60,
        60
      ]
    },
    {
      "margin": false,
      "index": 14,
      "file": null,
      "u": 0.6666666,
      "v": 0.5,
      "uw": 0.3333333,
      "vh": 0.239583328,
      "width": 490,
      "height": 490,
      "descriptor": [
        50,
        56,
        54,
        47,
        51,
        47,
        47,
        55,
        55,
        64,
        72,
        71,
        67,
        75,
        72,
        44,
        48,
        47,
        47,
        53,
        53,
        50,
        58,
        59,
        49,
        55,
        54,
        59,
        61,
        56,
        52,
        58,
        57,
        55,
        64,
        63,
        36,
        40,
        39,
        54,
        55,
        56,
        49,
        58,
        58,
        41,
        47,
        41
      ]
    },
    {
      "margin": false,
      "index": 15,
      "file": null,
      "u": 0.0,
      "v": 0.7395834,
      "uw": 0.3333333,
      "vh": 0.239583328,
      "width": 490,
      "height": 490,