{
  "title": "MOTÍV S DEDINSKÝMI CHALUPAMI",
  "author": "PALUGYAY, ZOLO",
  "year": "(1919 - 1939)",
  "id": "SNG-0001005752",
  "width": 2048,
  "height": 1536,
  "file": "SNG--K_720--1_1--2015_07_02--L2_WEB_46129.webp",
  "tiles_x": 4,
  "tiles_y": 3,
  "offset_x": 0.0,
  "offset_y": 0.0,
  "tiles": [
    {
      "margin": false,
      "index": 0,
      "file": null,
      "u": 0.0,
      "v": 0.0,
      "uw": 0.25,
      "vh": 0.333333343,
      "width": 512,
      "height": 512,
      "descriptor": [
        227,
        213,
        195,
        195,
        192,
        181,
        176,
        183,
        180,
        217,
        206,
        191,
        191,
        193,
        188,
        146,
        161,
        164,
        142,
        161,
        166,
        146,
        167,
        173,
        170,
        178,
        175,
        181,
        191,
        184,
        169,
        176,
        170,
        154,
        171,
        178,
        161,
        168,
        142,
        198,
        194,
        165,
        167,
        177,
        171,
        162,
        175,
        170
      ]
    },
    {
      "margin": false,
      "index": 1,
      "file": null,
      "u": 0.25,
      "v": 0.0,
      "uw": 0.25,
      "vh": 0.333333343,
      "width": 512,
      "height": 512,
      "descriptor": [
        222,
        210,
        197,
        216,
        203,
        186,
        229,
        216,
        205,
        228,
        216,
        203,
        157,
        170,
        171,
        198,
        199,
        193,
        219,
        209,
        193,
        225,
        215,
        199,
        158,
        170,
        166,
        133,
        153,
        159,
        135,
        159,
        163,
        161,
        178,
        183,
        201,
        206,
        201,
        165,
        172,
        174,
        161,
        176,
        180,
        184,
        193,
        197
      ]
    },
    {
      "margin": false,
      "index": 2,
      "file": null,
      "u": 0.5,
      "v": 0.0,
      "uw": 0.25,
      "vh": 0.333333343,
      "width": 512,
      "height": 512,
      "descriptor": [
        227,
        216,
        200,
        230,
        218,
        206,
        230,
        218,
        205,
        233,
        220,
        205,
        221,
        210,
        194,
        227,
        216,
        203,
        225,
        214,
        200,
        229,
        217,
        203,
        191,
        195,
        191,
        211,
        207,
        196,
        226,
        216,
        202,
        228,
        217,
        203,
        156,
        172,
        175,
        171,
        179,
        179,
        196,
        198,
        194,
        202,
        204,
        201
      ]
    },
    {
      "margin": false,
      "index": 3,
      "file": null,
      "u": 0.75,
      "v": 0.0,
      "uw": 0.25,
      "vh": 0.333333343,
      "width": 512,
      "height": 512,
      "descriptor": [
        223,
        210,
        194,
        226,
        211,
        195,
        223,
        209,
        192,
        227,
        213,
        197,
        229,
        218,
        205,
        232,
        220,
        205,
        228,
        215,
        199,
        231,
        217,
        201,
        223,
        217,
        205,
        230,
        220,
        206,
        232,
        220,
        206,
        228,
        215,
        200,
        182,
        190,
        188,
        178,
        185,
        185,
        191,
        194,
        192,
        227,
        215,
        201
      ]
    },
    {
      "margin": false,
      "index": 4,
      "file": null,
      "u": 0.0,
      "v": 0.333333343,
      "uw": 0.25,
      "vh": 0.333333343,
      "width": 512,
      "height": 512,
      "descriptor": [
        191,
        192,
        167,
        196,
        190,
        157,
        164,
        173,
        150,
        153,
        159,
        123,
        143,
        160,
        126,
        137,
        161,
        139,
        157,
        172,
        146,
        135,
        158,
        132,
        166,
        172,
        138,
        198,
        195,
        170,
        119,
        122,
        98,
        133,
        133,
        96,
        157,
        166,
        139,
        157,
        162,
        140,
        106,
        93,
        70,
        166,
        151,
        136
      ]
    },
    {
      "margin": false,
      "index": 5,
      "file": null,
      "u": 0.25,
      "v": 0.333333343,
      "uw": 0.25,
      "vh": 0.333333343,
      "width": 512,
      "height": 512,
      "descriptor": [
        156,
        161,
        128,
        125,
        137,
        129,
        164,
        177,
        166,
        149,
        158,
        141,
        174,
        179,
        160,
        173,
        180,
        158,
        179,
        182,
        157,
        165,
        172,
        140,
        145,
        135,
        129,
        123,
        117,
        94,
        112,
        104,
        78,
        168,
        177,
        146,
        128,
        105,
        89,
        149,
        132,
        105,
        124,
        114,
        98,
        75,
        74,
        65
      ]
    },
    {
      "margin": false,
      "index": 6,
      "file": null,
      "u": 0.5,
      "v": 0.333333343,
      "uw": 0.25,
      "vh": 0.333333343,
      "width": 512,
      "height": 512,
      "descriptor": [
        167,
        174,
        146,
        165,
        173,
        154,
        199,
        198,
        170,
        201,
        203,
        193,
        183,
        187,
        156,
        180,
        179,
        146,
        194,
        189,
        173,
        70,
        86,
        76,
        185,
        185,
        162,
        179,
        184,
        156,
        59,
        70,
        64,
        101,
        103,
        74,
        184,
        168,
        135,
        145,
        124,
        107,
        152,
        139,
        116,
        159,
        154,
        111
      ]
    },
    {
      "margin": false,
      "index": 7,
      "file": null,
      "u": 0.75,
      "v": 0.333333343,
      "uw": 0.25,
      "vh": 0.333333343,
      "width": 512,
      "height": 512,
      "descriptor": [
        203,
        202,
        188,
        207,
        205,
        191,
        200,
        197,
        179,
        213,
        208,
        191,
        155,
        156,
        104,
        187,
        187,
        165,
        184,
        189,
        173,
        202,
        198,
        178,
        79,
        85,
        67,
        180,
        183,
        173,
        159,
        167,
        149,
        189,
        188,
        165,
        111,
        112,
        101,
        136,
        152,
        129,
        164,
        173,
        149,
        179,
        182,
        160
      ]
    },
    {
      "margin": false,
      "index": 8,
      "file": null,
      "u": 0.0,
      "v": 0.6666667,
      "uw": 0.25,
      "vh": 0.333333343,
      "width": 512,
      "height": 512,
      "descriptor": [
        71,
        88,
        85,
        114,
        127,
        98,
        73,
        76,
        68,
        87,
        76,
        68,
        117,
        137,
        133,
        76,
        91,
        63,
        86,
        95,
        65,
        186,
        150,
        130,
        63,
        77,
        64,
        92,
        96,
        83,
        120,
        121,
        95,
        118,
        108,
        60,
        204,
        168,
        122,
        207,
        176,
        127,
        222,
        193,
        154,
        225,
        211,
        195
      ]
    },
    {
      "margin": false,
      "index": 9,
      "file": null,
      "u": 0.25,
      "v": 0.6666667,