{
  "title": "RUVAJÚCI SA PSI",
  "author": "WEISZ-KUBÍNČAN, ARNOLD PETER",
  "year": "(1940 - 1944)",
  "id": "SNG-0001018096",
  "width": 2048,
  "height": 1024,
  "file": "SNG--O_4503--1_1--2013_10_14--L2_WEB_107463.webp",
  "tiles_x": 6,
  "tiles_y": 3,
  "offset_x": 0.0,
  "offset_y": 0.0,
  "tiles": [
    {
      "margin": false,
      "index": 0,
      "file": null,
      "u": 0.0,
      "v": 0.0,
      "uw": 0.166666672,
      "vh": 0.333333343,
      "width": 341,
      "height": 341,
      "descriptor": [
        122,
        123,
        111,
        69,
        60,
        63,
        100,
        96,
        67,
        96,
        119,
        71,
        67,
        67,
        63,
        84,
        54,
        55,
        100,
        93,
        73,
        91,
        60,
        57,
        79,
        66,
        67,
        107,
        120,
        85,
        57,
        56,
        56,
        95,
        102,
        70,
        110,
        124,
        92,
        74,
        57,
        54,
        79,
        74,
        75,
        61,
        56,
        52
      ]
    },
    {
      "margin": false,
      "index": 1,
      "file": null,
      "u": 0.166666672,
      "v": 0.0,
      "uw": 0.166666672,
      "vh": 0.333333343,
      "width": 341,
      "height": 341,
      "descriptor": [
        86,
        65,
        63,
        92,
        118,
        72,
        86,
        75,
        66,
        114,
        109,
        110,
        87,
        61,
        54,
        86,
        72,
        65,
        125,
        129,
        105,
        90,
        100,
        96,
        93,
        73,
        66,
        95,
        52,
        50,
        89,
        71,
        64,
        95,
        81,
        74,
        77,
        55,
        53,
        96,
        55,
        46,
        112,
        135,
        86,
        129,
        132,
        95
      ]
    },
    {
      "margin": false,
      "index": 2,
      "file": null,
      "u": 0.333333343,
      "v": 0.0,
      "uw": 0.166666672,
      "vh": 0.333333343,
      "width": 341,
      "height": 341,
      "descriptor": [
        57,
        60,
        51,
        67,
        67,
        63,
        61,
        55,
        50,
        62,
        68,
        53,
        31,
        53,
        63,
        115,
        80,
        63,
        64,
        66,
        54,
        91,
        119,
        66,
        109,
        129,
        86,
        64,
        68,
        66,
        49,
        58,
        59,
        79,
        98,
        63,
        119,
        120,
        120,
        50,
        58,
        64,
        52,
        59,
        52,
        69,
        100,
        61
      ]
    },
    {
      "margin": false,
      "index": 3,
      "file": null,
      "u": 0.5,
      "v": 0.0,
      "uw": 0.166666672,
      "vh": 0.333333343,
      "width": 341,
      "height": 341,
      "descriptor": [
        86,
        108,
        52,
        111,
        114,
        90,
        115,
        124,
        98,
        105,
        95,
        71,
        88,
        122,
        70,
        111,
        112,
        78,
        117,
        156,
        113,
        117,
        160,
        116,
        85,
        115,
        75,
        63,
        80,
        58,
        119,
        122,
        104,
        95,
        135,
        103,
        71,
        99,
        61,
        87,
        93,
        73,
        131,
        163,
        119,
        78,
        107,
        75
      ]
    },
    {
      "margin": false,
      "index": 4,
      "file": null,
      "u": 0.6666667,
      "v": 0.0,
      "uw": 0.166666672,
      "vh": 0.333333343,
      "width": 341,
      "height": 341,
      "descriptor": [
        121,
        146,
        117,
        122,
        147,
        117,
        107,
        116,
        99,
        76,
        49,
        53,
        160,
        129,
        116,
        116,
        80,
        86,
        66,
        62,
        59,
        127,
        89,
        102,
        113,
        136,
        118,
        154,
        71,
        66,
        75,
        71,
        61,
        104,
        69,
        82,
        75,
        99,
        77,
        113,
        106,
        72,
        88,
        65,
        58,
        87,
        71,
        70
      ]
    },
    {
      "margin": false,
      "index": 5,
      "file": null,
      "u": 0.8333334,
      "v": 0.0,
      "uw": 0.166666672,
      "vh": 0.333333343,
      "width": 341,
      "height": 341,
      "descriptor": [
        73,
        61,
        61,
        78,
        81,
        67,
        140,
        151,
        79,
        127,
        139,
        77,
        63,
        63,
        56,
        105,
        68,
        68,
        106,
        87,
        74,
        125,
        93,
        68,
        116,
        141,
        139,
        115,
        64,
        73,
        172,
        149,
        149,
        113,
        111,
        78,
        76,
        98,
        68,
        67,
        97,
        74,
        58,
        86,
        65,
        70,
        97,
        64
      ]
    },
    {
      "margin": false,
      "index": 6,
      "file": null,
      "u": 0.0,
      "v": 0.333333343,
      "uw": 0.166666672,
      "vh": 0.333333343,
      "width": 341,
      "height": 341,
      "descriptor": [
        92,
        58,
        58,
        96,
        62,
        60,
        79,
        58,
        56,
        60,
        54,
        52,
        109,
        117,
        83,
        90,
        88,
        78,
        64,
        59,
        57,
        85,
        67,
        69,
        113,
        115,
        110,
        91,
        73,
        62,
        60,
        55,
        55,
        129,
        157,
        92,
        113,
        93,
        61,
        76,
        78,
        66,
        118,
        84,
        74,
        124,
        101,
        88
      ]
    },
    {
      "margin": false,
      "index": 7,
      "file": null,
      "u": 0.166666672,
      "v": 0.333333343,
      "uw": 0.166666672,
      "vh": 0.333333343,
      "width": 341,
      "height": 341,
      "descriptor": [
        89,
        61,
        58,
        102,
        60,
        62,
        101,
        132,
        81,
        102,
        126,
        79,
        143,
        166,
        126,
        117,
        151,
        92,
        103,
        104,
        82,
        112,
        145,
        90,
        145,
        173,
        127,
        143,
        152,
        100,
        105,
        62,
        66,
        83,
        76,
        81,
        50,
        89,
        71,
        82,
        103,
        68,
        107,
        53,
        58,
        129,
        61,
        64
      ]
    },
    {
      "margin": false,
      "index": 8,
      "file": null,
      "u": 0.333333343,
      "v": 0.333333343,
      "uw": 0.166666672,
      "vh": 0.333333343,
      "width": 341,
      "height": 341,
      "descriptor": [
        85,
        95,
        68,
        90,
        103,
        92,
        68,
        63,
        52,
        68,
        100,
        60,
        107,
        141,
        82,
        99,
        131,
        81,
        85,
        79,
        57,
        74,
        81,
        63,
        119,
        72,
        72,
        56,
        22,
        29,
        151,
        83,
        85,
        74,
        57,
        60,
        68,
        52,
        53,
        121,
        88,
        68,
        70,
        56,
        55,
        133,
        74,
        61
      ]
    },
    {
      "margin": false,
      "index": 9,
      "file": null,
      "u": 0.5,
      "v": 0.333333343,
      "uw": 0.166666672,
      "vh": 0.333333343,
      "width": 341,
      "height": 341,