{
  "title": "ŠTÚDIA JARNEJ OBLOHY",
  "author": "MEDNYÁNSZKY, LADISLAV",
  "year": "(1880 - 1900)",
  "id": "SNG-0001002177",
  "width": 2048,
  "height": 1536,
  "file": "SNG--O_6747--1_1--_2015_05_19_--L2_WEB_3874.webp",
  "tiles_x": 4,
  "tiles_y": 3,
  "offset_x": 0.0,
  "offset_y": 0.0,
  "tiles": [
    {
      "margin": false,
      "index": 0,
      "file": null,
      "u": 0.0,
      "v": 0.0,
      "uw": 0.25,
      "vh": 0.333333343,
      "width": 512,
      "height": 512,
      "descriptor": [
        97,
        141,
        161,
        106,
        137,
        173,
        47,
        113,
        170,
        129,
        155,
        170,
        74,
        121,
        165,
        25,
        112,
        183,
        44,
        127,
        186,
        23,
        115,
        178,
        95,
        156,
        176,
        23,
        112,
        182,
        34,
        111,
        179,
        35,
        115,
        180,
        36,
        113,
        167,
        170,
        178,
        180,
        18,
        96,
        177,
        28,
        118,
        176
      ]
    },
    {
      "margin": false,
      "index": 1,
      "file": null,
      "u": 0.25,
      "v": 0.0,
      "uw": 0.25,
      "vh": 0.333333343,
      "width": 512,
      "height": 512,
      "descriptor": [
        158,
        178,
        177,
        152,
        168,
        173,
        164,
        173,
        181,
        140,
        146,
        147,
        48,
        118,
        172,
        127,
        159,
        185,
        59,
        114,
        154,
        134,
        146,
        155,
        39,
        122,
        175,
        50,
        134,
        187,
        45,
        125,
        178,
        28,
        113,
        175,
        89,
        143,
        189,
        81,
        137,
        172,
        25,
        123,
        173,
        87,
        146,
        184
      ]
    },
    {
      "margin": false,
      "index": 2,
      "file": null,
      "u": 0.5,
      "v": 0.0,
      "uw": 0.25,
      "vh": 0.333333343,
      "width": 512,
      "height": 512,
      "descriptor": [
        189,
        174,
        156,
        159,
        151,
        146,
        157,
        158,
        150,
        155,
        161,
        166,
        143,
        154,
        159,
        108,
        127,
        147,
        146,
        155,
        158,
        142,
        153,
        163,
        24,
        108,
        169,
        103,
        141,
        172,
        15,
        83,
        148,
        0,
        112,
        159,
        195,
        200,
        185,
        200,
        194,
        165,
        214,
        217,
        208,
        184,
        187,
        143
      ]
    },
    {
      "margin": false,
      "index": 3,
      "file": null,
      "u": 0.75,
      "v": 0.0,
      "uw": 0.25,
      "vh": 0.333333343,
      "width": 512,
      "height": 512,
      "descriptor": [
        152,
        158,
        161,
        139,
        144,
        149,
        139,
        157,
        168,
        140,
        156,
        165,
        166,
        174,
        175,
        144,
        154,
        157,
        165,
        171,
        169,
        164,
        172,
        172,
        183,
        180,
        168,
        222,
        219,
        206,
        208,
        205,
        192,
        198,
        194,
        182,
        227,
        221,
        186,
        197,
        192,
        178,
        208,
        202,
        189,
        202,
        198,
        183
      ]
    },
    {
      "margin": false,
      "index": 4,
      "file": null,
      "u": 0.0,
      "v": 0.333333343,
      "uw": 0.25,
      "vh": 0.333333343,
      "width": 512,
      "height": 512,
      "descriptor": [
        162,
        163,
        171,
        155,
        152,
        155,
        195,
        194,
        186,
        209,
        206,
        192,
        200,
        193,
        179,
        177,
        160,
        152,
        173,
        164,
        156,
        197,
        190,
        152,
        196,
        193,
        172,
        177,
        180,
        174,
        196,
        191,
        173,
        127,
        146,
        152,
        135,
        154,
        169,
        142,
        160,
        180,
        135,
        154,
        174,
        149,
        159,
        176
      ]
    },
    {
      "margin": false,
      "index": 5,
      "file": null,
      "u": 0.25,
      "v": 0.333333343,
      "uw": 0.25,
      "vh": 0.333333343,
      "width": 512,
      "height": 512,
      "descriptor": [
        216,
        208,
        151,
        210,
        212,
        191,
        218,
        217,
        177,
        234,
        226,
        193,
        183,
        168,
        143,
        214,
        203,
        170,
        224,
        220,
        184,
        189,
        190,
        164,
        203,
        196,
        177,
        185,
        178,
        164,
        150,
        164,
        163,
        159,
        163,
        161,
        123,
        142,
        164,
        120,
        143,
        171,
        81,
        115,
        149,
        100,
        131,
        159
      ]
    },
    {
      "margin": false,
      "index": 6,
      "file": null,
      "u": 0.5,
      "v": 0.333333343,
      "uw": 0.25,
      "vh": 0.333333343,
      "width": 512,
      "height": 512,
      "descriptor": [
        192,
        195,
        183,
        228,
        226,
        204,
        173,
        169,
        154,
        219,
        224,
        196,
        201,
        202,
        173,
        163,
        175,
        181,
        191,
        197,
        185,
        213,
        204,
        179,
        180,
        178,
        163,
        180,
        178,
        173,
        173,
        175,
        168,
        175,
        178,
        173,
        77,
        121,
        154,
        96,
        138,
        169,
        142,
        165,
        180,
        82,
        121,
        147
      ]
    },
    {
      "margin": false,
      "index": 7,
      "file": null,
      "u": 0.75,
      "v": 0.333333343,
      "uw": 0.25,
      "vh": 0.333333343,
      "width": 512,
      "height": 512,
      "descriptor": [
        207,
        205,
        174,
        195,
        194,
        165,
        172,
        186,
        184,
        183,
        188,
        173,
        201,
        192,
        165,
        181,
        174,
        154,
        195,
        191,
        173,
        172,
        177,
        162,
        167,
        172,
        165,
        135,
        156,
        163,
        145,
        154,
        163,
        169,
        177,
        176,
        98,
        135,
        165,
        83,
        129,
        162,
        118,
        141,
        152,
        136,
        138,
        136
      ]
    },
    {
      "margin": false,
      "index": 8,
      "file": null,
      "u": 0.0,
      "v": 0.6666667,
      "uw": 0.25,
      "vh": 0.333333343,
      "width": 512,
      "height": 512,
      "descriptor": [
        143,
        149,
        158,
        146,
        158,
        163,
        126,
        147,
        162,
        110,
        138,
        162,
        153,
        163,
        166,
        141,
        151,
        130,
        130,
        135,
        96,
        142,
        146,
        106,
        146,
        136,
        30,
        165,
        155,
        93,
        135,
        132,
        36,
        148,
        145,
        60,
        211,
        205,
        192,
        207,
        203,
        187,
        200,
        195,
        177,
        204,
        199,
        190
      ]
    },
    {
      "margin": false,
      "index": 9,
      "file": null,
      "u": 0.25,