{
  "title": "BLAHOSLAVENÁ PANNA MÁRIA",
  "author": "DITTMANN, JOH",
  "year": "1836",
  "id": "SNG-0001002706",
  "width": 1408,
  "height": 2048,
  "file": "SNG--O_2995--1_2--_2015_08_12_--L2_WEB_111508.webp",
  "tiles_x": 3,
  "tiles_y": 4,
  "offset_x": 0.0,
  "offset_y": 0.0416666567,
  "tiles": [
    {
      "margin": false,
      "index": 6,
      "file": null,
      "u": 0.0,
      "v": 0.0416666567,
      "uw": 0.333333343,
      "vh": 0.229166672,
      "width": 469,
      "height": 469,
      "descriptor": [
        95,
        93,
        80,
        90,
        89,
        75,
        93,
        94,
        80,
        108,
        109,
        97,
        80,
        79,
        68,
        89,
        89,
        80,
        115,
        115,
        105,
        106,
        113,
        100,
        73,
        70,
        60,
        95,
        93,
        85,
        88,
        90,
        83,
        118,
        124,
        112,
        80,
        80,
        68,
        103,
        104,
        94,
        108,
        113,
        104,
        116,
        136,
        126
      ]
    },
    {
      "margin": false,
      "index": 7,
      "file": null,
      "u": 0.333333343,
      "v": 0.0416666567,
      "uw": 0.333333343,
      "vh": 0.229166672,
      "width": 469,
      "height": 469,
      "descriptor": [
        101,
        100,
        85,
        96,
        95,
        80,
        122,
        133,
        121,
        120,
        132,
        116,
        123,
        133,
        119,
        120,
        128,
        122,
        144,
        149,
        135,
        140,
        140,
        125,
        130,
        137,
        119,
        163,
        153,
        119,
        103,
        83,
        49,
        103,
        105,
        54,
        145,
        139,
        108,
        115,
        94,
        58,
        202,
        184,
        150,
        138,
        128,
        100
      ]
    },
    {
      "margin": false,
      "index": 8,
      "file": null,
      "u": 0.6666667,
      "v": 0.0416666567,
      "uw": 0.333333343,
      "vh": 0.229166672,
      "width": 469,
      "height": 469,
      "descriptor": [
        111,
        114,
        100,
        125,
        140,
        126,
        123,
        130,
        112,
        122,
        133,
        117,
        125,
        131,
        113,
        131,
        140,
        122,
        109,
        120,
        104,
        114,
        120,
        110,
        148,
        144,
        128,
        142,
        152,
        132,
        127,
        137,
        122,
        108,
        111,
        90,
        145,
        145,
        126,
        135,
        137,
        114,
        112,
        127,
        114,
        108,
        112,
        99
      ]
    },
    {
      "margin": false,
      "index": 9,
      "file": null,
      "u": 0.0,
      "v": 0.2708333,
      "uw": 0.333333343,
      "vh": 0.229166672,
      "width": 469,
      "height": 469,
      "descriptor": [
        66,
        67,
        58,
        96,
        97,
        88,
        109,
        122,
        112,
        212,
        198,
        165,
        73,
        71,
        60,
        79,
        81,
        74,
        95,
        98,
        93,
        133,
        109,
        43,
        85,
        82,
        73,
        71,
        72,
        64,
        80,
        82,
        74,
        123,
        106,
        71,
        61,
        60,
        53,
        76,
        75,
        68,
        114,
        100,
        71,
        182,
        174,
        154
      ]
    },
    {
      "margin": false,
      "index": 10,
      "file": null,
      "u": 0.333333343,
      "v": 0.2708333,
      "uw": 0.333333343,
      "vh": 0.229166672,
      "width": 469,
      "height": 469,
      "descriptor": [
        115,
        107,
        79,
        186,
        163,
        124,
        186,
        170,
        136,
        94,
        77,
        50,
        151,
        142,
        106,
        203,
        186,
        155,
        167,
        136,
        87,
        154,
        145,
        112,
        132,
        109,
        70,
        187,
        169,
        134,
        160,
        143,
        109,
        110,
        91,
        52,
        197,
        183,
        152,
        212,
        200,
        167,
        186,
        172,
        143,
        138,
        136,
        121
      ]
    },
    {
      "margin": false,
      "index": 11,
      "file": null,
      "u": 0.6666667,
      "v": 0.2708333,
      "uw": 0.333333343,
      "vh": 0.229166672,
      "width": 469,
      "height": 469,
      "descriptor": [
        135,
        133,
        108,
        119,
        123,
        109,
        114,
        124,
        111,
        112,
        111,
        97,
        135,
        134,
        115,
        99,
        101,
        85,
        98,
        104,
        92,
        95,
        95,
        85,
        125,
        127,
        111,
        139,
        136,
        113,
        129,
        128,
        111,
        113,
        113,
        102,
        86,
        117,
        120,
        110,
        102,
        84,
        83,
        84,
        78,
        78,
        77,
        68
      ]
    },
    {
      "margin": false,
      "index": 12,
      "file": null,
      "u": 0.0,
      "v": 0.5,
      "uw": 0.333333343,
      "vh": 0.229166672,
      "width": 469,
      "height": 469,
      "descriptor": [
        73,
        73,
        65,
        72,
        73,
        69,
        91,
        117,
        118,
        179,
        168,
        141,
        68,
        66,
        60,
        62,
        60,
        54,
        116,
        146,
        153,
        138,
        130,
        104,
        51,
        52,
        48,
        62,
        83,
        89,
        153,
        145,
        122,
        159,
        114,
        88,
        67,
        68,
        63,
        52,
        70,
        74,
        137,
        128,
        110,
        171,
        81,
        49
      ]
    },
    {
      "margin": false,
      "index": 13,
      "file": null,
      "u": 0.333333343,
      "v": 0.5,
      "uw": 0.333333343,
      "vh": 0.229166672,
      "width": 469,
      "height": 469,
      "descriptor": [
        133,
        99,
        51,
        175,
        167,
        138,
        163,
        156,
        135,
        129,
        124,
        106,
        169,
        136,
        86,
        185,
        166,
        122,
        177,
        160,
        128,
        100,
        87,
        64,
        173,
        103,
        77,
        91,
        85,
        70,
        147,
        88,
        58,
        174,
        129,
        98,
        80,
        66,
        55,
        147,
        143,
        129,
        114,
        107,
        88,
        150,
        78,
        47
      ]
    },
    {
      "margin": false,
      "index": 14,
      "file": null,
      "u": 0.6666667,
      "v": 0.5,
      "uw": 0.333333343,
      "vh": 0.229166672,
      "width": 469,
      "height": 469,
      "descriptor": [
        126,
        120,
        104,
        81,
        82,
        76,
        78,
        78,
        71,
        79,
        78,
        71,
        152,
        145,
        125,
        47,
        68,
        77,
        78,
        79,
        71,
        85,
        84,
        77,
        143,
        136,
        114,
        39,
        63,
        65,
        69,
        69,
        64,
        65,
        64,
        59,
        111,
        104,
        88,
        31,
        66,
        64,
        62,
        61,
        57,
        64,
        65,
        60
      ]
    },
    {
      "margin": false,
      "index": 15,
      "file": null,
      "u": 0.0,
      "v": 0.7291666,
      "uw": 0.333333343,