{
  "title": "POĽNÁ CESTA",
  "author": "PITTHORDT, ĽUDOVÍT",
  "year": "(1890 - 1910)",
  "id": "SNG-0001002410",
  "width": 2048,
  "height": 1280,
  "file": "SNG--O_2593--1_1--_2015_07_13_--L2_WEB_105405.webp",
  "tiles_x": 4,
  "tiles_y": 3,
  "offset_x": 0.08333334,
  "offset_y": 0.0,
  "tiles": [
    {
      "margin": false,
      "index": 6,
      "file": null,
      "u": 0.08333334,
      "v": 0.0,
      "uw": 0.208333328,
      "vh": 0.3333333,
      "width": 426,
      "height": 426,
      "descriptor": [
        111,
        124,
        138,
        105,
        112,
        112,
        104,
        105,
        99,
        132,
        140,
        130,
        141,
        133,
        113,
        174,
        151,
        136,
        172,
        163,
        126,
        181,
        152,
        130,
        165,
        144,
        105,
        61,
        59,
        34,
        29,
        41,
        27,
        142,
        114,
        80,
        36,
        42,
        49,
        13,
        23,
        19,
        38,
        41,
        43,
        13,
        10,
        10
      ]
    },
    {
      "margin": false,
      "index": 7,
      "file": null,
      "u": 0.2916667,
      "v": 0.0,
      "uw": 0.208333328,
      "vh": 0.3333333,
      "width": 426,
      "height": 426,
      "descriptor": [
        119,
        119,
        104,
        108,
        108,
        99,
        112,
        123,
        117,
        160,
        155,
        127,
        181,
        155,
        127,
        152,
        157,
        144,
        130,
        133,
        124,
        97,
        79,
        69,
        37,
        51,
        49,
        77,
        83,
        50,
        148,
        139,
        110,
        140,
        123,
        99,
        15,
        13,
        5,
        55,
        50,
        17,
        96,
        72,
        2,
        42,
        47,
        46
      ]
    },
    {
      "margin": false,
      "index": 8,
      "file": null,
      "u": 0.5,
      "v": 0.0,
      "uw": 0.208333328,
      "vh": 0.3333333,
      "width": 426,
      "height": 426,
      "descriptor": [
        146,
        141,
        114,
        163,
        147,
        106,
        152,
        136,
        116,
        148,
        144,
        134,
        138,
        134,
        109,
        149,
        138,
        117,
        154,
        138,
        100,
        141,
        128,
        85,
        141,
        134,
        118,
        119,
        112,
        59,
        63,
        57,
        0,
        91,
        91,
        23,
        33,
        27,
        17,
        15,
        29,
        5,
        7,
        16,
        5,
        24,
        33,
        3
      ]
    },
    {
      "margin": false,
      "index": 9,
      "file": null,
      "u": 0.7083334,
      "v": 0.0,
      "uw": 0.208333328,
      "vh": 0.3333333,
      "width": 426,
      "height": 426,
      "descriptor": [
        162,
        158,
        142,
        145,
        144,
        134,
        166,
        154,
        109,
        184,
        169,
        127,
        65,
        76,
        4,
        85,
        81,
        1,
        165,
        153,
        122,
        152,
        141,
        121,
        6,
        10,
        8,
        6,
        19,
        13,
        93,
        84,
        5,
        164,
        150,
        131,
        22,
        18,
        9,
        33,
        34,
        12,
        120,
        108,
        59,
        162,
        117,
        47
      ]
    },
    {
      "margin": false,
      "index": 10,
      "file": null,
      "u": 0.08333334,
      "v": 0.3333333,
      "uw": 0.208333328,
      "vh": 0.3333333,
      "width": 426,
      "height": 426,
      "descriptor": [
        25,
        45,
        13,
        47,
        57,
        12,
        85,
        86,
        49,
        103,
        81,
        18,
        62,
        76,
        36,
        52,
        85,
        48,
        132,
        129,
        99,
        29,
        35,
        18,
        65,
        49,
        0,
        63,
        57,
        10,
        77,
        71,
        22,
        57,
        50,
        0,
        22,
        29,
        3,
        34,
        36,
        6,
        54,
        50,
        9,
        56,
        50,
        1
      ]
    },
    {
      "margin": false,
      "index": 11,
      "file": null,
      "u": 0.2916667,
      "v": 0.3333333,
      "uw": 0.208333328,
      "vh": 0.3333333,
      "width": 426,
      "height": 426,
      "descriptor": [
        166,
        114,
        30,
        86,
        84,
        58,
        38,
        47,
        4,
        87,
        81,
        8,
        64,
        63,
        21,
        186,
        127,
        43,
        95,
        79,
        31,
        47,
        39,
        14,
        68,
        57,
        0,
        94,
        81,
        0,
        160,
        117,
        45,
        84,
        51,
        6,
        85,
        72,
        60,
        139,
        102,
        19,
        88,
        61,
        4,
        109,
        76,
        21
      ]
    },
    {
      "margin": false,
      "index": 12,
      "file": null,
      "u": 0.5,
      "v": 0.3333333,
      "uw": 0.208333328,
      "vh": 0.3333333,
      "width": 426,
      "height": 426,
      "descriptor": [
        57,
        49,
        18,
        34,
        34,
        4,
        14,
        13,
        7,
        145,
        96,
        11,
        50,
        45,
        4,
        51,
        53,
        2,
        49,
        46,
        5,
        97,
        78,
        1,
        108,
        79,
        13,
        136,
        109,
        38,
        51,
        39,
        15,
        56,
        49,
        20,
        178,
        129,
        64,
        157,
        112,
        57,
        144,
        101,
        48,
        124,
        86,
        39
      ]
    },
    {
      "margin": false,
      "index": 13,
      "file": null,
      "u": 0.7083334,
      "v": 0.3333333,
      "uw": 0.208333328,
      "vh": 0.3333333,
      "width": 426,
      "height": 426,
      "descriptor": [
        96,
        87,
        3,
        41,
        35,
        32,
        99,
        69,
        46,
        119,
        92,
        20,
        43,
        44,
        4,
        48,
        36,
        2,
        15,
        19,
        10,
        119,
        94,
        45,
        37,
        26,
        16,
        9,
        9,
        7,
        12,
        21,
        2,
        123,
        91,
        4,
        107,
        80,
        16,
        57,
        58,
        13,
        17,
        22,
        4,
        40,
        38,
        9
      ]
    },
    {
      "margin": false,
      "index": 14,
      "file": null,
      "u": 0.08333334,
      "v": 0.6666666,
      "uw": 0.208333328,
      "vh": 0.3333333,
      "width": 426,
      "height": 426,
      "descriptor": [
        38,
        40,
        1,
        46,
        50,
        17,
        43,
        45,
        10,
        57,
        56,
        5,
        69,
        57,
        10,
        34,
        38,
        0,
        53,
        57,
        19,
        67,
        68,
        8,
        53,
        59,
        7,
        87,
        63,
        6,
        89,
        69,
        0,
        97,
        63,
        11,
        78,
        76,
        20,
        97,
        65,
        13,
        95,
        65,
        2,
        77,
        50,
        3
      ]
    },
    {
      "margin": false,
      "index": 15,
      "file": null,
      "u": 0.2916667,
      "v": 0.6666666,
      "uw": 0.208333328,
      "vh": 0.3333333,
      "width": 426,
      "height": 426,