{
  "title": "PODOBIZEŇ UMELCOVEJ DCÉRY GEORGÍNY",
  "author": "ČORDÁK, ĽUDOVÍT",
  "year": "1910",
  "id": "SNG-0001023215",
  "width": 1984,
  "height": 2048,
  "file": "SNG--K_823--1_1--_2015_08_17_--L2_WEB_109903.webp",
  "tiles_x": 3,
  "tiles_y": 3,
  "offset_x": 0.0,
  "offset_y": 0.015625,
  "tiles": [
    {
      "margin": false,
      "index": 6,
      "file": null,
      "u": 0.0,
      "v": 0.015625,
      "uw": 0.3333333,
      "vh": 0.322916657,
      "width": 661,
      "height": 661,
      "descriptor": [
        163,
        164,
        152,
        166,
        170,
        173,
        149,
        151,
        155,
        144,
        145,
        148,
        172,
        176,
        181,
        162,
        164,
        164,
        154,
        154,
        159,
        138,
        79,
        71,
        138,
        140,
        146,
        157,
        159,
        151,
        149,
        120,
        118,
        124,
        75,
        69,
        137,
        140,
        139,
        149,
        153,
        150,
        147,
        82,
        71,
        82,
        59,
        47
      ]
    },
    {
      "margin": false,
      "index": 7,
      "file": null,
      "u": 0.3333333,
      "v": 0.015625,
      "uw": 0.3333333,
      "vh": 0.322916657,
      "width": 661,
      "height": 661,
      "descriptor": [
        139,
        129,
        129,
        136,
        115,
        116,
        144,
        132,
        125,
        130,
        130,
        129,
        134,
        75,
        71,
        132,
        71,
        68,
        130,
        72,
        68,
        131,
        77,
        69,
        122,
        68,
        63,
        112,
        61,
        52,
        119,
        64,
        59,
        131,
        66,
        64,
        66,
        54,
        43,
        102,
        91,
        79,
        84,
        73,
        60,
        111,
        89,
        75
      ]
    },
    {
      "margin": false,
      "index": 8,
      "file": null,
      "u": 0.6666666,
      "v": 0.015625,
      "uw": 0.3333333,
      "vh": 0.322916657,
      "width": 661,
      "height": 661,
      "descriptor": [
        148,
        148,
        141,
        142,
        145,
        138,
        134,
        137,
        139,
        150,
        152,
        145,
        142,
        140,
        131,
        127,
        133,
        138,
        132,
        136,
        136,
        147,
        146,
        135,
        131,
        62,
        61,
        135,
        76,
        62,
        136,
        131,
        128,
        158,
        158,
        142,
        121,
        60,
        55,
        131,
        73,
        66,
        127,
        121,
        122,
        141,
        136,
        123
      ]
    },
    {
      "margin": false,
      "index": 9,
      "file": null,
      "u": 0.0,
      "v": 0.338541657,
      "uw": 0.3333333,
      "vh": 0.322916657,
      "width": 661,
      "height": 661,
      "descriptor": [
        140,
        143,
        139,
        135,
        139,
        139,
        133,
        118,
        109,
        90,
        55,
        46,
        121,
        126,
        124,
        127,
        128,
        123,
        124,
        124,
        121,
        87,
        58,
        46,
        111,
        113,
        108,
        117,
        122,
        122,
        115,
        115,
        112,
        122,
        112,
        103,
        96,
        98,
        93,
        112,
        110,
        104,
        101,
        101,
        95,
        106,
        101,
        92
      ]
    },
    {
      "margin": false,
      "index": 10,
      "file": null,
      "u": 0.3333333,
      "v": 0.338541657,
      "uw": 0.3333333,
      "vh": 0.322916657,
      "width": 661,
      "height": 661,
      "descriptor": [
        156,
        133,
        112,
        164,
        139,
        111,
        84,
        64,
        46,
        95,
        53,
        43,
        144,
        136,
        121,
        105,
        83,
        68,
        93,
        77,
        61,
        88,
        66,
        53,
        162,
        134,
        111,
        173,
        131,
        112,
        124,
        103,
        82,
        69,
        52,
        38,
        124,
        110,
        98,
        155,
        127,
        103,
        87,
        65,
        47,
        103,
        60,
        48
      ]
    },
    {
      "margin": false,
      "index": 11,
      "file": null,
      "u": 0.6666666,
      "v": 0.338541657,
      "uw": 0.3333333,
      "vh": 0.322916657,
      "width": 661,
      "height": 661,
      "descriptor": [
        72,
        60,
        51,
        117,
        65,
        54,
        91,
        58,
        44,
        131,
        130,
        119,
        52,
        40,
        29,
        128,
        105,
        84,
        87,
        66,
        55,
        140,
        140,
        130,
        66,
        47,
        32,
        74,
        55,
        43,
        90,
        80,
        70,
        124,
        120,
        110,
        66,
        50,
        42,
        83,
        78,
        70,
        85,
        84,
        76,
        78,
        76,
        68
      ]
    },
    {
      "margin": false,
      "index": 12,
      "file": null,
      "u": 0.0,
      "v": 0.6614583,
      "uw": 0.3333333,
      "vh": 0.322916657,
      "width": 661,
      "height": 661,
      "descriptor": [
        76,
        78,
        73,
        92,
        89,
        81,
        103,
        100,
        92,
        96,
        88,
        79,
        68,
        70,
        65,
        89,
        85,
        76,
        88,
        78,
        68,
        87,
        76,
        69,
        52,
        53,
        44,
        75,
        75,
        67,
        77,
        76,
        69,
        105,
        83,
        69,
        152,
        150,
        130,
        126,
        125,
        109,
        99,
        96,
        84,
        123,
        91,
        75
      ]
    },
    {
      "margin": false,
      "index": 13,
      "file": null,
      "u": 0.3333333,
      "v": 0.6614583,
      "uw": 0.3333333,
      "vh": 0.322916657,
      "width": 661,
      "height": 661,
      "descriptor": [
        151,
        81,
        67,
        143,
        82,
        64,
        143,
        78,
        60,
        142,
        76,
        61,
        153,
        105,
        86,
        146,
        92,
        81,
        152,
        78,
        61,
        126,
        73,
        61,
        112,
        76,
        60,
        146,
        84,
        67,
        117,
        75,
        60,
        151,
        88,
        71,
        146,
        108,
        91,
        146,
        104,
        84,
        150,
        113,
        92,
        158,
        120,
        103
      ]
    },
    {
      "margin": false,
      "index": 14,
      "file": null,
      "u": 0.6666666,
      "v": 0.6614583,
      "uw": 0.3333333,
      "vh": 0.322916657,
      "width": 661,
      "height": 661,
      "descriptor": [
        126,
        70,
        57,
        70,
        61,
        51,
        72,
        68,
        58,
        82,
        78,
        69,
        152,
        84,
        66,
        76,
        69,
        63,
        73,
        69,
        62,
        62,
        62,
        58,
        147,
        90,
        75,
        143,
        72,
        60,
        73,
        70,
        64,
        68,
        69,
        65,
        152,
        128,
        108,
        159,
        131,
        112,
        113,
        113,
        105,
        136,
        124,
        116
      ]
    }
  ],
  "margins": [
    {
      "margin": true,
      "index": 0,
      "file": null,
      "u": 0.0,
      "v": 0.0,
      "uw": 0.3333333,
      "vh": 0.015625,