{
  "title": "TRH V SZOLNOKU",
  "author": "MEDNYÁNSZKY, LADISLAV",
  "year": "(1870 - 1890)",
  "id": "SNG-0001070365",
  "width": 2048,
  "height": 1280,
  "file": "SNG--K_4657--1_2--2014_02_11--L2_WEB_108246980.webp",
  "tiles_x": 4,
  "tiles_y": 3,
  "offset_x": 0.08333334,
  "offset_y": 0.0,
  "tiles": [
    {
      "margin": false,
      "index": 6,
      "file": null,
      "u": 0.08333334,
      "v": 0.0,
      "uw": 0.208333328,
      "vh": 0.3333333,
      "width": 426,
      "height": 426,
      "descriptor": [
        138,
        151,
        171,
        161,
        171,
        183,
        160,
        167,
        185,
        166,
        175,
        191,
        174,
        181,
        191,
        143,
        159,
        182,
        138,
        154,
        176,
        134,
        150,
        177,
        136,
        157,
        183,
        171,
        186,
        206,
        157,
        174,
        188,
        157,
        173,
        191,
        125,
        146,
        177,
        144,
        158,
        182,
        160,
        174,
        191,
        165,
        176,
        192
      ]
    },
    {
      "margin": false,
      "index": 7,
      "file": null,
      "u": 0.2916667,
      "v": 0.0,
      "uw": 0.208333328,
      "vh": 0.3333333,
      "width": 426,
      "height": 426,
      "descriptor": [
        142,
        155,
        177,
        147,
        159,
        173,
        166,
        177,
        192,
        147,
        161,
        175,
        127,
        142,
        170,
        147,
        164,
        179,
        136,
        151,
        175,
        119,
        138,
        168,
        157,
        172,
        196,
        156,
        173,
        195,
        131,
        151,
        181,
        128,
        146,
        177,
        142,
        160,
        186,
        147,
        165,
        190,
        153,
        162,
        180,
        140,
        156,
        182
      ]
    },
    {
      "margin": false,
      "index": 8,
      "file": null,
      "u": 0.5,
      "v": 0.0,
      "uw": 0.208333328,
      "vh": 0.3333333,
      "width": 426,
      "height": 426,
      "descriptor": [
        156,
        172,
        187,
        141,
        157,
        183,
        165,
        175,
        186,
        143,
        162,
        187,
        132,
        155,
        189,
        131,
        165,
        199,
        148,
        166,
        191,
        142,
        163,
        193,
        133,
        157,
        189,
        143,
        170,
        207,
        126,
        149,
        184,
        163,
        182,
        213,
        146,
        163,
        195,
        156,
        170,
        187,
        155,
        160,
        168,
        165,
        174,
        186
      ]
    },
    {
      "margin": false,
      "index": 9,
      "file": null,
      "u": 0.7083334,
      "v": 0.0,
      "uw": 0.208333328,
      "vh": 0.3333333,
      "width": 426,
      "height": 426,
      "descriptor": [
        167,
        180,
        194,
        147,
        170,
        190,
        145,
        158,
        174,
        136,
        147,
        155,
        135,
        158,
        189,
        152,
        172,
        193,
        147,
        163,
        183,
        154,
        171,
        188,
        129,
        151,
        184,
        153,
        167,
        187,
        124,
        147,
        185,
        147,
        164,
        180,
        191,
        185,
        180,
        120,
        141,
        175,
        117,
        123,
        148,
        124,
        141,
        173
      ]
    },
    {
      "margin": false,
      "index": 10,
      "file": null,
      "u": 0.08333334,
      "v": 0.3333333,
      "uw": 0.208333328,
      "vh": 0.3333333,
      "width": 426,
      "height": 426,
      "descriptor": [
        218,
        212,
        203,
        178,
        176,
        181,
        170,
        146,
        147,
        181,
        141,
        131,
        131,
        115,
        95,
        143,
        120,
        100,
        200,
        187,
        164,
        136,
        112,
        93,
        133,
        117,
        100,
        143,
        119,
        96,
        153,
        126,
        105,
        157,
        137,
        119,
        148,
        124,
        100,
        167,
        143,
        114,
        139,
        119,
        99,
        64,
        54,
        48
      ]
    },
    {
      "margin": false,
      "index": 11,
      "file": null,
      "u": 0.2916667,
      "v": 0.3333333,
      "uw": 0.208333328,
      "vh": 0.3333333,
      "width": 426,
      "height": 426,
      "descriptor": [
        161,
        135,
        137,
        180,
        175,
        182,
        153,
        145,
        149,
        211,
        192,
        169,
        138,
        129,
        117,
        172,
        159,
        149,
        205,
        178,
        148,
        162,
        152,
        140,
        172,
        156,
        138,
        185,
        161,
        133,
        216,
        197,
        177,
        155,
        137,
        122,
        153,
        101,
        67,
        152,
        141,
        132,
        179,
        162,
        141,
        135,
        144,
        142
      ]
    },
    {
      "margin": false,
      "index": 12,
      "file": null,
      "u": 0.5,
      "v": 0.3333333,
      "uw": 0.208333328,
      "vh": 0.3333333,
      "width": 426,
      "height": 426,
      "descriptor": [
        210,
        178,
        151,
        200,
        174,
        144,
        208,
        194,
        175,
        183,
        171,
        162,
        153,
        141,
        128,
        194,
        120,
        103,
        150,
        127,
        107,
        163,
        148,
        136,
        105,
        92,
        85,
        174,
        161,
        147,
        208,
        182,
        164,
        190,
        174,
        157,
        141,
        137,
        128,
        131,
        111,
        94,
        158,
        144,
        131,
        112,
        102,
        87
      ]
    },
    {
      "margin": false,
      "index": 13,
      "file": null,
      "u": 0.7083334,
      "v": 0.3333333,
      "uw": 0.208333328,
      "vh": 0.3333333,
      "width": 426,
      "height": 426,
      "descriptor": [
        219,
        207,
        191,
        179,
        151,
        142,
        171,
        145,
        139,
        167,
        144,
        141,
        188,
        173,
        153,
        122,
        119,
        78,
        122,
        119,
        86,
        115,
        104,
        89,
        211,
        193,
        176,
        157,
        133,
        119,
        188,
        170,
        148,
        195,
        182,
        161,
        174,
        144,
        117,
        173,
        153,
        130,
        165,
        144,
        122,
        143,
        122,
        103
      ]
    },
    {
      "margin": false,
      "index": 14,
      "file": null,
      "u": 0.08333334,
      "v": 0.6666666,
      "uw": 0.208333328,
      "vh": 0.3333333,
      "width": 426,
      "height": 426,