{
  "title": "ŠTÚDIA ĽUDOVEJ VESELICE",
  "author": "MOUSSON, JOZEF THEODOR",
  "year": "(1925 - 1945)",
  "id": "SNG-0001018235",
  "width": 2048,
  "height": 1536,
  "file": "SNG--O_2172--1_1--2013_11_18--L2_WEB_2614.webp",
  "tiles_x": 4,
  "tiles_y": 3,
  "offset_x": 0.0,
  "offset_y": 0.0,
  "tiles": [
    {
      "margin": false,
      "index": 0,
      "file": null,
      "u": 0.0,
      "v": 0.0,
      "uw": 0.25,
      "vh": 0.333333343,
      "width": 512,
      "height": 512,
      "descriptor": [
        154,
        148,
        146,
        181,
        168,
        157,
        173,
        168,
        154,
        190,
        170,
        149,
        65,
        60,
        55,
        133,
        110,
        103,
        134,
        109,
        102,
        183,
        167,
        158,
        74,
        73,
        76,
        115,
        95,
        89,
        115,
        96,
        88,
        103,
        78,
        68,
        96,
        86,
        82,
        65,
        49,
        46,
        94,
        80,
        72,
        101,
        86,
        72
      ]
    },
    {
      "margin": false,
      "index": 1,
      "file": null,
      "u": 0.25,
      "v": 0.0,
      "uw": 0.25,
      "vh": 0.333333343,
      "width": 512,
      "height": 512,
      "descriptor": [
        183,
        171,
        162,
        98,
        80,
        82,
        155,
        146,
        142,
        186,
        166,
        154,
        180,
        162,
        151,
        86,
        71,
        65,
        137,
        116,
        100,
        90,
        66,
        69,
        99,
        83,
        78,
        117,
        90,
        76,
        108,
        87,
        76,
        187,
        173,
        159,
        72,
        67,
        59,
        95,
        80,
        67,
        117,
        99,
        86,
        108,
        89,
        75
      ]
    },
    {
      "margin": false,
      "index": 2,
      "file": null,
      "u": 0.5,
      "v": 0.0,
      "uw": 0.25,
      "vh": 0.333333343,
      "width": 512,
      "height": 512,
      "descriptor": [
        174,
        155,
        139,
        101,
        75,
        69,
        116,
        95,
        83,
        168,
        158,
        145,
        93,
        67,
        56,
        157,
        131,
        117,
        169,
        146,
        132,
        179,
        157,
        148,
        110,
        103,
        102,
        116,
        102,
        94,
        102,
        90,
        85,
        177,
        158,
        145,
        106,
        92,
        80,
        173,
        164,
        144,
        86,
        62,
        41,
        165,
        137,
        127
      ]
    },
    {
      "margin": false,
      "index": 3,
      "file": null,
      "u": 0.75,
      "v": 0.0,
      "uw": 0.25,
      "vh": 0.333333343,
      "width": 512,
      "height": 512,
      "descriptor": [
        159,
        127,
        116,
        181,
        158,
        145,
        49,
        49,
        46,
        75,
        68,
        56,
        160,
        137,
        118,
        83,
        78,
        64,
        98,
        93,
        83,
        101,
        92,
        83,
        162,
        139,
        123,
        36,
        35,
        32,
        107,
        97,
        95,
        103,
        96,
        92,
        133,
        101,
        91,
        177,
        152,
        141,
        178,
        164,
        144,
        144,
        104,
        77
      ]
    },
    {
      "margin": false,
      "index": 4,
      "file": null,
      "u": 0.0,
      "v": 0.333333343,
      "uw": 0.25,
      "vh": 0.333333343,
      "width": 512,
      "height": 512,
      "descriptor": [
        110,
        90,
        56,
        137,
        120,
        106,
        99,
        76,
        89,
        168,
        109,
        79,
        61,
        69,
        59,
        105,
        77,
        98,
        75,
        67,
        59,
        135,
        98,
        75,
        78,
        67,
        70,
        58,
        80,
        61,
        89,
        56,
        54,
        93,
        68,
        67,
        86,
        80,
        73,
        57,
        63,
        58,
        124,
        99,
        86,
        162,
        128,
        108
      ]
    },
    {
      "margin": false,
      "index": 5,
      "file": null,
      "u": 0.25,
      "v": 0.333333343,
      "uw": 0.25,
      "vh": 0.333333343,
      "width": 512,
      "height": 512,
      "descriptor": [
        199,
        140,
        140,
        103,
        70,
        67,
        187,
        138,
        120,
        190,
        151,
        128,
        94,
        96,
        98,
        71,
        53,
        54,
        107,
        84,
        67,
        183,
        100,
        79,
        120,
        99,
        82,
        110,
        69,
        54,
        109,
        78,
        71,
        193,
        119,
        106,
        67,
        67,
        73,
        94,
        82,
        84,
        110,
        54,
        45,
        128,
        61,
        52
      ]
    },
    {
      "margin": false,
      "index": 6,
      "file": null,
      "u": 0.5,
      "v": 0.333333343,
      "uw": 0.25,
      "vh": 0.333333343,
      "width": 512,
      "height": 512,
      "descriptor": [
        113,
        92,
        69,
        99,
        80,
        65,
        85,
        65,
        52,
        97,
        76,
        63,
        96,
        87,
        85,
        200,
        167,
        132,
        62,
        72,
        59,
        160,
        89,
        64,
        161,
        120,
        87,
        194,
        146,
        105,
        84,
        71,
        66,
        203,
        161,
        129,
        91,
        84,
        82,
        102,
        75,
        72,
        69,
        62,
        62,
        176,
        154,
        132
      ]
    },
    {
      "margin": false,
      "index": 7,
      "file": null,
      "u": 0.75,
      "v": 0.333333343,
      "uw": 0.25,
      "vh": 0.333333343,
      "width": 512,
      "height": 512,
      "descriptor": [
        135,
        107,
        95,
        118,
        95,
        81,
        110,
        106,
        96,
        112,
        95,
        83,
        107,
        64,
        49,
        104,
        65,
        44,
        215,
        136,
        109,
        112,
        82,
        69,
        105,
        70,
        60,
        110,
        65,
        48,
        211,
        167,
        128,
        107,
        85,
        70,
        72,
        44,
        49,
        91,
        60,
        60,
        193,
        119,
        126,
        203,
        173,
        161
      ]
    },
    {
      "margin": false,
      "index": 8,
      "file": null,
      "u": 0.0,
      "v": 0.6666667,
      "uw": 0.25,
      "vh": 0.333333343,
      "width": 512,
      "height": 512,
      "descriptor": [
        116,
        72,
        61,
        112,
        53,
        59,
        92,
        82,
        77,
        134,
        84,
        79,
        106,
        72,
        82,
        112,
        70,
        72,
        88,
        70,
        61,
        96,
        70,
        65,
        57,
        49,
        50,
        140,
        115,
        103,
        139,
        111,
        89,
        124,
        92,
        62,
        165,
        129,
        114,
        151,
        118,
        96,
        161,
        129,
        99,
        125,
        93,
        62
      ]
    },
    {
      "margin": false,
      "index": 9,
      "file": null,
      "u": 0.25,
      "v": 0.6666667,
      "uw": 0.25,
      "vh": 0.333333343,
      "width": 512,
      "height": 512,