{
  "title": "PODOBIZEŇ MÁRIE SZMRECSÁNYI ROD. BERZEVICZY",
  "author": "KLEMENS, JOZEF BOŽETECH",
  "year": "1844",
  "id": "SNG-0001015747",
  "width": 1536,
  "height": 2048,
  "file": "SNG--O_6535--1_1--2014_03_19--L2_WEB_115131.webp",
  "tiles_x": 3,
  "tiles_y": 4,
  "offset_x": 0.0,
  "offset_y": 0.0,
  "tiles": [
    {
      "margin": false,
      "index": 0,
      "file": null,
      "u": 0.0,
      "v": 0.0,
      "uw": 0.333333343,
      "vh": 0.25,
      "width": 512,
      "height": 512,
      "descriptor": [
        82,
        52,
        31,
        87,
        54,
        28,
        88,
        56,
        27,
        85,
        52,
        24,
        87,
        55,
        32,
        89,
        57,
        29,
        90,
        57,
        29,
        102,
        67,
        37,
        105,
        69,
        37,
        104,
        69,
        34,
        112,
        76,
        42,
        126,
        88,
        46,
        121,
        85,
        42,
        126,
        89,
        44,
        137,
        99,
        54,
        149,
        107,
        55
      ]
    },
    {
      "margin": false,
      "index": 1,
      "file": null,
      "u": 0.333333343,
      "v": 0.0,
      "uw": 0.333333343,
      "vh": 0.25,
      "width": 512,
      "height": 512,
      "descriptor": [
        96,
        60,
        28,
        104,
        68,
        31,
        105,
        67,
        33,
        123,
        84,
        48,
        117,
        79,
        44,
        128,
        85,
        39,
        126,
        86,
        40,
        128,
        86,
        40,
        133,
        92,
        47,
        49,
        32,
        26,
        219,
        174,
        125,
        24,
        26,
        24,
        155,
        108,
        49,
        210,
        164,
        118,
        177,
        118,
        86,
        18,
        17,
        20
      ]
    },
    {
      "margin": false,
      "index": 2,
      "file": null,
      "u": 0.6666667,
      "v": 0.0,
      "uw": 0.333333343,
      "vh": 0.25,
      "width": 512,
      "height": 512,
      "descriptor": [
        101,
        64,
        25,
        95,
        61,
        27,
        91,
        59,
        28,
        89,
        55,
        30,
        117,
        79,
        36,
        113,
        74,
        33,
        98,
        61,
        23,
        94,
        60,
        27,
        138,
        98,
        46,
        133,
        94,
        43,
        121,
        79,
        36,
        102,
        66,
        28,
        140,
        101,
        53,
        144,
        107,
        57,
        132,
        90,
        38,
        113,
        76,
        37
      ]
    },
    {
      "margin": false,
      "index": 3,
      "file": null,
      "u": 0.0,
      "v": 0.25,
      "uw": 0.333333343,
      "vh": 0.25,
      "width": 512,
      "height": 512,
      "descriptor": [
        135,
        100,
        53,
        145,
        105,
        52,
        150,
        111,
        62,
        154,
        109,
        50,
        151,
        112,
        58,
        159,
        118,
        61,
        163,
        122,
        67,
        161,
        116,
        61,
        172,
        132,
        76,
        174,
        128,
        66,
        175,
        129,
        63,
        183,
        133,
        70,
        191,
        143,
        74,
        185,
        137,
        75,
        201,
        147,
        72,
        194,
        143,
        70
      ]
    },
    {
      "margin": false,
      "index": 4,
      "file": null,
      "u": 0.333333343,
      "v": 0.25,
      "uw": 0.333333343,
      "vh": 0.25,
      "width": 512,
      "height": 512,
      "descriptor": [
        158,
        111,
        50,
        18,
        17,
        20,
        220,
        158,
        114,
        30,
        18,
        15,
        171,
        122,
        60,
        49,
        30,
        20,
        91,
        49,
        17,
        99,
        65,
        41,
        190,
        139,
        69,
        194,
        165,
        118,
        242,
        209,
        169,
        231,
        203,
        159,
        211,
        158,
        78,
        167,
        189,
        156,
        135,
        166,
        134,
        109,
        144,
        121
      ]
    },
    {
      "margin": false,
      "index": 5,
      "file": null,
      "u": 0.6666667,
      "v": 0.25,
      "uw": 0.333333343,
      "vh": 0.25,
      "width": 512,
      "height": 512,
      "descriptor": [
        33,
        16,
        12,
        154,
        114,
        58,
        149,
        106,
        47,
        137,
        97,
        50,
        29,
        18,
        14,
        161,
        120,
        61,
        157,
        113,
        49,
        117,
        79,
        37,
        235,
        206,
        170,
        159,
        115,
        51,
        158,
        116,
        54,
        121,
        82,
        37,
        127,
        152,
        130,
        94,
        91,
        76,
        35,
        20,
        13,
        52,
        22,
        13
      ]
    },
    {
      "margin": false,
      "index": 6,
      "file": null,
      "u": 0.0,
      "v": 0.5,
      "uw": 0.333333343,
      "vh": 0.25,
      "width": 512,
      "height": 512,
      "descriptor": [
        205,
        153,
        84,
        206,
        156,
        84,
        206,
        155,
        75,
        208,
        154,
        71,
        163,
        130,
        74,
        174,
        134,
        70,
        160,
        122,
        59,
        155,
        122,
        72,
        145,
        114,
        59,
        178,
        140,
        75,
        107,
        88,
        34,
        193,
        74,
        76,
        82,
        49,
        20,
        206,
        196,
        146,
        186,
        128,
        107,
        143,
        47,
        26
      ]
    },
    {
      "margin": false,
      "index": 7,
      "file": null,
      "u": 0.333333343,
      "v": 0.5,
      "uw": 0.333333343,
      "vh": 0.25,
      "width": 512,
      "height": 512,
      "descriptor": [
        213,
        110,
        105,
        106,
        139,
        119,
        175,
        187,
        157,
        157,
        47,
        36,
        136,
        38,
        22,
        140,
        2,
        20,
        155,
        46,
        32,
        159,
        41,
        31,
        145,
        42,
        28,
        124,
        0,
        15,
        157,
        39,
        31,
        151,
        35,
        26,
        150,
        33,
        29,
        153,
        28,
        26,
        149,
        44,
        31,
        151,
        35,
        26
      ]
    },
    {
      "margin": false,
      "index": 8,
      "file": null,
      "u": 0.6666667,
      "v": 0.5,
      "uw": 0.333333343,
      "vh": 0.25,
      "width": 512,
      "height": 512,
      "descriptor": [
        140,
        31,
        26,
        103,
        11,
        15,
        27,
        17,
        9,
        85,
        52,
        22,
        148,
        33,
        31,
        104,
        17,
        20,
        39,
        28,
        15,
        92,
        57,
        22,
        152,
        42,
        29,
        113,
        11,
        20,
        26,
        12,
        9,
        82,
        51,
        20,
        102,
        19,
        20,
        86,
        13,
        16,
        112,
        9,
        21,
        75,
        44,
        19
      ]
    },
    {
      "margin": false,
      "index": 9,
      "file": null,
      "u": 0.0,
      "v": 0.75,
      "uw": 0.333333343,
      "vh": 0.25,
      "width": 512,
      "height": 512,