{
  "title": "ULICA",
  "author": "MOCZIK, FELICIÁN",
  "year": "1906",
  "id": "SNG-0001036063",
  "width": 2048,
  "height": 1344,
  "file": "SNG--K_5502--1_1--2015_08_26--L2_WEB_443389.webp",
  "tiles_x": 4,
  "tiles_y": 3,
  "offset_x": 0.0625,
  "offset_y": 0.0,
  "tiles": [
    {
      "margin": false,
      "index": 6,
      "file": null,
      "u": 0.0625,
      "v": 0.0,
      "uw": 0.21875,
      "vh": 0.333333343,
      "width": 448,
      "height": 448,
      "descriptor": [
        186,
        144,
        104,
        190,
        150,
        108,
        190,
        151,
        108,
        188,
        146,
        106,
        172,
        145,
        118,
        173,
        141,
        111,
        166,
        144,
        121,
        155,
        127,
        97,
        185,
        149,
        115,
        179,
        142,
        104,
        171,
        137,
        104,
        176,
        143,
        112,
        172,
        135,
        103,
        189,
        148,
        112,
        182,
        143,
        106,
        189,
        151,
        109
      ]
    },
    {
      "margin": false,
      "index": 7,
      "file": null,
      "u": 0.28125,
      "v": 0.0,
      "uw": 0.21875,
      "vh": 0.333333343,
      "width": 448,
      "height": 448,
      "descriptor": [
        191,
        151,
        108,
        185,
        146,
        105,
        184,
        145,
        103,
        189,
        149,
        108,
        172,
        141,
        109,
        176,
        144,
        113,
        166,
        138,
        115,
        168,
        140,
        114,
        176,
        144,
        112,
        192,
        155,
        114,
        184,
        148,
        106,
        157,
        152,
        141,
        157,
        125,
        101,
        163,
        140,
        118,
        151,
        125,
        89,
        97,
        96,
        80
      ]
    },
    {
      "margin": false,
      "index": 8,
      "file": null,
      "u": 0.5,
      "v": 0.0,
      "uw": 0.21875,
      "vh": 0.333333343,
      "width": 448,
      "height": 448,
      "descriptor": [
        184,
        144,
        104,
        187,
        148,
        106,
        193,
        152,
        111,
        190,
        151,
        110,
        148,
        121,
        83,
        138,
        123,
        94,
        176,
        141,
        101,
        120,
        111,
        90,
        135,
        113,
        80,
        121,
        112,
        83,
        125,
        108,
        83,
        108,
        97,
        76,
        93,
        87,
        69,
        124,
        117,
        94,
        114,
        120,
        97,
        87,
        74,
        58
      ]
    },
    {
      "margin": false,
      "index": 9,
      "file": null,
      "u": 0.71875,
      "v": 0.0,
      "uw": 0.21875,
      "vh": 0.333333343,
      "width": 448,
      "height": 448,
      "descriptor": [
        188,
        149,
        108,
        184,
        144,
        103,
        185,
        145,
        105,
        189,
        148,
        107,
        134,
        124,
        99,
        124,
        110,
        86,
        138,
        120,
        99,
        95,
        86,
        68,
        84,
        89,
        79,
        107,
        106,
        90,
        111,
        103,
        79,
        85,
        83,
        69,
        86,
        88,
        66,
        85,
        85,
        74,
        106,
        109,
        101,
        186,
        132,
        95
      ]
    },
    {
      "margin": false,
      "index": 10,
      "file": null,
      "u": 0.0625,
      "v": 0.333333343,
      "uw": 0.21875,
      "vh": 0.333333343,
      "width": 448,
      "height": 448,
      "descriptor": [
        145,
        123,
        92,
        149,
        126,
        81,
        181,
        141,
        106,
        179,
        142,
        107,
        116,
        93,
        81,
        128,
        103,
        85,
        144,
        120,
        94,
        172,
        141,
        115,
        126,
        99,
        92,
        130,
        113,
        100,
        139,
        119,
        104,
        161,
        132,
        104,
        124,
        102,
        85,
        144,
        118,
        97,
        146,
        117,
        96,
        154,
        133,
        123
      ]
    },
    {
      "margin": false,
      "index": 11,
      "file": null,
      "u": 0.28125,
      "v": 0.333333343,
      "uw": 0.21875,
      "vh": 0.333333343,
      "width": 448,
      "height": 448,
      "descriptor": [
        168,
        137,
        117,
        188,
        156,
        109,
        216,
        163,
        105,
        173,
        138,
        87,
        207,
        189,
        174,
        138,
        103,
        70,
        78,
        93,
        68,
        101,
        85,
        68,
        202,
        191,
        182,
        171,
        135,
        107,
        200,
        172,
        151,
        203,
        160,
        118,
        153,
        125,
        99,
        149,
        119,
        89,
        198,
        150,
        111,
        199,
        158,
        117
      ]
    },
    {
      "margin": false,
      "index": 12,
      "file": null,
      "u": 0.5,
      "v": 0.333333343,
      "uw": 0.21875,
      "vh": 0.333333343,
      "width": 448,
      "height": 448,
      "descriptor": [
        69,
        79,
        77,
        138,
        118,
        91,
        76,
        87,
        80,
        73,
        76,
        67,
        164,
        147,
        133,
        138,
        112,
        101,
        67,
        70,
        63,
        70,
        67,
        61,
        117,
        100,
        72,
        199,
        178,
        161,
        180,
        156,
        140,
        192,
        154,
        112,
        87,
        94,
        78,
        185,
        149,
        113,
        192,
        143,
        106,
        188,
        146,
        104
      ]
    },
    {
      "margin": false,
      "index": 13,
      "file": null,
      "u": 0.71875,
      "v": 0.333333343,
      "uw": 0.21875,
      "vh": 0.333333343,
      "width": 448,
      "height": 448,
      "descriptor": [
        67,
        75,
        66,
        80,
        89,
        82,
        186,
        148,
        113,
        189,
        145,
        104,
        70,
        75,
        67,
        85,
        90,
        83,
        189,
        152,
        111,
        170,
        141,
        110,
        181,
        142,
        111,
        117,
        89,
        73,
        190,
        154,
        114,
        187,
        147,
        108,
        193,
        157,
        115,
        191,
        150,
        108,
        186,
        149,
        110,
        179,
        138,
        101
      ]
    },
    {
      "margin": false,
      "index": 14,
      "file": null,
      "u": 0.0625,
      "v": 0.6666667,
      "uw": 0.21875,
      "vh": 0.333333343,
      "width": 448,
      "height": 448,
      "descriptor": [
        208,
        175,
        159,
        223,
        189,
        175,
        217,
        181,
        166,
        218,
        182,
        163,
        171,
        134,
        100,
        157,
        125,
        95,
        160,
        127,
        99,
        159,
        126,
        108,
        169,
        130,
        98,
        157,
        121,
        95,
        163,
        128,
        97,
        161,
        125,
        99,
        188,
        147,
        103,
        196,
        157,
        113,
        177,
        136,
        95,
        199,
        160,
        118
      ]
    },
    {
      "margin": false,
      "index": 15,
      "file": null,
      "u": 0.28125,
      "v": 0.6666667,
      "uw": 0.21875,