{
  "title": "KRAJINA",
  "author": "KALVODA, ALOIS",
  "year": "(1920 - 1925)",
  "id": "SNG-0001016135",
  "width": 2048,
  "height": 1600,
  "file": "SNG--O_5150--1_1--2014_02_24--L2_WEB_118394.webp",
  "tiles_x": 3,
  "tiles_y": 3,
  "offset_x": 0.109375,
  "offset_y": 0.0,
  "tiles": [
    {
      "margin": false,
      "index": 6,
      "file": null,
      "u": 0.109375,
      "v": 0.0,
      "uw": 0.260416657,
      "vh": 0.3333333,
      "width": 533,
      "height": 533,
      "descriptor": [
        181,
        187,
        165,
        224,
        205,
        181,
        159,
        180,
        168,
        199,
        175,
        156,
        208,
        188,
        172,
        201,
        181,
        167,
        209,
        190,
        169,
        228,
        208,
        185,
        211,
        190,
        175,
        195,
        179,
        168,
        244,
        223,
        199,
        233,
        212,
        186,
        209,
        196,
        182,
        243,
        222,
        196,
        237,
        216,
        203,
        198,
        186,
        179
      ]
    },
    {
      "margin": false,
      "index": 7,
      "file": null,
      "u": 0.369791657,
      "v": 0.0,
      "uw": 0.260416657,
      "vh": 0.3333333,
      "width": 533,
      "height": 533,
      "descriptor": [
        230,
        212,
        193,
        199,
        202,
        183,
        226,
        214,
        190,
        241,
        223,
        198,
        209,
        186,
        169,
        219,
        198,
        172,
        246,
        223,
        199,
        218,
        191,
        171,
        232,
        219,
        197,
        204,
        177,
        159,
        190,
        168,
        149,
        233,
        210,
        184,
        219,
        198,
        180,
        235,
        211,
        188,
        247,
        223,
        193,
        204,
        203,
        185
      ]
    },
    {
      "margin": false,
      "index": 8,
      "file": null,
      "u": 0.6302083,
      "v": 0.0,
      "uw": 0.260416657,
      "vh": 0.3333333,
      "width": 533,
      "height": 533,
      "descriptor": [
        236,
        209,
        184,
        189,
        166,
        150,
        210,
        187,
        163,
        194,
        175,
        158,
        203,
        177,
        166,
        230,
        204,
        180,
        174,
        155,
        140,
        196,
        172,
        156,
        222,
        194,
        177,
        247,
        228,
        206,
        186,
        191,
        173,
        247,
        225,
        201,
        196,
        205,
        192,
        217,
        201,
        187,
        248,
        226,
        200,
        224,
        208,
        189
      ]
    },
    {
      "margin": false,
      "index": 9,
      "file": null,
      "u": 0.109375,
      "v": 0.3333333,
      "uw": 0.260416657,
      "vh": 0.3333333,
      "width": 533,
      "height": 533,
      "descriptor": [
        207,
        185,
        163,
        242,
        224,
        203,
        238,
        220,
        202,
        200,
        187,
        164,
        215,
        202,
        186,
        119,
        150,
        148,
        117,
        146,
        147,
        93,
        118,
        129,
        121,
        120,
        117,
        176,
        147,
        107,
        115,
        117,
        71,
        85,
        91,
        53,
        151,
        142,
        134,
        105,
        69,
        60,
        141,
        131,
        95,
        70,
        79,
        69
      ]
    },
    {
      "margin": false,
      "index": 10,
      "file": null,
      "u": 0.369791657,
      "v": 0.3333333,
      "uw": 0.260416657,
      "vh": 0.3333333,
      "width": 533,
      "height": 533,
      "descriptor": [
        236,
        209,
        187,
        234,
        215,
        192,
        222,
        203,
        180,
        203,
        189,
        179,
        211,
        195,
        176,
        220,
        205,
        185,
        163,
        171,
        168,
        164,
        161,
        149,
        191,
        153,
        107,
        98,
        90,
        79,
        138,
        127,
        119,
        110,
        112,
        110,
        70,
        59,
        58,
        76,
        79,
        61,
        68,
        78,
        52,
        122,
        118,
        83
      ]
    },
    {
      "margin": false,
      "index": 11,
      "file": null,
      "u": 0.6302083,
      "v": 0.3333333,
      "uw": 0.260416657,
      "vh": 0.3333333,
      "width": 533,
      "height": 533,
      "descriptor": [
        215,
        204,
        191,
        211,
        202,
        187,
        68,
        89,
        49,
        67,
        70,
        48,
        142,
        159,
        151,
        116,
        150,
        151,
        102,
        95,
        75,
        62,
        58,
        54,
        130,
        142,
        116,
        119,
        124,
        111,
        60,
        67,
        54,
        88,
        95,
        59,
        90,
        66,
        66,
        109,
        82,
        70,
        83,
        86,
        54,
        52,
        59,
        49
      ]
    },
    {
      "margin": false,
      "index": 12,
      "file": null,
      "u": 0.109375,
      "v": 0.6666666,
      "uw": 0.260416657,
      "vh": 0.3333333,
      "width": 533,
      "height": 533,
      "descriptor": [
        134,
        121,
        105,
        150,
        147,
        131,
        95,
        99,
        60,
        75,
        80,
        53,
        154,
        134,
        129,
        98,
        110,
        59,
        89,
        98,
        61,
        108,
        106,
        108,
        176,
        154,
        116,
        149,
        128,
        56,
        182,
        157,
        98,
        165,
        136,
        70,
        156,
        123,
        65,
        144,
        113,
        73,
        197,
        165,
        102,
        195,
        163,
        107
      ]
    },
    {
      "margin": false,
      "index": 13,
      "file": null,
      "u": 0.369791657,
      "v": 0.6666666,
      "uw": 0.260416657,
      "vh": 0.3333333,
      "width": 533,
      "height": 533,
      "descriptor": [
        70,
        74,
        57,
        78,
        86,
        65,
        66,
        71,
        59,
        66,
        72,
        57,
        69,
        52,
        54,
        72,
        55,
        56,
        58,
        55,
        47,
        103,
        97,
        89,
        156,
        140,
        103,
        92,
        83,
        72,
        68,
        69,
        60,
        60,
        55,
        53,
        173,
        138,
        88,
        202,
        164,
        97,
        175,
        150,
        103,
        112,
        107,
        58
      ]
    },
    {
      "margin": false,
      "index": 14,
      "file": null,
      "u": 0.6302083,
      "v": 0.6666666,
      "uw": 0.260416657,
      "vh": 0.3333333,
      "width": 533,
      "height": 533,
      "descriptor": [
        98,
        69,
        65,
        87,
        73,
        74,
        79,
        92,
        59,
        55,
        66,
        62,
        93,
        90,
        96,
        68,
        66,
        64,
        88,
        85,
        71,
        96,
        93,
        77,
        102,
        74,
        73,
        54,
        56,
        57,
        71,
        75,
        69,
        83,
        68,
        59,
        94,
        101,
        48,
        70,
        76,
        49,
        79,
        85,
        53,
        92,
        96,
        90
      ]
    }
  ],
  "margins": [
    {
      "margin": true,
      "index": 0,
      "file": null,
      "u": 0.0,
      "v": 0.0,