{
  "title": "ŠTUBNIANSKE TEPLICE",
  "author": "GALANDA, MIKULÁŠ",
  "year": "(1934 - 1935)",
  "id": "SNG-0001034537",
  "width": 2048,
  "height": 1344,
  "file": "SNG--K_5659--1_2--2015_05_04--L2_WEB_438961.webp",
  "tiles_x": 4,
  "tiles_y": 3,
  "offset_x": 0.0625,
  "offset_y": 0.0,
  "tiles": [
    {
      "margin": false,
      "index": 6,
      "file": null,
      "u": 0.0625,
      "v": 0.0,
      "uw": 0.21875,
      "vh": 0.333333343,
      "width": 448,
      "height": 448,
      "descriptor": [
        237,
        219,
        190,
        232,
        212,
        182,
        231,
        213,
        181,
        231,
        213,
        185,
        217,
        204,
        178,
        232,
        215,
        187,
        229,
        213,
        187,
        193,
        194,
        185,
        232,
        214,
        188,
        217,
        202,
        178,
        232,
        215,
        189,
        153,
        178,
        182,
        154,
        174,
        176,
        155,
        180,
        183,
        150,
        174,
        180,
        155,
        178,
        176
      ]
    },
    {
      "margin": false,
      "index": 7,
      "file": null,
      "u": 0.28125,
      "v": 0.0,
      "uw": 0.21875,
      "vh": 0.333333343,
      "width": 448,
      "height": 448,
      "descriptor": [
        174,
        181,
        169,
        188,
        193,
        182,
        166,
        182,
        176,
        172,
        186,
        179,
        229,
        218,
        196,
        225,
        214,
        190,
        151,
        173,
        176,
        160,
        182,
        180,
        149,
        175,
        181,
        143,
        164,
        137,
        230,
        213,
        148,
        146,
        168,
        151,
        234,
        213,
        160,
        239,
        219,
        193,
        177,
        181,
        188,
        238,
        218,
        192
      ]
    },
    {
      "margin": false,
      "index": 8,
      "file": null,
      "u": 0.5,
      "v": 0.0,
      "uw": 0.21875,
      "vh": 0.333333343,
      "width": 448,
      "height": 448,
      "descriptor": [
        134,
        163,
        172,
        231,
        213,
        182,
        234,
        215,
        185,
        238,
        218,
        184,
        139,
        169,
        169,
        129,
        155,
        158,
        141,
        169,
        173,
        168,
        186,
        185,
        207,
        204,
        169,
        234,
        211,
        163,
        235,
        214,
        177,
        235,
        216,
        187,
        240,
        219,
        190,
        227,
        215,
        189,
        238,
        219,
        190,
        166,
        151,
        116
      ]
    },
    {
      "margin": false,
      "index": 9,
      "file": null,
      "u": 0.71875,
      "v": 0.0,
      "uw": 0.21875,
      "vh": 0.333333343,
      "width": 448,
      "height": 448,
      "descriptor": [
        234,
        214,
        184,
        231,
        211,
        183,
        225,
        216,
        188,
        212,
        201,
        181,
        159,
        178,
        173,
        235,
        216,
        182,
        237,
        214,
        167,
        240,
        217,
        185,
        236,
        215,
        185,
        236,
        214,
        183,
        238,
        218,
        188,
        236,
        215,
        184,
        236,
        215,
        185,
        225,
        213,
        186,
        239,
        218,
        189,
        238,
        219,
        191
      ]
    },
    {
      "margin": false,
      "index": 10,
      "file": null,
      "u": 0.0625,
      "v": 0.333333343,
      "uw": 0.21875,
      "vh": 0.333333343,
      "width": 448,
      "height": 448,
      "descriptor": [
        239,
        219,
        187,
        234,
        211,
        180,
        240,
        219,
        190,
        238,
        218,
        187,
        237,
        216,
        186,
        62,
        102,
        152,
        119,
        163,
        143,
        162,
        139,
        88,
        102,
        149,
        133,
        152,
        191,
        156,
        167,
        146,
        60,
        213,
        166,
        67,
        172,
        143,
        51,
        211,
        168,
        77,
        216,
        175,
        100,
        184,
        83,
        60
      ]
    },
    {
      "margin": false,
      "index": 11,
      "file": null,
      "u": 0.28125,
      "v": 0.333333343,
      "uw": 0.21875,
      "vh": 0.333333343,
      "width": 448,
      "height": 448,
      "descriptor": [
        221,
        135,
        70,
        121,
        146,
        170,
        165,
        129,
        110,
        209,
        106,
        64,
        219,
        142,
        70,
        218,
        137,
        79,
        150,
        165,
        174,
        236,
        161,
        107,
        221,
        180,
        93,
        231,
        194,
        123,
        208,
        176,
        111,
        113,
        144,
        81,
        177,
        123,
        81,
        160,
        135,
        92,
        187,
        200,
        162,
        230,
        131,
        106
      ]
    },
    {
      "margin": false,
      "index": 12,
      "file": null,
      "u": 0.5,
      "v": 0.333333343,
      "uw": 0.21875,
      "vh": 0.333333343,
      "width": 448,
      "height": 448,
      "descriptor": [
        239,
        219,
        191,
        240,
        219,
        189,
        240,
        221,
        190,
        231,
        215,
        187,
        163,
        129,
        103,
        103,
        129,
        159,
        147,
        161,
        173,
        151,
        191,
        154,
        153,
        151,
        70,
        153,
        143,
        61,
        210,
        165,
        62,
        209,
        164,
        66,
        242,
        205,
        78,
        219,
        214,
        179,
        128,
        156,
        108,
        143,
        161,
        119
      ]
    },
    {
      "margin": false,
      "index": 13,
      "file": null,
      "u": 0.71875,
      "v": 0.333333343,
      "uw": 0.21875,
      "vh": 0.333333343,
      "width": 448,
      "height": 448,
      "descriptor": [
        231,
        209,
        179,
        235,
        219,
        193,
        237,
        216,
        185,
        240,
        218,
        191,
        83,
        139,
        130,
        132,
        167,
        151,
        141,
        156,
        169,
        124,
        147,
        167,
        223,
        185,
        137,
        143,
        167,
        95,
        153,
        165,
        89,
        230,
        212,
        179,
        78,
        69,
        62,
        97,
        80,
        66,
        130,
        184,
        136,
        128,
        181,
        134
      ]
    },
    {
      "margin": false,
      "index": 14,
      "file": null,
      "u": 0.0625,
      "v": 0.6666667,
      "uw": 0.21875,
      "vh": 0.333333343,
      "width": 448,
      "height": 448,
      "descriptor": [
        219,
        180,
        102,
        234,
        210,
        177,
        189,
        124,
        83,
        181,
        114,
        75,
        213,
        171,
        134,
        188,
        127,
        84,
        169,
        116,
        81,
        232,
        210,
        183,
        193,
        126,
        88,
        237,
        210,
        142,
        234,
        211,
        177,
        198,
        136,
        68,
        239,
        218,
        191,
        238,
        216,
        185,
        238,
        217,
        185,
        231,
        204,
        171
      ]
    },
    {
      "margin": false,
      "index": 15,