{
  "title": "ŠTÚDIA HLAVY MLADÉHO MUŽA",
  "author": "PITTHORDT, ĽUDOVÍT",
  "year": "(1880 - 1900)",
  "id": "SNG-0001002299",
  "width": 1664,
  "height": 2048,
  "file": "SNG--O_1017--1_1--_2015_07_07_--L2_WEB_46300.webp",
  "tiles_x": 3,
  "tiles_y": 3,
  "offset_x": 0.0,
  "offset_y": 0.09375,
  "tiles": [
    {
      "margin": false,
      "index": 6,
      "file": null,
      "u": 0.0,
      "v": 0.09375,
      "uw": 0.333333343,
      "vh": 0.270833343,
      "width": 554,
      "height": 554,
      "descriptor": [
        44,
        34,
        32,
        26,
        13,
        10,
        46,
        38,
        30,
        28,
        18,
        18,
        30,
        16,
        15,
        34,
        24,
        18,
        37,
        26,
        20,
        41,
        32,
        25,
        30,
        18,
        15,
        28,
        20,
        16,
        35,
        24,
        16,
        43,
        35,
        22,
        34,
        26,
        22,
        29,
        17,
        13,
        27,
        20,
        17,
        40,
        29,
        17
      ]
    },
    {
      "margin": false,
      "index": 7,
      "file": null,
      "u": 0.333333343,
      "v": 0.09375,
      "uw": 0.333333343,
      "vh": 0.270833343,
      "width": 554,
      "height": 554,
      "descriptor": [
        52,
        42,
        27,
        103,
        71,
        39,
        186,
        136,
        93,
        128,
        92,
        58,
        161,
        115,
        82,
        174,
        129,
        89,
        165,
        122,
        90,
        161,
        111,
        66,
        147,
        103,
        65,
        187,
        127,
        90,
        125,
        92,
        63,
        100,
        83,
        64,
        53,
        39,
        30,
        107,
        72,
        38,
        96,
        61,
        44,
        83,
        55,
        42
      ]
    },
    {
      "margin": false,
      "index": 8,
      "file": null,
      "u": 0.6666667,
      "v": 0.09375,
      "uw": 0.333333343,
      "vh": 0.270833343,
      "width": 554,
      "height": 554,
      "descriptor": [
        73,
        52,
        35,
        38,
        21,
        19,
        40,
        32,
        29,
        53,
        49,
        30,
        63,
        43,
        26,
        40,
        27,
        25,
        28,
        16,
        17,
        53,
        50,
        22,
        110,
        70,
        31,
        39,
        20,
        16,
        28,
        15,
        12,
        56,
        53,
        38,
        132,
        91,
        41,
        87,
        58,
        40,
        110,
        58,
        36,
        45,
        39,
        23
      ]
    },
    {
      "margin": false,
      "index": 9,
      "file": null,
      "u": 0.0,
      "v": 0.364583343,
      "uw": 0.333333343,
      "vh": 0.270833343,
      "width": 554,
      "height": 554,
      "descriptor": [
        30,
        19,
        15,
        49,
        39,
        39,
        39,
        27,
        22,
        35,
        22,
        13,
        32,
        18,
        14,
        21,
        12,
        9,
        30,
        18,
        13,
        46,
        35,
        18,
        37,
        33,
        18,
        35,
        24,
        20,
        47,
        35,
        26,
        48,
        38,
        25,
        33,
        20,
        12,
        27,
        19,
        18,
        18,
        12,
        12,
        27,
        12,
        9
      ]
    },
    {
      "margin": false,
      "index": 10,
      "file": null,
      "u": 0.333333343,
      "v": 0.364583343,
      "uw": 0.333333343,
      "vh": 0.270833343,
      "width": 554,
      "height": 554,
      "descriptor": [
        145,
        97,
        61,
        150,
        108,
        72,
        181,
        122,
        92,
        182,
        131,
        101,
        144,
        91,
        62,
        69,
        39,
        29,
        164,
        109,
        74,
        132,
        91,
        55,
        44,
        33,
        20,
        133,
        73,
        46,
        110,
        81,
        54,
        113,
        76,
        38,
        36,
        20,
        13,
        114,
        77,
        46,
        131,
        89,
        58,
        84,
        50,
        31
      ]
    },
    {
      "margin": false,
      "index": 11,
      "file": null,
      "u": 0.6666667,
      "v": 0.364583343,
      "uw": 0.333333343,
      "vh": 0.270833343,
      "width": 554,
      "height": 554,
      "descriptor": [
        98,
        62,
        29,
        99,
        63,
        29,
        130,
        74,
        39,
        45,
        39,
        19,
        100,
        61,
        25,
        78,
        48,
        20,
        82,
        48,
        9,
        43,
        37,
        23,
        97,
        63,
        25,
        21,
        19,
        24,
        40,
        28,
        28,
        50,
        39,
        22,
        21,
        14,
        11,
        20,
        18,
        17,
        29,
        20,
        19,
        24,
        15,
        14
      ]
    },
    {
      "margin": false,
      "index": 12,
      "file": null,
      "u": 0.0,
      "v": 0.6354167,
      "uw": 0.333333343,
      "vh": 0.270833343,
      "width": 554,
      "height": 554,
      "descriptor": [
        26,
        21,
        19,
        26,
        19,
        18,
        17,
        13,
        11,
        21,
        14,
        10,
        35,
        27,
        25,
        35,
        28,
        25,
        20,
        14,
        10,
        25,
        14,
        12,
        23,
        14,
        12,
        41,
        40,
        35,
        26,
        19,
        14,
        24,
        15,
        14,
        23,
        17,
        16,
        26,
        18,
        18,
        27,
        14,
        11,
        39,
        29,
        26
      ]
    },
    {
      "margin": false,
      "index": 13,
      "file": null,
      "u": 0.333333343,
      "v": 0.6354167,
      "uw": 0.333333343,
      "vh": 0.270833343,
      "width": 554,
      "height": 554,
      "descriptor": [
        39,
        21,
        16,
        43,
        32,
        18,
        35,
        27,
        26,
        34,
        22,
        20,
        33,
        13,
        11,
        60,
        47,
        31,
        37,
        25,
        14,
        26,
        18,
        16,
        33,
        17,
        11,
        35,
        24,
        19,
        99,
        75,
        42,
        61,
        45,
        22,
        26,
        12,
        9,
        56,
        43,
        30,
        58,
        39,
        21,
        92,
        74,
        49
      ]
    },
    {
      "margin": false,
      "index": 14,
      "file": null,
      "u": 0.6666667,
      "v": 0.6354167,
      "uw": 0.333333343,
      "vh": 0.270833343,
      "width": 554,
      "height": 554,
      "descriptor": [
        39,
        23,
        25,
        47,
        31,
        16,
        40,
        30,
        29,
        65,
        38,
        25,
        43,
        27,
        21,
        51,
        39,
        26,
        53,
        45,
        39,
        48,
        29,
        16,
        58,
        43,
        27,
        29,
        22,
        20,
        42,
        28,
        11,
        57,
        40,
        20,
        60,
        46,
        26,
        56,
        40,
        23,
        57,
        39,
        23,
        70,
        53,
        42
      ]
    }
  ],
  "margins": [
    {
      "margin": true,
      "index": 0,
      "file": null,
      "u": 0.0,
      "v": 0.0,
      "uw": 0.333333343,
      "vh": 0.09375,
      "width": 554,
      "height": 192,
      "descriptor": null
    },
    {
      "margin": true,
      "index": 1,
      "file": null,
      "u": 0.0,