{
  "title": "ZASTRELENÁ LÍŠKA",
  "author": "WEISZ-KUBÍNČAN, ARNOLD PETER",
  "year": "(1940 - 1943)",
  "id": "SNG-0001007191",
  "width": 2048,
  "height": 1792,
  "file": "SNG--K_9038--1_1--2015_09_04--L2_WEB_48399.webp",
  "tiles_x": 3,
  "tiles_y": 3,
  "offset_x": 0.0625,
  "offset_y": 0.0,
  "tiles": [
    {
      "margin": false,
      "index": 6,
      "file": null,
      "u": 0.0625,
      "v": 0.0,
      "uw": 0.291666657,
      "vh": 0.3333333,
      "width": 597,
      "height": 597,
      "descriptor": [
        141,
        138,
        129,
        150,
        148,
        140,
        130,
        127,
        122,
        133,
        132,
        126,
        136,
        125,
        118,
        129,
        126,
        120,
        148,
        131,
        80,
        107,
        110,
        134,
        134,
        124,
        114,
        121,
        126,
        106,
        133,
        126,
        123,
        81,
        114,
        131,
        138,
        133,
        126,
        112,
        127,
        125,
        144,
        93,
        98,
        115,
        111,
        108
      ]
    },
    {
      "margin": false,
      "index": 7,
      "file": null,
      "u": 0.354166657,
      "v": 0.0,
      "uw": 0.291666657,
      "vh": 0.3333333,
      "width": 597,
      "height": 597,
      "descriptor": [
        134,
        133,
        130,
        130,
        131,
        128,
        129,
        130,
        125,
        132,
        133,
        126,
        76,
        88,
        107,
        68,
        103,
        111,
        73,
        90,
        92,
        70,
        95,
        94,
        119,
        140,
        142,
        83,
        105,
        115,
        104,
        135,
        107,
        93,
        123,
        134,
        97,
        105,
        106,
        86,
        96,
        101,
        108,
        121,
        118,
        95,
        87,
        84
      ]
    },
    {
      "margin": false,
      "index": 8,
      "file": null,
      "u": 0.6458333,
      "v": 0.0,
      "uw": 0.291666657,
      "vh": 0.3333333,
      "width": 597,
      "height": 597,
      "descriptor": [
        125,
        127,
        122,
        124,
        123,
        116,
        133,
        131,
        124,
        137,
        134,
        126,
        85,
        108,
        130,
        83,
        81,
        78,
        81,
        88,
        101,
        138,
        135,
        129,
        84,
        95,
        101,
        100,
        109,
        91,
        132,
        132,
        128,
        129,
        127,
        120,
        124,
        116,
        122,
        109,
        113,
        113,
        131,
        137,
        126,
        130,
        129,
        122
      ]
    },
    {
      "margin": false,
      "index": 9,
      "file": null,
      "u": 0.0625,
      "v": 0.3333333,
      "uw": 0.291666657,
      "vh": 0.3333333,
      "width": 597,
      "height": 597,
      "descriptor": [
        107,
        103,
        98,
        86,
        83,
        84,
        91,
        108,
        115,
        117,
        85,
        79,
        142,
        142,
        135,
        70,
        74,
        73,
        53,
        77,
        107,
        98,
        85,
        73,
        121,
        118,
        111,
        86,
        105,
        93,
        97,
        100,
        79,
        91,
        92,
        83,
        138,
        135,
        126,
        151,
        148,
        126,
        95,
        92,
        81,
        112,
        121,
        117
      ]
    },
    {
      "margin": false,
      "index": 10,
      "file": null,
      "u": 0.354166657,
      "v": 0.3333333,
      "uw": 0.291666657,
      "vh": 0.3333333,
      "width": 597,
      "height": 597,
      "descriptor": [
        117,
        114,
        108,
        100,
        90,
        79,
        92,
        139,
        150,
        136,
        128,
        121,
        126,
        113,
        104,
        144,
        130,
        115,
        151,
        139,
        92,
        155,
        98,
        97,
        66,
        84,
        78,
        76,
        101,
        89,
        123,
        116,
        110,
        128,
        78,
        81,
        78,
        87,
        80,
        152,
        159,
        168,
        142,
        124,
        115,
        112,
        111,
        115
      ]
    },
    {
      "margin": false,
      "index": 11,
      "file": null,
      "u": 0.6458333,
      "v": 0.3333333,
      "uw": 0.291666657,
      "vh": 0.3333333,
      "width": 597,
      "height": 597,
      "descriptor": [
        118,
        124,
        118,
        148,
        130,
        114,
        119,
        130,
        130,
        119,
        129,
        125,
        140,
        118,
        114,
        152,
        85,
        94,
        122,
        139,
        105,
        130,
        140,
        136,
        155,
        121,
        95,
        132,
        118,
        110,
        122,
        128,
        117,
        127,
        131,
        126,
        103,
        106,
        133,
        106,
        128,
        131,
        107,
        142,
        137,
        141,
        140,
        133
      ]
    },
    {
      "margin": false,
      "index": 12,
      "file": null,
      "u": 0.0625,
      "v": 0.6666666,
      "uw": 0.291666657,
      "vh": 0.3333333,
      "width": 597,
      "height": 597,
      "descriptor": [
        137,
        135,
        126,
        84,
        106,
        79,
        143,
        136,
        110,
        84,
        97,
        115,
        138,
        136,
        126,
        100,
        116,
        89,
        120,
        124,
        111,
        66,
        90,
        79,
        132,
        128,
        119,
        133,
        135,
        100,
        33,
        77,
        116,
        120,
        128,
        119,
        135,
        130,
        121,
        141,
        138,
        128,
        140,
        138,
        128,
        129,
        127,
        118
      ]
    },
    {
      "margin": false,
      "index": 13,
      "file": null,
      "u": 0.354166657,
      "v": 0.6666666,
      "uw": 0.291666657,
      "vh": 0.3333333,
      "width": 597,
      "height": 597,
      "descriptor": [
        99,
        111,
        114,
        69,
        132,
        127,
        136,
        137,
        131,
        129,
        129,
        120,
        132,
        123,
        111,
        205,
        152,
        91,
        144,
        126,
        103,
        169,
        121,
        91,
        136,
        129,
        117,
        94,
        111,
        92,
        140,
        129,
        104,
        179,
        118,
        61,
        129,
        127,
        117,
        139,
        135,
        125,
        144,
        138,
        125,
        137,
        132,
        120
      ]
    },
    {
      "margin": false,
      "index": 14,
      "file": null,
      "u": 0.6458333,
      "v": 0.6666666,
      "uw": 0.291666657,
      "vh": 0.3333333,
      "width": 597,
      "height": 597,
      "descriptor": [
        146,
        128,
        105,
        151,
        123,
        94,
        158,
        115,
        79,
        137,
        135,
        126,
        174,
        106,
        64,
        171,
        137,
        108,
        146,
        132,
        95,
        135,
        131,
        117,
        146,
        116,
        101,
        156,
        129,
        102,
        143,
        141,
        111,
        144,
        141,
        130,
        156,
        148,
        136,
        138,
        132,
        122,
        140,
        134,
        122,
        150,
        145,
        135
      ]
    }
  ],
  "margins": [
    {
      "margin": true,