{
  "title": "PODVEČER",
  "author": "GRUND, NORBERT JOSEPH CARL",
  "year": "(1740 - 1760)",
  "id": "SNG-0001003024",
  "width": 2048,
  "height": 1536,
  "file": "SNG--O_5972--1_1--_2015_08_21_--L2_WEB_34305.webp",
  "tiles_x": 4,
  "tiles_y": 3,
  "offset_x": 0.0,
  "offset_y": 0.0,
  "tiles": [
    {
      "margin": false,
      "index": 0,
      "file": null,
      "u": 0.0,
      "v": 0.0,
      "uw": 0.25,
      "vh": 0.333333343,
      "width": 512,
      "height": 512,
      "descriptor": [
        169,
        111,
        45,
        159,
        114,
        61,
        155,
        113,
        61,
        150,
        113,
        56,
        170,
        117,
        57,
        169,
        122,
        63,
        167,
        119,
        60,
        154,
        114,
        61,
        170,
        117,
        55,
        122,
        82,
        23,
        173,
        121,
        48,
        161,
        121,
        53,
        150,
        105,
        40,
        181,
        132,
        67,
        176,
        128,
        43,
        176,
        126,
        60
      ]
    },
    {
      "margin": false,
      "index": 1,
      "file": null,
      "u": 0.25,
      "v": 0.0,
      "uw": 0.25,
      "vh": 0.333333343,
      "width": 512,
      "height": 512,
      "descriptor": [
        152,
        109,
        56,
        147,
        105,
        57,
        93,
        79,
        37,
        140,
        96,
        48,
        143,
        106,
        48,
        148,
        99,
        57,
        123,
        82,
        31,
        96,
        79,
        40,
        157,
        125,
        50,
        144,
        125,
        76,
        157,
        104,
        62,
        127,
        86,
        26,
        162,
        120,
        35,
        114,
        83,
        27,
        152,
        113,
        65,
        142,
        103,
        43
      ]
    },
    {
      "margin": false,
      "index": 2,
      "file": null,
      "u": 0.5,
      "v": 0.0,
      "uw": 0.25,
      "vh": 0.333333343,
      "width": 512,
      "height": 512,
      "descriptor": [
        139,
        101,
        63,
        136,
        94,
        48,
        131,
        93,
        49,
        124,
        88,
        32,
        132,
        102,
        55,
        122,
        105,
        55,
        132,
        99,
        56,
        119,
        101,
        62,
        120,
        91,
        41,
        124,
        107,
        57,
        133,
        100,
        66,
        124,
        104,
        71,
        144,
        110,
        68,
        133,
        114,
        68,
        126,
        107,
        55,
        158,
        118,
        62
      ]
    },
    {
      "margin": false,
      "index": 3,
      "file": null,
      "u": 0.75,
      "v": 0.0,
      "uw": 0.25,
      "vh": 0.333333343,
      "width": 512,
      "height": 512,
      "descriptor": [
        127,
        96,
        57,
        137,
        103,
        47,
        127,
        106,
        54,
        123,
        105,
        50,
        102,
        86,
        50,
        126,
        92,
        53,
        140,
        107,
        60,
        136,
        92,
        45,
        127,
        96,
        54,
        129,
        93,
        49,
        115,
        101,
        54,
        136,
        106,
        53,
        123,
        96,
        52,
        122,
        96,
        51,
        136,
        100,
        61,
        138,
        98,
        49
      ]
    },
    {
      "margin": false,
      "index": 4,
      "file": null,
      "u": 0.0,
      "v": 0.333333343,
      "uw": 0.25,
      "vh": 0.333333343,
      "width": 512,
      "height": 512,
      "descriptor": [
        115,
        69,
        17,
        144,
        80,
        12,
        156,
        92,
        26,
        161,
        90,
        14,
        91,
        60,
        21,
        80,
        56,
        17,
        125,
        68,
        18,
        144,
        72,
        6,
        125,
        64,
        19,
        98,
        65,
        18,
        121,
        70,
        17,
        91,
        57,
        11,
        93,
        58,
        16,
        110,
        56,
        14,
        122,
        64,
        17,
        74,
        56,
        29
      ]
    },
    {
      "margin": false,
      "index": 5,
      "file": null,
      "u": 0.25,
      "v": 0.333333343,
      "uw": 0.25,
      "vh": 0.333333343,
      "width": 512,
      "height": 512,
      "descriptor": [
        125,
        78,
        19,
        117,
        65,
        13,
        162,
        76,
        19,
        132,
        82,
        26,
        149,
        79,
        20,
        102,
        70,
        31,
        96,
        62,
        27,
        119,
        70,
        16,
        94,
        53,
        18,
        94,
        67,
        15,
        127,
        60,
        14,
        87,
        60,
        24,
        112,
        68,
        21,
        115,
        64,
        13,
        115,
        65,
        20,
        118,
        74,
        16
      ]
    },
    {
      "margin": false,
      "index": 6,
      "file": null,
      "u": 0.5,
      "v": 0.333333343,
      "uw": 0.25,
      "vh": 0.333333343,
      "width": 512,
      "height": 512,
      "descriptor": [
        136,
        85,
        20,
        139,
        104,
        58,
        120,
        96,
        51,
        122,
        91,
        39,
        140,
        94,
        48,
        148,
        111,
        57,
        139,
        105,
        47,
        144,
        105,
        55,
        122,
        90,
        30,
        156,
        113,
        53,
        153,
        118,
        52,
        156,
        114,
        50,
        78,
        58,
        24,
        139,
        100,
        51,
        153,
        98,
        56,
        130,
        89,
        52
      ]
    },
    {
      "margin": false,
      "index": 7,
      "file": null,
      "u": 0.75,
      "v": 0.333333343,
      "uw": 0.25,
      "vh": 0.333333343,
      "width": 512,
      "height": 512,
      "descriptor": [
        122,
        88,
        34,
        136,
        97,
        50,
        130,
        101,
        52,
        137,
        93,
        39,
        140,
        105,
        49,
        137,
        103,
        55,
        140,
        100,
        53,
        144,
        103,
        46,
        156,
        107,
        50,
        158,
        109,
        53,
        154,
        105,
        47,
        151,
        107,
        45,
        129,
        83,
        52,
        133,
        86,
        46,
        131,
        76,
        38,
        117,
        77,
        40
      ]
    },
    {
      "margin": false,
      "index": 8,
      "file": null,
      "u": 0.0,
      "v": 0.6666667,
      "uw": 0.25,
      "vh": 0.333333343,
      "width": 512,
      "height": 512,
      "descriptor": [
        101,
        59,
        13,
        102,
        62,
        27,
        113,
        64,
        20,
        98,
        66,
        23,
        73,
        48,
        10,
        61,
        48,
        28,
        89,
        55,
        5,
        117,
        65,
        13,
        98,
        57,
        11,
        104,
        63,
        14,
        99,
        61,
        16,
        100,
        61,
        14,
        69,
        53,
        21,
        101,
        66,
        27,
        99,
        56,
        15,
        74,
        58,
        37
      ]
    },
    {
      "margin": false,
      "index": 9,
      "file": null,
      "u": 0.25,
      "v": 0.6666667,
      "uw": 0.25,
      "vh": 0.333333343,
      "width": 512,
      "height": 512,