{
  "title": "SAMOTA",
  "author": "WEISZ-KUBÍNČAN, ARNOLD PETER",
  "year": "(1923 - 1943)",
  "id": "SNG-0001006876",
  "width": 2048,
  "height": 1408,
  "file": "SNG--K_3069--1_1--2015_08_25--L2_WEB_99996.webp",
  "tiles_x": 4,
  "tiles_y": 3,
  "offset_x": 0.0416666567,
  "offset_y": 0.0,
  "tiles": [
    {
      "margin": false,
      "index": 6,
      "file": null,
      "u": 0.0416666567,
      "v": 0.0,
      "uw": 0.229166672,
      "vh": 0.333333343,
      "width": 469,
      "height": 469,
      "descriptor": [
        79,
        69,
        74,
        79,
        75,
        82,
        75,
        74,
        82,
        101,
        95,
        101,
        150,
        117,
        106,
        124,
        113,
        109,
        148,
        130,
        119,
        137,
        109,
        98,
        178,
        144,
        124,
        146,
        102,
        74,
        161,
        124,
        104,
        56,
        50,
        51,
        94,
        65,
        62,
        116,
        94,
        81,
        78,
        62,
        59,
        50,
        48,
        47
      ]
    },
    {
      "margin": false,
      "index": 7,
      "file": null,
      "u": 0.2708333,
      "v": 0.0,
      "uw": 0.229166672,
      "vh": 0.333333343,
      "width": 469,
      "height": 469,
      "descriptor": [
        150,
        135,
        119,
        109,
        102,
        90,
        87,
        81,
        79,
        69,
        61,
        60,
        113,
        95,
        88,
        104,
        94,
        83,
        47,
        44,
        42,
        65,
        58,
        59,
        72,
        65,
        66,
        144,
        136,
        129,
        127,
        121,
        107,
        110,
        104,
        106,
        55,
        48,
        49,
        86,
        60,
        57,
        70,
        68,
        68,
        61,
        58,
        59
      ]
    },
    {
      "margin": false,
      "index": 8,
      "file": null,
      "u": 0.5,
      "v": 0.0,
      "uw": 0.229166672,
      "vh": 0.333333343,
      "width": 469,
      "height": 469,
      "descriptor": [
        61,
        57,
        57,
        53,
        49,
        49,
        54,
        51,
        52,
        57,
        55,
        58,
        81,
        62,
        58,
        76,
        68,
        70,
        75,
        66,
        71,
        102,
        79,
        71,
        79,
        75,
        77,
        61,
        56,
        58,
        62,
        58,
        60,
        87,
        76,
        77,
        96,
        78,
        71,
        84,
        57,
        62,
        74,
        50,
        50,
        78,
        63,
        65
      ]
    },
    {
      "margin": false,
      "index": 9,
      "file": null,
      "u": 0.7291666,
      "v": 0.0,
      "uw": 0.229166672,
      "vh": 0.333333343,
      "width": 469,
      "height": 469,
      "descriptor": [
        127,
        106,
        88,
        169,
        145,
        125,
        185,
        163,
        137,
        146,
        108,
        92,
        74,
        62,
        62,
        92,
        71,
        70,
        71,
        59,
        59,
        63,
        54,
        54,
        63,
        60,
        65,
        67,
        60,
        64,
        98,
        91,
        93,
        66,
        62,
        64,
        57,
        64,
        59,
        47,
        42,
        38,
        52,
        53,
        49,
        159,
        144,
        127
      ]
    },
    {
      "margin": false,
      "index": 10,
      "file": null,
      "u": 0.0416666567,
      "v": 0.333333343,
      "uw": 0.229166672,
      "vh": 0.333333343,
      "width": 469,
      "height": 469,
      "descriptor": [
        150,
        113,
        94,
        125,
        118,
        84,
        121,
        126,
        73,
        152,
        144,
        93,
        58,
        77,
        69,
        60,
        71,
        73,
        114,
        100,
        67,
        36,
        56,
        54,
        67,
        82,
        72,
        55,
        50,
        49,
        93,
        96,
        93,
        147,
        121,
        91,
        106,
        72,
        46,
        118,
        96,
        66,
        113,
        78,
        61,
        81,
        65,
        62
      ]
    },
    {
      "margin": false,
      "index": 11,
      "file": null,
      "u": 0.2708333,
      "v": 0.333333343,
      "uw": 0.229166672,
      "vh": 0.333333343,
      "width": 469,
      "height": 469,
      "descriptor": [
        126,
        92,
        75,
        104,
        81,
        64,
        82,
        66,
        63,
        58,
        49,
        48,
        33,
        65,
        57,
        98,
        94,
        88,
        160,
        107,
        100,
        161,
        126,
        114,
        140,
        126,
        86,
        59,
        53,
        51,
        91,
        65,
        60,
        115,
        71,
        54,
        111,
        80,
        66,
        61,
        53,
        53,
        107,
        86,
        72,
        102,
        78,
        65
      ]
    },
    {
      "margin": false,
      "index": 12,
      "file": null,
      "u": 0.5,
      "v": 0.333333343,
      "uw": 0.229166672,
      "vh": 0.333333343,
      "width": 469,
      "height": 469,
      "descriptor": [
        85,
        75,
        63,
        121,
        117,
        112,
        135,
        139,
        92,
        58,
        62,
        58,
        139,
        118,
        100,
        89,
        87,
        68,
        99,
        76,
        63,
        64,
        62,
        63,
        98,
        83,
        80,
        162,
        117,
        88,
        167,
        157,
        136,
        91,
        71,
        66,
        99,
        71,
        60,
        57,
        48,
        42,
        130,
        125,
        99,
        146,
        137,
        119
      ]
    },
    {
      "margin": false,
      "index": 13,
      "file": null,
      "u": 0.7291666,
      "v": 0.333333343,
      "uw": 0.229166672,
      "vh": 0.333333343,
      "width": 469,
      "height": 469,
      "descriptor": [
        46,
        41,
        41,
        72,
        66,
        62,
        41,
        60,
        51,
        53,
        63,
        56,
        43,
        39,
        38,
        71,
        67,
        63,
        83,
        82,
        74,
        56,
        70,
        62,
        51,
        50,
        50,
        47,
        49,
        46,
        82,
        81,
        72,
        66,
        62,
        60,
        143,
        144,
        132,
        188,
        171,
        153,
        61,
        65,
        57,
        60,
        56,
        52
      ]
    },
    {
      "margin": false,
      "index": 14,
      "file": null,
      "u": 0.0416666567,
      "v": 0.6666667,
      "uw": 0.229166672,
      "vh": 0.333333343,
      "width": 469,
      "height": 469,
      "descriptor": [
        152,
        91,
        64,
        132,
        75,
        42,
        149,
        110,
        85,
        99,
        69,
        55,
        134,
        111,
        96,
        146,
        105,
        85,
        141,
        112,
        93,
        74,
        61,
        52,
        95,
        96,
        99,
        63,
        57,
        54,
        72,
        60,
        54,
        94,
        87,
        83,
        166,
        139,
        112,
        170,
        138,
        108,
        172,
        140,
        100,
        178,
        138,
        109
      ]
    },
    {
      "margin": false,
      "index": 15,
      "file": null,
      "u": 0.2708333,
      "v": 0.6666667,
      "uw": 0.229166672,
      "vh": 0.333333343,
      "width": 469,
      "height": 469,