{
  "title": "JESENNÉ BREZY NA SLNEČNEJ LÚČINE",
  "author": "PALUGYAY, ZOLO",
  "year": "(1932 - 1934)",
  "id": "SNG-0001005735",
  "width": 2048,
  "height": 1344,
  "file": "SNG--K_697--1_1--2015_07_01--L2_WEB_115617.webp",
  "tiles_x": 4,
  "tiles_y": 3,
  "offset_x": 0.0625,
  "offset_y": 0.0,
  "tiles": [
    {
      "margin": false,
      "index": 6,
      "file": null,
      "u": 0.0625,
      "v": 0.0,
      "uw": 0.21875,
      "vh": 0.333333343,
      "width": 448,
      "height": 448,
      "descriptor": [
        141,
        164,
        161,
        116,
        142,
        148,
        120,
        141,
        140,
        145,
        153,
        150,
        111,
        133,
        138,
        124,
        137,
        139,
        143,
        155,
        155,
        138,
        146,
        145,
        139,
        149,
        149,
        150,
        150,
        146,
        169,
        156,
        153,
        167,
        140,
        138,
        152,
        155,
        153,
        157,
        148,
        144,
        178,
        157,
        145,
        190,
        178,
        150
      ]
    },
    {
      "margin": false,
      "index": 7,
      "file": null,
      "u": 0.28125,
      "v": 0.0,
      "uw": 0.21875,
      "vh": 0.333333343,
      "width": 448,
      "height": 448,
      "descriptor": [
        171,
        166,
        157,
        151,
        151,
        146,
        136,
        136,
        139,
        155,
        155,
        152,
        184,
        171,
        158,
        135,
        136,
        156,
        197,
        185,
        160,
        203,
        188,
        155,
        198,
        184,
        157,
        202,
        186,
        154,
        206,
        188,
        157,
        202,
        142,
        97,
        186,
        171,
        147,
        209,
        190,
        150,
        200,
        181,
        129,
        172,
        123,
        94
      ]
    },
    {
      "margin": false,
      "index": 8,
      "file": null,
      "u": 0.5,
      "v": 0.0,
      "uw": 0.21875,
      "vh": 0.333333343,
      "width": 448,
      "height": 448,
      "descriptor": [
        195,
        183,
        157,
        185,
        179,
        151,
        197,
        185,
        158,
        187,
        175,
        156,
        183,
        151,
        109,
        195,
        182,
        151,
        200,
        187,
        158,
        183,
        147,
        112,
        179,
        141,
        112,
        204,
        187,
        153,
        176,
        131,
        95,
        178,
        149,
        122,
        178,
        138,
        119,
        166,
        117,
        94,
        171,
        132,
        104,
        173,
        154,
        142
      ]
    },
    {
      "margin": false,
      "index": 9,
      "file": null,
      "u": 0.71875,
      "v": 0.0,
      "uw": 0.21875,
      "vh": 0.333333343,
      "width": 448,
      "height": 448,
      "descriptor": [
        173,
        167,
        156,
        162,
        160,
        152,
        172,
        168,
        152,
        177,
        180,
        166,
        194,
        178,
        154,
        201,
        186,
        156,
        178,
        161,
        148,
        177,
        168,
        154,
        206,
        184,
        164,
        193,
        174,
        146,
        196,
        181,
        156,
        194,
        182,
        161,
        180,
        156,
        149,
        177,
        153,
        138,
        194,
        183,
        159,
        187,
        180,
        158
      ]
    },
    {
      "margin": false,
      "index": 10,
      "file": null,
      "u": 0.0625,
      "v": 0.333333343,
      "uw": 0.21875,
      "vh": 0.333333343,
      "width": 448,
      "height": 448,
      "descriptor": [
        155,
        151,
        151,
        176,
        164,
        149,
        203,
        188,
        161,
        201,
        184,
        146,
        144,
        141,
        128,
        201,
        184,
        148,
        202,
        186,
        153,
        208,
        192,
        155,
        183,
        172,
        145,
        163,
        155,
        147,
        194,
        187,
        160,
        191,
        183,
        162,
        191,
        185,
        154,
        161,
        154,
        147,
        119,
        125,
        142,
        191,
        185,
        170
      ]
    },
    {
      "margin": false,
      "index": 11,
      "file": null,
      "u": 0.28125,
      "v": 0.333333343,
      "uw": 0.21875,
      "vh": 0.333333343,
      "width": 448,
      "height": 448,
      "descriptor": [
        192,
        176,
        132,
        201,
        187,
        141,
        177,
        128,
        82,
        163,
        117,
        67,
        181,
        173,
        148,
        182,
        136,
        108,
        178,
        127,
        86,
        187,
        183,
        164,
        187,
        181,
        160,
        173,
        149,
        118,
        181,
        158,
        137,
        178,
        158,
        116,
        197,
        192,
        156,
        183,
        178,
        167,
        178,
        174,
        166,
        167,
        147,
        135
      ]
    },
    {
      "margin": false,
      "index": 12,
      "file": null,
      "u": 0.5,
      "v": 0.333333343,
      "uw": 0.21875,
      "vh": 0.333333343,
      "width": 448,
      "height": 448,
      "descriptor": [
        179,
        147,
        128,
        170,
        125,
        96,
        177,
        150,
        106,
        188,
        167,
        139,
        177,
        142,
        118,
        190,
        182,
        163,
        191,
        178,
        166,
        187,
        173,
        161,
        179,
        170,
        156,
        169,
        162,
        157,
        175,
        170,
        171,
        186,
        180,
        166,
        164,
        144,
        116,
        168,
        148,
        110,
        126,
        134,
        151,
        128,
        140,
        152
      ]
    },
    {
      "margin": false,
      "index": 13,
      "file": null,
      "u": 0.71875,
      "v": 0.333333343,
      "uw": 0.21875,
      "vh": 0.333333343,
      "width": 448,
      "height": 448,
      "descriptor": [
        186,
        169,
        123,
        193,
        176,
        141,
        169,
        148,
        138,
        186,
        172,
        155,
        206,
        188,
        156,
        196,
        184,
        147,
        189,
        178,
        152,
        175,
        158,
        144,
        197,
        188,
        172,
        186,
        180,
        169,
        188,
        182,
        169,
        183,
        179,
        158,
        199,
        191,
        175,
        142,
        146,
        152,
        134,
        143,
        163,
        193,
        185,
        167
      ]
    },
    {
      "margin": false,
      "index": 14,
      "file": null,
      "u": 0.0625,
      "v": 0.6666667,
      "uw": 0.21875,
      "vh": 0.333333343,
      "width": 448,
      "height": 448,