{
  "title": "HISTORICKÝ VÝJAV",
  "author": "ZÁPADOEURÓPSKY MALIAR OKOLO ROKU 1600",
  "year": "(1720 - 1750)",
  "id": "SNG-0001002702",
  "width": 1600,
  "height": 2048,
  "file": "SNG--O_2712--1_1--_2015_08_03_--L2_WEB_104781.webp",
  "tiles_x": 3,
  "tiles_y": 3,
  "offset_x": 0.0,
  "offset_y": 0.109375,
  "tiles": [
    {
      "margin": false,
      "index": 6,
      "file": null,
      "u": 0.0,
      "v": 0.109375,
      "uw": 0.3333333,
      "vh": 0.260416657,
      "width": 533,
      "height": 533,
      "descriptor": [
        47,
        30,
        15,
        108,
        62,
        3,
        108,
        63,
        9,
        83,
        52,
        16,
        59,
        36,
        14,
        90,
        55,
        16,
        79,
        54,
        27,
        102,
        60,
        1,
        87,
        57,
        13,
        43,
        34,
        15,
        95,
        60,
        18,
        86,
        57,
        17,
        63,
        57,
        35,
        57,
        46,
        25,
        63,
        38,
        11,
        145,
        105,
        39
      ]
    },
    {
      "margin": false,
      "index": 7,
      "file": null,
      "u": 0.3333333,
      "v": 0.109375,
      "uw": 0.3333333,
      "vh": 0.260416657,
      "width": 533,
      "height": 533,
      "descriptor": [
        83,
        50,
        14,
        47,
        40,
        17,
        47,
        39,
        23,
        91,
        71,
        21,
        93,
        53,
        2,
        58,
        53,
        31,
        52,
        43,
        21,
        78,
        62,
        11,
        49,
        38,
        18,
        55,
        43,
        18,
        86,
        73,
        45,
        77,
        58,
        9,
        103,
        93,
        67,
        132,
        102,
        43,
        47,
        41,
        24,
        111,
        82,
        21
      ]
    },
    {
      "margin": false,
      "index": 8,
      "file": null,
      "u": 0.6666666,
      "v": 0.109375,
      "uw": 0.3333333,
      "vh": 0.260416657,
      "width": 533,
      "height": 533,
      "descriptor": [
        71,
        54,
        24,
        45,
        34,
        24,
        41,
        35,
        19,
        42,
        35,
        17,
        66,
        53,
        22,
        50,
        44,
        21,
        34,
        30,
        13,
        41,
        35,
        15,
        67,
        49,
        20,
        50,
        40,
        21,
        49,
        46,
        20,
        58,
        42,
        19,
        87,
        64,
        10,
        57,
        46,
        19,
        208,
        157,
        114,
        63,
        47,
        12
      ]
    },
    {
      "margin": false,
      "index": 9,
      "file": null,
      "u": 0.0,
      "v": 0.369791657,
      "uw": 0.3333333,
      "vh": 0.260416657,
      "width": 533,
      "height": 533,
      "descriptor": [
        144,
        79,
        50,
        161,
        117,
        82,
        76,
        66,
        36,
        195,
        153,
        100,
        111,
        54,
        13,
        85,
        40,
        17,
        71,
        92,
        80,
        56,
        61,
        43,
        45,
        32,
        17,
        70,
        54,
        20,
        103,
        83,
        49,
        87,
        105,
        92,
        98,
        59,
        2,
        62,
        41,
        13,
        165,
        64,
        20,
        195,
        120,
        5
      ]
    },
    {
      "margin": false,
      "index": 10,
      "file": null,
      "u": 0.3333333,
      "v": 0.369791657,
      "uw": 0.3333333,
      "vh": 0.260416657,
      "width": 533,
      "height": 533,
      "descriptor": [
        99,
        90,
        66,
        132,
        91,
        36,
        69,
        58,
        43,
        71,
        51,
        12,
        174,
        152,
        85,
        51,
        50,
        31,
        88,
        59,
        34,
        73,
        55,
        21,
        40,
        35,
        21,
        99,
        89,
        62,
        61,
        52,
        29,
        72,
        54,
        15,
        187,
        70,
        13,
        162,
        47,
        1,
        78,
        36,
        9,
        67,
        52,
        19
      ]
    },
    {
      "margin": false,
      "index": 11,
      "file": null,
      "u": 0.6666666,
      "v": 0.369791657,
      "uw": 0.3333333,
      "vh": 0.260416657,
      "width": 533,
      "height": 533,
      "descriptor": [
        66,
        49,
        5,
        51,
        38,
        7,
        192,
        151,
        106,
        171,
        138,
        105,
        72,
        53,
        15,
        183,
        167,
        134,
        121,
        83,
        33,
        118,
        51,
        12,
        76,
        55,
        8,
        87,
        57,
        13,
        219,
        194,
        137,
        106,
        52,
        12,
        72,
        58,
        21,
        52,
        34,
        14,
        66,
        82,
        74,
        140,
        139,
        111
      ]
    },
    {
      "margin": false,
      "index": 12,
      "file": null,
      "u": 0.0,
      "v": 0.6302083,
      "uw": 0.3333333,
      "vh": 0.260416657,
      "width": 533,
      "height": 533,
      "descriptor": [
        54,
        46,
        29,
        30,
        23,
        13,
        122,
        50,
        9,
        103,
        46,
        15,
        53,
        46,
        34,
        38,
        30,
        15,
        71,
        35,
        7,
        149,
        59,
        14,
        37,
        29,
        14,
        35,
        30,
        21,
        47,
        43,
        32,
        150,
        53,
        10,
        49,
        38,
        24,
        53,
        41,
        22,
        47,
        38,
        27,
        141,
        59,
        6
      ]
    },
    {
      "margin": false,
      "index": 13,
      "file": null,
      "u": 0.3333333,
      "v": 0.6302083,
      "uw": 0.3333333,
      "vh": 0.260416657,
      "width": 533,
      "height": 533,
      "descriptor": [
        167,
        62,
        10,
        77,
        32,
        12,
        134,
        53,
        19,
        52,
        42,
        18,
        164,
        82,
        9,
        146,
        50,
        12,
        146,
        48,
        1,
        39,
        33,
        19,
        136,
        52,
        10,
        143,
        50,
        7,
        138,
        46,
        9,
        37,
        28,
        16,
        51,
        45,
        33,
        62,
        42,
        27,
        98,
        57,
        25,
        52,
        40,
        16
      ]
    },
    {
      "margin": false,
      "index": 14,
      "file": null,
      "u": 0.6666666,
      "v": 0.6302083,
      "uw": 0.3333333,
      "vh": 0.260416657,
      "width": 533,
      "height": 533,
      "descriptor": [
        48,
        38,
        9,
        105,
        119,
        103,
        102,
        125,
        122,
        132,
        147,
        119,
        45,
        40,
        20,
        46,
        56,
        49,
        45,
        49,
        36,
        133,
        143,
        118,
        48,
        43,
        26,
        44,
        38,
        18,
        38,
        42,
        29,
        52,
        54,
        34,
        43,
        39,
        25,
        49,
        44,
        22,
        47,
        41,
        24,
        38,
        45,
        35
      ]
    }
  ],
  "margins": [
    {
      "margin": true,
      "index": 0,
      "file": null,
      "u": 0.0,
      "v": 0.0,
      "uw": 0.3333333,
      "vh": 0.109375,
      "width": 533,
      "height": 224,
      "descriptor": null
    },
    {
      "margin": true,
      "index": 1,
      "file": null,
      "u": 0.0,