{
  "title": "SVÄTÁ HELENA",
  "author": "STREDOEURÓPSKY MALIAR Z 1. POLOVICE 18. STOROČIA, SCHMIDT, ANTON, NEZNÁMY MALIAR",
  "year": "(1740 - 1760)",
  "id": "SNG-0001002959",
  "width": 1536,
  "height": 2048,
  "file": "SNG--O_2807--1_1--_2015_08_20_--L2_WEB_98118.webp",
  "tiles_x": 3,
  "tiles_y": 4,
  "offset_x": 0.0,
  "offset_y": 0.0,
  "tiles": [
    {
      "margin": false,
      "index": 0,
      "file": null,
      "u": 0.0,
      "v": 0.0,
      "uw": 0.333333343,
      "vh": 0.25,
      "width": 512,
      "height": 512,
      "descriptor": [
        215,
        192,
        143,
        202,
        180,
        140,
        188,
        167,
        133,
        150,
        149,
        119,
        216,
        191,
        133,
        188,
        164,
        127,
        178,
        161,
        128,
        167,
        161,
        131,
        166,
        155,
        120,
        188,
        168,
        128,
        175,
        161,
        127,
        186,
        168,
        127,
        154,
        152,
        118,
        176,
        162,
        124,
        186,
        177,
        138,
        190,
        171,
        131
      ]
    },
    {
      "margin": false,
      "index": 1,
      "file": null,
      "u": 0.333333343,
      "v": 0.0,
      "uw": 0.333333343,
      "vh": 0.25,
      "width": 512,
      "height": 512,
      "descriptor": [
        167,
        160,
        128,
        154,
        150,
        117,
        166,
        154,
        119,
        54,
        34,
        20,
        205,
        186,
        149,
        223,
        106,
        62,
        183,
        134,
        61,
        180,
        158,
        114,
        204,
        188,
        152,
        214,
        176,
        110,
        220,
        201,
        168,
        209,
        184,
        138,
        107,
        84,
        52,
        197,
        141,
        90,
        220,
        186,
        149,
        204,
        179,
        133
      ]
    },
    {
      "margin": false,
      "index": 2,
      "file": null,
      "u": 0.6666667,
      "v": 0.0,
      "uw": 0.333333343,
      "vh": 0.25,
      "width": 512,
      "height": 512,
      "descriptor": [
        64,
        43,
        29,
        59,
        39,
        12,
        96,
        82,
        54,
        83,
        69,
        37,
        104,
        91,
        43,
        71,
        47,
        17,
        85,
        63,
        50,
        64,
        42,
        19,
        87,
        72,
        47,
        71,
        45,
        21,
        88,
        87,
        74,
        50,
        48,
        41,
        86,
        59,
        24,
        154,
        83,
        32,
        100,
        87,
        62,
        99,
        92,
        68
      ]
    },
    {
      "margin": false,
      "index": 3,
      "file": null,
      "u": 0.0,
      "v": 0.25,
      "uw": 0.333333343,
      "vh": 0.25,
      "width": 512,
      "height": 512,
      "descriptor": [
        156,
        157,
        120,
        151,
        157,
        130,
        154,
        157,
        124,
        169,
        150,
        95,
        158,
        155,
        107,
        215,
        189,
        146,
        200,
        185,
        151,
        186,
        174,
        136,
        156,
        150,
        115,
        197,
        177,
        141,
        172,
        151,
        119,
        104,
        75,
        37,
        129,
        129,
        96,
        153,
        130,
        85,
        83,
        59,
        39,
        65,
        43,
        26
      ]
    },
    {
      "margin": false,
      "index": 4,
      "file": null,
      "u": 0.333333343,
      "v": 0.25,
      "uw": 0.333333343,
      "vh": 0.25,
      "width": 512,
      "height": 512,
      "descriptor": [
        209,
        184,
        137,
        140,
        106,
        52,
        80,
        65,
        41,
        124,
        113,
        62,
        89,
        71,
        59,
        209,
        184,
        136,
        166,
        126,
        54,
        216,
        193,
        143,
        102,
        76,
        33,
        192,
        178,
        149,
        114,
        69,
        34,
        176,
        156,
        116,
        68,
        53,
        29,
        152,
        103,
        50,
        63,
        51,
        29,
        74,
        45,
        0
      ]
    },
    {
      "margin": false,
      "index": 5,
      "file": null,
      "u": 0.6666667,
      "v": 0.25,
      "uw": 0.333333343,
      "vh": 0.25,
      "width": 512,
      "height": 512,
      "descriptor": [
        75,
        49,
        25,
        103,
        67,
        29,
        120,
        98,
        71,
        132,
        111,
        80,
        74,
        46,
        12,
        133,
        84,
        24,
        139,
        105,
        70,
        159,
        131,
        101,
        73,
        49,
        22,
        120,
        76,
        15,
        228,
        194,
        150,
        170,
        151,
        106,
        61,
        38,
        16,
        115,
        95,
        48,
        99,
        64,
        26,
        113,
        88,
        47
      ]
    },
    {
      "margin": false,
      "index": 6,
      "file": null,
      "u": 0.0,
      "v": 0.5,
      "uw": 0.333333343,
      "vh": 0.25,
      "width": 512,
      "height": 512,
      "descriptor": [
        78,
        76,
        41,
        98,
        88,
        45,
        57,
        53,
        40,
        66,
        40,
        14,
        75,
        67,
        24,
        90,
        80,
        42,
        186,
        159,
        105,
        79,
        57,
        18,
        112,
        59,
        12,
        217,
        181,
        127,
        91,
        68,
        33,
        118,
        93,
        48,
        93,
        58,
        13,
        79,
        75,
        28,
        37,
        40,
        13,
        105,
        75,
        28
      ]
    },
    {
      "margin": false,
      "index": 7,
      "file": null,
      "u": 0.333333343,
      "v": 0.5,
      "uw": 0.333333343,
      "vh": 0.25,
      "width": 512,
      "height": 512,
      "descriptor": [
        59,
        51,
        35,
        30,
        29,
        34,
        89,
        120,
        115,
        72,
        47,
        14,
        72,
        54,
        29,
        43,
        63,
        63,
        151,
        115,
        26,
        74,
        45,
        6,
        99,
        85,
        59,
        96,
        85,
        41,
        128,
        105,
        65,
        69,
        40,
        0,
        81,
        60,
        13,
        163,
        74,
        5,
        60,
        37,
        16,
        96,
        73,
        52
      ]
    },
    {
      "margin": false,
      "index": 8,
      "file": null,
      "u": 0.6666667,
      "v": 0.5,
      "uw": 0.333333343,
      "vh": 0.25,
      "width": 512,
      "height": 512,
      "descriptor": [
        132,
        80,
        16,
        57,
        44,
        30,
        52,
        41,
        31,
        196,
        164,
        111,
        134,
        92,
        15,
        110,
        70,
        24,
        121,
        83,
        17,
        93,
        73,
        29,
        187,
        155,
        101,
        193,
        173,
        133,
        98,
        77,
        55,
        83,
        61,
        28,
        186,
        137,
        79,
        132,
        97,
        30,
        132,
        110,
        73,
        77,
        52,
        36
      ]
    },
    {
      "margin": false,
      "index": 9,
      "file": null,
      "u": 0.0,
      "v": 0.75,
      "uw": 0.333333343,
      "vh": 0.25,
      "width": 512,
      "height": 512,