{
  "title": "MODRÁ ZÁTOKA",
  "author": "WEISZ-KUBÍNČAN, ARNOLD PETER",
  "year": "(1920 - 1940)",
  "id": "SNG-0001018750",
  "width": 2048,
  "height": 1664,
  "file": "SNG--O_4456--1_1--2013_10_29--L2_WEB_47275.webp",
  "tiles_x": 3,
  "tiles_y": 3,
  "offset_x": 0.09375,
  "offset_y": 0.0,
  "tiles": [
    {
      "margin": false,
      "index": 6,
      "file": null,
      "u": 0.09375,
      "v": 0.0,
      "uw": 0.270833343,
      "vh": 0.333333343,
      "width": 554,
      "height": 554,
      "descriptor": [
        119,
        119,
        119,
        119,
        119,
        119,
        119,
        119,
        119,
        119,
        119,
        119,
        138,
        154,
        148,
        159,
        162,
        144,
        122,
        140,
        131,
        130,
        150,
        147,
        146,
        156,
        145,
        152,
        158,
        147,
        150,
        162,
        151,
        148,
        155,
        141,
        154,
        170,
        173,
        155,
        166,
        155,
        160,
        169,
        156,
        161,
        165,
        147
      ]
    },
    {
      "margin": false,
      "index": 7,
      "file": null,
      "u": 0.364583343,
      "v": 0.0,
      "uw": 0.270833343,
      "vh": 0.333333343,
      "width": 554,
      "height": 554,
      "descriptor": [
        119,
        119,
        119,
        119,
        119,
        119,
        119,
        119,
        119,
        119,
        119,
        119,
        143,
        155,
        141,
        138,
        150,
        143,
        139,
        152,
        146,
        143,
        158,
        151,
        148,
        158,
        143,
        163,
        166,
        150,
        156,
        166,
        155,
        161,
        165,
        152,
        164,
        175,
        163,
        164,
        174,
        158,
        153,
        168,
        156,
        160,
        167,
        152
      ]
    },
    {
      "margin": false,
      "index": 8,
      "file": null,
      "u": 0.6354167,
      "v": 0.0,
      "uw": 0.270833343,
      "vh": 0.333333343,
      "width": 554,
      "height": 554,
      "descriptor": [
        119,
        119,
        119,
        119,
        119,
        119,
        119,
        119,
        119,
        119,
        119,
        119,
        150,
        163,
        149,
        150,
        163,
        154,
        154,
        160,
        150,
        149,
        162,
        158,
        162,
        161,
        147,
        165,
        169,
        155,
        163,
        166,
        154,
        165,
        166,
        151,
        168,
        167,
        150,
        182,
        184,
        171,
        167,
        172,
        156,
        171,
        175,
        158
      ]
    },
    {
      "margin": false,
      "index": 9,
      "file": null,
      "u": 0.09375,
      "v": 0.333333343,
      "uw": 0.270833343,
      "vh": 0.333333343,
      "width": 554,
      "height": 554,
      "descriptor": [
        100,
        116,
        112,
        120,
        137,
        132,
        108,
        129,
        125,
        125,
        137,
        132,
        81,
        90,
        90,
        116,
        135,
        135,
        112,
        129,
        121,
        110,
        129,
        128,
        58,
        73,
        75,
        78,
        89,
        87,
        60,
        73,
        76,
        72,
        82,
        85,
        142,
        149,
        92,
        134,
        141,
        79,
        141,
        154,
        97,
        88,
        97,
        59
      ]
    },
    {
      "margin": false,
      "index": 10,
      "file": null,
      "u": 0.364583343,
      "v": 0.333333343,
      "uw": 0.270833343,
      "vh": 0.333333343,
      "width": 554,
      "height": 554,
      "descriptor": [
        160,
        162,
        145,
        193,
        178,
        160,
        148,
        159,
        146,
        135,
        155,
        142,
        114,
        140,
        137,
        119,
        144,
        142,
        150,
        140,
        125,
        164,
        168,
        145,
        122,
        126,
        91,
        105,
        113,
        87,
        155,
        116,
        72,
        142,
        150,
        87,
        113,
        132,
        75,
        40,
        54,
        52,
        137,
        142,
        89,
        133,
        153,
        89
      ]
    },
    {
      "margin": false,
      "index": 11,
      "file": null,
      "u": 0.6354167,
      "v": 0.333333343,
      "uw": 0.270833343,
      "vh": 0.333333343,
      "width": 554,
      "height": 554,
      "descriptor": [
        166,
        171,
        152,
        160,
        163,
        143,
        150,
        168,
        153,
        140,
        152,
        141,
        181,
        177,
        146,
        173,
        155,
        125,
        193,
        178,
        145,
        178,
        165,
        139,
        140,
        151,
        97,
        218,
        202,
        178,
        153,
        158,
        98,
        167,
        159,
        105,
        125,
        149,
        88,
        123,
        139,
        81,
        137,
        146,
        80,
        136,
        152,
        135
      ]
    },
    {
      "margin": false,
      "index": 12,
      "file": null,
      "u": 0.09375,
      "v": 0.6666667,
      "uw": 0.270833343,
      "vh": 0.333333343,
      "width": 554,
      "height": 554,
      "descriptor": [
        132,
        148,
        93,
        142,
        142,
        89,
        152,
        158,
        104,
        121,
        141,
        85,
        172,
        157,
        107,
        165,
        155,
        115,
        180,
        161,
        105,
        159,
        148,
        93,
        162,
        155,
        107,
        210,
        165,
        114,
        209,
        163,
        116,
        174,
        158,
        108,
        119,
        119,
        119,
        119,
        119,
        119,
        119,
        119,
        119,
        119,
        119,
        119
      ]
    },
    {
      "margin": false,
      "index": 13,
      "file": null,
      "u": 0.364583343,
      "v": 0.6666667,
      "uw": 0.270833343,
      "vh": 0.333333343,
      "width": 554,
      "height": 554,
      "descriptor": [
        169,
        159,
        114,
        154,
        164,
        101,
        151,
        152,
        95,
        143,
        142,
        94,
        190,
        154,
        109,
        162,
        160,
        107,
        182,
        164,
        100,
        155,
        162,
        116,
        191,
        172,
        127,
        172,
        148,
        99,
        180,
        161,
        107,
        177,
        159,
        110,
        119,
        119,
        119,
        119,
        119,
        119,
        119,
        119,
        119,
        119,
        119,
        119
      ]
    },
    {
      "margin": false,
      "index": 14,
      "file": null,
      "u": 0.6354167,
      "v": 0.6666667,
      "uw": 0.270833343,
      "vh": 0.333333343,
      "width": 554,
      "height": 554,