{
  "title": "JADRAN",
  "author": "GALANDA, MIKULÁŠ",
  "year": "1935",
  "id": "SNG-0001018687",
  "width": 2048,
  "height": 1664,
  "file": "SNG--O_6641--1_1--2013_09_26--L2_WEB_38721.webp",
  "tiles_x": 3,
  "tiles_y": 3,
  "offset_x": 0.09375,
  "offset_y": 0.0,
  "tiles": [
    {
      "margin": false,
      "index": 6,
      "file": null,
      "u": 0.09375,
      "v": 0.0,
      "uw": 0.270833343,
      "vh": 0.333333343,
      "width": 554,
      "height": 554,
      "descriptor": [
        92,
        139,
        166,
        83,
        136,
        165,
        86,
        142,
        174,
        79,
        132,
        163,
        102,
        146,
        165,
        106,
        152,
        176,
        110,
        157,
        179,
        111,
        152,
        164,
        113,
        152,
        168,
        102,
        145,
        160,
        114,
        159,
        170,
        108,
        156,
        178,
        109,
        154,
        167,
        116,
        152,
        161,
        114,
        159,
        170,
        113,
        151,
        163
      ]
    },
    {
      "margin": false,
      "index": 7,
      "file": null,
      "u": 0.364583343,
      "v": 0.0,
      "uw": 0.270833343,
      "vh": 0.333333343,
      "width": 554,
      "height": 554,
      "descriptor": [
        94,
        151,
        179,
        80,
        144,
        171,
        86,
        142,
        172,
        89,
        142,
        172,
        113,
        160,
        166,
        121,
        162,
        182,
        117,
        154,
        171,
        109,
        154,
        175,
        109,
        153,
        167,
        107,
        153,
        168,
        108,
        153,
        163,
        107,
        149,
        167,
        118,
        159,
        175,
        121,
        168,
        182,
        109,
        159,
        170,
        102,
        150,
        161
      ]
    },
    {
      "margin": false,
      "index": 8,
      "file": null,
      "u": 0.6354167,
      "v": 0.0,
      "uw": 0.270833343,
      "vh": 0.333333343,
      "width": 554,
      "height": 554,
      "descriptor": [
        91,
        143,
        171,
        86,
        138,
        164,
        88,
        138,
        166,
        90,
        137,
        164,
        120,
        151,
        170,
        124,
        161,
        171,
        118,
        151,
        167,
        121,
        159,
        177,
        121,
        164,
        174,
        112,
        155,
        171,
        119,
        160,
        174,
        129,
        155,
        164,
        121,
        153,
        159,
        131,
        158,
        166,
        137,
        164,
        169,
        123,
        151,
        160
      ]
    },
    {
      "margin": false,
      "index": 9,
      "file": null,
      "u": 0.09375,
      "v": 0.333333343,
      "uw": 0.270833343,
      "vh": 0.333333343,
      "width": 554,
      "height": 554,
      "descriptor": [
        128,
        162,
        173,
        127,
        160,
        166,
        131,
        157,
        158,
        128,
        158,
        166,
        119,
        146,
        155,
        146,
        158,
        164,
        126,
        146,
        157,
        131,
        167,
        179,
        114,
        149,
        150,
        121,
        140,
        142,
        120,
        146,
        144,
        119,
        149,
        146,
        124,
        150,
        154,
        118,
        154,
        151,
        112,
        146,
        139,
        105,
        139,
        139
      ]
    },
    {
      "margin": false,
      "index": 10,
      "file": null,
      "u": 0.364583343,
      "v": 0.333333343,
      "uw": 0.270833343,
      "vh": 0.333333343,
      "width": 554,
      "height": 554,
      "descriptor": [
        138,
        163,
        177,
        139,
        174,
        183,
        154,
        180,
        188,
        145,
        179,
        186,
        143,
        175,
        185,
        144,
        169,
        176,
        140,
        165,
        173,
        131,
        162,
        168,
        113,
        152,
        146,
        118,
        163,
        157,
        125,
        161,
        155,
        133,
        154,
        148,
        124,
        152,
        151,
        101,
        142,
        137,
        103,
        136,
        133,
        120,
        151,
        148
      ]
    },
    {
      "margin": false,
      "index": 11,
      "file": null,
      "u": 0.6354167,
      "v": 0.333333343,
      "uw": 0.270833343,
      "vh": 0.333333343,
      "width": 554,
      "height": 554,
      "descriptor": [
        126,
        159,
        167,
        129,
        166,
        173,
        144,
        171,
        176,
        131,
        160,
        167,
        142,
        162,
        169,
        97,
        145,
        156,
        92,
        132,
        145,
        80,
        138,
        147,
        119,
        140,
        143,
        155,
        157,
        149,
        178,
        178,
        165,
        95,
        129,
        128,
        128,
        161,
        157,
        111,
        146,
        138,
        128,
        150,
        145,
        129,
        156,
        148
      ]
    },
    {
      "margin": false,
      "index": 12,
      "file": null,
      "u": 0.09375,
      "v": 0.6666667,
      "uw": 0.270833343,
      "vh": 0.333333343,
      "width": 554,
      "height": 554,
      "descriptor": [
        70,
        137,
        145,
        83,
        136,
        144,
        90,
        133,
        134,
        93,
        138,
        140,
        91,
        141,
        155,
        85,
        120,
        132,
        88,
        127,
        137,
        76,
        127,
        130,
        65,
        118,
        134,
        70,
        92,
        94,
        14,
        69,
        69,
        57,
        102,
        115,
        152,
        141,
        122,
        74,
        115,
        106,
        39,
        55,
        73,
        72,
        120,
        134
      ]
    },
    {
      "margin": false,
      "index": 13,
      "file": null,
      "u": 0.364583343,
      "v": 0.6666667,
      "uw": 0.270833343,
      "vh": 0.333333343,
      "width": 554,
      "height": 554,
      "descriptor": [
        73,
        127,
        133,
        76,
        132,
        139,
        67,
        129,
        133,
        68,
        131,
        135,
        90,
        146,
        149,
        85,
        141,
        146,
        84,
        133,
        142,
        90,
        128,
        137,
        57,
        113,
        129,
        102,
        142,
        145,
        72,
        119,
        125,
        87,
        135,
        148,
        53,
        105,
        121,
        54,
        98,
        120,
        61,
        106,
        112,
        89,
        141,
        148
      ]
    },
    {
      "margin": false,
      "index": 14,
      "file": null,
      "u": 0.6354167,
      "v": 0.6666667,
      "uw": 0.270833343,
      "vh": 0.333333343,
      "width": 554,
      "height": 554,
      "descriptor": [
        79,
        132,
        138,
        90,
        143,
        143,
        115,
        150,
        148,
        102,
        138,
        136,
        95,
        140,
        141,
        86,
        142,
        151,
        78,
        135,
        143,
        93,
        140,
        143,
        186,
        175,
        157,
        100,
        143,
        145,
        149,
        91,
        91,
        177,
        71,
        75,
        199,
        186,
        153,
        195,
        189,
        171,
        165,
        79,
        73,
        167,
        107,
        105
      ]
    }
  ],