{
  "title": "V PRÍSTAVE",
  "author": "PALUGYAY, ZOLO",
  "year": "1925",
  "id": "SNG-0001022783",
  "width": 1408,
  "height": 2048,
  "file": "SNG--K_684--1_1--_2015_08_05_--L2_WEB_12524.webp",
  "tiles_x": 3,
  "tiles_y": 4,
  "offset_x": 0.0,
  "offset_y": 0.0416666567,
  "tiles": [
    {
      "margin": false,
      "index": 6,
      "file": null,
      "u": 0.0,
      "v": 0.0416666567,
      "uw": 0.333333343,
      "vh": 0.229166672,
      "width": 469,
      "height": 469,
      "descriptor": [
        174,
        160,
        115,
        151,
        124,
        104,
        162,
        158,
        107,
        131,
        110,
        80,
        197,
        171,
        141,
        161,
        146,
        96,
        176,
        165,
        120,
        78,
        64,
        59,
        109,
        74,
        67,
        119,
        85,
        82,
        162,
        151,
        128,
        88,
        62,
        52,
        137,
        96,
        89,
        111,
        79,
        77,
        116,
        85,
        71,
        98,
        74,
        64
      ]
    },
    {
      "margin": false,
      "index": 7,
      "file": null,
      "u": 0.333333343,
      "v": 0.0416666567,
      "uw": 0.333333343,
      "vh": 0.229166672,
      "width": 469,
      "height": 469,
      "descriptor": [
        180,
        173,
        111,
        166,
        152,
        102,
        103,
        99,
        108,
        137,
        117,
        86,
        171,
        160,
        100,
        150,
        137,
        98,
        169,
        145,
        96,
        159,
        102,
        46,
        177,
        164,
        108,
        106,
        83,
        74,
        158,
        109,
        53,
        96,
        74,
        57,
        135,
        115,
        93,
        117,
        105,
        95,
        208,
        118,
        5,
        198,
        93,
        24
      ]
    },
    {
      "margin": false,
      "index": 8,
      "file": null,
      "u": 0.6666667,
      "v": 0.0416666567,
      "uw": 0.333333343,
      "vh": 0.229166672,
      "width": 469,
      "height": 469,
      "descriptor": [
        127,
        94,
        75,
        153,
        95,
        52,
        145,
        134,
        106,
        155,
        145,
        113,
        168,
        99,
        54,
        182,
        98,
        43,
        173,
        157,
        100,
        171,
        159,
        102,
        164,
        89,
        35,
        189,
        93,
        42,
        136,
        109,
        72,
        156,
        143,
        89,
        164,
        94,
        51,
        174,
        88,
        29,
        119,
        94,
        73,
        141,
        135,
        111
      ]
    },
    {
      "margin": false,
      "index": 9,
      "file": null,
      "u": 0.0,
      "v": 0.2708333,
      "uw": 0.333333343,
      "vh": 0.229166672,
      "width": 469,
      "height": 469,
      "descriptor": [
        142,
        102,
        96,
        128,
        110,
        104,
        113,
        84,
        81,
        139,
        120,
        78,
        99,
        71,
        64,
        120,
        103,
        98,
        88,
        67,
        67,
        122,
        101,
        84,
        89,
        65,
        57,
        105,
        78,
        75,
        116,
        87,
        85,
        125,
        89,
        74,
        122,
        110,
        101,
        108,
        97,
        94,
        111,
        80,
        79,
        107,
        73,
        65
      ]
    },
    {
      "margin": false,
      "index": 10,
      "file": null,
      "u": 0.333333343,
      "v": 0.2708333,
      "uw": 0.333333343,
      "vh": 0.229166672,
      "width": 469,
      "height": 469,
      "descriptor": [
        145,
        131,
        111,
        179,
        98,
        35,
        178,
        114,
        45,
        187,
        96,
        29,
        125,
        115,
        101,
        171,
        109,
        30,
        170,
        117,
        32,
        182,
        116,
        30,
        177,
        110,
        34,
        161,
        100,
        48,
        184,
        145,
        15,
        102,
        100,
        94,
        160,
        86,
        36,
        140,
        92,
        66,
        168,
        110,
        33,
        144,
        89,
        66
      ]
    },
    {
      "margin": false,
      "index": 11,
      "file": null,
      "u": 0.6666667,
      "v": 0.2708333,
      "uw": 0.333333343,
      "vh": 0.229166672,
      "width": 469,
      "height": 469,
      "descriptor": [
        193,
        87,
        26,
        193,
        92,
        30,
        90,
        60,
        48,
        147,
        121,
        94,
        158,
        99,
        41,
        115,
        82,
        52,
        109,
        80,
        66,
        170,
        92,
        46,
        86,
        65,
        49,
        72,
        53,
        47,
        65,
        55,
        50,
        143,
        102,
        84,
        138,
        115,
        79,
        137,
        108,
        98,
        115,
        83,
        72,
        176,
        97,
        65
      ]
    },
    {
      "margin": false,
      "index": 12,
      "file": null,
      "u": 0.0,
      "v": 0.5,
      "uw": 0.333333343,
      "vh": 0.229166672,
      "width": 469,
      "height": 469,
      "descriptor": [
        101,
        92,
        81,
        107,
        84,
        82,
        110,
        69,
        71,
        120,
        88,
        90,
        100,
        71,
        59,
        95,
        60,
        48,
        79,
        57,
        64,
        106,
        69,
        69,
        49,
        48,
        47,
        45,
        46,
        44,
        36,
        36,
        34,
        35,
        42,
        41,
        94,
        72,
        60,
        66,
        54,
        53,
        71,
        68,
        64,
        84,
        68,
        53
      ]
    },
    {
      "margin": false,
      "index": 13,
      "file": null,
      "u": 0.333333343,
      "v": 0.5,
      "uw": 0.333333343,
      "vh": 0.229166672,
      "width": 469,
      "height": 469,
      "descriptor": [
        100,
        69,
        51,
        106,
        85,
        84,
        165,
        117,
        72,
        103,
        87,
        74,
        64,
        46,
        41,
        76,
        70,
        63,
        108,
        76,
        49,
        172,
        86,
        42,
        46,
        37,
        37,
        69,
        49,
        37,
        77,
        53,
        45,
        138,
        56,
        54,
        43,
        47,
        52,
        45,
        43,
        40,
        62,
        42,
        38,
        91,
        59,
        47
      ]
    },
    {
      "margin": false,
      "index": 14,
      "file": null,
      "u": 0.6666667,
      "v": 0.5,
      "uw": 0.333333343,
      "vh": 0.229166672,
      "width": 469,
      "height": 469,
      "descriptor": [
        82,
        51,
        36,
        84,
        59,
        49,
        111,
        91,
        97,
        194,
        107,
        61,
        74,
        51,
        45,
        122,
        66,
        59,
        122,
        99,
        97,
        119,
        109,
        104,
        69,
        50,
        42,
        37,
        36,
        33,
        95,
        48,
        48,
        61,
        50,
        50,
        81,
        68,
        64,
        63,
        49,
        46,
        79,
        73,
        50,
        90,
        61,
        48
      ]
    },
    {
      "margin": false,
      "index": 15,
      "file": null,
      "u": 0.0,
      "v": 0.7291666,
      "uw": 0.333333343,
      "vh": 0.229166672,
      "width": 469,
      "height": 469,