{
  "title": "STROMY NA RIEKE",
  "author": "PALUGYAY, ZOLO",
  "year": "1922",
  "id": "SNG-0001022790",
  "width": 2048,
  "height": 1664,
  "file": "SNG--K_721--1_1--_2015_08_05_--L2_WEB_111012.webp",
  "tiles_x": 3,
  "tiles_y": 3,
  "offset_x": 0.09375,
  "offset_y": 0.0,
  "tiles": [
    {
      "margin": false,
      "index": 6,
      "file": null,
      "u": 0.09375,
      "v": 0.0,
      "uw": 0.270833343,
      "vh": 0.333333343,
      "width": 554,
      "height": 554,
      "descriptor": [
        200,
        181,
        144,
        206,
        186,
        147,
        184,
        174,
        143,
        149,
        151,
        133,
        196,
        178,
        143,
        181,
        179,
        154,
        103,
        112,
        106,
        90,
        99,
        94,
        95,
        103,
        99,
        147,
        146,
        132,
        107,
        109,
        100,
        98,
        105,
        102,
        82,
        95,
        97,
        89,
        100,
        99,
        124,
        126,
        117,
        81,
        86,
        77
      ]
    },
    {
      "margin": false,
      "index": 7,
      "file": null,
      "u": 0.364583343,
      "v": 0.0,
      "uw": 0.270833343,
      "vh": 0.333333343,
      "width": 554,
      "height": 554,
      "descriptor": [
        152,
        158,
        136,
        205,
        189,
        149,
        207,
        188,
        149,
        208,
        188,
        144,
        79,
        99,
        94,
        161,
        160,
        146,
        195,
        182,
        154,
        200,
        186,
        155,
        67,
        81,
        78,
        79,
        90,
        92,
        144,
        146,
        129,
        197,
        184,
        150,
        73,
        89,
        90,
        127,
        130,
        120,
        119,
        135,
        134,
        116,
        122,
        121
      ]
    },
    {
      "margin": false,
      "index": 8,
      "file": null,
      "u": 0.6354167,
      "v": 0.0,
      "uw": 0.270833343,
      "vh": 0.333333343,
      "width": 554,
      "height": 554,
      "descriptor": [
        211,
        192,
        144,
        208,
        189,
        147,
        204,
        185,
        144,
        202,
        181,
        142,
        209,
        194,
        155,
        211,
        194,
        154,
        214,
        192,
        152,
        207,
        187,
        145,
        200,
        186,
        152,
        200,
        182,
        147,
        207,
        189,
        152,
        197,
        178,
        139,
        158,
        155,
        143,
        180,
        167,
        134,
        198,
        174,
        122,
        182,
        168,
        139
      ]
    },
    {
      "margin": false,
      "index": 9,
      "file": null,
      "u": 0.09375,
      "v": 0.333333343,
      "uw": 0.270833343,
      "vh": 0.333333343,
      "width": 554,
      "height": 554,
      "descriptor": [
        72,
        85,
        84,
        93,
        101,
        97,
        90,
        94,
        89,
        57,
        55,
        53,
        79,
        93,
        98,
        69,
        70,
        69,
        100,
        114,
        119,
        68,
        72,
        72,
        72,
        89,
        92,
        68,
        90,
        89,
        48,
        77,
        84,
        120,
        128,
        122,
        60,
        76,
        79,
        48,
        51,
        49,
        65,
        80,
        84,
        45,
        49,
        54
      ]
    },
    {
      "margin": false,
      "index": 10,
      "file": null,
      "u": 0.364583343,
      "v": 0.333333343,
      "uw": 0.270833343,
      "vh": 0.333333343,
      "width": 554,
      "height": 554,
      "descriptor": [
        47,
        64,
        66,
        100,
        121,
        125,
        113,
        133,
        139,
        98,
        109,
        110,
        61,
        71,
        70,
        71,
        80,
        77,
        124,
        134,
        131,
        82,
        93,
        93,
        58,
        69,
        67,
        60,
        79,
        81,
        98,
        112,
        113,
        68,
        81,
        82,
        48,
        49,
        48,
        77,
        89,
        85,
        91,
        99,
        101,
        57,
        67,
        69
      ]
    },
    {
      "margin": false,
      "index": 11,
      "file": null,
      "u": 0.6354167,
      "v": 0.333333343,
      "uw": 0.270833343,
      "vh": 0.333333343,
      "width": 554,
      "height": 554,
      "descriptor": [
        90,
        104,
        107,
        115,
        121,
        120,
        185,
        161,
        113,
        189,
        165,
        133,
        97,
        104,
        103,
        94,
        107,
        108,
        178,
        162,
        139,
        213,
        191,
        149,
        101,
        111,
        114,
        156,
        153,
        133,
        165,
        158,
        131,
        184,
        168,
        136,
        108,
        115,
        112,
        126,
        129,
        124,
        123,
        123,
        116,
        161,
        164,
        147
      ]
    },
    {
      "margin": false,
      "index": 12,
      "file": null,
      "u": 0.09375,
      "v": 0.6666667,
      "uw": 0.270833343,
      "vh": 0.333333343,
      "width": 554,
      "height": 554,
      "descriptor": [
        94,
        105,
        105,
        54,
        70,
        73,
        57,
        63,
        63,
        48,
        46,
        46,
        67,
        71,
        71,
        96,
        108,
        105,
        50,
        67,
        67,
        43,
        55,
        54,
        104,
        110,
        103,
        144,
        144,
        128,
        105,
        109,
        100,
        92,
        76,
        75,
        93,
        103,
        99,
        84,
        96,
        95,
        59,
        74,
        73,
        75,
        82,
        81
      ]
    },
    {
      "margin": false,
      "index": 13,
      "file": null,
      "u": 0.364583343,
      "v": 0.6666667,
      "uw": 0.270833343,
      "vh": 0.333333343,
      "width": 554,
      "height": 554,
      "descriptor": [
        74,
        73,
        71,
        80,
        89,
        89,
        114,
        125,
        120,
        72,
        84,
        86,
        66,
        79,
        77,
        79,
        92,
        94,
        87,
        93,
        93,
        71,
        81,
        83,
        71,
        71,
        71,
        66,
        80,
        80,
        113,
        123,
        118,
        92,
        98,
        98,
        52,
        56,
        55,
        79,
        89,
        86,
        106,
        116,
        109,
        111,
        121,
        113
      ]
    },
    {
      "margin": false,
      "index": 14,
      "file": null,
      "u": 0.6354167,
      "v": 0.6666667,
      "uw": 0.270833343,
      "vh": 0.333333343,
      "width": 554,
      "height": 554,
      "descriptor": [
        95,
        110,
        110,
        93,
        106,
        103,
        88,
        98,
        96,
        117,
        125,
        122,
        125,
        129,
        119,
        137,
        136,
        117,
        156,
        153,
        131,
        124,
        128,
        119,
        130,
        134,
        124,
        137,
        141,
        128,
        158,
        156,
        134,
        159,
        159,
        139,
        130,
        135,
        121,
        189,
        173,
        139,
        194,
        178,
        143,
        192,
        175,
        137
      ]
    }
  ],
  "margins": [
    {
      "margin": true,
      "index": 0,
      "file": null,
      "u": 0.0,
      "v": 0.0,
      "uw": 0.09375,