{
  "title": "ZÁTIŠIE S KVETINAMI",
  "author": "TALIANSKY MALIAR Z 1. POLOVICE 18. STOROČIA",
  "year": "(1745 - 1755)",
  "id": "SNG-0001003005",
  "width": 2048,
  "height": 1216,
  "file": "SNG--O_4423--1_1--_2015_08_17_--L2_WEB_111402.webp",
  "tiles_x": 5,
  "tiles_y": 3,
  "offset_x": 0.00520831347,
  "offset_y": 0.0,
  "tiles": [
    {
      "margin": false,
      "index": 6,
      "file": null,
      "u": 0.00520831347,
      "v": 0.0,
      "uw": 0.197916672,
      "vh": 0.333333343,
      "width": 405,
      "height": 405,
      "descriptor": [
        105,
        94,
        79,
        44,
        43,
        28,
        40,
        48,
        29,
        52,
        60,
        43,
        57,
        51,
        40,
        55,
        50,
        34,
        41,
        42,
        23,
        50,
        64,
        51,
        72,
        70,
        61,
        51,
        47,
        33,
        47,
        47,
        33,
        50,
        45,
        28,
        50,
        50,
        39,
        48,
        49,
        35,
        41,
        44,
        35,
        42,
        38,
        23
      ]
    },
    {
      "margin": false,
      "index": 7,
      "file": null,
      "u": 0.203124985,
      "v": 0.0,
      "uw": 0.197916672,
      "vh": 0.333333343,
      "width": 405,
      "height": 405,
      "descriptor": [
        48,
        61,
        42,
        52,
        62,
        43,
        51,
        66,
        48,
        55,
        63,
        42,
        51,
        62,
        41,
        61,
        71,
        48,
        54,
        67,
        45,
        73,
        79,
        56,
        52,
        62,
        33,
        103,
        78,
        30,
        77,
        71,
        31,
        75,
        75,
        37,
        58,
        58,
        39,
        103,
        95,
        45,
        92,
        80,
        44,
        97,
        93,
        57
      ]
    },
    {
      "margin": false,
      "index": 8,
      "file": null,
      "u": 0.401041657,
      "v": 0.0,
      "uw": 0.197916672,
      "vh": 0.333333343,
      "width": 405,
      "height": 405,
      "descriptor": [
        67,
        79,
        56,
        78,
        76,
        47,
        76,
        77,
        53,
        66,
        77,
        50,
        92,
        94,
        68,
        92,
        95,
        64,
        84,
        88,
        63,
        73,
        75,
        49,
        83,
        84,
        64,
        80,
        78,
        51,
        84,
        92,
        69,
        82,
        88,
        64,
        105,
        90,
        57,
        110,
        92,
        39,
        76,
        80,
        58,
        89,
        96,
        69
      ]
    },
    {
      "margin": false,
      "index": 9,
      "file": null,
      "u": 0.5989583,
      "v": 0.0,
      "uw": 0.197916672,
      "vh": 0.333333343,
      "width": 405,
      "height": 405,
      "descriptor": [
        61,
        71,
        50,
        46,
        57,
        36,
        47,
        59,
        37,
        58,
        69,
        45,
        51,
        60,
        38,
        52,
        61,
        38,
        50,
        64,
        40,
        49,
        62,
        37,
        62,
        74,
        47,
        58,
        69,
        45,
        62,
        70,
        43,
        74,
        79,
        53,
        78,
        76,
        49,
        78,
        81,
        54,
        117,
        106,
        64,
        90,
        95,
        67
      ]
    },
    {
      "margin": false,
      "index": 10,
      "file": null,
      "u": 0.796875,
      "v": 0.0,
      "uw": 0.197916672,
      "vh": 0.333333343,
      "width": 405,
      "height": 405,
      "descriptor": [
        55,
        68,
        45,
        45,
        55,
        37,
        46,
        58,
        33,
        71,
        77,
        53,
        54,
        66,
        38,
        50,
        62,
        37,
        55,
        63,
        39,
        61,
        69,
        47,
        84,
        88,
        62,
        67,
        75,
        51,
        61,
        68,
        47,
        64,
        69,
        48,
        78,
        84,
        57,
        77,
        55,
        25,
        57,
        57,
        38,
        64,
        71,
        57
      ]
    },
    {
      "margin": false,
      "index": 11,
      "file": null,
      "u": 0.00520831347,
      "v": 0.333333343,
      "uw": 0.197916672,
      "vh": 0.333333343,
      "width": 405,
      "height": 405,
      "descriptor": [
        46,
        44,
        30,
        54,
        53,
        36,
        69,
        67,
        59,
        58,
        54,
        26,
        47,
        43,
        31,
        54,
        51,
        43,
        115,
        78,
        11,
        109,
        83,
        19,
        53,
        48,
        34,
        60,
        52,
        32,
        82,
        65,
        19,
        124,
        100,
        32,
        65,
        61,
        42,
        131,
        109,
        50,
        91,
        61,
        18,
        81,
        83,
        73
      ]
    },
    {
      "margin": false,
      "index": 12,
      "file": null,
      "u": 0.203124985,
      "v": 0.333333343,
      "uw": 0.197916672,
      "vh": 0.333333343,
      "width": 405,
      "height": 405,
      "descriptor": [
        43,
        39,
        22,
        47,
        42,
        20,
        92,
        80,
        43,
        93,
        93,
        49,
        67,
        62,
        28,
        56,
        50,
        27,
        173,
        131,
        55,
        180,
        152,
        72,
        78,
        66,
        38,
        50,
        46,
        21,
        138,
        118,
        67,
        162,
        152,
        99,
        69,
        54,
        24,
        49,
        42,
        23,
        107,
        93,
        46,
        46,
        39,
        21
      ]
    },
    {
      "margin": false,
      "index": 13,
      "file": null,
      "u": 0.401041657,
      "v": 0.333333343,
      "uw": 0.197916672,
      "vh": 0.333333343,
      "width": 405,
      "height": 405,
      "descriptor": [
        98,
        100,
        67,
        81,
        61,
        26,
        80,
        76,
        50,
        92,
        75,
        40,
        62,
        57,
        41,
        55,
        49,
        32,
        65,
        51,
        19,
        121,
        91,
        39,
        102,
        68,
        34,
        71,
        53,
        40,
        103,
        77,
        45,
        123,
        107,
        49,
        47,
        39,
        19,
        129,
        104,
        66,
        81,
        59,
        17,
        76,
        71,
        67
      ]
    },
    {
      "margin": false,
      "index": 14,
      "file": null,
      "u": 0.5989583,
      "v": 0.333333343,
      "uw": 0.197916672,
      "vh": 0.333333343,
      "width": 405,
      "height": 405,
      "descriptor": [
        80,
        82,
        55,
        76,
        69,
        37,
        89,
        93,
        62,
        85,
        75,
        38,
        190,
        115,
        50,
        163,
        102,
        37,
        71,
        58,
        22,
        85,
        55,
        28,
        110,
        98,
        48,
        55,
        42,
        12,
        64,
        51,
        35,
        42,
        43,
        29,
        125,
        46,
        17,
        89,
        75,
        28,
        110,
        74,
        26,
        39,
        35,
        21
      ]
    },
    {
      "margin": false,
      "index": 15,
      "file": null,
      "u": 0.796875,
      "v": 0.333333343,
      "uw": 0.197916672,
      "vh": 0.333333343,
      "width": 405,
      "height": 405,