{
  "title": "PRED BITKOU",
  "author": "NEMECKÝ MALIAR Z POLOVICE 18. STOROČIA",
  "year": "(1740 - 1750)",
  "id": "SNG-0001002905",
  "width": 2048,
  "height": 1472,
  "file": "SNG--O_1091--1_1--_2015_08_21_--L2_WEB_12659.webp",
  "tiles_x": 4,
  "tiles_y": 3,
  "offset_x": 0.0208333433,
  "offset_y": 0.0,
  "tiles": [
    {
      "margin": false,
      "index": 6,
      "file": null,
      "u": 0.0208333433,
      "v": 0.0,
      "uw": 0.239583328,
      "vh": 0.3333333,
      "width": 490,
      "height": 490,
      "descriptor": [
        140,
        131,
        96,
        153,
        157,
        118,
        175,
        168,
        118,
        158,
        144,
        97,
        156,
        147,
        115,
        160,
        154,
        115,
        159,
        170,
        156,
        156,
        143,
        108,
        151,
        145,
        109,
        163,
        144,
        97,
        168,
        156,
        120,
        142,
        142,
        112,
        177,
        161,
        115,
        153,
        139,
        103,
        139,
        128,
        86,
        145,
        102,
        62
      ]
    },
    {
      "margin": false,
      "index": 7,
      "file": null,
      "u": 0.2604167,
      "v": 0.0,
      "uw": 0.239583328,
      "vh": 0.3333333,
      "width": 490,
      "height": 490,
      "descriptor": [
        162,
        152,
        119,
        163,
        166,
        137,
        147,
        148,
        118,
        155,
        169,
        148,
        146,
        138,
        109,
        148,
        146,
        121,
        145,
        142,
        116,
        151,
        154,
        127,
        152,
        150,
        120,
        149,
        148,
        111,
        112,
        56,
        23,
        133,
        111,
        97,
        125,
        109,
        79,
        137,
        137,
        109,
        105,
        52,
        14,
        148,
        130,
        85
      ]
    },
    {
      "margin": false,
      "index": 8,
      "file": null,
      "u": 0.5,
      "v": 0.0,
      "uw": 0.239583328,
      "vh": 0.3333333,
      "width": 490,
      "height": 490,
      "descriptor": [
        150,
        151,
        126,
        137,
        140,
        108,
        159,
        161,
        130,
        145,
        140,
        107,
        149,
        154,
        124,
        161,
        161,
        127,
        160,
        156,
        135,
        195,
        170,
        111,
        126,
        112,
        86,
        176,
        160,
        121,
        172,
        164,
        123,
        184,
        175,
        126,
        73,
        56,
        15,
        160,
        148,
        101,
        168,
        150,
        94,
        156,
        142,
        97
      ]
    },
    {
      "margin": false,
      "index": 9,
      "file": null,
      "u": 0.7395834,
      "v": 0.0,
      "uw": 0.239583328,
      "vh": 0.3333333,
      "width": 490,
      "height": 490,
      "descriptor": [
        156,
        163,
        130,
        156,
        155,
        122,
        144,
        144,
        108,
        134,
        133,
        99,
        182,
        175,
        144,
        172,
        169,
        131,
        158,
        156,
        118,
        144,
        133,
        101,
        177,
        168,
        124,
        161,
        162,
        130,
        150,
        145,
        112,
        140,
        132,
        100,
        160,
        144,
        91,
        169,
        147,
        96,
        166,
        157,
        113,
        163,
        148,
        102
      ]
    },
    {
      "margin": false,
      "index": 10,
      "file": null,
      "u": 0.0208333433,
      "v": 0.3333333,
      "uw": 0.239583328,
      "vh": 0.3333333,
      "width": 490,
      "height": 490,
      "descriptor": [
        157,
        143,
        106,
        134,
        121,
        88,
        141,
        122,
        80,
        81,
        66,
        30,
        141,
        124,
        86,
        124,
        113,
        85,
        104,
        78,
        47,
        98,
        87,
        57,
        146,
        124,
        76,
        101,
        79,
        51,
        86,
        72,
        42,
        126,
        92,
        52,
        91,
        74,
        26,
        62,
        47,
        20,
        70,
        53,
        30,
        53,
        46,
        33
      ]
    },
    {
      "margin": false,
      "index": 11,
      "file": null,
      "u": 0.2604167,
      "v": 0.3333333,
      "uw": 0.239583328,
      "vh": 0.3333333,
      "width": 490,
      "height": 490,
      "descriptor": [
        72,
        64,
        43,
        100,
        85,
        62,
        45,
        43,
        29,
        57,
        32,
        14,
        69,
        61,
        35,
        83,
        55,
        32,
        56,
        35,
        27,
        36,
        28,
        17,
        33,
        28,
        18,
        48,
        27,
        11,
        47,
        31,
        21,
        66,
        40,
        13,
        35,
        30,
        19,
        45,
        35,
        16,
        63,
        58,
        45,
        60,
        41,
        12
      ]
    },
    {
      "margin": false,
      "index": 12,
      "file": null,
      "u": 0.5,
      "v": 0.3333333,
      "uw": 0.239583328,
      "vh": 0.3333333,
      "width": 490,
      "height": 490,
      "descriptor": [
        59,
        41,
        27,
        149,
        133,
        86,
        166,
        121,
        70,
        195,
        174,
        114,
        115,
        72,
        39,
        106,
        77,
        52,
        121,
        97,
        68,
        114,
        96,
        62,
        83,
        54,
        14,
        74,
        61,
        43,
        87,
        62,
        30,
        77,
        50,
        25,
        67,
        51,
        35,
        54,
        43,
        36,
        60,
        46,
        22,
        68,
        58,
        41
      ]
    },
    {
      "margin": false,
      "index": 13,
      "file": null,
      "u": 0.7395834,
      "v": 0.3333333,
      "uw": 0.239583328,
      "vh": 0.3333333,
      "width": 490,
      "height": 490,
      "descriptor": [
        182,
        160,
        104,
        173,
        153,
        101,
        159,
        140,
        105,
        147,
        133,
        94,
        141,
        132,
        96,
        115,
        110,
        76,
        111,
        98,
        68,
        108,
        94,
        60,
        65,
        48,
        36,
        72,
        69,
        54,
        76,
        58,
        35,
        101,
        87,
        72,
        71,
        49,
        25,
        101,
        79,
        37,
        65,
        55,
        38,
        61,
        57,
        52
      ]
    },
    {
      "margin": false,
      "index": 14,
      "file": null,
      "u": 0.0208333433,
      "v": 0.6666666,
      "uw": 0.239583328,
      "vh": 0.3333333,
      "width": 490,
      "height": 490,
      "descriptor": [
        72,
        63,
        46,
        61,
        48,
        31,
        37,
        32,
        19,
        70,
        66,
        60,
        75,
        71,
        58,
        77,
        66,
        60,
        55,
        45,
        33,
        61,
        52,
        39,
        78,
        64,
        41,
        75,
        67,
        55,
        89,
        68,
        47,
        95,
        67,
        45,
        54,
        49,
        36,
        62,
        62,
        55,
        70,
        60,
        52,
        75,
        59,
        49
      ]
    },
    {
      "margin": false,
      "index": 15,
      "file": null,
      "u": 0.2604167,
      "v": 0.6666666,
      "uw": 0.239583328,
      "vh": 0.3333333,