{
  "title": "Z TURČIANSKEHO SV. MARTINA",
  "author": "BRAUNEROVÁ, ZDENKA",
  "year": "(1901 - 2000)",
  "id": "SNG-0001018263",
  "width": 2048,
  "height": 1280,
  "file": "SNG--O_1107--1_1--2013_11_19--L2_WEB_112648.webp",
  "tiles_x": 4,
  "tiles_y": 3,
  "offset_x": 0.08333334,
  "offset_y": 0.0,
  "tiles": [
    {
      "margin": false,
      "index": 6,
      "file": null,
      "u": 0.08333334,
      "v": 0.0,
      "uw": 0.208333328,
      "vh": 0.3333333,
      "width": 426,
      "height": 426,
      "descriptor": [
        141,
        146,
        143,
        135,
        141,
        141,
        135,
        141,
        141,
        131,
        138,
        140,
        170,
        172,
        174,
        136,
        135,
        135,
        151,
        155,
        155,
        159,
        161,
        159,
        155,
        153,
        153,
        160,
        159,
        158,
        177,
        174,
        169,
        179,
        177,
        167,
        115,
        146,
        158,
        146,
        157,
        163,
        130,
        146,
        153,
        160,
        167,
        169
      ]
    },
    {
      "margin": false,
      "index": 7,
      "file": null,
      "u": 0.2916667,
      "v": 0.0,
      "uw": 0.208333328,
      "vh": 0.3333333,
      "width": 426,
      "height": 426,
      "descriptor": [
        118,
        119,
        121,
        137,
        143,
        146,
        161,
        166,
        159,
        157,
        160,
        157,
        155,
        160,
        160,
        149,
        153,
        152,
        146,
        147,
        144,
        160,
        151,
        134,
        208,
        200,
        178,
        202,
        185,
        176,
        213,
        203,
        186,
        195,
        190,
        171,
        163,
        173,
        172,
        180,
        179,
        170,
        177,
        177,
        166,
        200,
        200,
        191
      ]
    },
    {
      "margin": false,
      "index": 8,
      "file": null,
      "u": 0.5,
      "v": 0.0,
      "uw": 0.208333328,
      "vh": 0.3333333,
      "width": 426,
      "height": 426,
      "descriptor": [
        175,
        171,
        164,
        209,
        207,
        189,
        199,
        191,
        168,
        165,
        172,
        164,
        220,
        205,
        180,
        199,
        187,
        169,
        210,
        196,
        174,
        203,
        197,
        184,
        170,
        170,
        165,
        205,
        198,
        183,
        206,
        197,
        175,
        171,
        176,
        172,
        190,
        187,
        175,
        210,
        197,
        178,
        196,
        187,
        170,
        196,
        192,
        185
      ]
    },
    {
      "margin": false,
      "index": 9,
      "file": null,
      "u": 0.7083334,
      "v": 0.0,
      "uw": 0.208333328,
      "vh": 0.3333333,
      "width": 426,
      "height": 426,
      "descriptor": [
        172,
        171,
        162,
        182,
        176,
        165,
        188,
        177,
        160,
        192,
        188,
        173,
        199,
        188,
        171,
        174,
        178,
        169,
        195,
        189,
        172,
        181,
        180,
        171,
        230,
        220,
        193,
        206,
        200,
        183,
        186,
        188,
        185,
        174,
        181,
        175,
        189,
        191,
        185,
        178,
        182,
        177,
        168,
        182,
        185,
        163,
        172,
        172
      ]
    },
    {
      "margin": false,
      "index": 10,
      "file": null,
      "u": 0.08333334,
      "v": 0.3333333,
      "uw": 0.208333328,
      "vh": 0.3333333,
      "width": 426,
      "height": 426,
      "descriptor": [
        80,
        99,
        113,
        104,
        127,
        141,
        87,
        102,
        112,
        95,
        117,
        130,
        113,
        117,
        126,
        94,
        110,
        117,
        91,
        105,
        115,
        111,
        121,
        128,
        90,
        92,
        88,
        139,
        127,
        109,
        147,
        132,
        123,
        115,
        108,
        96,
        106,
        108,
        107,
        134,
        123,
        118,
        127,
        115,
        101,
        171,
        158,
        149
      ]
    },
    {
      "margin": false,
      "index": 11,
      "file": null,
      "u": 0.2916667,
      "v": 0.3333333,
      "uw": 0.208333328,
      "vh": 0.3333333,
      "width": 426,
      "height": 426,
      "descriptor": [
        111,
        120,
        128,
        93,
        113,
        126,
        87,
        104,
        115,
        85,
        102,
        106,
        84,
        103,
        115,
        115,
        119,
        125,
        110,
        125,
        138,
        107,
        121,
        132,
        116,
        98,
        102,
        111,
        109,
        113,
        102,
        93,
        91,
        66,
        67,
        73,
        95,
        87,
        82,
        73,
        76,
        66,
        116,
        108,
        105,
        99,
        89,
        82
      ]
    },
    {
      "margin": false,
      "index": 12,
      "file": null,
      "u": 0.5,
      "v": 0.3333333,
      "uw": 0.208333328,
      "vh": 0.3333333,
      "width": 426,
      "height": 426,
      "descriptor": [
        89,
        104,
        115,
        130,
        157,
        167,
        107,
        93,
        78,
        223,
        209,
        197,
        82,
        110,
        126,
        91,
        85,
        77,
        91,
        88,
        78,
        96,
        88,
        82,
        97,
        111,
        101,
        102,
        84,
        68,
        109,
        100,
        100,
        96,
        96,
        93,
        84,
        77,
        70,
        94,
        80,
        68,
        128,
        109,
        100,
        162,
        150,
        138
      ]
    },
    {
      "margin": false,
      "index": 13,
      "file": null,
      "u": 0.7083334,
      "v": 0.3333333,
      "uw": 0.208333328,
      "vh": 0.3333333,
      "width": 426,
      "height": 426,
      "descriptor": [
        194,
        191,
        174,
        213,
        199,
        177,
        211,
        198,
        178,
        195,
        198,
        192,
        63,
        91,
        90,
        90,
        95,
        97,
        124,
        126,
        120,
        79,
        79,
        78,
        90,
        86,
        79,
        88,
        95,
        89,
        69,
        71,
        71,
        90,
        82,
        76,
        146,
        119,
        112,
        91,
        99,
        98,
        129,
        116,
        107,
        93,
        80,
        72
      ]
    },
    {
      "margin": false,
      "index": 14,
      "file": null,
      "u": 0.08333334,
      "v": 0.6666666,
      "uw": 0.208333328,
      "vh": 0.3333333,
      "width": 426,
      "height": 426,
      "descriptor": [
        98,
        83,
        79,
        100,
        89,
        87,
        95,
        86,
        82,
        101,
        90,
        84,
        106,
        99,
        90,
        99,
        87,
        81,
        128,
        120,
        110,
        141,
        119,
        109,
        111,
        100,
        95,
        117,
        105,
        105,
        116,
        103,
        100,
        148,
        131,
        118,
        142,
        118,
        105,
        144,
        122,
        106,
        124,
        105,
        94,
        122,
        103,
        87
      ]
    },
    {
      "margin": false,
      "index": 15,
      "file": null,