{
  "title": "PORTRÉT MUŽA",
  "author": "WEISZ-KUBÍNČAN, ARNOLD PETER",
  "year": "(1930 - 1944)",
  "id": "SNG-0001007030",
  "width": 1664,
  "height": 2048,
  "file": "SNG--K_8909--1_1--2015_08_25--L2_WEB_108788.webp",
  "tiles_x": 3,
  "tiles_y": 3,
  "offset_x": 0.0,
  "offset_y": 0.09375,
  "tiles": [
    {
      "margin": false,
      "index": 6,
      "file": null,
      "u": 0.0,
      "v": 0.09375,
      "uw": 0.333333343,
      "vh": 0.270833343,
      "width": 554,
      "height": 554,
      "descriptor": [
        179,
        109,
        92,
        110,
        79,
        76,
        119,
        93,
        82,
        128,
        104,
        89,
        179,
        115,
        100,
        110,
        94,
        88,
        98,
        102,
        98,
        70,
        82,
        74,
        180,
        118,
        99,
        112,
        94,
        90,
        86,
        82,
        72,
        107,
        87,
        81,
        176,
        107,
        91,
        120,
        94,
        84,
        78,
        93,
        79,
        99,
        90,
        78
      ]
    },
    {
      "margin": false,
      "index": 7,
      "file": null,
      "u": 0.333333343,
      "v": 0.09375,
      "uw": 0.333333343,
      "vh": 0.270833343,
      "width": 554,
      "height": 554,
      "descriptor": [
        50,
        72,
        89,
        71,
        81,
        82,
        125,
        96,
        77,
        105,
        82,
        57,
        47,
        71,
        85,
        127,
        102,
        85,
        124,
        103,
        82,
        118,
        82,
        55,
        87,
        92,
        96,
        149,
        122,
        103,
        109,
        119,
        116,
        102,
        117,
        113,
        141,
        121,
        101,
        144,
        108,
        80,
        125,
        101,
        90,
        90,
        93,
        95
      ]
    },
    {
      "margin": false,
      "index": 8,
      "file": null,
      "u": 0.6666667,
      "v": 0.09375,
      "uw": 0.333333343,
      "vh": 0.270833343,
      "width": 554,
      "height": 554,
      "descriptor": [
        163,
        110,
        91,
        141,
        91,
        66,
        173,
        117,
        102,
        193,
        130,
        114,
        119,
        85,
        60,
        120,
        74,
        51,
        180,
        118,
        98,
        183,
        117,
        101,
        121,
        82,
        59,
        130,
        86,
        63,
        178,
        114,
        96,
        171,
        107,
        91,
        134,
        96,
        72,
        104,
        70,
        44,
        171,
        107,
        88,
        173,
        107,
        89
      ]
    },
    {
      "margin": false,
      "index": 9,
      "file": null,
      "u": 0.0,
      "v": 0.364583343,
      "uw": 0.333333343,
      "vh": 0.270833343,
      "width": 554,
      "height": 554,
      "descriptor": [
        173,
        106,
        89,
        166,
        111,
        93,
        88,
        77,
        65,
        122,
        104,
        85,
        184,
        122,
        106,
        173,
        114,
        95,
        84,
        86,
        78,
        96,
        85,
        66,
        175,
        111,
        92,
        171,
        113,
        97,
        96,
        89,
        79,
        133,
        110,
        90,
        170,
        111,
        92,
        151,
        95,
        78,
        86,
        83,
        74,
        88,
        99,
        72
      ]
    },
    {
      "margin": false,
      "index": 10,
      "file": null,
      "u": 0.333333343,
      "v": 0.364583343,
      "uw": 0.333333343,
      "vh": 0.270833343,
      "width": 554,
      "height": 554,
      "descriptor": [
        87,
        75,
        57,
        158,
        120,
        96,
        105,
        103,
        96,
        119,
        116,
        113,
        115,
        101,
        85,
        110,
        89,
        71,
        103,
        96,
        83,
        129,
        93,
        76,
        96,
        92,
        74,
        123,
        107,
        83,
        105,
        91,
        79,
        116,
        97,
        72,
        102,
        99,
        92,
        95,
        93,
        87,
        92,
        83,
        79,
        105,
        84,
        71
      ]
    },
    {
      "margin": false,
      "index": 11,
      "file": null,
      "u": 0.6666667,
      "v": 0.364583343,
      "uw": 0.333333343,
      "vh": 0.270833343,
      "width": 554,
      "height": 554,
      "descriptor": [
        111,
        82,
        59,
        111,
        76,
        53,
        172,
        108,
        89,
        175,
        103,
        87,
        103,
        85,
        62,
        154,
        104,
        76,
        178,
        114,
        95,
        183,
        118,
        100,
        100,
        71,
        50,
        117,
        72,
        52,
        185,
        121,
        102,
        176,
        114,
        98,
        117,
        96,
        80,
        81,
        61,
        49,
        166,
        101,
        85,
        166,
        105,
        88
      ]
    },
    {
      "margin": false,
      "index": 12,
      "file": null,
      "u": 0.0,
      "v": 0.6354167,
      "uw": 0.333333343,
      "vh": 0.270833343,
      "width": 554,
      "height": 554,
      "descriptor": [
        176,
        108,
        92,
        156,
        108,
        88,
        109,
        96,
        75,
        119,
        104,
        87,
        186,
        118,
        102,
        164,
        112,
        92,
        132,
        121,
        92,
        128,
        110,
        73,
        179,
        111,
        92,
        144,
        123,
        116,
        151,
        128,
        100,
        130,
        101,
        91,
        191,
        127,
        109,
        168,
        129,
        102,
        117,
        101,
        89,
        127,
        117,
        108
      ]
    },
    {
      "margin": false,
      "index": 13,
      "file": null,
      "u": 0.333333343,
      "v": 0.6354167,
      "uw": 0.333333343,
      "vh": 0.270833343,
      "width": 554,
      "height": 554,
      "descriptor": [
        115,
        90,
        80,
        110,
        98,
        93,
        95,
        81,
        78,
        145,
        123,
        110,
        126,
        108,
        96,
        128,
        104,
        92,
        121,
        93,
        83,
        117,
        92,
        84,
        117,
        92,
        79,
        128,
        94,
        85,
        129,
        106,
        100,
        114,
        93,
        91,
        140,
        109,
        106,
        119,
        98,
        99,
        95,
        82,
        93,
        151,
        120,
        111
      ]
    },
    {
      "margin": false,
      "index": 14,
      "file": null,
      "u": 0.6666667,
      "v": 0.6354167,
      "uw": 0.333333343,
      "vh": 0.270833343,
      "width": 554,
      "height": 554,
      "descriptor": [
        157,
        120,
        104,
        97,
        82,
        71,
        172,
        111,
        96,
        185,
        122,
        109,
        97,
        81,
        74,
        141,
        105,
        94,
        160,
        105,
        87,
        177,
        112,
        100,
        111,
        89,
        78,
        93,
        81,
        71,
        172,
        111,
        93,
        168,
        104,
        89,
        141,
        114,
        109,
        124,
        98,
        93,
        178,
        124,
        106,
        178,
        112,
        94
      ]
    }
  ],
  "margins": [
    {
      "margin": true,
      "index": 0,
      "file": null,
      "u": 0.0,
      "v": 0.0,
      "uw": 0.333333343,