{
  "title": "ZÁPAS",
  "author": "NOVÁK, JÁN",
  "year": "(1940 - 1944)",
  "id": "SNG-0001070418",
  "width": 1344,
  "height": 2048,
  "file": "SNG--K_4688--1_1--_2015_08_17_--L2_WEB_108247058.webp",
  "tiles_x": 3,
  "tiles_y": 4,
  "offset_x": 0.0,
  "offset_y": 0.0625,
  "tiles": [
    {
      "margin": false,
      "index": 6,
      "file": null,
      "u": 0.0,
      "v": 0.0625,
      "uw": 0.333333343,
      "vh": 0.21875,
      "width": 448,
      "height": 448,
      "descriptor": [
        4,
        117,
        99,
        11,
        135,
        112,
        29,
        130,
        107,
        183,
        164,
        141,
        70,
        75,
        68,
        0,
        124,
        101,
        37,
        59,
        76,
        60,
        62,
        52,
        129,
        119,
        106,
        49,
        67,
        85,
        40,
        51,
        77,
        43,
        40,
        39,
        50,
        55,
        48,
        5,
        134,
        111,
        36,
        58,
        66,
        189,
        118,
        93
      ]
    },
    {
      "margin": false,
      "index": 7,
      "file": null,
      "u": 0.333333343,
      "v": 0.0625,
      "uw": 0.333333343,
      "vh": 0.21875,
      "width": 448,
      "height": 448,
      "descriptor": [
        151,
        132,
        105,
        139,
        125,
        105,
        15,
        82,
        146,
        56,
        76,
        77,
        150,
        139,
        122,
        82,
        101,
        85,
        12,
        87,
        84,
        24,
        81,
        74,
        125,
        125,
        119,
        89,
        97,
        96,
        41,
        72,
        61,
        19,
        87,
        94,
        210,
        201,
        171,
        119,
        143,
        58,
        144,
        134,
        30,
        159,
        150,
        131
      ]
    },
    {
      "margin": false,
      "index": 8,
      "file": null,
      "u": 0.6666667,
      "v": 0.0625,
      "uw": 0.333333343,
      "vh": 0.21875,
      "width": 448,
      "height": 448,
      "descriptor": [
        148,
        131,
        113,
        81,
        68,
        60,
        112,
        87,
        76,
        141,
        115,
        100,
        109,
        116,
        61,
        124,
        104,
        91,
        134,
        112,
        95,
        198,
        174,
        140,
        138,
        121,
        104,
        106,
        89,
        75,
        150,
        127,
        108,
        174,
        146,
        129,
        159,
        137,
        119,
        130,
        104,
        90,
        128,
        109,
        91,
        190,
        164,
        135
      ]
    },
    {
      "margin": false,
      "index": 9,
      "file": null,
      "u": 0.0,
      "v": 0.28125,
      "uw": 0.333333343,
      "vh": 0.21875,
      "width": 448,
      "height": 448,
      "descriptor": [
        55,
        60,
        52,
        37,
        87,
        68,
        91,
        104,
        83,
        159,
        143,
        113,
        66,
        70,
        61,
        48,
        121,
        99,
        95,
        74,
        47,
        184,
        146,
        27,
        70,
        70,
        60,
        72,
        93,
        77,
        109,
        87,
        56,
        209,
        189,
        156,
        79,
        77,
        66,
        127,
        114,
        92,
        59,
        63,
        52,
        209,
        191,
        155
      ]
    },
    {
      "margin": false,
      "index": 10,
      "file": null,
      "u": 0.333333343,
      "v": 0.28125,
      "uw": 0.333333343,
      "vh": 0.21875,
      "width": 448,
      "height": 448,
      "descriptor": [
        136,
        106,
        37,
        108,
        100,
        42,
        158,
        132,
        36,
        161,
        150,
        37,
        119,
        82,
        27,
        125,
        69,
        34,
        139,
        118,
        91,
        172,
        148,
        114,
        110,
        75,
        32,
        168,
        151,
        100,
        184,
        156,
        101,
        189,
        163,
        112,
        163,
        140,
        33,
        64,
        96,
        58,
        177,
        157,
        123,
        189,
        167,
        120
      ]
    },
    {
      "margin": false,
      "index": 11,
      "file": null,
      "u": 0.6666667,
      "v": 0.28125,
      "uw": 0.333333343,
      "vh": 0.21875,
      "width": 448,
      "height": 448,
      "descriptor": [
        123,
        110,
        95,
        157,
        136,
        120,
        109,
        96,
        81,
        190,
        171,
        144,
        119,
        96,
        44,
        171,
        150,
        123,
        129,
        113,
        95,
        205,
        186,
        151,
        184,
        158,
        103,
        161,
        138,
        103,
        162,
        143,
        117,
        176,
        153,
        123,
        184,
        158,
        117,
        164,
        140,
        111,
        169,
        153,
        122,
        200,
        181,
        151
      ]
    },
    {
      "margin": false,
      "index": 12,
      "file": null,
      "u": 0.0,
      "v": 0.5,
      "uw": 0.333333343,
      "vh": 0.21875,
      "width": 448,
      "height": 448,
      "descriptor": [
        54,
        55,
        47,
        136,
        122,
        101,
        111,
        94,
        69,
        181,
        128,
        8,
        96,
        90,
        78,
        157,
        140,
        114,
        133,
        115,
        89,
        167,
        122,
        31,
        201,
        181,
        146,
        160,
        143,
        119,
        130,
        114,
        87,
        158,
        115,
        34,
        200,
        183,
        147,
        127,
        116,
        96,
        151,
        135,
        112,
        116,
        99,
        48
      ]
    },
    {
      "margin": false,
      "index": 13,
      "file": null,
      "u": 0.333333343,
      "v": 0.5,
      "uw": 0.333333343,
      "vh": 0.21875,
      "width": 448,
      "height": 448,
      "descriptor": [
        132,
        92,
        46,
        124,
        124,
        96,
        172,
        151,
        116,
        188,
        165,
        125,
        141,
        112,
        43,
        97,
        97,
        75,
        156,
        137,
        110,
        193,
        168,
        129,
        192,
        152,
        1,
        117,
        112,
        87,
        134,
        113,
        82,
        187,
        165,
        131,
        204,
        161,
        0,
        125,
        112,
        84,
        138,
        113,
        82,
        114,
        89,
        61
      ]
    },
    {
      "margin": false,
      "index": 14,
      "file": null,
      "u": 0.6666667,
      "v": 0.5,
      "uw": 0.333333343,
      "vh": 0.21875,
      "width": 448,
      "height": 448,
      "descriptor": [
        186,
        159,
        118,
        154,
        130,
        108,
        134,
        120,
        95,
        205,
        187,
        154,
        188,
        164,
        122,
        147,
        129,
        104,
        185,
        170,
        140,
        196,
        179,
        149,
        159,
        139,
        110,
        138,
        115,
        86,
        140,
        119,
        94,
        206,
        187,
        150,
        92,
        78,
        61,
        155,
        136,
        104,
        118,
        99,
        77,
        199,
        181,
        146
      ]
    },
    {
      "margin": false,
      "index": 15,
      "file": null,
      "u": 0.0,
      "v": 0.71875,
      "uw": 0.333333343,
      "vh": 0.21875,
      "width": 448,
      "height": 448,