{
  "title": "ŠTÚDIA HLAVY VOJAKA",
  "author": "MEDNYÁNSZKY, LADISLAV",
  "year": "(1905 - 1925)",
  "id": "SNG-0001015714",
  "width": 1600,
  "height": 2048,
  "file": "SNG--O_4951-a--1_1--2014_03_20--L2_WEB_23083.webp",
  "tiles_x": 3,
  "tiles_y": 3,
  "offset_x": 0.0,
  "offset_y": 0.109375,
  "tiles": [
    {
      "margin": false,
      "index": 6,
      "file": null,
      "u": 0.0,
      "v": 0.109375,
      "uw": 0.3333333,
      "vh": 0.260416657,
      "width": 533,
      "height": 533,
      "descriptor": [
        94,
        83,
        65,
        84,
        84,
        82,
        42,
        37,
        33,
        83,
        69,
        53,
        99,
        83,
        69,
        54,
        37,
        32,
        113,
        109,
        100,
        61,
        66,
        58,
        120,
        111,
        98,
        72,
        64,
        53,
        72,
        45,
        26,
        37,
        42,
        45,
        77,
        43,
        19,
        76,
        70,
        58,
        81,
        63,
        48,
        47,
        55,
        55
      ]
    },
    {
      "margin": false,
      "index": 7,
      "file": null,
      "u": 0.3333333,
      "v": 0.109375,
      "uw": 0.3333333,
      "vh": 0.260416657,
      "width": 533,
      "height": 533,
      "descriptor": [
        21,
        9,
        7,
        90,
        87,
        65,
        69,
        71,
        66,
        29,
        17,
        9,
        20,
        27,
        19,
        35,
        30,
        34,
        33,
        28,
        25,
        22,
        17,
        22,
        44,
        45,
        48,
        53,
        58,
        61,
        27,
        33,
        35,
        22,
        24,
        22,
        33,
        30,
        28,
        24,
        18,
        18,
        33,
        35,
        34,
        20,
        12,
        12
      ]
    },
    {
      "margin": false,
      "index": 8,
      "file": null,
      "u": 0.6666666,
      "v": 0.109375,
      "uw": 0.3333333,
      "vh": 0.260416657,
      "width": 533,
      "height": 533,
      "descriptor": [
        65,
        50,
        49,
        110,
        110,
        89,
        104,
        100,
        91,
        111,
        107,
        102,
        101,
        88,
        70,
        74,
        55,
        41,
        80,
        66,
        32,
        98,
        101,
        74,
        104,
        91,
        71,
        107,
        101,
        74,
        94,
        83,
        61,
        89,
        96,
        70,
        24,
        4,
        7,
        66,
        56,
        25,
        57,
        44,
        22,
        74,
        81,
        62
      ]
    },
    {
      "margin": false,
      "index": 9,
      "file": null,
      "u": 0.0,
      "v": 0.369791657,
      "uw": 0.3333333,
      "vh": 0.260416657,
      "width": 533,
      "height": 533,
      "descriptor": [
        62,
        36,
        14,
        78,
        67,
        55,
        85,
        67,
        59,
        53,
        26,
        15,
        54,
        30,
        18,
        43,
        23,
        7,
        62,
        45,
        39,
        101,
        69,
        48,
        91,
        77,
        63,
        98,
        77,
        65,
        54,
        44,
        37,
        74,
        49,
        34,
        91,
        70,
        47,
        54,
        33,
        12,
        60,
        36,
        20,
        80,
        63,
        44
      ]
    },
    {
      "margin": false,
      "index": 10,
      "file": null,
      "u": 0.3333333,
      "v": 0.369791657,
      "uw": 0.3333333,
      "vh": 0.260416657,
      "width": 533,
      "height": 533,
      "descriptor": [
        82,
        60,
        49,
        87,
        55,
        37,
        81,
        48,
        31,
        85,
        37,
        30,
        100,
        62,
        43,
        111,
        74,
        49,
        77,
        59,
        50,
        113,
        75,
        56,
        66,
        40,
        19,
        110,
        79,
        60,
        72,
        49,
        35,
        109,
        80,
        65,
        97,
        72,
        53,
        83,
        45,
        22,
        48,
        28,
        19,
        76,
        44,
        27
      ]
    },
    {
      "margin": false,
      "index": 11,
      "file": null,
      "u": 0.6666666,
      "v": 0.369791657,
      "uw": 0.3333333,
      "vh": 0.260416657,
      "width": 533,
      "height": 533,
      "descriptor": [
        49,
        21,
        3,
        61,
        62,
        40,
        41,
        35,
        29,
        72,
        83,
        60,
        59,
        31,
        14,
        45,
        40,
        20,
        55,
        48,
        23,
        42,
        40,
        21,
        73,
        50,
        27,
        39,
        31,
        17,
        57,
        49,
        29,
        39,
        35,
        11,
        77,
        55,
        23,
        78,
        57,
        40,
        37,
        27,
        2,
        74,
        82,
        51
      ]
    },
    {
      "margin": false,
      "index": 12,
      "file": null,
      "u": 0.0,
      "v": 0.6302083,
      "uw": 0.3333333,
      "vh": 0.260416657,
      "width": 533,
      "height": 533,
      "descriptor": [
        59,
        26,
        3,
        92,
        74,
        56,
        95,
        92,
        89,
        66,
        56,
        32,
        102,
        89,
        73,
        84,
        72,
        61,
        41,
        38,
        31,
        15,
        33,
        44,
        138,
        125,
        103,
        116,
        108,
        96,
        18,
        16,
        28,
        42,
        51,
        56,
        146,
        132,
        117,
        140,
        123,
        101,
        146,
        133,
        115,
        49,
        67,
        66
      ]
    },
    {
      "margin": false,
      "index": 13,
      "file": null,
      "u": 0.3333333,
      "v": 0.6302083,
      "uw": 0.3333333,
      "vh": 0.260416657,
      "width": 533,
      "height": 533,
      "descriptor": [
        87,
        91,
        88,
        21,
        9,
        8,
        93,
        65,
        42,
        42,
        24,
        22,
        47,
        53,
        61,
        33,
        40,
        43,
        66,
        74,
        73,
        26,
        34,
        33,
        24,
        28,
        38,
        14,
        13,
        19,
        33,
        38,
        37,
        30,
        32,
        18,
        50,
        65,
        65,
        19,
        27,
        33,
        53,
        49,
        42,
        71,
        67,
        59
      ]
    },
    {
      "margin": false,
      "index": 14,
      "file": null,
      "u": 0.6666666,
      "v": 0.6302083,
      "uw": 0.3333333,
      "vh": 0.260416657,
      "width": 533,
      "height": 533,
      "descriptor": [
        88,
        74,
        57,
        101,
        77,
        54,
        77,
        71,
        55,
        64,
        76,
        47,
        26,
        43,
        46,
        28,
        19,
        13,
        58,
        51,
        39,
        62,
        68,
        40,
        41,
        51,
        58,
        92,
        80,
        69,
        70,
        61,
        46,
        96,
        69,
        65,
        20,
        19,
        23,
        21,
        27,
        31,
        131,
        121,
        114,
        76,
        87,
        51
      ]
    }
  ],
  "margins": [
    {
      "margin": true,
      "index": 0,
      "file": null,
      "u": 0.0,
      "v": 0.0,
      "uw": 0.3333333,
      "vh": 0.109375,
      "width": 533,
      "height": 224,
      "descriptor": null
    },
    {
      "margin": true,
      "index": 1,
      "file": null,
      "u": 0.0,
      "v": 0.890625,