{
  "title": "DÁMA V ATLASOVÝCH ŠATÁCH S PERLOVÝM NÁHRDELNÍKOM",
  "author": "LÜTGENDORFF, FERDINAND KARL THEODOR, BRATISLAVSKÝ MALIAR Z 1. POLOVICE 19. STOROČIA",
  "year": "1834",
  "id": "SNG-0001015768",
  "width": 1600,
  "height": 2048,
  "file": "SNG--O_5140--1_1--2014_03_20--L2_WEB_106266.webp",
  "tiles_x": 3,
  "tiles_y": 3,
  "offset_x": 0.0,
  "offset_y": 0.109375,
  "tiles": [
    {
      "margin": false,
      "index": 6,
      "file": null,
      "u": 0.0,
      "v": 0.109375,
      "uw": 0.3333333,
      "vh": 0.260416657,
      "width": 533,
      "height": 533,
      "descriptor": [
        76,
        70,
        65,
        65,
        61,
        58,
        55,
        52,
        50,
        62,
        61,
        59,
        64,
        60,
        56,
        61,
        60,
        56,
        61,
        58,
        56,
        63,
        61,
        58,
        65,
        62,
        59,
        64,
        58,
        53,
        60,
        55,
        51,
        63,
        59,
        56,
        65,
        65,
        63,
        70,
        69,
        67,
        64,
        62,
        60,
        73,
        73,
        71
      ]
    },
    {
      "margin": false,
      "index": 7,
      "file": null,
      "u": 0.3333333,
      "v": 0.109375,
      "uw": 0.3333333,
      "vh": 0.260416657,
      "width": 533,
      "height": 533,
      "descriptor": [
        63,
        57,
        55,
        63,
        55,
        51,
        63,
        56,
        52,
        62,
        54,
        51,
        71,
        66,
        62,
        46,
        40,
        40,
        67,
        49,
        44,
        68,
        65,
        62,
        61,
        50,
        47,
        85,
        70,
        61,
        102,
        76,
        61,
        60,
        47,
        45,
        55,
        45,
        44,
        113,
        75,
        65,
        142,
        108,
        80,
        55,
        47,
        46
      ]
    },
    {
      "margin": false,
      "index": 8,
      "file": null,
      "u": 0.6666666,
      "v": 0.109375,
      "uw": 0.3333333,
      "vh": 0.260416657,
      "width": 533,
      "height": 533,
      "descriptor": [
        68,
        59,
        54,
        65,
        61,
        57,
        64,
        61,
        57,
        66,
        58,
        57,
        66,
        61,
        57,
        63,
        64,
        62,
        61,
        60,
        57,
        58,
        59,
        56,
        70,
        71,
        68,
        72,
        74,
        71,
        64,
        66,
        62,
        63,
        64,
        62,
        81,
        79,
        75,
        73,
        73,
        68,
        73,
        73,
        68,
        66,
        67,
        63
      ]
    },
    {
      "margin": false,
      "index": 9,
      "file": null,
      "u": 0.0,
      "v": 0.369791657,
      "uw": 0.3333333,
      "vh": 0.260416657,
      "width": 533,
      "height": 533,
      "descriptor": [
        60,
        60,
        59,
        64,
        64,
        63,
        63,
        61,
        61,
        66,
        67,
        65,
        63,
        57,
        55,
        65,
        52,
        49,
        63,
        61,
        59,
        64,
        63,
        61,
        65,
        52,
        50,
        62,
        48,
        45,
        59,
        55,
        53,
        172,
        114,
        90,
        70,
        53,
        51,
        70,
        56,
        51,
        69,
        58,
        53,
        197,
        140,
        116
      ]
    },
    {
      "margin": false,
      "index": 10,
      "file": null,
      "u": 0.3333333,
      "v": 0.369791657,
      "uw": 0.3333333,
      "vh": 0.260416657,
      "width": 533,
      "height": 533,
      "descriptor": [
        77,
        72,
        70,
        207,
        163,
        136,
        212,
        163,
        131,
        123,
        81,
        64,
        86,
        81,
        78,
        207,
        170,
        142,
        187,
        145,
        117,
        130,
        115,
        100,
        198,
        169,
        144,
        177,
        144,
        119,
        193,
        162,
        134,
        198,
        170,
        141,
        114,
        78,
        61,
        120,
        85,
        54,
        167,
        105,
        49,
        191,
        117,
        58
      ]
    },
    {
      "margin": false,
      "index": 11,
      "file": null,
      "u": 0.6666666,
      "v": 0.369791657,
      "uw": 0.3333333,
      "vh": 0.260416657,
      "width": 533,
      "height": 533,
      "descriptor": [
        89,
        86,
        77,
        84,
        83,
        74,
        81,
        80,
        75,
        77,
        76,
        71,
        89,
        87,
        79,
        78,
        77,
        70,
        79,
        77,
        70,
        71,
        68,
        63,
        181,
        149,
        122,
        73,
        69,
        63,
        87,
        82,
        77,
        76,
        64,
        58,
        199,
        173,
        146,
        200,
        174,
        146,
        74,
        63,
        57,
        75,
        59,
        55
      ]
    },
    {
      "margin": false,
      "index": 12,
      "file": null,
      "u": 0.0,
      "v": 0.6302083,
      "uw": 0.3333333,
      "vh": 0.260416657,
      "width": 533,
      "height": 533,
      "descriptor": [
        77,
        62,
        58,
        68,
        48,
        43,
        57,
        40,
        40,
        225,
        176,
        152,
        83,
        67,
        61,
        102,
        74,
        54,
        82,
        58,
        54,
        82,
        56,
        49,
        62,
        39,
        37,
        97,
        65,
        52,
        64,
        46,
        45,
        70,
        53,
        50,
        81,
        56,
        48,
        103,
        74,
        60,
        74,
        47,
        42,
        66,
        49,
        48
      ]
    },
    {
      "margin": false,
      "index": 13,
      "file": null,
      "u": 0.3333333,
      "v": 0.6302083,
      "uw": 0.3333333,
      "vh": 0.260416657,
      "width": 533,
      "height": 533,
      "descriptor": [
        104,
        67,
        52,
        100,
        68,
        57,
        73,
        45,
        41,
        90,
        59,
        48,
        83,
        59,
        54,
        90,
        60,
        54,
        193,
        119,
        86,
        198,
        143,
        122,
        182,
        128,
        104,
        173,
        115,
        79,
        122,
        78,
        66,
        98,
        66,
        55,
        132,
        84,
        71,
        119,
        76,
        62,
        67,
        44,
        43,
        68,
        48,
        47
      ]
    },
    {
      "margin": false,
      "index": 14,
      "file": null,
      "u": 0.6666666,
      "v": 0.6302083,
      "uw": 0.3333333,
      "vh": 0.260416657,
      "width": 533,
      "height": 533,
      "descriptor": [
        163,
        117,
        95,
        143,
        99,
        81,
        84,
        59,
        57,
        73,
        59,
        56,
        102,
        68,
        58,
        104,
        72,
        55,
        107,
        76,
        60,
        94,
        63,
        54,
        59,
        45,
        44,
        81,
        53,
        46,
        77,
        53,
        50,
        72,
        49,
        45,
        67,
        49,
        49,
        76,
        53,
        43,
        71,
        50,
        48,
        64,
        43,
        43
      ]
    }
  ],
  "margins": [
    {
      "margin": true,
      "index": 0,
      "file": null,
      "u": 0.0,
      "v": 0.0,
      "uw": 0.3333333,
      "vh": 0.109375,
      "width": 533,
      "height": 224,