{
  "title": "MÁRIA MAGDALÉNA",
  "author": "FRANCÚZSKY - ŠPANIELSKY CARAVAGGISTA",
  "year": "(1600 - 1650)",
  "id": "SNG-0001003247",
  "width": 1600,
  "height": 2048,
  "file": "SNG--O_5719--1_1--_2015_08_28_--L2_WEB_15882.webp",
  "tiles_x": 3,
  "tiles_y": 3,
  "offset_x": 0.0,
  "offset_y": 0.109375,
  "tiles": [
    {
      "margin": false,
      "index": 6,
      "file": null,
      "u": 0.0,
      "v": 0.109375,
      "uw": 0.3333333,
      "vh": 0.260416657,
      "width": 533,
      "height": 533,
      "descriptor": [
        50,
        40,
        30,
        47,
        36,
        24,
        47,
        39,
        34,
        82,
        76,
        73,
        50,
        41,
        30,
        56,
        50,
        43,
        41,
        36,
        30,
        56,
        50,
        42,
        49,
        41,
        35,
        54,
        48,
        38,
        56,
        51,
        46,
        38,
        36,
        31,
        44,
        38,
        30,
        56,
        49,
        41,
        66,
        63,
        55,
        62,
        64,
        47
      ]
    },
    {
      "margin": false,
      "index": 7,
      "file": null,
      "u": 0.3333333,
      "v": 0.109375,
      "uw": 0.3333333,
      "vh": 0.260416657,
      "width": 533,
      "height": 533,
      "descriptor": [
        61,
        58,
        52,
        68,
        53,
        41,
        75,
        61,
        41,
        81,
        66,
        46,
        87,
        64,
        45,
        190,
        165,
        115,
        61,
        50,
        44,
        65,
        61,
        41,
        63,
        52,
        36,
        80,
        70,
        63,
        82,
        62,
        46,
        108,
        100,
        69,
        223,
        198,
        154,
        77,
        55,
        33,
        219,
        181,
        120,
        132,
        110,
        68
      ]
    },
    {
      "margin": false,
      "index": 8,
      "file": null,
      "u": 0.6666666,
      "v": 0.109375,
      "uw": 0.3333333,
      "vh": 0.260416657,
      "width": 533,
      "height": 533,
      "descriptor": [
        102,
        57,
        30,
        67,
        60,
        45,
        71,
        58,
        37,
        60,
        46,
        29,
        57,
        57,
        39,
        62,
        57,
        42,
        69,
        57,
        39,
        64,
        48,
        29,
        91,
        72,
        43,
        94,
        68,
        40,
        89,
        67,
        46,
        97,
        75,
        40,
        99,
        78,
        54,
        86,
        67,
        35,
        95,
        72,
        45,
        65,
        56,
        34
      ]
    },
    {
      "margin": false,
      "index": 9,
      "file": null,
      "u": 0.0,
      "v": 0.369791657,
      "uw": 0.3333333,
      "vh": 0.260416657,
      "width": 533,
      "height": 533,
      "descriptor": [
        62,
        60,
        54,
        61,
        51,
        45,
        137,
        79,
        40,
        170,
        158,
        130,
        41,
        38,
        38,
        38,
        34,
        21,
        101,
        64,
        40,
        145,
        143,
        119,
        51,
        44,
        37,
        54,
        52,
        42,
        157,
        99,
        44,
        180,
        118,
        51,
        57,
        45,
        32,
        46,
        31,
        25,
        172,
        116,
        61,
        170,
        113,
        44
      ]
    },
    {
      "margin": false,
      "index": 10,
      "file": null,
      "u": 0.3333333,
      "v": 0.369791657,
      "uw": 0.3333333,
      "vh": 0.260416657,
      "width": 533,
      "height": 533,
      "descriptor": [
        190,
        164,
        121,
        196,
        178,
        130,
        55,
        46,
        35,
        214,
        193,
        162,
        210,
        187,
        139,
        115,
        100,
        77,
        105,
        68,
        56,
        189,
        145,
        107,
        219,
        199,
        152,
        194,
        175,
        134,
        151,
        131,
        101,
        99,
        82,
        73,
        169,
        103,
        27,
        108,
        83,
        75,
        44,
        42,
        38,
        88,
        60,
        39
      ]
    },
    {
      "margin": false,
      "index": 11,
      "file": null,
      "u": 0.6666666,
      "v": 0.369791657,
      "uw": 0.3333333,
      "vh": 0.260416657,
      "width": 533,
      "height": 533,
      "descriptor": [
        102,
        60,
        52,
        155,
        131,
        94,
        84,
        67,
        47,
        63,
        51,
        28,
        75,
        55,
        43,
        69,
        59,
        44,
        44,
        45,
        44,
        87,
        73,
        56,
        53,
        45,
        38,
        49,
        47,
        44,
        53,
        41,
        28,
        72,
        56,
        36,
        88,
        57,
        30,
        63,
        53,
        46,
        68,
        59,
        47,
        55,
        45,
        31
      ]
    },
    {
      "margin": false,
      "index": 12,
      "file": null,
      "u": 0.0,
      "v": 0.6302083,
      "uw": 0.3333333,
      "vh": 0.260416657,
      "width": 533,
      "height": 533,
      "descriptor": [
        41,
        39,
        32,
        181,
        111,
        30,
        150,
        100,
        22,
        175,
        113,
        47,
        49,
        47,
        43,
        95,
        57,
        26,
        167,
        105,
        32,
        182,
        118,
        30,
        73,
        55,
        39,
        77,
        48,
        30,
        174,
        113,
        22,
        161,
        106,
        49,
        85,
        60,
        40,
        104,
        65,
        41,
        146,
        88,
        33,
        127,
        76,
        26
      ]
    },
    {
      "margin": false,
      "index": 13,
      "file": null,
      "u": 0.3333333,
      "v": 0.6302083,
      "uw": 0.3333333,
      "vh": 0.260416657,
      "width": 533,
      "height": 533,
      "descriptor": [
        167,
        104,
        29,
        163,
        107,
        34,
        118,
        66,
        30,
        55,
        51,
        42,
        173,
        109,
        24,
        161,
        113,
        60,
        135,
        89,
        35,
        63,
        59,
        52,
        177,
        111,
        39,
        140,
        90,
        53,
        118,
        72,
        31,
        123,
        78,
        25,
        171,
        106,
        37,
        170,
        105,
        34,
        74,
        54,
        36,
        75,
        57,
        44
      ]
    },
    {
      "margin": false,
      "index": 14,
      "file": null,
      "u": 0.6666666,
      "v": 0.6302083,
      "uw": 0.3333333,
      "vh": 0.260416657,
      "width": 533,
      "height": 533,
      "descriptor": [
        68,
        60,
        56,
        193,
        123,
        46,
        49,
        38,
        28,
        62,
        52,
        39,
        100,
        63,
        37,
        142,
        92,
        25,
        107,
        72,
        40,
        79,
        58,
        34,
        53,
        49,
        40,
        56,
        52,
        49,
        84,
        64,
        49,
        41,
        37,
        26,
        64,
        54,
        41,
        89,
        70,
        52,
        113,
        81,
        40,
        62,
        48,
        35
      ]
    }
  ],
  "margins": [
    {
      "margin": true,
      "index": 0,
      "file": null,
      "u": 0.0,
      "v": 0.0,
      "uw": 0.3333333,
      "vh": 0.109375,
      "width": 533,
      "height": 224,
      "descriptor": null
    },
    {
      "margin": true,