{
  "title": "STAROSŤ",
  "author": "BAUER, KONŠTANTÍN",
  "year": "1927",
  "id": "SNG-0001017403",
  "width": 1728,
  "height": 2048,
  "file": "SNG--O_1873--1_1--2013_09_05--L2_WEB_48705.webp",
  "tiles_x": 3,
  "tiles_y": 3,
  "offset_x": 0.0,
  "offset_y": 0.078125,
  "tiles": [
    {
      "margin": false,
      "index": 6,
      "file": null,
      "u": 0.0,
      "v": 0.078125,
      "uw": 0.333333343,
      "vh": 0.28125,
      "width": 576,
      "height": 576,
      "descriptor": [
        190,
        180,
        155,
        164,
        153,
        130,
        161,
        149,
        127,
        159,
        148,
        131,
        184,
        172,
        144,
        161,
        159,
        141,
        160,
        150,
        129,
        151,
        153,
        137,
        170,
        157,
        131,
        163,
        165,
        150,
        166,
        163,
        148,
        144,
        153,
        140,
        191,
        181,
        154,
        155,
        156,
        140,
        147,
        151,
        141,
        133,
        133,
        125
      ]
    },
    {
      "margin": false,
      "index": 7,
      "file": null,
      "u": 0.333333343,
      "v": 0.078125,
      "uw": 0.333333343,
      "vh": 0.28125,
      "width": 576,
      "height": 576,
      "descriptor": [
        149,
        149,
        138,
        21,
        28,
        42,
        142,
        143,
        129,
        133,
        144,
        135,
        24,
        42,
        56,
        73,
        71,
        81,
        57,
        78,
        91,
        132,
        146,
        138,
        121,
        69,
        75,
        138,
        94,
        89,
        48,
        58,
        71,
        159,
        164,
        153,
        41,
        38,
        51,
        80,
        68,
        75,
        57,
        68,
        79,
        158,
        155,
        137
      ]
    },
    {
      "margin": false,
      "index": 8,
      "file": null,
      "u": 0.6666667,
      "v": 0.078125,
      "uw": 0.333333343,
      "vh": 0.28125,
      "width": 576,
      "height": 576,
      "descriptor": [
        132,
        145,
        137,
        137,
        147,
        131,
        156,
        164,
        152,
        130,
        137,
        123,
        122,
        145,
        135,
        123,
        136,
        126,
        122,
        128,
        119,
        132,
        138,
        124,
        133,
        146,
        135,
        132,
        148,
        133,
        131,
        139,
        129,
        129,
        143,
        135,
        130,
        139,
        131,
        135,
        148,
        136,
        137,
        150,
        136,
        145,
        155,
        137
      ]
    },
    {
      "margin": false,
      "index": 9,
      "file": null,
      "u": 0.0,
      "v": 0.359375,
      "uw": 0.333333343,
      "vh": 0.28125,
      "width": 576,
      "height": 576,
      "descriptor": [
        180,
        171,
        144,
        149,
        153,
        142,
        147,
        153,
        147,
        148,
        120,
        97,
        180,
        176,
        156,
        158,
        162,
        154,
        43,
        52,
        61,
        111,
        76,
        79,
        160,
        157,
        139,
        151,
        155,
        149,
        26,
        33,
        40,
        39,
        61,
        76,
        140,
        142,
        126,
        156,
        160,
        150,
        159,
        161,
        153,
        95,
        101,
        108
      ]
    },
    {
      "margin": false,
      "index": 10,
      "file": null,
      "u": 0.333333343,
      "v": 0.359375,
      "uw": 0.333333343,
      "vh": 0.28125,
      "width": 576,
      "height": 576,
      "descriptor": [
        38,
        46,
        59,
        118,
        96,
        90,
        22,
        26,
        33,
        17,
        29,
        41,
        24,
        29,
        36,
        92,
        99,
        106,
        26,
        34,
        46,
        43,
        65,
        78,
        21,
        28,
        42,
        100,
        105,
        111,
        24,
        38,
        50,
        63,
        76,
        85,
        22,
        36,
        52,
        62,
        80,
        92,
        33,
        46,
        57,
        47,
        62,
        74
      ]
    },
    {
      "margin": false,
      "index": 11,
      "file": null,
      "u": 0.6666667,
      "v": 0.359375,
      "uw": 0.333333343,
      "vh": 0.28125,
      "width": 576,
      "height": 576,
      "descriptor": [
        22,
        36,
        52,
        133,
        148,
        138,
        131,
        146,
        135,
        146,
        156,
        142,
        21,
        44,
        57,
        138,
        152,
        138,
        121,
        132,
        122,
        155,
        164,
        150,
        23,
        41,
        59,
        134,
        150,
        138,
        136,
        150,
        138,
        141,
        151,
        135,
        53,
        67,
        78,
        91,
        98,
        103,
        138,
        148,
        138,
        136,
        150,
        139
      ]
    },
    {
      "margin": false,
      "index": 12,
      "file": null,
      "u": 0.0,
      "v": 0.640625,
      "uw": 0.333333343,
      "vh": 0.28125,
      "width": 576,
      "height": 576,
      "descriptor": [
        39,
        43,
        48,
        41,
        44,
        49,
        36,
        38,
        43,
        82,
        92,
        101,
        40,
        42,
        48,
        37,
        39,
        44,
        53,
        54,
        55,
        94,
        90,
        78,
        84,
        83,
        76,
        31,
        36,
        42,
        46,
        44,
        46,
        74,
        65,
        58,
        33,
        39,
        51,
        18,
        40,
        55,
        62,
        62,
        61,
        90,
        81,
        77
      ]
    },
    {
      "margin": false,
      "index": 13,
      "file": null,
      "u": 0.333333343,
      "v": 0.640625,
      "uw": 0.333333343,
      "vh": 0.28125,
      "width": 576,
      "height": 576,
      "descriptor": [
        18,
        42,
        54,
        133,
        88,
        79,
        161,
        135,
        96,
        43,
        46,
        53,
        88,
        79,
        71,
        100,
        91,
        75,
        97,
        90,
        73,
        114,
        87,
        78,
        80,
        67,
        59,
        81,
        74,
        64,
        43,
        48,
        57,
        26,
        33,
        40,
        103,
        98,
        83,
        148,
        131,
        111,
        23,
        29,
        41,
        44,
        56,
        68
      ]
    },
    {
      "margin": false,
      "index": 14,
      "file": null,
      "u": 0.6666667,
      "v": 0.640625,
      "uw": 0.333333343,
      "vh": 0.28125,
      "width": 576,
      "height": 576,
      "descriptor": [
        26,
        48,
        65,
        24,
        43,
        57,
        133,
        148,
        135,
        140,
        154,
        141,
        52,
        71,
        85,
        62,
        77,
        89,
        150,
        158,
        144,
        134,
        149,
        137,
        27,
        43,
        58,
        34,
        46,
        57,
        146,
        156,
        144,
        130,
        146,
        134,
        27,
        45,
        57,
        40,
        55,
        67,
        144,
        153,
        140,
        130,
        144,
        134
      ]
    }
  ],
  "margins": [
    {
      "margin": true,
      "index": 0,
      "file": null,
      "u": 0.0,
      "v": 0.0,
      "uw": 0.333333343,
      "vh": 0.078125,
      "width": 576,
      "height": 160,