{
  "title": "NÁVRH NA OBÁLKU KU KNIHE ZAKLIATY ZÁMOK",
  "author": "NOVÁK, JÁN",
  "year": "(1940 - 1944)",
  "id": "SNG-0001006660",
  "width": 2048,
  "height": 1280,
  "file": "SNG--K_2021--1_1--2015_08_10--L2_WEB_10965.webp",
  "tiles_x": 4,
  "tiles_y": 3,
  "offset_x": 0.08333334,
  "offset_y": 0.0,
  "tiles": [
    {
      "margin": false,
      "index": 6,
      "file": null,
      "u": 0.08333334,
      "v": 0.0,
      "uw": 0.208333328,
      "vh": 0.3333333,
      "width": 426,
      "height": 426,
      "descriptor": [
        136,
        148,
        132,
        92,
        105,
        103,
        188,
        176,
        101,
        178,
        165,
        75,
        91,
        100,
        98,
        103,
        142,
        121,
        139,
        156,
        114,
        74,
        81,
        74,
        85,
        103,
        104,
        98,
        122,
        119,
        76,
        91,
        84,
        83,
        89,
        82,
        72,
        80,
        82,
        137,
        149,
        129,
        69,
        81,
        80,
        87,
        91,
        82
      ]
    },
    {
      "margin": false,
      "index": 7,
      "file": null,
      "u": 0.2916667,
      "v": 0.0,
      "uw": 0.208333328,
      "vh": 0.3333333,
      "width": 426,
      "height": 426,
      "descriptor": [
        99,
        125,
        127,
        91,
        121,
        122,
        92,
        104,
        98,
        106,
        118,
        117,
        167,
        170,
        135,
        161,
        168,
        135,
        163,
        160,
        131,
        170,
        160,
        129,
        124,
        162,
        143,
        146,
        139,
        120,
        162,
        174,
        142,
        95,
        102,
        87,
        96,
        102,
        73,
        186,
        175,
        89,
        217,
        190,
        98,
        201,
        179,
        159
      ]
    },
    {
      "margin": false,
      "index": 8,
      "file": null,
      "u": 0.5,
      "v": 0.0,
      "uw": 0.208333328,
      "vh": 0.3333333,
      "width": 426,
      "height": 426,
      "descriptor": [
        178,
        173,
        145,
        183,
        184,
        162,
        239,
        210,
        185,
        229,
        208,
        186,
        195,
        182,
        154,
        211,
        175,
        135,
        175,
        129,
        106,
        193,
        127,
        71,
        193,
        169,
        132,
        151,
        116,
        73,
        201,
        151,
        110,
        154,
        109,
        73,
        190,
        163,
        136,
        68,
        64,
        56,
        72,
        61,
        55,
        63,
        60,
        52
      ]
    },
    {
      "margin": false,
      "index": 9,
      "file": null,
      "u": 0.7083334,
      "v": 0.0,
      "uw": 0.208333328,
      "vh": 0.3333333,
      "width": 426,
      "height": 426,
      "descriptor": [
        184,
        187,
        172,
        228,
        211,
        190,
        220,
        206,
        186,
        226,
        204,
        187,
        175,
        111,
        68,
        191,
        120,
        75,
        216,
        163,
        97,
        232,
        209,
        187,
        125,
        92,
        72,
        174,
        130,
        113,
        99,
        87,
        71,
        183,
        172,
        160,
        103,
        89,
        64,
        170,
        122,
        79,
        98,
        91,
        78,
        215,
        163,
        110
      ]
    },
    {
      "margin": false,
      "index": 10,
      "file": null,
      "u": 0.08333334,
      "v": 0.3333333,
      "uw": 0.208333328,
      "vh": 0.3333333,
      "width": 426,
      "height": 426,
      "descriptor": [
        63,
        71,
        69,
        107,
        142,
        132,
        78,
        88,
        89,
        77,
        79,
        76,
        119,
        137,
        122,
        108,
        149,
        139,
        79,
        84,
        87,
        96,
        101,
        91,
        94,
        103,
        89,
        111,
        123,
        117,
        94,
        100,
        97,
        85,
        89,
        85,
        95,
        108,
        92,
        102,
        127,
        115,
        80,
        89,
        85,
        75,
        89,
        91
      ]
    },
    {
      "margin": false,
      "index": 11,
      "file": null,
      "u": 0.2916667,
      "v": 0.3333333,
      "uw": 0.208333328,
      "vh": 0.3333333,
      "width": 426,
      "height": 426,
      "descriptor": [
        107,
        110,
        83,
        86,
        91,
        64,
        212,
        191,
        172,
        197,
        173,
        141,
        94,
        103,
        79,
        195,
        188,
        147,
        218,
        198,
        182,
        187,
        176,
        164,
        193,
        197,
        182,
        108,
        127,
        123,
        199,
        196,
        181,
        196,
        171,
        138,
        144,
        159,
        146,
        157,
        156,
        90,
        205,
        194,
        175,
        89,
        87,
        81
      ]
    },
    {
      "margin": false,
      "index": 12,
      "file": null,
      "u": 0.5,
      "v": 0.3333333,
      "uw": 0.208333328,
      "vh": 0.3333333,
      "width": 426,
      "height": 426,
      "descriptor": [
        182,
        154,
        114,
        187,
        130,
        83,
        142,
        95,
        44,
        128,
        97,
        55,
        203,
        153,
        106,
        161,
        137,
        90,
        134,
        94,
        48,
        145,
        101,
        54,
        181,
        122,
        74,
        164,
        117,
        58,
        150,
        112,
        62,
        149,
        116,
        66,
        202,
        155,
        106,
        160,
        119,
        82,
        127,
        104,
        69,
        93,
        82,
        62
      ]
    },
    {
      "margin": false,
      "index": 13,
      "file": null,
      "u": 0.7083334,
      "v": 0.3333333,
      "uw": 0.208333328,
      "vh": 0.3333333,
      "width": 426,
      "height": 426,
      "descriptor": [
        140,
        96,
        51,
        163,
        110,
        94,
        83,
        68,
        61,
        191,
        151,
        123,
        158,
        115,
        69,
        112,
        88,
        76,
        118,
        97,
        70,
        155,
        110,
        86,
        144,
        115,
        74,
        155,
        118,
        94,
        125,
        96,
        77,
        148,
        101,
        73,
        142,
        109,
        73,
        137,
        109,
        78,
        95,
        80,
        65,
        112,
        93,
        70
      ]
    },
    {
      "margin": false,
      "index": 14,
      "file": null,
      "u": 0.08333334,
      "v": 0.6666666,
      "uw": 0.208333328,
      "vh": 0.3333333,
      "width": 426,
      "height": 426,
      "descriptor": [
        127,
        140,
        120,
        77,
        95,
        87,
        83,
        117,
        111,
        83,
        113,
        108,
        97,
        112,
        103,
        40,
        44,
        43,
        73,
        89,
        90,
        77,
        81,
        78,
        150,
        118,
        93,
        169,
        154,
        131,
        104,
        113,
        101,
        124,
        131,
        103,
        223,
        203,
        182,
        189,
        180,
        158,
        152,
        145,
        128,
        76,
        79,
        63
      ]
    },
    {
      "margin": false,
      "index": 15,
      "file": null,
      "u": 0.2916667,
      "v": 0.6666666,