{
  "title": "OBETE VOJNY",
  "author": "MAJERNÍK, CYPRIÁN",
  "year": "1944",
  "id": "SNG-0001023160",
  "width": 2048,
  "height": 1536,
  "file": "SNG--K_1981--1_1--_2015_08_20_--L2_WEB_69700.webp",
  "tiles_x": 4,
  "tiles_y": 3,
  "offset_x": 0.0,
  "offset_y": 0.0,
  "tiles": [
    {
      "margin": false,
      "index": 0,
      "file": null,
      "u": 0.0,
      "v": 0.0,
      "uw": 0.25,
      "vh": 0.333333343,
      "width": 512,
      "height": 512,
      "descriptor": [
        115,
        79,
        55,
        141,
        88,
        56,
        122,
        61,
        50,
        136,
        85,
        59,
        118,
        81,
        63,
        94,
        47,
        47,
        129,
        88,
        66,
        100,
        90,
        86,
        167,
        105,
        59,
        141,
        86,
        53,
        109,
        56,
        45,
        163,
        101,
        57,
        130,
        74,
        51,
        102,
        75,
        64,
        138,
        86,
        58,
        152,
        93,
        48
      ]
    },
    {
      "margin": false,
      "index": 1,
      "file": null,
      "u": 0.25,
      "v": 0.0,
      "uw": 0.25,
      "vh": 0.333333343,
      "width": 512,
      "height": 512,
      "descriptor": [
        148,
        93,
        57,
        125,
        83,
        64,
        121,
        89,
        74,
        142,
        76,
        51,
        88,
        66,
        66,
        139,
        85,
        45,
        150,
        80,
        53,
        166,
        96,
        49,
        135,
        81,
        56,
        162,
        99,
        54,
        163,
        89,
        36,
        164,
        88,
        40,
        162,
        101,
        59,
        165,
        110,
        68,
        145,
        96,
        65,
        176,
        120,
        74
      ]
    },
    {
      "margin": false,
      "index": 2,
      "file": null,
      "u": 0.5,
      "v": 0.0,
      "uw": 0.25,
      "vh": 0.333333343,
      "width": 512,
      "height": 512,
      "descriptor": [
        161,
        88,
        46,
        103,
        44,
        28,
        185,
        124,
        54,
        127,
        57,
        41,
        213,
        149,
        83,
        155,
        77,
        48,
        156,
        92,
        42,
        95,
        58,
        60,
        188,
        117,
        55,
        114,
        68,
        48,
        168,
        106,
        71,
        141,
        85,
        56,
        121,
        75,
        46,
        120,
        85,
        63,
        137,
        84,
        57,
        181,
        121,
        71
      ]
    },
    {
      "margin": false,
      "index": 3,
      "file": null,
      "u": 0.75,
      "v": 0.0,
      "uw": 0.25,
      "vh": 0.333333343,
      "width": 512,
      "height": 512,
      "descriptor": [
        111,
        74,
        63,
        144,
        103,
        74,
        132,
        102,
        63,
        125,
        117,
        104,
        184,
        142,
        35,
        135,
        111,
        86,
        108,
        96,
        87,
        112,
        86,
        84,
        109,
        74,
        73,
        106,
        83,
        80,
        169,
        127,
        87,
        189,
        163,
        123,
        130,
        104,
        93,
        201,
        123,
        66,
        178,
        148,
        104,
        144,
        113,
        82
      ]
    },
    {
      "margin": false,
      "index": 4,
      "file": null,
      "u": 0.0,
      "v": 0.333333343,
      "uw": 0.25,
      "vh": 0.333333343,
      "width": 512,
      "height": 512,
      "descriptor": [
        135,
        76,
        49,
        129,
        81,
        38,
        157,
        104,
        62,
        193,
        132,
        69,
        118,
        75,
        49,
        184,
        126,
        70,
        181,
        125,
        40,
        124,
        59,
        49,
        173,
        117,
        61,
        169,
        108,
        55,
        152,
        93,
        50,
        57,
        49,
        48,
        172,
        110,
        62,
        191,
        130,
        72,
        199,
        135,
        73,
        159,
        99,
        55
      ]
    },
    {
      "margin": false,
      "index": 5,
      "file": null,
      "u": 0.25,
      "v": 0.333333343,
      "uw": 0.25,
      "vh": 0.333333343,
      "width": 512,
      "height": 512,
      "descriptor": [
        99,
        52,
        47,
        198,
        140,
        72,
        179,
        117,
        55,
        174,
        108,
        64,
        118,
        59,
        51,
        147,
        83,
        59,
        160,
        96,
        67,
        178,
        109,
        61,
        134,
        66,
        48,
        189,
        135,
        78,
        53,
        49,
        41,
        118,
        68,
        51,
        177,
        129,
        69,
        212,
        167,
        91,
        59,
        59,
        48,
        154,
        111,
        63
      ]
    },
    {
      "margin": false,
      "index": 6,
      "file": null,
      "u": 0.5,
      "v": 0.333333343,
      "uw": 0.25,
      "vh": 0.333333343,
      "width": 512,
      "height": 512,
      "descriptor": [
        160,
        94,
        60,
        138,
        87,
        63,
        154,
        91,
        53,
        138,
        99,
        58,
        141,
        101,
        61,
        119,
        70,
        34,
        99,
        64,
        43,
        159,
        105,
        57,
        93,
        65,
        62,
        183,
        119,
        71,
        80,
        45,
        46,
        73,
        57,
        47,
        162,
        110,
        54,
        159,
        113,
        46,
        74,
        47,
        49,
        170,
        113,
        62
      ]
    },
    {
      "margin": false,
      "index": 7,
      "file": null,
      "u": 0.75,
      "v": 0.333333343,
      "uw": 0.25,
      "vh": 0.333333343,
      "width": 512,
      "height": 512,
      "descriptor": [
        189,
        156,
        109,
        130,
        73,
        56,
        189,
        122,
        70,
        123,
        93,
        62,
        90,
        63,
        41,
        187,
        143,
        93,
        213,
        143,
        68,
        156,
        127,
        86,
        185,
        132,
        63,
        100,
        68,
        64,
        163,
        116,
        93,
        140,
        118,
        97,
        165,
        101,
        66,
        218,
        151,
        78,
        160,
        110,
        81,
        158,
        123,
        85
      ]
    },
    {
      "margin": false,
      "index": 8,
      "file": null,
      "u": 0.0,
      "v": 0.6666667,
      "uw": 0.25,
      "vh": 0.333333343,
      "width": 512,
      "height": 512,
      "descriptor": [
        178,
        109,
        67,
        121,
        55,
        34,
        111,
        70,
        44,
        88,
        68,
        22,
        194,
        143,
        74,
        99,
        62,
        34,
        97,
        40,
        36,
        113,
        39,
        43,
        163,
        101,
        62,
        162,
        108,
        63,
        149,
        100,
        56,
        119,
        52,
        53,
        164,
        107,
        59,
        138,
        87,
        58,
        124,
        73,
        53,
        208,
        148,
        78
      ]
    },
    {
      "margin": false,
      "index": 9,
      "file": null,
      "u": 0.25,
      "v": 0.6666667,
      "uw": 0.25,
      "vh": 0.333333343,
      "width": 512,
      "height": 512,