{
  "title": "NEVESTA",
  "author": "ÚPRKA, JOŽA",
  "year": "1909",
  "id": "SNG-0001040711",
  "width": 1344,
  "height": 2048,
  "file": "SNG--K_32--1_1--_2015_10_06_--L2_WEB_1637235.webp",
  "tiles_x": 3,
  "tiles_y": 4,
  "offset_x": 0.0,
  "offset_y": 0.0625,
  "tiles": [
    {
      "margin": false,
      "index": 6,
      "file": null,
      "u": 0.0,
      "v": 0.0625,
      "uw": 0.333333343,
      "vh": 0.21875,
      "width": 448,
      "height": 448,
      "descriptor": [
        219,
        201,
        169,
        231,
        214,
        184,
        168,
        166,
        161,
        156,
        145,
        113,
        168,
        163,
        139,
        126,
        130,
        102,
        137,
        141,
        116,
        131,
        131,
        108,
        94,
        110,
        106,
        79,
        88,
        95,
        120,
        128,
        119,
        116,
        112,
        85,
        115,
        116,
        115,
        93,
        109,
        116,
        99,
        105,
        112,
        111,
        114,
        110
      ]
    },
    {
      "margin": false,
      "index": 7,
      "file": null,
      "u": 0.333333343,
      "v": 0.0625,
      "uw": 0.333333343,
      "vh": 0.21875,
      "width": 448,
      "height": 448,
      "descriptor": [
        143,
        150,
        156,
        122,
        124,
        110,
        94,
        107,
        126,
        155,
        160,
        147,
        119,
        128,
        134,
        107,
        114,
        145,
        174,
        165,
        104,
        135,
        168,
        182,
        101,
        105,
        111,
        201,
        157,
        65,
        148,
        169,
        129,
        189,
        153,
        61,
        81,
        87,
        99,
        165,
        160,
        150,
        186,
        178,
        159,
        163,
        186,
        146
      ]
    },
    {
      "margin": false,
      "index": 8,
      "file": null,
      "u": 0.6666667,
      "v": 0.0625,
      "uw": 0.333333343,
      "vh": 0.21875,
      "width": 448,
      "height": 448,
      "descriptor": [
        134,
        137,
        131,
        109,
        117,
        131,
        156,
        147,
        116,
        109,
        120,
        134,
        89,
        100,
        112,
        90,
        103,
        114,
        136,
        148,
        157,
        100,
        121,
        125,
        216,
        177,
        167,
        120,
        127,
        127,
        77,
        93,
        101,
        121,
        124,
        125,
        231,
        215,
        166,
        115,
        124,
        129,
        134,
        147,
        151,
        94,
        115,
        125
      ]
    },
    {
      "margin": false,
      "index": 9,
      "file": null,
      "u": 0.0,
      "v": 0.28125,
      "uw": 0.333333343,
      "vh": 0.21875,
      "width": 448,
      "height": 448,
      "descriptor": [
        175,
        181,
        188,
        156,
        166,
        178,
        137,
        171,
        116,
        95,
        109,
        117,
        132,
        143,
        116,
        135,
        146,
        156,
        88,
        133,
        86,
        140,
        163,
        114,
        87,
        123,
        91,
        205,
        163,
        153,
        162,
        177,
        122,
        118,
        146,
        85,
        99,
        125,
        79,
        140,
        165,
        105,
        55,
        84,
        62,
        206,
        160,
        137
      ]
    },
    {
      "margin": false,
      "index": 10,
      "file": null,
      "u": 0.333333343,
      "v": 0.28125,
      "uw": 0.333333343,
      "vh": 0.21875,
      "width": 448,
      "height": 448,
      "descriptor": [
        230,
        201,
        171,
        220,
        109,
        93,
        37,
        63,
        47,
        127,
        174,
        118,
        189,
        164,
        133,
        212,
        90,
        69,
        115,
        133,
        117,
        191,
        135,
        136,
        147,
        110,
        91,
        158,
        140,
        112,
        111,
        61,
        57,
        34,
        63,
        71,
        208,
        144,
        128,
        185,
        148,
        113,
        161,
        120,
        97,
        81,
        60,
        58
      ]
    },
    {
      "margin": false,
      "index": 11,
      "file": null,
      "u": 0.6666667,
      "v": 0.28125,
      "uw": 0.333333343,
      "vh": 0.21875,
      "width": 448,
      "height": 448,
      "descriptor": [
        118,
        111,
        113,
        200,
        165,
        153,
        71,
        94,
        128,
        113,
        135,
        158,
        231,
        148,
        106,
        199,
        114,
        111,
        122,
        142,
        106,
        154,
        174,
        126,
        236,
        146,
        99,
        239,
        175,
        136,
        207,
        163,
        156,
        155,
        170,
        117,
        199,
        124,
        84,
        220,
        116,
        70,
        94,
        118,
        82,
        165,
        186,
        122
      ]
    },
    {
      "margin": false,
      "index": 12,
      "file": null,
      "u": 0.0,
      "v": 0.5,
      "uw": 0.333333343,
      "vh": 0.21875,
      "width": 448,
      "height": 448,
      "descriptor": [
        105,
        130,
        78,
        145,
        165,
        104,
        118,
        147,
        98,
        86,
        118,
        80,
        119,
        153,
        91,
        133,
        86,
        85,
        203,
        119,
        127,
        189,
        204,
        150,
        129,
        158,
        91,
        133,
        157,
        90,
        144,
        170,
        107,
        197,
        186,
        168,
        79,
        105,
        77,
        92,
        122,
        81,
        233,
        221,
        194,
        233,
        219,
        189
      ]
    },
    {
      "margin": false,
      "index": 13,
      "file": null,
      "u": 0.333333343,
      "v": 0.5,
      "uw": 0.333333343,
      "vh": 0.21875,
      "width": 448,
      "height": 448,
      "descriptor": [
        138,
        119,
        92,
        186,
        135,
        99,
        169,
        148,
        109,
        75,
        63,
        61,
        202,
        191,
        171,
        164,
        162,
        163,
        224,
        208,
        188,
        163,
        139,
        143,
        201,
        189,
        175,
        188,
        177,
        159,
        215,
        126,
        49,
        220,
        197,
        105,
        233,
        217,
        189,
        246,
        230,
        206,
        237,
        223,
        192,
        237,
        221,
        189
      ]
    },
    {
      "margin": false,
      "index": 14,
      "file": null,
      "u": 0.6666667,
      "v": 0.5,
      "uw": 0.333333343,
      "vh": 0.21875,
      "width": 448,
      "height": 448,
      "descriptor": [
        97,
        55,
        47,
        240,
        179,
        144,
        227,
        134,
        105,
        146,
        164,
        99,
        189,
        179,
        162,
        166,
        43,
        45,
        204,
        137,
        106,
        142,
        167,
        98,
        226,
        195,
        137,
        122,
        79,
        68,
        208,
        111,
        72,
        134,
        158,
        96,
        246,
        230,
        203,
        161,
        114,
        99,
        178,
        141,
        85,
        240,
        192,
        158
      ]
    },
    {
      "margin": false,
      "index": 15,
      "file": null,
      "u": 0.0,
      "v": 0.71875,