{
  "title": "SAMOTA V LESE",
  "author": "MEDNYÁNSZKY, LADISLAV",
  "year": "(1865 - 1885)",
  "id": "SNG-0001002187",
  "width": 2048,
  "height": 1344,
  "file": "SNG--O_6774--1_1--_2015_05_19_--L2_WEB_104586.webp",
  "tiles_x": 4,
  "tiles_y": 3,
  "offset_x": 0.0625,
  "offset_y": 0.0,
  "tiles": [
    {
      "margin": false,
      "index": 6,
      "file": null,
      "u": 0.0625,
      "v": 0.0,
      "uw": 0.21875,
      "vh": 0.333333343,
      "width": 448,
      "height": 448,
      "descriptor": [
        177,
        159,
        144,
        165,
        144,
        126,
        147,
        130,
        117,
        170,
        149,
        120,
        175,
        153,
        133,
        160,
        124,
        71,
        163,
        146,
        127,
        184,
        166,
        141,
        138,
        121,
        80,
        179,
        155,
        150,
        187,
        167,
        141,
        180,
        166,
        154,
        156,
        135,
        114,
        196,
        176,
        154,
        108,
        86,
        54,
        135,
        112,
        74
      ]
    },
    {
      "margin": false,
      "index": 7,
      "file": null,
      "u": 0.28125,
      "v": 0.0,
      "uw": 0.21875,
      "vh": 0.333333343,
      "width": 448,
      "height": 448,
      "descriptor": [
        184,
        159,
        138,
        185,
        167,
        147,
        158,
        140,
        122,
        168,
        153,
        134,
        181,
        160,
        139,
        178,
        162,
        153,
        196,
        175,
        154,
        201,
        185,
        168,
        185,
        168,
        158,
        172,
        151,
        141,
        205,
        179,
        171,
        175,
        157,
        141,
        128,
        105,
        95,
        192,
        178,
        168,
        201,
        183,
        168,
        177,
        159,
        139
      ]
    },
    {
      "margin": false,
      "index": 8,
      "file": null,
      "u": 0.5,
      "v": 0.0,
      "uw": 0.21875,
      "vh": 0.333333343,
      "width": 448,
      "height": 448,
      "descriptor": [
        129,
        115,
        81,
        117,
        95,
        44,
        70,
        62,
        42,
        90,
        81,
        54,
        177,
        153,
        110,
        143,
        123,
        92,
        99,
        85,
        54,
        136,
        125,
        104,
        163,
        145,
        124,
        123,
        95,
        60,
        84,
        62,
        22,
        114,
        98,
        62,
        192,
        175,
        163,
        182,
        171,
        162,
        86,
        71,
        30,
        80,
        66,
        39
      ]
    },
    {
      "margin": false,
      "index": 9,
      "file": null,
      "u": 0.71875,
      "v": 0.0,
      "uw": 0.21875,
      "vh": 0.333333343,
      "width": 448,
      "height": 448,
      "descriptor": [
        122,
        109,
        87,
        140,
        125,
        97,
        130,
        114,
        93,
        173,
        157,
        141,
        139,
        118,
        96,
        150,
        133,
        111,
        178,
        160,
        140,
        161,
        144,
        132,
        106,
        89,
        60,
        194,
        176,
        158,
        176,
        157,
        139,
        177,
        160,
        146,
        181,
        170,
        153,
        175,
        159,
        142,
        173,
        156,
        139,
        181,
        165,
        145
      ]
    },
    {
      "margin": false,
      "index": 10,
      "file": null,
      "u": 0.0625,
      "v": 0.333333343,
      "uw": 0.21875,
      "vh": 0.333333343,
      "width": 448,
      "height": 448,
      "descriptor": [
        168,
        145,
        122,
        135,
        113,
        93,
        166,
        131,
        88,
        141,
        123,
        109,
        116,
        92,
        51,
        64,
        50,
        29,
        93,
        83,
        52,
        101,
        81,
        71,
        71,
        45,
        40,
        64,
        45,
        35,
        60,
        48,
        45,
        118,
        108,
        105,
        81,
        60,
        45,
        85,
        61,
        44,
        105,
        87,
        80,
        153,
        125,
        104
      ]
    },
    {
      "margin": false,
      "index": 11,
      "file": null,
      "u": 0.28125,
      "v": 0.333333343,
      "uw": 0.21875,
      "vh": 0.333333343,
      "width": 448,
      "height": 448,
      "descriptor": [
        94,
        78,
        70,
        100,
        73,
        71,
        104,
        87,
        79,
        144,
        126,
        94,
        112,
        104,
        103,
        133,
        105,
        81,
        111,
        89,
        88,
        123,
        93,
        70,
        105,
        95,
        90,
        129,
        107,
        95,
        106,
        89,
        70,
        75,
        59,
        46,
        159,
        134,
        114,
        87,
        66,
        62,
        81,
        75,
        75,
        77,
        72,
        57
      ]
    },
    {
      "margin": false,
      "index": 12,
      "file": null,
      "u": 0.5,
      "v": 0.333333343,
      "uw": 0.21875,
      "vh": 0.333333343,
      "width": 448,
      "height": 448,
      "descriptor": [
        188,
        176,
        164,
        98,
        80,
        62,
        83,
        73,
        48,
        88,
        79,
        47,
        102,
        85,
        87,
        102,
        85,
        62,
        104,
        84,
        75,
        100,
        78,
        63,
        93,
        66,
        47,
        103,
        80,
        69,
        120,
        96,
        73,
        104,
        84,
        71,
        49,
        32,
        26,
        181,
        159,
        130,
        107,
        82,
        59,
        147,
        126,
        105
      ]
    },
    {
      "margin": false,
      "index": 13,
      "file": null,
      "u": 0.71875,
      "v": 0.333333343,
      "uw": 0.21875,
      "vh": 0.333333343,
      "width": 448,
      "height": 448,
      "descriptor": [
        71,
        68,
        55,
        160,
        152,
        134,
        178,
        165,
        150,
        168,
        161,
        141,
        89,
        69,
        58,
        99,
        82,
        70,
        127,
        107,
        75,
        92,
        80,
        51,
        87,
        67,
        49,
        107,
        88,
        76,
        93,
        77,
        70,
        106,
        89,
        68,
        102,
        72,
        52,
        56,
        29,
        16,
        96,
        72,
        53,
        115,
        101,
        88
      ]
    },
    {
      "margin": false,
      "index": 14,
      "file": null,
      "u": 0.0625,
      "v": 0.6666667,
      "uw": 0.21875,
      "vh": 0.333333343,
      "width": 448,
      "height": 448,
      "descriptor": [
        108,
        75,
        56,
        113,
        91,
        68,
        86,
        71,
        34,
        116,
        99,
        81,
        131,
        96,
        78,
        148,
        114,
        91,
        153,
        120,
        99,
        148,
        118,
        96,
        86,
        77,
        35,
        125,
        98,
        70,
        104,
        97,
        60,
        109,
        97,
        54,
        108,
        88,
        58,
        119,
        92,
        64,
        110,
        80,
        53,
        111,
        88,
        60
      ]
    },
    {
      "margin": false,
      "index": 15,
      "file": null,
      "u": 0.28125,
      "v": 0.6666667,
      "uw": 0.21875,
      "vh": 0.333333343,
      "width": 448,
      "height": 448,