{
  "title": "ZBOJNÍCI",
  "author": "GALANDA, MIKULÁŠ",
  "year": "(1932 - 1933)",
  "id": "SNG-0001017459",
  "width": 1536,
  "height": 2048,
  "file": "SNG--O_5239--1_1--2013_09_18--L2_WEB_69694.webp",
  "tiles_x": 3,
  "tiles_y": 4,
  "offset_x": 0.0,
  "offset_y": 0.0,
  "tiles": [
    {
      "margin": false,
      "index": 0,
      "file": null,
      "u": 0.0,
      "v": 0.0,
      "uw": 0.333333343,
      "vh": 0.25,
      "width": 512,
      "height": 512,
      "descriptor": [
        94,
        132,
        155,
        89,
        135,
        158,
        86,
        128,
        153,
        59,
        87,
        114,
        90,
        133,
        158,
        87,
        131,
        158,
        58,
        95,
        137,
        65,
        94,
        136,
        91,
        136,
        163,
        53,
        94,
        154,
        59,
        86,
        140,
        56,
        86,
        157,
        57,
        97,
        150,
        58,
        93,
        146,
        58,
        86,
        114,
        48,
        62,
        65
      ]
    },
    {
      "margin": false,
      "index": 1,
      "file": null,
      "u": 0.333333343,
      "v": 0.0,
      "uw": 0.333333343,
      "vh": 0.25,
      "width": 512,
      "height": 512,
      "descriptor": [
        62,
        92,
        139,
        55,
        81,
        143,
        103,
        148,
        170,
        89,
        136,
        163,
        126,
        78,
        83,
        43,
        81,
        157,
        50,
        87,
        167,
        62,
        97,
        151,
        81,
        70,
        79,
        122,
        79,
        80,
        33,
        45,
        50,
        66,
        95,
        145,
        39,
        49,
        52,
        120,
        96,
        100,
        97,
        96,
        102,
        101,
        118,
        126
      ]
    },
    {
      "margin": false,
      "index": 2,
      "file": null,
      "u": 0.6666667,
      "v": 0.0,
      "uw": 0.333333343,
      "vh": 0.25,
      "width": 512,
      "height": 512,
      "descriptor": [
        88,
        133,
        158,
        92,
        131,
        155,
        95,
        137,
        162,
        93,
        136,
        161,
        50,
        72,
        119,
        38,
        64,
        104,
        98,
        140,
        161,
        93,
        142,
        166,
        61,
        101,
        155,
        59,
        104,
        154,
        75,
        109,
        141,
        75,
        105,
        131,
        39,
        48,
        52,
        72,
        115,
        158,
        75,
        113,
        145,
        51,
        88,
        144
      ]
    },
    {
      "margin": false,
      "index": 3,
      "file": null,
      "u": 0.0,
      "v": 0.25,
      "uw": 0.333333343,
      "vh": 0.25,
      "width": 512,
      "height": 512,
      "descriptor": [
        66,
        97,
        130,
        59,
        89,
        125,
        25,
        34,
        35,
        65,
        82,
        93,
        61,
        92,
        144,
        62,
        95,
        149,
        31,
        44,
        46,
        43,
        59,
        63,
        72,
        99,
        120,
        62,
        95,
        118,
        38,
        42,
        47,
        80,
        90,
        99,
        70,
        102,
        106,
        74,
        104,
        115,
        45,
        65,
        70,
        66,
        81,
        87
      ]
    },
    {
      "margin": false,
      "index": 4,
      "file": null,
      "u": 0.333333343,
      "v": 0.25,
      "uw": 0.333333343,
      "vh": 0.25,
      "width": 512,
      "height": 512,
      "descriptor": [
        116,
        136,
        146,
        46,
        50,
        52,
        52,
        63,
        68,
        85,
        97,
        104,
        42,
        65,
        67,
        163,
        173,
        178,
        48,
        65,
        68,
        55,
        73,
        78,
        127,
        83,
        86,
        149,
        159,
        162,
        52,
        55,
        59,
        37,
        43,
        44,
        61,
        74,
        78,
        119,
        130,
        135,
        102,
        112,
        121,
        86,
        101,
        109
      ]
    },
    {
      "margin": false,
      "index": 5,
      "file": null,
      "u": 0.6666667,
      "v": 0.25,
      "uw": 0.333333343,
      "vh": 0.25,
      "width": 512,
      "height": 512,
      "descriptor": [
        148,
        160,
        163,
        72,
        111,
        158,
        74,
        120,
        147,
        81,
        119,
        149,
        83,
        94,
        102,
        39,
        47,
        51,
        74,
        117,
        152,
        83,
        114,
        133,
        81,
        95,
        101,
        130,
        144,
        146,
        80,
        113,
        127,
        82,
        112,
        119,
        34,
        44,
        47,
        80,
        107,
        101,
        80,
        112,
        113,
        78,
        113,
        116
      ]
    },
    {
      "margin": false,
      "index": 6,
      "file": null,
      "u": 0.0,
      "v": 0.5,
      "uw": 0.333333343,
      "vh": 0.25,
      "width": 512,
      "height": 512,
      "descriptor": [
        63,
        93,
        98,
        71,
        98,
        126,
        43,
        61,
        66,
        79,
        89,
        95,
        65,
        96,
        107,
        36,
        47,
        50,
        53,
        72,
        78,
        78,
        92,
        98,
        73,
        102,
        101,
        46,
        60,
        65,
        38,
        46,
        50,
        75,
        87,
        94,
        64,
        96,
        102,
        41,
        58,
        63,
        60,
        88,
        100,
        61,
        77,
        83
      ]
    },
    {
      "margin": false,
      "index": 7,
      "file": null,
      "u": 0.333333343,
      "v": 0.5,
      "uw": 0.333333343,
      "vh": 0.25,
      "width": 512,
      "height": 512,
      "descriptor": [
        122,
        131,
        135,
        56,
        65,
        67,
        117,
        130,
        135,
        75,
        87,
        93,
        101,
        112,
        120,
        71,
        82,
        89,
        48,
        61,
        65,
        57,
        75,
        82,
        93,
        107,
        115,
        47,
        64,
        70,
        77,
        90,
        96,
        50,
        68,
        72,
        88,
        98,
        105,
        44,
        54,
        57,
        69,
        84,
        89,
        47,
        61,
        65
      ]
    },
    {
      "margin": false,
      "index": 8,
      "file": null,
      "u": 0.6666667,
      "v": 0.5,
      "uw": 0.333333343,
      "vh": 0.25,
      "width": 512,
      "height": 512,
      "descriptor": [
        79,
        90,
        99,
        31,
        43,
        45,
        84,
        110,
        110,
        80,
        112,
        107,
        79,
        89,
        96,
        42,
        49,
        51,
        82,
        109,
        106,
        84,
        113,
        113,
        66,
        88,
        94,
        77,
        89,
        97,
        65,
        91,
        112,
        69,
        97,
        108,
        88,
        96,
        102,
        100,
        114,
        120,
        61,
        92,
        104,
        68,
        97,
        111
      ]
    },
    {
      "margin": false,
      "index": 9,
      "file": null,
      "u": 0.0,
      "v": 0.75,
      "uw": 0.333333343,
      "vh": 0.25,
      "width": 512,
      "height": 512,