{
  "title": "MOTÍV Z CHIEMSKÉHO JAZERA",
  "author": "KATONA, FERDINAND",
  "year": "1912",
  "id": "SNG-0001002173",
  "width": 2048,
  "height": 1472,
  "file": "SNG--O_6265--1_1--_2015_05_19_--L2_WEB_4948.webp",
  "tiles_x": 4,
  "tiles_y": 3,
  "offset_x": 0.0208333433,
  "offset_y": 0.0,
  "tiles": [
    {
      "margin": false,
      "index": 6,
      "file": null,
      "u": 0.0208333433,
      "v": 0.0,
      "uw": 0.239583328,
      "vh": 0.3333333,
      "width": 490,
      "height": 490,
      "descriptor": [
        105,
        96,
        64,
        132,
        131,
        106,
        117,
        102,
        62,
        126,
        125,
        100,
        167,
        170,
        143,
        175,
        162,
        125,
        144,
        141,
        113,
        151,
        144,
        121,
        154,
        150,
        122,
        136,
        128,
        78,
        142,
        140,
        113,
        175,
        174,
        141,
        183,
        167,
        126,
        170,
        164,
        114,
        172,
        165,
        122,
        164,
        159,
        126
      ]
    },
    {
      "margin": false,
      "index": 7,
      "file": null,
      "u": 0.2604167,
      "v": 0.0,
      "uw": 0.239583328,
      "vh": 0.3333333,
      "width": 490,
      "height": 490,
      "descriptor": [
        136,
        122,
        77,
        132,
        133,
        105,
        123,
        123,
        98,
        132,
        124,
        81,
        128,
        118,
        74,
        133,
        131,
        103,
        134,
        137,
        102,
        141,
        143,
        108,
        136,
        135,
        93,
        158,
        153,
        113,
        116,
        105,
        56,
        159,
        158,
        117,
        173,
        171,
        140,
        144,
        134,
        99,
        144,
        142,
        108,
        159,
        157,
        117
      ]
    },
    {
      "margin": false,
      "index": 8,
      "file": null,
      "u": 0.5,
      "v": 0.0,
      "uw": 0.239583328,
      "vh": 0.3333333,
      "width": 490,
      "height": 490,
      "descriptor": [
        157,
        150,
        113,
        140,
        132,
        101,
        151,
        149,
        127,
        162,
        159,
        121,
        130,
        126,
        85,
        128,
        123,
        86,
        161,
        161,
        127,
        141,
        159,
        121,
        159,
        160,
        108,
        177,
        182,
        143,
        190,
        195,
        146,
        169,
        174,
        140,
        176,
        172,
        123,
        184,
        186,
        137,
        146,
        146,
        115,
        158,
        158,
        120
      ]
    },
    {
      "margin": false,
      "index": 9,
      "file": null,
      "u": 0.7395834,
      "v": 0.0,
      "uw": 0.239583328,
      "vh": 0.3333333,
      "width": 490,
      "height": 490,
      "descriptor": [
        149,
        152,
        118,
        138,
        127,
        91,
        145,
        135,
        121,
        174,
        153,
        131,
        146,
        150,
        115,
        152,
        151,
        112,
        155,
        142,
        110,
        177,
        161,
        138,
        169,
        160,
        116,
        147,
        134,
        94,
        181,
        166,
        135,
        157,
        139,
        114,
        152,
        153,
        117,
        147,
        143,
        109,
        146,
        143,
        111,
        156,
        136,
        96
      ]
    },
    {
      "margin": false,
      "index": 10,
      "file": null,
      "u": 0.0208333433,
      "v": 0.3333333,
      "uw": 0.239583328,
      "vh": 0.3333333,
      "width": 490,
      "height": 490,
      "descriptor": [
        200,
        189,
        149,
        53,
        70,
        53,
        194,
        180,
        156,
        179,
        165,
        132,
        190,
        172,
        138,
        172,
        151,
        127,
        137,
        137,
        125,
        134,
        121,
        100,
        59,
        75,
        78,
        83,
        88,
        83,
        150,
        77,
        65,
        145,
        135,
        125,
        79,
        103,
        61,
        43,
        51,
        24,
        80,
        90,
        49,
        141,
        122,
        80
      ]
    },
    {
      "margin": false,
      "index": 11,
      "file": null,
      "u": 0.2604167,
      "v": 0.3333333,
      "uw": 0.239583328,
      "vh": 0.3333333,
      "width": 490,
      "height": 490,
      "descriptor": [
        146,
        140,
        106,
        76,
        92,
        87,
        99,
        113,
        112,
        69,
        80,
        70,
        108,
        117,
        120,
        95,
        101,
        104,
        103,
        117,
        117,
        91,
        99,
        108,
        71,
        73,
        90,
        86,
        87,
        105,
        109,
        111,
        114,
        48,
        63,
        73,
        124,
        106,
        93,
        118,
        133,
        110,
        119,
        105,
        106,
        85,
        92,
        71
      ]
    },
    {
      "margin": false,
      "index": 12,
      "file": null,
      "u": 0.5,
      "v": 0.3333333,
      "uw": 0.239583328,
      "vh": 0.3333333,
      "width": 490,
      "height": 490,
      "descriptor": [
        94,
        118,
        109,
        97,
        120,
        107,
        112,
        130,
        119,
        126,
        145,
        152,
        71,
        88,
        100,
        91,
        103,
        115,
        92,
        121,
        127,
        109,
        122,
        128,
        122,
        133,
        118,
        149,
        142,
        113,
        95,
        97,
        110,
        91,
        78,
        62,
        98,
        120,
        96,
        172,
        187,
        173,
        82,
        75,
        65,
        116,
        129,
        93
      ]
    },
    {
      "margin": false,
      "index": 13,
      "file": null,
      "u": 0.7395834,
      "v": 0.3333333,
      "uw": 0.239583328,
      "vh": 0.3333333,
      "width": 490,
      "height": 490,
      "descriptor": [
        128,
        139,
        134,
        123,
        128,
        119,
        156,
        152,
        113,
        144,
        137,
        95,
        108,
        114,
        109,
        124,
        122,
        115,
        114,
        121,
        115,
        125,
        132,
        126,
        69,
        66,
        68,
        74,
        74,
        66,
        112,
        112,
        133,
        55,
        59,
        75,
        141,
        133,
        108,
        81,
        98,
        63,
        87,
        87,
        46,
        121,
        119,
        88
      ]
    },
    {
      "margin": false,
      "index": 14,
      "file": null,
      "u": 0.0208333433,
      "v": 0.6666666,
      "uw": 0.239583328,
      "vh": 0.3333333,
      "width": 490,
      "height": 490,
      "descriptor": [
        87,
        78,
        71,
        101,
        94,
        75,
        94,
        94,
        64,
        123,
        84,
        69,
        118,
        121,
        122,
        105,
        117,
        94,
        65,
        88,
        73,
        75,
        90,
        78,
        185,
        179,
        150,
        80,
        90,
        69,
        86,
        98,
        88,
        105,
        96,
        100,
        162,
        155,
        135,
        158,
        146,
        132,
        85,
        98,
        81,
        120,
        113,
        108
      ]
    },
    {
      "margin": false,
      "index": 15,
      "file": null,
      "u": 0.2604167,