{
  "title": "PRI VATRE",
  "author": "WEISZ-KUBÍNČAN, ARNOLD PETER",
  "year": "(1935 - 1944)",
  "id": "SNG-0001017977",
  "width": 2048,
  "height": 1472,
  "file": "SNG--O_4489--1_1--2013_10_07--L2_WEB_120654.webp",
  "tiles_x": 4,
  "tiles_y": 3,
  "offset_x": 0.0208333433,
  "offset_y": 0.0,
  "tiles": [
    {
      "margin": false,
      "index": 6,
      "file": null,
      "u": 0.0208333433,
      "v": 0.0,
      "uw": 0.239583328,
      "vh": 0.3333333,
      "width": 490,
      "height": 490,
      "descriptor": [
        100,
        66,
        10,
        153,
        105,
        42,
        0,
        10,
        17,
        40,
        41,
        27,
        192,
        138,
        25,
        203,
        142,
        0,
        35,
        38,
        36,
        47,
        35,
        17,
        171,
        92,
        47,
        207,
        82,
        52,
        176,
        82,
        56,
        97,
        63,
        57,
        150,
        91,
        31,
        201,
        50,
        7,
        80,
        61,
        37,
        179,
        173,
        7
      ]
    },
    {
      "margin": false,
      "index": 7,
      "file": null,
      "u": 0.2604167,
      "v": 0.0,
      "uw": 0.239583328,
      "vh": 0.3333333,
      "width": 490,
      "height": 490,
      "descriptor": [
        53,
        31,
        28,
        60,
        59,
        51,
        30,
        84,
        70,
        0,
        62,
        73,
        57,
        50,
        48,
        64,
        53,
        32,
        110,
        102,
        89,
        122,
        132,
        132,
        85,
        63,
        38,
        126,
        129,
        100,
        160,
        29,
        20,
        102,
        97,
        80,
        61,
        77,
        57,
        127,
        82,
        60,
        77,
        78,
        65,
        41,
        67,
        64
      ]
    },
    {
      "margin": false,
      "index": 8,
      "file": null,
      "u": 0.5,
      "v": 0.0,
      "uw": 0.239583328,
      "vh": 0.3333333,
      "width": 490,
      "height": 490,
      "descriptor": [
        13,
        70,
        75,
        44,
        70,
        59,
        11,
        47,
        46,
        27,
        69,
        72,
        55,
        83,
        72,
        66,
        72,
        60,
        125,
        64,
        33,
        10,
        60,
        66,
        49,
        79,
        58,
        57,
        63,
        52,
        78,
        81,
        59,
        69,
        78,
        73,
        137,
        64,
        30,
        58,
        51,
        33,
        64,
        66,
        44,
        76,
        86,
        67
      ]
    },
    {
      "margin": false,
      "index": 9,
      "file": null,
      "u": 0.7395834,
      "v": 0.0,
      "uw": 0.239583328,
      "vh": 0.3333333,
      "width": 490,
      "height": 490,
      "descriptor": [
        14,
        51,
        48,
        159,
        111,
        82,
        6,
        37,
        41,
        2,
        44,
        43,
        43,
        73,
        69,
        100,
        97,
        37,
        75,
        68,
        54,
        5,
        44,
        52,
        76,
        79,
        63,
        108,
        92,
        14,
        37,
        74,
        66,
        62,
        80,
        65,
        80,
        74,
        58,
        67,
        88,
        83,
        59,
        78,
        63,
        74,
        86,
        71
      ]
    },
    {
      "margin": false,
      "index": 10,
      "file": null,
      "u": 0.0208333433,
      "v": 0.3333333,
      "uw": 0.239583328,
      "vh": 0.3333333,
      "width": 490,
      "height": 490,
      "descriptor": [
        151,
        129,
        35,
        147,
        109,
        40,
        195,
        55,
        10,
        152,
        71,
        35,
        150,
        108,
        64,
        199,
        52,
        12,
        137,
        103,
        81,
        215,
        47,
        3,
        204,
        52,
        22,
        178,
        55,
        25,
        144,
        82,
        67,
        148,
        108,
        95,
        85,
        96,
        57,
        135,
        67,
        50,
        204,
        79,
        18,
        213,
        61,
        39
      ]
    },
    {
      "margin": false,
      "index": 11,
      "file": null,
      "u": 0.2604167,
      "v": 0.3333333,
      "uw": 0.239583328,
      "vh": 0.3333333,
      "width": 490,
      "height": 490,
      "descriptor": [
        128,
        108,
        45,
        114,
        103,
        83,
        109,
        73,
        44,
        130,
        126,
        85,
        131,
        91,
        72,
        145,
        76,
        45,
        124,
        103,
        85,
        148,
        149,
        118,
        128,
        74,
        55,
        127,
        79,
        45,
        141,
        73,
        32,
        174,
        59,
        0,
        206,
        95,
        0,
        157,
        67,
        53,
        140,
        101,
        63,
        205,
        130,
        1
      ]
    },
    {
      "margin": false,
      "index": 12,
      "file": null,
      "u": 0.5,
      "v": 0.3333333,
      "uw": 0.239583328,
      "vh": 0.3333333,
      "width": 490,
      "height": 490,
      "descriptor": [
        72,
        88,
        35,
        68,
        91,
        45,
        172,
        37,
        17,
        144,
        38,
        20,
        92,
        101,
        63,
        51,
        64,
        28,
        127,
        63,
        44,
        57,
        89,
        90,
        191,
        114,
        8,
        193,
        68,
        5,
        106,
        53,
        50,
        146,
        82,
        71,
        190,
        85,
        26,
        199,
        120,
        59,
        6,
        21,
        52,
        95,
        49,
        45
      ]
    },
    {
      "margin": false,
      "index": 13,
      "file": null,
      "u": 0.7395834,
      "v": 0.3333333,
      "uw": 0.239583328,
      "vh": 0.3333333,
      "width": 490,
      "height": 490,
      "descriptor": [
        83,
        81,
        75,
        101,
        89,
        42,
        73,
        67,
        47,
        83,
        84,
        73,
        75,
        69,
        42,
        76,
        72,
        48,
        103,
        83,
        71,
        72,
        64,
        54,
        164,
        93,
        23,
        198,
        122,
        3,
        215,
        161,
        109,
        197,
        126,
        39,
        162,
        125,
        122,
        115,
        65,
        61,
        117,
        76,
        69,
        99,
        60,
        51
      ]
    },
    {
      "margin": false,
      "index": 14,
      "file": null,
      "u": 0.0208333433,
      "v": 0.6666666,
      "uw": 0.239583328,
      "vh": 0.3333333,
      "width": 490,
      "height": 490,
      "descriptor": [
        88,
        73,
        66,
        194,
        69,
        52,
        123,
        45,
        38,
        151,
        113,
        93,
        80,
        60,
        43,
        66,
        49,
        40,
        80,
        67,
        64,
        110,
        64,
        62,
        100,
        44,
        30,
        170,
        70,
        56,
        80,
        67,
        53,
        74,
        56,
        51,
        62,
        44,
        37,
        139,
        85,
        72,
        147,
        79,
        53,
        66,
        55,
        53
      ]
    },
    {
      "margin": false,
      "index": 15,
      "file": null,
      "u": 0.2604167,
      "v": 0.6666666,
      "uw": 0.239583328,
      "vh": 0.3333333,
      "width": 490,
      "height": 490,