{
  "title": "JAZDCI",
  "author": "MAJERNÍK, CYPRIÁN",
  "year": "1936",
  "id": "SNG-0001018052",
  "width": 2048,
  "height": 1472,
  "file": "SNG--O_39--1_1--2013_10_16--L2_WEB_48486.webp",
  "tiles_x": 4,
  "tiles_y": 3,
  "offset_x": 0.0208333433,
  "offset_y": 0.0,
  "tiles": [
    {
      "margin": false,
      "index": 6,
      "file": null,
      "u": 0.0208333433,
      "v": 0.0,
      "uw": 0.239583328,
      "vh": 0.3333333,
      "width": 490,
      "height": 490,
      "descriptor": [
        7,
        33,
        64,
        30,
        47,
        76,
        59,
        54,
        61,
        1,
        14,
        47,
        100,
        80,
        81,
        5,
        65,
        85,
        21,
        60,
        67,
        22,
        38,
        47,
        235,
        212,
        184,
        56,
        72,
        68,
        31,
        107,
        91,
        20,
        98,
        71,
        198,
        116,
        83,
        56,
        81,
        74,
        203,
        196,
        187,
        188,
        187,
        182
      ]
    },
    {
      "margin": false,
      "index": 7,
      "file": null,
      "u": 0.2604167,
      "v": 0.0,
      "uw": 0.239583328,
      "vh": 0.3333333,
      "width": 490,
      "height": 490,
      "descriptor": [
        21,
        70,
        104,
        11,
        45,
        45,
        4,
        42,
        81,
        32,
        58,
        78,
        70,
        105,
        103,
        26,
        44,
        44,
        16,
        54,
        59,
        77,
        70,
        73,
        100,
        172,
        104,
        110,
        171,
        109,
        78,
        141,
        83,
        192,
        128,
        104,
        16,
        19,
        22,
        60,
        60,
        66,
        222,
        184,
        159,
        184,
        164,
        126
      ]
    },
    {
      "margin": false,
      "index": 8,
      "file": null,
      "u": 0.5,
      "v": 0.0,
      "uw": 0.239583328,
      "vh": 0.3333333,
      "width": 490,
      "height": 490,
      "descriptor": [
        86,
        146,
        108,
        218,
        188,
        153,
        60,
        126,
        95,
        88,
        128,
        84,
        16,
        111,
        82,
        97,
        84,
        60,
        2,
        112,
        77,
        43,
        24,
        24,
        64,
        123,
        92,
        224,
        221,
        214,
        19,
        121,
        86,
        62,
        33,
        31,
        117,
        154,
        135,
        39,
        123,
        87,
        0,
        107,
        68,
        204,
        194,
        197
      ]
    },
    {
      "margin": false,
      "index": 9,
      "file": null,
      "u": 0.7395834,
      "v": 0.0,
      "uw": 0.239583328,
      "vh": 0.3333333,
      "width": 490,
      "height": 490,
      "descriptor": [
        86,
        126,
        84,
        69,
        49,
        43,
        21,
        30,
        35,
        124,
        79,
        54,
        81,
        62,
        61,
        237,
        160,
        134,
        19,
        16,
        23,
        136,
        100,
        72,
        69,
        32,
        26,
        204,
        107,
        56,
        206,
        109,
        52,
        136,
        86,
        60,
        238,
        232,
        235,
        229,
        219,
        218,
        155,
        94,
        44,
        147,
        100,
        68
      ]
    },
    {
      "margin": false,
      "index": 10,
      "file": null,
      "u": 0.0208333433,
      "v": 0.3333333,
      "uw": 0.239583328,
      "vh": 0.3333333,
      "width": 490,
      "height": 490,
      "descriptor": [
        216,
        200,
        176,
        38,
        63,
        66,
        191,
        177,
        157,
        186,
        193,
        172,
        103,
        67,
        69,
        122,
        134,
        112,
        94,
        88,
        86,
        74,
        63,
        60,
        199,
        154,
        120,
        171,
        155,
        112,
        103,
        87,
        75,
        40,
        84,
        55,
        130,
        119,
        111,
        142,
        92,
        64,
        83,
        68,
        59,
        2,
        107,
        66
      ]
    },
    {
      "margin": false,
      "index": 11,
      "file": null,
      "u": 0.2604167,
      "v": 0.3333333,
      "uw": 0.239583328,
      "vh": 0.3333333,
      "width": 490,
      "height": 490,
      "descriptor": [
        2,
        112,
        70,
        83,
        87,
        84,
        222,
        194,
        156,
        222,
        184,
        153,
        51,
        97,
        65,
        56,
        65,
        68,
        31,
        39,
        42,
        19,
        33,
        41,
        62,
        80,
        92,
        34,
        38,
        41,
        45,
        57,
        61,
        201,
        159,
        129,
        31,
        108,
        71,
        56,
        72,
        73,
        49,
        58,
        61,
        72,
        48,
        48
      ]
    },
    {
      "margin": false,
      "index": 12,
      "file": null,
      "u": 0.5,
      "v": 0.3333333,
      "uw": 0.239583328,
      "vh": 0.3333333,
      "width": 490,
      "height": 490,
      "descriptor": [
        136,
        148,
        102,
        45,
        113,
        61,
        2,
        92,
        70,
        39,
        24,
        21,
        134,
        118,
        96,
        60,
        114,
        73,
        20,
        95,
        70,
        49,
        32,
        37,
        80,
        87,
        92,
        64,
        73,
        76,
        39,
        61,
        65,
        140,
        136,
        100,
        50,
        76,
        86,
        60,
        75,
        77,
        56,
        72,
        69,
        57,
        54,
        54
      ]
    },
    {
      "margin": false,
      "index": 13,
      "file": null,
      "u": 0.7395834,
      "v": 0.3333333,
      "uw": 0.239583328,
      "vh": 0.3333333,
      "width": 490,
      "height": 490,
      "descriptor": [
        240,
        233,
        230,
        231,
        219,
        210,
        243,
        234,
        227,
        130,
        83,
        56,
        50,
        35,
        32,
        228,
        215,
        204,
        245,
        237,
        235,
        125,
        81,
        63,
        58,
        25,
        21,
        224,
        196,
        174,
        244,
        231,
        225,
        127,
        86,
        61,
        220,
        187,
        174,
        242,
        231,
        225,
        223,
        198,
        189,
        138,
        86,
        55
      ]
    },
    {
      "margin": false,
      "index": 14,
      "file": null,
      "u": 0.0208333433,
      "v": 0.6666666,
      "uw": 0.239583328,
      "vh": 0.3333333,
      "width": 490,
      "height": 490,
      "descriptor": [
        51,
        87,
        66,
        34,
        78,
        49,
        122,
        101,
        80,
        64,
        103,
        73,
        84,
        85,
        63,
        64,
        90,
        72,
        85,
        116,
        83,
        91,
        77,
        94,
        47,
        30,
        31,
        47,
        51,
        54,
        78,
        59,
        57,
        47,
        41,
        36,
        62,
        46,
        46,
        59,
        43,
        39,
        70,
        49,
        41,
        75,
        63,
        65
      ]
    },
    {
      "margin": false,
      "index": 15,
      "file": null,
      "u": 0.2604167,
      "v": 0.6666666,
      "uw": 0.239583328,
      "vh": 0.3333333,
      "width": 490,
      "height": 490,