{
  "title": "POĽOVNÍCKY MOTÍV",
  "author": "WEISZ-KUBÍNČAN, ARNOLD PETER",
  "year": "(1940 - 1943)",
  "id": "SNG-0001007187",
  "width": 2048,
  "height": 1472,
  "file": "SNG--K_9032--1_1--2015_09_04--L2_WEB_111261.webp",
  "tiles_x": 4,
  "tiles_y": 3,
  "offset_x": 0.0208333433,
  "offset_y": 0.0,
  "tiles": [
    {
      "margin": false,
      "index": 6,
      "file": null,
      "u": 0.0208333433,
      "v": 0.0,
      "uw": 0.239583328,
      "vh": 0.3333333,
      "width": 490,
      "height": 490,
      "descriptor": [
        97,
        126,
        141,
        94,
        118,
        129,
        89,
        115,
        128,
        54,
        74,
        112,
        85,
        107,
        118,
        180,
        198,
        181,
        128,
        157,
        158,
        134,
        137,
        129,
        78,
        101,
        118,
        67,
        108,
        130,
        168,
        188,
        148,
        145,
        155,
        136,
        47,
        65,
        88,
        90,
        114,
        73,
        138,
        164,
        119,
        123,
        157,
        81
      ]
    },
    {
      "margin": false,
      "index": 7,
      "file": null,
      "u": 0.2604167,
      "v": 0.0,
      "uw": 0.239583328,
      "vh": 0.3333333,
      "width": 490,
      "height": 490,
      "descriptor": [
        52,
        82,
        121,
        64,
        107,
        139,
        68,
        115,
        145,
        80,
        107,
        103,
        89,
        134,
        159,
        109,
        153,
        175,
        66,
        92,
        91,
        117,
        137,
        95,
        129,
        131,
        117,
        123,
        158,
        171,
        90,
        118,
        103,
        83,
        103,
        87,
        143,
        161,
        104,
        145,
        181,
        94,
        209,
        214,
        62,
        61,
        95,
        105
      ]
    },
    {
      "margin": false,
      "index": 8,
      "file": null,
      "u": 0.5,
      "v": 0.0,
      "uw": 0.239583328,
      "vh": 0.3333333,
      "width": 490,
      "height": 490,
      "descriptor": [
        83,
        108,
        99,
        85,
        147,
        176,
        95,
        148,
        186,
        85,
        105,
        119,
        75,
        102,
        102,
        91,
        144,
        153,
        137,
        165,
        130,
        127,
        139,
        123,
        106,
        107,
        68,
        105,
        133,
        131,
        115,
        139,
        128,
        100,
        126,
        128,
        124,
        132,
        96,
        111,
        92,
        91,
        168,
        181,
        103,
        147,
        160,
        79
      ]
    },
    {
      "margin": false,
      "index": 9,
      "file": null,
      "u": 0.7395834,
      "v": 0.0,
      "uw": 0.239583328,
      "vh": 0.3333333,
      "width": 490,
      "height": 490,
      "descriptor": [
        82,
        102,
        123,
        107,
        97,
        119,
        55,
        55,
        67,
        141,
        175,
        187,
        75,
        138,
        172,
        74,
        92,
        104,
        67,
        80,
        92,
        88,
        134,
        154,
        94,
        109,
        117,
        59,
        77,
        98,
        75,
        111,
        129,
        84,
        104,
        111,
        143,
        156,
        110,
        136,
        143,
        115,
        71,
        85,
        104,
        84,
        109,
        127
      ]
    },
    {
      "margin": false,
      "index": 10,
      "file": null,
      "u": 0.0208333433,
      "v": 0.3333333,
      "uw": 0.239583328,
      "vh": 0.3333333,
      "width": 490,
      "height": 490,
      "descriptor": [
        186,
        192,
        88,
        110,
        130,
        76,
        72,
        94,
        81,
        70,
        92,
        76,
        165,
        167,
        130,
        118,
        147,
        95,
        106,
        140,
        88,
        62,
        81,
        77,
        72,
        88,
        88,
        127,
        149,
        108,
        131,
        162,
        69,
        119,
        142,
        66,
        137,
        156,
        131,
        137,
        144,
        94,
        120,
        130,
        84,
        133,
        110,
        82
      ]
    },
    {
      "margin": false,
      "index": 11,
      "file": null,
      "u": 0.2604167,
      "v": 0.3333333,
      "uw": 0.239583328,
      "vh": 0.3333333,
      "width": 490,
      "height": 490,
      "descriptor": [
        102,
        105,
        99,
        119,
        110,
        81,
        74,
        77,
        70,
        142,
        162,
        103,
        66,
        87,
        83,
        102,
        156,
        86,
        200,
        192,
        49,
        60,
        70,
        73,
        125,
        110,
        83,
        88,
        116,
        85,
        95,
        120,
        83,
        136,
        133,
        95,
        146,
        157,
        71,
        183,
        183,
        186,
        170,
        178,
        170,
        184,
        182,
        98
      ]
    },
    {
      "margin": false,
      "index": 12,
      "file": null,
      "u": 0.5,
      "v": 0.3333333,
      "uw": 0.239583328,
      "vh": 0.3333333,
      "width": 490,
      "height": 490,
      "descriptor": [
        108,
        137,
        89,
        100,
        79,
        72,
        123,
        117,
        104,
        135,
        145,
        105,
        174,
        120,
        96,
        143,
        107,
        86,
        94,
        82,
        71,
        68,
        74,
        78,
        114,
        113,
        80,
        125,
        115,
        84,
        158,
        177,
        72,
        88,
        107,
        56,
        82,
        104,
        100,
        90,
        100,
        93,
        116,
        109,
        80,
        132,
        136,
        88
      ]
    },
    {
      "margin": false,
      "index": 13,
      "file": null,
      "u": 0.7395834,
      "v": 0.3333333,
      "uw": 0.239583328,
      "vh": 0.3333333,
      "width": 490,
      "height": 490,
      "descriptor": [
        138,
        155,
        115,
        148,
        165,
        135,
        134,
        147,
        152,
        82,
        102,
        115,
        94,
        87,
        82,
        171,
        183,
        77,
        94,
        84,
        68,
        208,
        175,
        174,
        145,
        103,
        72,
        95,
        102,
        84,
        130,
        144,
        127,
        193,
        175,
        161,
        84,
        88,
        81,
        134,
        104,
        88,
        88,
        92,
        82,
        144,
        156,
        115
      ]
    },
    {
      "margin": false,
      "index": 14,
      "file": null,
      "u": 0.0208333433,
      "v": 0.6666666,
      "uw": 0.239583328,
      "vh": 0.3333333,
      "width": 490,
      "height": 490,
      "descriptor": [
        129,
        151,
        112,
        190,
        206,
        87,
        84,
        83,
        91,
        112,
        125,
        90,
        149,
        164,
        123,
        186,
        201,
        69,
        167,
        188,
        61,
        56,
        75,
        72,
        192,
        179,
        123,
        90,
        114,
        89,
        120,
        161,
        71,
        73,
        107,
        88,
        226,
        215,
        179,
        191,
        196,
        143,
        156,
        161,
        120,
        204,
        199,
        157
      ]
    },
    {
      "margin": false,
      "index": 15,
      "file": null,
      "u": 0.2604167,
      "v": 0.6666666,