{
  "title": "NA ZDRAVIE",
  "author": "ROMBAUER, JÁN",
  "year": "1841",
  "id": "SNG-0001002358",
  "width": 1600,
  "height": 2048,
  "file": "SNG--O_75--1_1--_2015_07_09_--L2_WEB_44903.webp",
  "tiles_x": 3,
  "tiles_y": 3,
  "offset_x": 0.0,
  "offset_y": 0.109375,
  "tiles": [
    {
      "margin": false,
      "index": 6,
      "file": null,
      "u": 0.0,
      "v": 0.109375,
      "uw": 0.3333333,
      "vh": 0.260416657,
      "width": 533,
      "height": 533,
      "descriptor": [
        66,
        53,
        40,
        127,
        47,
        10,
        87,
        32,
        16,
        14,
        12,
        13,
        138,
        48,
        11,
        47,
        17,
        19,
        64,
        31,
        16,
        23,
        17,
        17,
        107,
        58,
        18,
        39,
        20,
        17,
        19,
        16,
        17,
        87,
        53,
        16,
        48,
        37,
        21,
        63,
        32,
        16,
        104,
        73,
        27,
        182,
        123,
        85
      ]
    },
    {
      "margin": false,
      "index": 7,
      "file": null,
      "u": 0.3333333,
      "v": 0.109375,
      "uw": 0.3333333,
      "vh": 0.260416657,
      "width": 533,
      "height": 533,
      "descriptor": [
        16,
        12,
        11,
        16,
        15,
        14,
        13,
        12,
        11,
        52,
        41,
        21,
        121,
        87,
        35,
        157,
        120,
        89,
        16,
        14,
        14,
        14,
        11,
        11,
        174,
        136,
        99,
        154,
        104,
        63,
        77,
        53,
        30,
        28,
        20,
        18,
        197,
        139,
        93,
        187,
        144,
        105,
        55,
        44,
        40,
        59,
        44,
        23
      ]
    },
    {
      "margin": false,
      "index": 8,
      "file": null,
      "u": 0.6666666,
      "v": 0.109375,
      "uw": 0.3333333,
      "vh": 0.260416657,
      "width": 533,
      "height": 533,
      "descriptor": [
        78,
        63,
        27,
        54,
        43,
        17,
        49,
        39,
        16,
        44,
        35,
        14,
        32,
        24,
        14,
        51,
        42,
        15,
        46,
        35,
        17,
        39,
        30,
        12,
        208,
        158,
        122,
        196,
        150,
        108,
        46,
        35,
        13,
        40,
        30,
        15,
        187,
        133,
        90,
        173,
        125,
        92,
        49,
        37,
        16,
        32,
        21,
        8
      ]
    },
    {
      "margin": false,
      "index": 9,
      "file": null,
      "u": 0.0,
      "v": 0.369791657,
      "uw": 0.3333333,
      "vh": 0.260416657,
      "width": 533,
      "height": 533,
      "descriptor": [
        40,
        28,
        9,
        49,
        33,
        18,
        77,
        55,
        26,
        188,
        144,
        97,
        35,
        22,
        13,
        60,
        46,
        30,
        162,
        152,
        125,
        197,
        184,
        155,
        45,
        9,
        8,
        112,
        24,
        2,
        79,
        18,
        4,
        45,
        63,
        8,
        172,
        46,
        6,
        150,
        40,
        2,
        130,
        27,
        5,
        119,
        32,
        6
      ]
    },
    {
      "margin": false,
      "index": 10,
      "file": null,
      "u": 0.3333333,
      "v": 0.369791657,
      "uw": 0.3333333,
      "vh": 0.260416657,
      "width": 533,
      "height": 533,
      "descriptor": [
        183,
        137,
        94,
        106,
        53,
        18,
        34,
        24,
        23,
        49,
        36,
        12,
        157,
        109,
        70,
        132,
        119,
        94,
        29,
        14,
        10,
        53,
        40,
        14,
        74,
        80,
        31,
        44,
        51,
        42,
        65,
        41,
        19,
        50,
        39,
        18,
        72,
        71,
        37,
        136,
        80,
        45,
        56,
        20,
        14,
        23,
        12,
        9
      ]
    },
    {
      "margin": false,
      "index": 11,
      "file": null,
      "u": 0.6666666,
      "v": 0.369791657,
      "uw": 0.3333333,
      "vh": 0.260416657,
      "width": 533,
      "height": 533,
      "descriptor": [
        52,
        39,
        13,
        125,
        76,
        42,
        46,
        33,
        17,
        33,
        22,
        12,
        71,
        57,
        40,
        192,
        168,
        118,
        91,
        80,
        61,
        45,
        35,
        21,
        137,
        116,
        84,
        118,
        97,
        57,
        123,
        103,
        68,
        109,
        92,
        68,
        37,
        32,
        18,
        77,
        70,
        29,
        41,
        33,
        22,
        81,
        75,
        61
      ]
    },
    {
      "margin": false,
      "index": 12,
      "file": null,
      "u": 0.0,
      "v": 0.6302083,
      "uw": 0.3333333,
      "vh": 0.260416657,
      "width": 533,
      "height": 533,
      "descriptor": [
        121,
        35,
        8,
        135,
        56,
        35,
        147,
        40,
        3,
        41,
        12,
        11,
        63,
        18,
        12,
        27,
        24,
        14,
        77,
        17,
        11,
        60,
        22,
        7,
        82,
        77,
        32,
        59,
        59,
        22,
        43,
        42,
        23,
        21,
        9,
        6,
        84,
        82,
        40,
        23,
        30,
        19,
        92,
        94,
        41,
        57,
        61,
        32
      ]
    },
    {
      "margin": false,
      "index": 13,
      "file": null,
      "u": 0.3333333,
      "v": 0.6302083,
      "uw": 0.3333333,
      "vh": 0.260416657,
      "width": 533,
      "height": 533,
      "descriptor": [
        220,
        169,
        120,
        105,
        67,
        38,
        103,
        63,
        36,
        33,
        16,
        13,
        41,
        21,
        15,
        145,
        91,
        54,
        20,
        13,
        13,
        16,
        11,
        11,
        183,
        140,
        107,
        137,
        94,
        63,
        37,
        23,
        21,
        26,
        16,
        17,
        149,
        128,
        93,
        94,
        77,
        51,
        31,
        13,
        11,
        35,
        24,
        25
      ]
    },
    {
      "margin": false,
      "index": 14,
      "file": null,
      "u": 0.6666666,
      "v": 0.6302083,
      "uw": 0.3333333,
      "vh": 0.260416657,
      "width": 533,
      "height": 533,
      "descriptor": [
        25,
        34,
        13,
        68,
        65,
        26,
        9,
        8,
        6,
        80,
        75,
        57,
        25,
        10,
        11,
        14,
        12,
        11,
        36,
        25,
        16,
        16,
        11,
        7,
        25,
        12,
        12,
        23,
        22,
        20,
        19,
        22,
        21,
        15,
        12,
        10,
        33,
        23,
        23,
        35,
        24,
        15,
        13,
        13,
        12,
        130,
        119,
        90
      ]
    }
  ],
  "margins": [
    {
      "margin": true,
      "index": 0,
      "file": null,
      "u": 0.0,
      "v": 0.0,
      "uw": 0.3333333,
      "vh": 0.109375,
      "width": 533,
      "height": 224,
      "descriptor": null
    },
    {
      "margin": true,
      "index": 1,
      "file": null,
      "u": 0.0,
      "v": 0.890625,
      "uw": 0.3333333,