{
  "title": "DEDINSKÝ KOSTOL",
  "author": "NOVOPACKÝ, JAN",
  "year": "(1850 - 1900)",
  "id": "SNG-0001002720",
  "width": 1856,
  "height": 2048,
  "file": "SNG--O_3578--1_1--_2015_08_05_--L2_WEB_105534.webp",
  "tiles_x": 3,
  "tiles_y": 3,
  "offset_x": 0.0,
  "offset_y": 0.046875,
  "tiles": [
    {
      "margin": false,
      "index": 6,
      "file": null,
      "u": 0.0,
      "v": 0.046875,
      "uw": 0.333333343,
      "vh": 0.302083343,
      "width": 618,
      "height": 618,
      "descriptor": [
        202,
        177,
        134,
        228,
        214,
        177,
        226,
        213,
        178,
        237,
        221,
        178,
        176,
        167,
        132,
        213,
        207,
        181,
        188,
        187,
        155,
        214,
        208,
        177,
        192,
        184,
        154,
        180,
        176,
        149,
        208,
        202,
        174,
        185,
        182,
        159,
        213,
        199,
        139,
        171,
        163,
        131,
        189,
        182,
        148,
        208,
        199,
        166
      ]
    },
    {
      "margin": false,
      "index": 7,
      "file": null,
      "u": 0.333333343,
      "v": 0.046875,
      "uw": 0.333333343,
      "vh": 0.302083343,
      "width": 618,
      "height": 618,
      "descriptor": [
        207,
        195,
        158,
        208,
        201,
        171,
        189,
        181,
        152,
        226,
        224,
        199,
        212,
        204,
        177,
        187,
        182,
        156,
        195,
        192,
        173,
        188,
        187,
        162,
        215,
        211,
        179,
        180,
        175,
        144,
        202,
        201,
        174,
        196,
        189,
        163,
        121,
        126,
        120,
        136,
        136,
        122,
        220,
        210,
        171,
        215,
        206,
        175
      ]
    },
    {
      "margin": false,
      "index": 8,
      "file": null,
      "u": 0.6666667,
      "v": 0.046875,
      "uw": 0.333333343,
      "vh": 0.302083343,
      "width": 618,
      "height": 618,
      "descriptor": [
        205,
        194,
        168,
        189,
        184,
        142,
        93,
        95,
        68,
        64,
        69,
        50,
        198,
        195,
        172,
        184,
        186,
        165,
        69,
        72,
        50,
        91,
        96,
        76,
        207,
        201,
        170,
        204,
        193,
        157,
        128,
        126,
        102,
        67,
        66,
        49,
        188,
        182,
        150,
        98,
        103,
        78,
        60,
        64,
        48,
        64,
        69,
        48
      ]
    },
    {
      "margin": false,
      "index": 9,
      "file": null,
      "u": 0.0,
      "v": 0.348958343,
      "uw": 0.333333343,
      "vh": 0.302083343,
      "width": 618,
      "height": 618,
      "descriptor": [
        149,
        124,
        64,
        110,
        109,
        76,
        93,
        107,
        86,
        173,
        169,
        145,
        145,
        125,
        70,
        88,
        91,
        53,
        90,
        92,
        62,
        104,
        101,
        68,
        83,
        78,
        55,
        96,
        95,
        65,
        107,
        100,
        55,
        89,
        89,
        64,
        125,
        108,
        75,
        58,
        58,
        37,
        111,
        101,
        64,
        98,
        97,
        75
      ]
    },
    {
      "margin": false,
      "index": 10,
      "file": null,
      "u": 0.333333343,
      "v": 0.348958343,
      "uw": 0.333333343,
      "vh": 0.302083343,
      "width": 618,
      "height": 618,
      "descriptor": [
        94,
        99,
        55,
        105,
        108,
        86,
        86,
        84,
        59,
        90,
        92,
        74,
        113,
        113,
        73,
        85,
        84,
        47,
        82,
        83,
        62,
        122,
        121,
        77,
        80,
        85,
        62,
        97,
        105,
        69,
        106,
        106,
        83,
        63,
        63,
        36,
        90,
        92,
        65,
        106,
        102,
        65,
        163,
        173,
        159,
        117,
        132,
        129
      ]
    },
    {
      "margin": false,
      "index": 11,
      "file": null,
      "u": 0.6666667,
      "v": 0.348958343,
      "uw": 0.333333343,
      "vh": 0.302083343,
      "width": 618,
      "height": 618,
      "descriptor": [
        77,
        79,
        59,
        63,
        70,
        54,
        63,
        69,
        48,
        59,
        62,
        46,
        61,
        67,
        50,
        62,
        67,
        52,
        69,
        74,
        58,
        72,
        80,
        53,
        80,
        86,
        68,
        115,
        106,
        89,
        67,
        64,
        57,
        71,
        74,
        68,
        60,
        69,
        50,
        68,
        72,
        61,
        83,
        70,
        48,
        94,
        78,
        53
      ]
    },
    {
      "margin": false,
      "index": 12,
      "file": null,
      "u": 0.0,
      "v": 0.6510417,
      "uw": 0.333333343,
      "vh": 0.302083343,
      "width": 618,
      "height": 618,
      "descriptor": [
        85,
        91,
        74,
        67,
        69,
        51,
        124,
        123,
        81,
        157,
        156,
        130,
        100,
        93,
        65,
        77,
        80,
        56,
        110,
        107,
        66,
        128,
        132,
        122,
        112,
        113,
        90,
        111,
        114,
        87,
        127,
        139,
        120,
        128,
        147,
        141,
        114,
        111,
        103,
        133,
        144,
        139,
        126,
        142,
        137,
        106,
        123,
        119
      ]
    },
    {
      "margin": false,
      "index": 13,
      "file": null,
      "u": 0.333333343,
      "v": 0.6510417,
      "uw": 0.333333343,
      "vh": 0.302083343,
      "width": 618,
      "height": 618,
      "descriptor": [
        145,
        152,
        136,
        144,
        155,
        134,
        153,
        159,
        144,
        128,
        141,
        135,
        149,
        158,
        146,
        136,
        147,
        137,
        141,
        156,
        150,
        122,
        138,
        113,
        122,
        137,
        135,
        140,
        145,
        128,
        133,
        149,
        139,
        98,
        96,
        67,
        141,
        159,
        154,
        121,
        138,
        138,
        129,
        148,
        148,
        128,
        145,
        143
      ]
    },
    {
      "margin": false,
      "index": 14,
      "file": null,
      "u": 0.6666667,
      "v": 0.6510417,
      "uw": 0.333333343,
      "vh": 0.302083343,
      "width": 618,
      "height": 618,
      "descriptor": [
        102,
        105,
        83,
        53,
        53,
        43,
        44,
        48,
        42,
        63,
        63,
        47,
        67,
        75,
        50,
        39,
        42,
        24,
        45,
        47,
        37,
        83,
        86,
        63,
        72,
        79,
        60,
        56,
        62,
        36,
        72,
        80,
        54,
        62,
        63,
        38,
        95,
        96,
        60,
        56,
        63,
        39,
        80,
        85,
        63,
        81,
        84,
        50
      ]
    }
  ],
  "margins": [
    {
      "margin": true,
      "index": 0,
      "file": null,
      "u": 0.0,
      "v": 0.0,