{
  "title": "LESNÁ CESTA",
  "author": "NOVOPACKÝ, JAN",
  "year": "(1850 - 1900)",
  "id": "SNG-0001002722",
  "width": 2048,
  "height": 1856,
  "file": "SNG--O_3580--1_1--_2015_08_05_--L2_WEB_105858.webp",
  "tiles_x": 3,
  "tiles_y": 3,
  "offset_x": 0.046875,
  "offset_y": 0.0,
  "tiles": [
    {
      "margin": false,
      "index": 6,
      "file": null,
      "u": 0.046875,
      "v": 0.0,
      "uw": 0.302083343,
      "vh": 0.333333343,
      "width": 618,
      "height": 618,
      "descriptor": [
        228,
        222,
        192,
        213,
        210,
        184,
        225,
        218,
        187,
        223,
        215,
        186,
        204,
        198,
        176,
        190,
        187,
        161,
        106,
        85,
        53,
        199,
        200,
        181,
        222,
        218,
        191,
        222,
        218,
        192,
        76,
        65,
        47,
        207,
        209,
        186,
        213,
        207,
        184,
        231,
        224,
        195,
        101,
        70,
        55,
        215,
        212,
        183
      ]
    },
    {
      "margin": false,
      "index": 7,
      "file": null,
      "u": 0.348958343,
      "v": 0.0,
      "uw": 0.302083343,
      "vh": 0.333333343,
      "width": 618,
      "height": 618,
      "descriptor": [
        209,
        203,
        176,
        229,
        222,
        186,
        181,
        135,
        72,
        106,
        94,
        57,
        201,
        193,
        168,
        191,
        196,
        181,
        169,
        172,
        155,
        157,
        115,
        39,
        197,
        203,
        189,
        190,
        199,
        184,
        169,
        170,
        131,
        174,
        161,
        126,
        140,
        125,
        74,
        199,
        205,
        187,
        105,
        104,
        75,
        118,
        121,
        95
      ]
    },
    {
      "margin": false,
      "index": 8,
      "file": null,
      "u": 0.6510417,
      "v": 0.0,
      "uw": 0.302083343,
      "vh": 0.333333343,
      "width": 618,
      "height": 618,
      "descriptor": [
        83,
        68,
        36,
        90,
        72,
        45,
        143,
        113,
        70,
        183,
        136,
        92,
        69,
        55,
        38,
        118,
        101,
        70,
        63,
        50,
        36,
        96,
        76,
        60,
        64,
        57,
        34,
        78,
        60,
        32,
        73,
        58,
        49,
        77,
        70,
        58,
        97,
        87,
        43,
        71,
        58,
        28,
        74,
        60,
        46,
        130,
        98,
        35
      ]
    },
    {
      "margin": false,
      "index": 9,
      "file": null,
      "u": 0.046875,
      "v": 0.333333343,
      "uw": 0.302083343,
      "vh": 0.333333343,
      "width": 618,
      "height": 618,
      "descriptor": [
        225,
        218,
        192,
        216,
        213,
        192,
        189,
        183,
        156,
        220,
        221,
        198,
        232,
        223,
        194,
        155,
        133,
        65,
        162,
        123,
        42,
        208,
        205,
        176,
        88,
        78,
        62,
        143,
        112,
        46,
        141,
        129,
        87,
        163,
        144,
        100,
        218,
        219,
        191,
        75,
        65,
        47,
        139,
        116,
        57,
        132,
        102,
        46
      ]
    },
    {
      "margin": false,
      "index": 10,
      "file": null,
      "u": 0.348958343,
      "v": 0.333333343,
      "uw": 0.302083343,
      "vh": 0.333333343,
      "width": 618,
      "height": 618,
      "descriptor": [
        223,
        216,
        189,
        220,
        218,
        188,
        192,
        158,
        76,
        164,
        137,
        82,
        226,
        222,
        192,
        169,
        141,
        76,
        188,
        156,
        85,
        184,
        167,
        101,
        166,
        153,
        112,
        147,
        125,
        74,
        169,
        142,
        67,
        109,
        84,
        42,
        128,
        114,
        51,
        110,
        77,
        31,
        81,
        73,
        45,
        87,
        61,
        9
      ]
    },
    {
      "margin": false,
      "index": 11,
      "file": null,
      "u": 0.6510417,
      "v": 0.333333343,
      "uw": 0.302083343,
      "vh": 0.333333343,
      "width": 618,
      "height": 618,
      "descriptor": [
        66,
        65,
        50,
        99,
        85,
        53,
        93,
        67,
        33,
        184,
        151,
        68,
        59,
        56,
        43,
        54,
        45,
        30,
        110,
        88,
        45,
        85,
        75,
        48,
        160,
        122,
        66,
        99,
        69,
        31,
        88,
        78,
        61,
        131,
        96,
        49,
        89,
        65,
        24,
        60,
        45,
        35,
        128,
        91,
        43,
        159,
        121,
        57
      ]
    },
    {
      "margin": false,
      "index": 12,
      "file": null,
      "u": 0.046875,
      "v": 0.6666667,
      "uw": 0.302083343,
      "vh": 0.333333343,
      "width": 618,
      "height": 618,
      "descriptor": [
        221,
        214,
        180,
        102,
        86,
        50,
        142,
        119,
        67,
        81,
        58,
        27,
        97,
        86,
        51,
        155,
        125,
        88,
        88,
        80,
        42,
        116,
        84,
        38,
        216,
        197,
        140,
        170,
        128,
        55,
        190,
        150,
        76,
        122,
        91,
        42,
        212,
        207,
        175,
        218,
        200,
        151,
        160,
        131,
        59,
        144,
        114,
        54
      ]
    },
    {
      "margin": false,
      "index": 13,
      "file": null,
      "u": 0.348958343,
      "v": 0.6666667,
      "uw": 0.302083343,
      "vh": 0.333333343,
      "width": 618,
      "height": 618,
      "descriptor": [
        78,
        66,
        30,
        150,
        125,
        53,
        128,
        122,
        100,
        67,
        57,
        31,
        101,
        46,
        17,
        60,
        47,
        32,
        123,
        86,
        54,
        73,
        65,
        54,
        201,
        187,
        113,
        139,
        89,
        32,
        109,
        75,
        41,
        88,
        43,
        20,
        189,
        160,
        130,
        157,
        118,
        75,
        181,
        134,
        40,
        128,
        103,
        68
      ]
    },
    {
      "margin": false,
      "index": 14,
      "file": null,
      "u": 0.6510417,
      "v": 0.6666667,
      "uw": 0.302083343,
      "vh": 0.333333343,
      "width": 618,
      "height": 618,
      "descriptor": [
        56,
        41,
        39,
        69,
        60,
        47,
        176,
        144,
        108,
        134,
        122,
        59,
        81,
        69,
        58,
        131,
        108,
        72,
        76,
        59,
        45,
        98,
        82,
        52,
        119,
        102,
        52,
        78,
        54,
        16,
        92,
        70,
        37,
        72,
        67,
        51,
        127,
        91,
        18,
        70,
        59,
        34,
        112,
        89,
        39,
        120,
        97,
        65
      ]
    }
  ],
  "margins": [
    {
      "margin": true,
      "index": 0,
      "file": null,
      "u": 0.0,
      "v": 0.0,
      "uw": 0.046875,