{
  "title": "HOREHRONKA",
  "author": "PALUGYAY, ZOLO",
  "year": "1931",
  "id": "SNG-0001022779",
  "width": 1280,
  "height": 2048,
  "file": "SNG--K_5043--1_1--_2015_08_05_--L2_WEB_66343.webp",
  "tiles_x": 3,
  "tiles_y": 4,
  "offset_x": 0.0,
  "offset_y": 0.08333334,
  "tiles": [
    {
      "margin": false,
      "index": 6,
      "file": null,
      "u": 0.0,
      "v": 0.08333334,
      "uw": 0.3333333,
      "vh": 0.208333328,
      "width": 426,
      "height": 426,
      "descriptor": [
        204,
        148,
        105,
        186,
        163,
        158,
        195,
        163,
        146,
        213,
        186,
        176,
        204,
        149,
        115,
        209,
        153,
        115,
        172,
        168,
        167,
        240,
        229,
        226,
        208,
        151,
        114,
        176,
        151,
        134,
        166,
        159,
        157,
        218,
        190,
        155,
        179,
        168,
        171,
        178,
        173,
        168,
        209,
        155,
        132,
        214,
        156,
        122
      ]
    },
    {
      "margin": false,
      "index": 7,
      "file": null,
      "u": 0.3333333,
      "v": 0.08333334,
      "uw": 0.3333333,
      "vh": 0.208333328,
      "width": 426,
      "height": 426,
      "descriptor": [
        242,
        231,
        196,
        253,
        246,
        216,
        168,
        159,
        156,
        205,
        139,
        96,
        183,
        152,
        113,
        204,
        156,
        121,
        184,
        175,
        171,
        230,
        214,
        184,
        154,
        147,
        146,
        170,
        139,
        130,
        253,
        239,
        202,
        195,
        138,
        102,
        158,
        140,
        134,
        148,
        123,
        125,
        255,
        247,
        215,
        181,
        101,
        69
      ]
    },
    {
      "margin": false,
      "index": 8,
      "file": null,
      "u": 0.6666666,
      "v": 0.08333334,
      "uw": 0.3333333,
      "vh": 0.208333328,
      "width": 426,
      "height": 426,
      "descriptor": [
        205,
        147,
        112,
        179,
        173,
        181,
        184,
        158,
        149,
        211,
        152,
        115,
        210,
        149,
        109,
        161,
        146,
        137,
        178,
        170,
        162,
        179,
        159,
        153,
        173,
        166,
        164,
        211,
        151,
        116,
        203,
        143,
        102,
        171,
        167,
        162,
        170,
        165,
        162,
        174,
        145,
        127,
        202,
        145,
        112,
        205,
        146,
        109
      ]
    },
    {
      "margin": false,
      "index": 9,
      "file": null,
      "u": 0.0,
      "v": 0.2916667,
      "uw": 0.3333333,
      "vh": 0.208333328,
      "width": 426,
      "height": 426,
      "descriptor": [
        173,
        168,
        166,
        168,
        171,
        173,
        80,
        79,
        94,
        135,
        106,
        112,
        170,
        161,
        155,
        205,
        154,
        123,
        220,
        213,
        186,
        248,
        238,
        205,
        216,
        156,
        118,
        153,
        138,
        140,
        170,
        175,
        173,
        137,
        102,
        108,
        188,
        155,
        138,
        164,
        148,
        147,
        221,
        203,
        203,
        197,
        145,
        112
      ]
    },
    {
      "margin": false,
      "index": 10,
      "file": null,
      "u": 0.3333333,
      "v": 0.2916667,
      "uw": 0.3333333,
      "vh": 0.208333328,
      "width": 426,
      "height": 426,
      "descriptor": [
        203,
        143,
        108,
        250,
        241,
        214,
        230,
        212,
        205,
        165,
        148,
        139,
        89,
        86,
        95,
        196,
        140,
        123,
        206,
        147,
        109,
        192,
        187,
        188,
        123,
        116,
        114,
        107,
        51,
        23,
        102,
        51,
        15,
        175,
        122,
        97,
        65,
        82,
        105,
        108,
        55,
        26,
        169,
        111,
        80,
        104,
        48,
        21
      ]
    },
    {
      "margin": false,
      "index": 11,
      "file": null,
      "u": 0.6666666,
      "v": 0.2916667,
      "uw": 0.3333333,
      "vh": 0.208333328,
      "width": 426,
      "height": 426,
      "descriptor": [
        186,
        153,
        142,
        175,
        158,
        151,
        204,
        155,
        128,
        210,
        152,
        114,
        167,
        163,
        159,
        168,
        168,
        175,
        187,
        156,
        142,
        210,
        150,
        109,
        162,
        153,
        148,
        205,
        149,
        109,
        204,
        142,
        98,
        207,
        148,
        109,
        174,
        136,
        118,
        197,
        144,
        110,
        205,
        144,
        102,
        212,
        150,
        114
      ]
    },
    {
      "margin": false,
      "index": 12,
      "file": null,
      "u": 0.0,
      "v": 0.5,
      "uw": 0.3333333,
      "vh": 0.208333328,
      "width": 426,
      "height": 426,
      "descriptor": [
        205,
        151,
        119,
        244,
        235,
        202,
        206,
        172,
        162,
        187,
        150,
        116,
        208,
        174,
        153,
        218,
        196,
        177,
        190,
        168,
        168,
        208,
        157,
        122,
        164,
        136,
        133,
        183,
        155,
        147,
        185,
        179,
        170,
        216,
        156,
        118,
        169,
        162,
        160,
        171,
        165,
        162,
        185,
        180,
        177,
        220,
        193,
        161
      ]
    },
    {
      "margin": false,
      "index": 13,
      "file": null,
      "u": 0.3333333,
      "v": 0.5,
      "uw": 0.3333333,
      "vh": 0.208333328,
      "width": 426,
      "height": 426,
      "descriptor": [
        66,
        68,
        76,
        176,
        168,
        163,
        161,
        150,
        154,
        175,
        166,
        160,
        84,
        78,
        84,
        203,
        174,
        152,
        200,
        161,
        128,
        173,
        128,
        115,
        81,
        77,
        90,
        218,
        156,
        122,
        178,
        173,
        168,
        175,
        145,
        125,
        68,
        69,
        82,
        71,
        71,
        83,
        209,
        165,
        133,
        208,
        151,
        115
      ]
    },
    {
      "margin": false,
      "index": 14,
      "file": null,
      "u": 0.6666666,
      "v": 0.5,
      "uw": 0.3333333,
      "vh": 0.208333328,
      "width": 426,
      "height": 426,
      "descriptor": [
        168,
        160,
        154,
        198,
        144,
        107,
        208,
        151,
        114,
        209,
        150,
        116,
        219,
        209,
        188,
        212,
        156,
        120,
        206,
        143,
        102,
        209,
        152,
        115,
        211,
        154,
        118,
        210,
        148,
        109,
        214,
        151,
        108,
        198,
        130,
        79,
        205,
        146,
        108,
        208,
        143,
        95,
        208,
        147,
        100,
        209,
        149,
        111
      ]
    },
    {
      "margin": false,