{
  "title": "PODOBIZEŇ M.A.CZOBELOVEJ",
  "author": "KONSTANTIN, FRIDA",
  "year": "1913",
  "id": "SNG-0001016625",
  "width": 1536,
  "height": 2048,
  "file": "SNG--O_5081-a--1_1--2014_03_03--L2_WEB_54775.webp",
  "tiles_x": 3,
  "tiles_y": 4,
  "offset_x": 0.0,
  "offset_y": 0.0,
  "tiles": [
    {
      "margin": false,
      "index": 0,
      "file": null,
      "u": 0.0,
      "v": 0.0,
      "uw": 0.333333343,
      "vh": 0.25,
      "width": 512,
      "height": 512,
      "descriptor": [
        130,
        130,
        129,
        174,
        150,
        122,
        152,
        129,
        96,
        174,
        154,
        129,
        137,
        142,
        140,
        144,
        140,
        138,
        133,
        116,
        105,
        131,
        134,
        137,
        151,
        150,
        138,
        141,
        136,
        130,
        146,
        151,
        148,
        111,
        120,
        125,
        163,
        160,
        145,
        123,
        132,
        142,
        108,
        103,
        110,
        128,
        95,
        119
      ]
    },
    {
      "margin": false,
      "index": 1,
      "file": null,
      "u": 0.333333343,
      "v": 0.0,
      "uw": 0.333333343,
      "vh": 0.25,
      "width": 512,
      "height": 512,
      "descriptor": [
        160,
        160,
        151,
        124,
        119,
        114,
        139,
        126,
        117,
        120,
        119,
        117,
        123,
        126,
        129,
        101,
        108,
        110,
        104,
        107,
        108,
        108,
        115,
        120,
        103,
        94,
        85,
        168,
        135,
        154,
        130,
        132,
        135,
        63,
        60,
        58,
        53,
        42,
        36,
        40,
        39,
        41,
        40,
        34,
        31,
        80,
        77,
        77
      ]
    },
    {
      "margin": false,
      "index": 2,
      "file": null,
      "u": 0.6666667,
      "v": 0.0,
      "uw": 0.333333343,
      "vh": 0.25,
      "width": 512,
      "height": 512,
      "descriptor": [
        122,
        117,
        114,
        143,
        134,
        123,
        158,
        146,
        121,
        119,
        119,
        119,
        116,
        127,
        135,
        98,
        112,
        119,
        110,
        117,
        119,
        119,
        119,
        119,
        101,
        106,
        110,
        103,
        118,
        128,
        102,
        112,
        121,
        120,
        120,
        119,
        140,
        123,
        128,
        115,
        121,
        122,
        100,
        112,
        120,
        121,
        119,
        118
      ]
    },
    {
      "margin": false,
      "index": 3,
      "file": null,
      "u": 0.0,
      "v": 0.25,
      "uw": 0.333333343,
      "vh": 0.25,
      "width": 512,
      "height": 512,
      "descriptor": [
        128,
        122,
        115,
        134,
        139,
        140,
        128,
        137,
        144,
        69,
        55,
        47,
        142,
        145,
        136,
        125,
        138,
        149,
        113,
        123,
        130,
        89,
        77,
        59,
        171,
        160,
        139,
        123,
        137,
        151,
        108,
        125,
        140,
        82,
        72,
        69,
        155,
        143,
        124,
        140,
        153,
        152,
        114,
        133,
        148,
        89,
        106,
        96
      ]
    },
    {
      "margin": false,
      "index": 4,
      "file": null,
      "u": 0.333333343,
      "v": 0.25,
      "uw": 0.333333343,
      "vh": 0.25,
      "width": 512,
      "height": 512,
      "descriptor": [
        40,
        35,
        37,
        108,
        90,
        67,
        137,
        115,
        90,
        121,
        102,
        74,
        60,
        65,
        70,
        140,
        97,
        106,
        115,
        87,
        92,
        183,
        164,
        156,
        59,
        52,
        55,
        145,
        108,
        118,
        180,
        153,
        137,
        161,
        137,
        134,
        73,
        61,
        63,
        176,
        147,
        145,
        151,
        128,
        129,
        193,
        162,
        150
      ]
    },
    {
      "margin": false,
      "index": 5,
      "file": null,
      "u": 0.6666667,
      "v": 0.25,
      "uw": 0.333333343,
      "vh": 0.25,
      "width": 512,
      "height": 512,
      "descriptor": [
        66,
        49,
        43,
        115,
        120,
        123,
        112,
        121,
        127,
        154,
        148,
        133,
        41,
        36,
        35,
        112,
        113,
        112,
        124,
        133,
        137,
        112,
        118,
        122,
        92,
        84,
        75,
        61,
        45,
        40,
        107,
        116,
        124,
        130,
        128,
        131,
        145,
        79,
        97,
        106,
        93,
        76,
        111,
        115,
        117,
        116,
        113,
        106
      ]
    },
    {
      "margin": false,
      "index": 6,
      "file": null,
      "u": 0.0,
      "v": 0.5,
      "uw": 0.333333343,
      "vh": 0.25,
      "width": 512,
      "height": 512,
      "descriptor": [
        150,
        156,
        152,
        129,
        141,
        152,
        131,
        143,
        150,
        124,
        136,
        145,
        156,
        141,
        121,
        118,
        135,
        151,
        136,
        146,
        148,
        120,
        141,
        153,
        141,
        144,
        141,
        161,
        162,
        162,
        144,
        149,
        158,
        183,
        160,
        146,
        129,
        139,
        138,
        179,
        169,
        156,
        164,
        128,
        147,
        78,
        109,
        123
      ]
    },
    {
      "margin": false,
      "index": 7,
      "file": null,
      "u": 0.333333343,
      "v": 0.5,
      "uw": 0.333333343,
      "vh": 0.25,
      "width": 512,
      "height": 512,
      "descriptor": [
        80,
        68,
        77,
        95,
        85,
        95,
        106,
        73,
        88,
        192,
        165,
        150,
        122,
        111,
        107,
        76,
        68,
        78,
        175,
        150,
        138,
        188,
        174,
        142,
        113,
        107,
        104,
        99,
        96,
        97,
        185,
        156,
        117,
        189,
        168,
        136,
        139,
        155,
        147,
        104,
        94,
        80,
        199,
        178,
        137,
        188,
        172,
        143
      ]
    },
    {
      "margin": false,
      "index": 8,
      "file": null,
      "u": 0.6666667,
      "v": 0.5,
      "uw": 0.333333343,
      "vh": 0.25,
      "width": 512,
      "height": 512,
      "descriptor": [
        91,
        90,
        85,
        122,
        133,
        142,
        118,
        124,
        130,
        127,
        130,
        129,
        108,
        117,
        129,
        105,
        120,
        131,
        137,
        148,
        154,
        146,
        142,
        133,
        144,
        178,
        170,
        125,
        128,
        124,
        144,
        150,
        155,
        128,
        118,
        109,
        155,
        178,
        164,
        193,
        164,
        154,
        124,
        130,
        136,
        150,
        154,
        147
      ]
    },
    {
      "margin": false,
      "index": 9,
      "file": null,
      "u": 0.0,
      "v": 0.75,
      "uw": 0.333333343,
      "vh": 0.25,