{
  "title": "STOPÄŤDESIAT FRANKOV",
  "author": "GAVARNI, PAUL",
  "year": "(1830 - 1850)",
  "id": "SNG-0001004023",
  "width": 1408,
  "height": 2048,
  "file": "SNG--G_752--1_1--_2015_09_14_--L2_WEB_116886.webp",
  "tiles_x": 3,
  "tiles_y": 4,
  "offset_x": 0.0,
  "offset_y": 0.0416666567,
  "tiles": [
    {
      "margin": false,
      "index": 6,
      "file": null,
      "u": 0.0,
      "v": 0.0416666567,
      "uw": 0.333333343,
      "vh": 0.229166672,
      "width": 469,
      "height": 469,
      "descriptor": [
        233,
        212,
        183,
        243,
        220,
        192,
        241,
        220,
        191,
        242,
        221,
        193,
        238,
        217,
        188,
        230,
        215,
        183,
        225,
        211,
        179,
        229,
        214,
        183,
        240,
        220,
        192,
        227,
        212,
        180,
        229,
        215,
        184,
        229,
        216,
        185,
        242,
        222,
        194,
        226,
        212,
        183,
        230,
        216,
        183,
        222,
        208,
        175
      ]
    },
    {
      "margin": false,
      "index": 7,
      "file": null,
      "u": 0.333333343,
      "v": 0.0416666567,
      "uw": 0.333333343,
      "vh": 0.229166672,
      "width": 469,
      "height": 469,
      "descriptor": [
        241,
        220,
        190,
        242,
        220,
        190,
        243,
        223,
        193,
        244,
        223,
        193,
        231,
        216,
        183,
        231,
        216,
        183,
        237,
        221,
        189,
        245,
        207,
        159,
        226,
        213,
        182,
        225,
        208,
        177,
        229,
        215,
        181,
        240,
        197,
        143,
        224,
        210,
        177,
        81,
        79,
        63,
        208,
        194,
        158,
        233,
        192,
        135
      ]
    },
    {
      "margin": false,
      "index": 8,
      "file": null,
      "u": 0.6666667,
      "v": 0.0416666567,
      "uw": 0.333333343,
      "vh": 0.229166672,
      "width": 469,
      "height": 469,
      "descriptor": [
        243,
        223,
        194,
        243,
        222,
        193,
        237,
        216,
        186,
        237,
        215,
        186,
        144,
        139,
        115,
        126,
        126,
        103,
        195,
        180,
        144,
        239,
        219,
        189,
        233,
        193,
        139,
        237,
        199,
        148,
        233,
        192,
        138,
        242,
        220,
        191,
        107,
        105,
        87,
        232,
        192,
        137,
        234,
        192,
        135,
        240,
        218,
        188
      ]
    },
    {
      "margin": false,
      "index": 9,
      "file": null,
      "u": 0.0,
      "v": 0.2708333,
      "uw": 0.333333343,
      "vh": 0.229166672,
      "width": 469,
      "height": 469,
      "descriptor": [
        240,
        218,
        189,
        79,
        79,
        71,
        212,
        199,
        167,
        220,
        183,
        158,
        239,
        218,
        189,
        138,
        130,
        110,
        76,
        76,
        57,
        229,
        211,
        188,
        238,
        218,
        189,
        167,
        160,
        147,
        119,
        138,
        142,
        104,
        117,
        110,
        241,
        220,
        192,
        110,
        132,
        137,
        103,
        118,
        120,
        46,
        44,
        39
      ]
    },
    {
      "margin": false,
      "index": 10,
      "file": null,
      "u": 0.333333343,
      "v": 0.2708333,
      "uw": 0.333333343,
      "vh": 0.229166672,
      "width": 469,
      "height": 469,
      "descriptor": [
        218,
        205,
        171,
        230,
        213,
        180,
        216,
        203,
        169,
        150,
        141,
        108,
        60,
        43,
        39,
        108,
        112,
        85,
        211,
        199,
        164,
        107,
        105,
        86,
        41,
        35,
        30,
        71,
        67,
        46,
        101,
        81,
        73,
        209,
        174,
        118,
        73,
        58,
        53,
        57,
        71,
        68,
        149,
        152,
        130,
        64,
        60,
        46
      ]
    },
    {
      "margin": false,
      "index": 11,
      "file": null,
      "u": 0.6666667,
      "v": 0.2708333,
      "uw": 0.333333343,
      "vh": 0.229166672,
      "width": 469,
      "height": 469,
      "descriptor": [
        134,
        121,
        101,
        74,
        75,
        64,
        233,
        190,
        133,
        237,
        216,
        186,
        120,
        119,
        92,
        74,
        60,
        44,
        81,
        71,
        56,
        237,
        215,
        184,
        108,
        74,
        49,
        73,
        59,
        47,
        121,
        103,
        78,
        237,
        216,
        186,
        106,
        109,
        100,
        132,
        112,
        88,
        82,
        70,
        56,
        237,
        216,
        187
      ]
    },
    {
      "margin": false,
      "index": 12,
      "file": null,
      "u": 0.0,
      "v": 0.5,
      "uw": 0.333333343,
      "vh": 0.229166672,
      "width": 469,
      "height": 469,
      "descriptor": [
        240,
        220,
        191,
        121,
        139,
        141,
        86,
        101,
        100,
        51,
        52,
        46,
        240,
        218,
        191,
        92,
        98,
        88,
        157,
        161,
        144,
        83,
        82,
        69,
        238,
        218,
        190,
        126,
        132,
        119,
        146,
        154,
        143,
        130,
        118,
        95,
        237,
        216,
        186,
        120,
        127,
        114,
        178,
        181,
        163,
        176,
        178,
        160
      ]
    },
    {
      "margin": false,
      "index": 13,
      "file": null,
      "u": 0.333333343,
      "v": 0.5,
      "uw": 0.333333343,
      "vh": 0.229166672,
      "width": 469,
      "height": 469,
      "descriptor": [
        122,
        89,
        63,
        113,
        115,
        100,
        150,
        156,
        143,
        209,
        178,
        128,
        61,
        57,
        43,
        82,
        86,
        68,
        173,
        172,
        153,
        141,
        136,
        114,
        68,
        69,
        57,
        73,
        71,
        59,
        119,
        138,
        132,
        210,
        171,
        121,
        111,
        150,
        153,
        180,
        185,
        166,
        160,
        172,
        157,
        151,
        140,
        105
      ]
    },
    {
      "margin": false,
      "index": 14,
      "file": null,
      "u": 0.6666667,
      "v": 0.5,
      "uw": 0.333333343,
      "vh": 0.229166672,
      "width": 469,
      "height": 469,
      "descriptor": [
        148,
        136,
        111,
        59,
        60,
        54,
        101,
        89,
        67,
        235,
        213,
        184,
        130,
        125,
        105,
        94,
        100,
        96,
        77,
        71,
        59,
        236,
        215,
        187,
        103,
        100,
        73,
        73,
        74,
        65,
        102,
        94,
        76,
        234,
        213,
        187,
        66,
        69,
        58,
        80,
        81,
        73,
        65,
        66,
        60,
        236,
        215,
        186
      ]
    },
    {
      "margin": false,
      "index": 15,