{
  "title": "SKICÁR",
  "author": "WEISZ-KUBÍNČAN, ARNOLD PETER",
  "year": "(1930 - 1935)",
  "id": "SNG-0001033943",
  "width": 2048,
  "height": 1664,
  "file": "SNG--K_952-10--1_2--2015_07_21--L2_WEB_436056.webp",
  "tiles_x": 3,
  "tiles_y": 3,
  "offset_x": 0.09375,
  "offset_y": 0.0,
  "tiles": [
    {
      "margin": false,
      "index": 6,
      "file": null,
      "u": 0.09375,
      "v": 0.0,
      "uw": 0.270833343,
      "vh": 0.333333343,
      "width": 554,
      "height": 554,
      "descriptor": [
        255,
        249,
        250,
        255,
        249,
        250,
        255,
        249,
        250,
        255,
        249,
        250,
        229,
        206,
        180,
        229,
        206,
        191,
        228,
        205,
        190,
        225,
        208,
        190,
        222,
        202,
        174,
        218,
        197,
        187,
        227,
        205,
        192,
        238,
        217,
        186,
        234,
        213,
        183,
        233,
        212,
        184,
        233,
        211,
        180,
        184,
        183,
        181
      ]
    },
    {
      "margin": false,
      "index": 7,
      "file": null,
      "u": 0.364583343,
      "v": 0.0,
      "uw": 0.270833343,
      "vh": 0.333333343,
      "width": 554,
      "height": 554,
      "descriptor": [
        255,
        249,
        250,
        255,
        249,
        249,
        255,
        249,
        250,
        255,
        249,
        250,
        210,
        200,
        191,
        217,
        206,
        192,
        215,
        206,
        196,
        221,
        207,
        189,
        198,
        198,
        202,
        179,
        183,
        196,
        221,
        206,
        187,
        219,
        203,
        186,
        199,
        194,
        195,
        202,
        197,
        198,
        201,
        202,
        210,
        212,
        197,
        183
      ]
    },
    {
      "margin": false,
      "index": 8,
      "file": null,
      "u": 0.6354167,
      "v": 0.0,
      "uw": 0.270833343,
      "vh": 0.333333343,
      "width": 554,
      "height": 554,
      "descriptor": [
        255,
        249,
        250,
        255,
        249,
        250,
        255,
        249,
        250,
        255,
        249,
        250,
        226,
        209,
        174,
        225,
        209,
        184,
        222,
        202,
        166,
        229,
        203,
        160,
        228,
        209,
        178,
        234,
        211,
        177,
        210,
        190,
        163,
        232,
        211,
        177,
        213,
        196,
        180,
        215,
        193,
        165,
        226,
        203,
        172,
        236,
        212,
        179
      ]
    },
    {
      "margin": false,
      "index": 9,
      "file": null,
      "u": 0.09375,
      "v": 0.333333343,
      "uw": 0.270833343,
      "vh": 0.333333343,
      "width": 554,
      "height": 554,
      "descriptor": [
        222,
        181,
        158,
        209,
        189,
        174,
        207,
        198,
        189,
        210,
        196,
        180,
        184,
        180,
        148,
        183,
        175,
        146,
        99,
        90,
        70,
        84,
        97,
        96,
        221,
        207,
        173,
        199,
        188,
        152,
        127,
        107,
        71,
        109,
        121,
        111,
        238,
        212,
        160,
        236,
        214,
        155,
        236,
        210,
        147,
        236,
        216,
        189
      ]
    },
    {
      "margin": false,
      "index": 10,
      "file": null,
      "u": 0.364583343,
      "v": 0.333333343,
      "uw": 0.270833343,
      "vh": 0.333333343,
      "width": 554,
      "height": 554,
      "descriptor": [
        210,
        196,
        183,
        208,
        194,
        180,
        211,
        198,
        186,
        201,
        191,
        181,
        229,
        210,
        186,
        230,
        213,
        195,
        222,
        209,
        194,
        106,
        95,
        80,
        159,
        162,
        124,
        187,
        189,
        158,
        131,
        121,
        93,
        176,
        185,
        150,
        112,
        106,
        83,
        192,
        191,
        137,
        176,
        107,
        72,
        150,
        155,
        123
      ]
    },
    {
      "margin": false,
      "index": 11,
      "file": null,
      "u": 0.6354167,
      "v": 0.333333343,
      "uw": 0.270833343,
      "vh": 0.333333343,
      "width": 554,
      "height": 554,
      "descriptor": [
        212,
        201,
        192,
        190,
        137,
        122,
        210,
        164,
        150,
        202,
        197,
        195,
        125,
        111,
        85,
        131,
        117,
        90,
        129,
        109,
        81,
        158,
        142,
        114,
        115,
        120,
        104,
        159,
        144,
        115,
        184,
        159,
        116,
        171,
        144,
        104,
        146,
        155,
        120,
        241,
        216,
        184,
        164,
        129,
        81,
        208,
        176,
        135
      ]
    },
    {
      "margin": false,
      "index": 12,
      "file": null,
      "u": 0.09375,
      "v": 0.6666667,
      "uw": 0.270833343,
      "vh": 0.333333343,
      "width": 554,
      "height": 554,
      "descriptor": [
        179,
        135,
        78,
        235,
        213,
        174,
        225,
        203,
        152,
        191,
        99,
        82,
        186,
        193,
        125,
        161,
        176,
        107,
        227,
        204,
        157,
        185,
        143,
        83,
        189,
        193,
        130,
        197,
        197,
        139,
        175,
        183,
        120,
        184,
        192,
        133,
        255,
        249,
        249,
        255,
        249,
        250,
        255,
        249,
        250,
        255,
        249,
        250
      ]
    },
    {
      "margin": false,
      "index": 13,
      "file": null,
      "u": 0.364583343,
      "v": 0.6666667,
      "uw": 0.270833343,
      "vh": 0.333333343,
      "width": 554,
      "height": 554,
      "descriptor": [
        129,
        89,
        64,
        166,
        163,
        100,
        198,
        185,
        109,
        213,
        198,
        127,
        177,
        171,
        102,
        133,
        146,
        89,
        220,
        197,
        117,
        242,
        217,
        186,
        171,
        187,
        125,
        174,
        192,
        122,
        233,
        208,
        175,
        206,
        201,
        156,
        255,
        249,
        250,
        255,
        249,
        249,
        255,
        249,
        250,
        255,
        249,
        250
      ]
    },
    {
      "margin": false,
      "index": 14,
      "file": null,
      "u": 0.6354167,
      "v": 0.6666667,
      "uw": 0.270833343,
      "vh": 0.333333343,
      "width": 554,
      "height": 554,