{
  "title": "LES",
  "author": "MEDNYÁNSZKY, LADISLAV",
  "year": "(1875 - 1885)",
  "id": "SNG-0001022527",
  "width": 1472,
  "height": 2048,
  "file": "SNG--K_10532--1_1--_2015_07_30_--L2_WEB_44647.webp",
  "tiles_x": 3,
  "tiles_y": 4,
  "offset_x": 0.0,
  "offset_y": 0.0208333433,
  "tiles": [
    {
      "margin": false,
      "index": 6,
      "file": null,
      "u": 0.0,
      "v": 0.0208333433,
      "uw": 0.3333333,
      "vh": 0.239583328,
      "width": 490,
      "height": 490,
      "descriptor": [
        137,
        117,
        89,
        119,
        94,
        71,
        129,
        103,
        76,
        99,
        82,
        69,
        149,
        114,
        81,
        120,
        98,
        77,
        139,
        101,
        80,
        57,
        53,
        42,
        128,
        101,
        73,
        135,
        115,
        87,
        139,
        111,
        82,
        92,
        81,
        66,
        131,
        59,
        34,
        88,
        65,
        50,
        121,
        90,
        62,
        74,
        66,
        53
      ]
    },
    {
      "margin": false,
      "index": 7,
      "file": null,
      "u": 0.3333333,
      "v": 0.0208333433,
      "uw": 0.3333333,
      "vh": 0.239583328,
      "width": 490,
      "height": 490,
      "descriptor": [
        112,
        99,
        79,
        103,
        84,
        64,
        118,
        99,
        76,
        116,
        97,
        81,
        66,
        61,
        45,
        113,
        81,
        61,
        121,
        93,
        67,
        98,
        82,
        61,
        76,
        63,
        49,
        94,
        80,
        63,
        126,
        92,
        64,
        92,
        81,
        70,
        102,
        92,
        77,
        82,
        73,
        57,
        145,
        128,
        105,
        89,
        76,
        64
      ]
    },
    {
      "margin": false,
      "index": 8,
      "file": null,
      "u": 0.6666666,
      "v": 0.0208333433,
      "uw": 0.3333333,
      "vh": 0.239583328,
      "width": 490,
      "height": 490,
      "descriptor": [
        99,
        86,
        68,
        118,
        104,
        84,
        136,
        94,
        69,
        66,
        63,
        48,
        107,
        88,
        62,
        123,
        102,
        78,
        137,
        90,
        65,
        112,
        88,
        72,
        101,
        85,
        67,
        113,
        88,
        63,
        145,
        96,
        67,
        107,
        88,
        65,
        98,
        78,
        59,
        106,
        84,
        63,
        128,
        102,
        77,
        141,
        107,
        76
      ]
    },
    {
      "margin": false,
      "index": 9,
      "file": null,
      "u": 0.0,
      "v": 0.2604167,
      "uw": 0.3333333,
      "vh": 0.239583328,
      "width": 490,
      "height": 490,
      "descriptor": [
        131,
        110,
        83,
        91,
        65,
        41,
        132,
        110,
        82,
        58,
        53,
        42,
        124,
        105,
        77,
        87,
        67,
        46,
        86,
        67,
        47,
        71,
        62,
        51,
        118,
        98,
        71,
        84,
        51,
        27,
        100,
        89,
        66,
        59,
        54,
        43,
        134,
        115,
        87,
        110,
        81,
        58,
        112,
        87,
        64,
        59,
        49,
        33
      ]
    },
    {
      "margin": false,
      "index": 10,
      "file": null,
      "u": 0.3333333,
      "v": 0.2604167,
      "uw": 0.3333333,
      "vh": 0.239583328,
      "width": 490,
      "height": 490,
      "descriptor": [
        41,
        42,
        32,
        96,
        86,
        69,
        126,
        84,
        58,
        78,
        69,
        58,
        47,
        42,
        29,
        121,
        107,
        91,
        118,
        78,
        47,
        67,
        59,
        46,
        73,
        63,
        50,
        84,
        71,
        51,
        120,
        95,
        71,
        71,
        67,
        58,
        105,
        92,
        77,
        98,
        84,
        64,
        97,
        97,
        50,
        98,
        88,
        70
      ]
    },
    {
      "margin": false,
      "index": 11,
      "file": null,
      "u": 0.6666666,
      "v": 0.2604167,
      "uw": 0.3333333,
      "vh": 0.239583328,
      "width": 490,
      "height": 490,
      "descriptor": [
        106,
        88,
        65,
        131,
        105,
        75,
        98,
        84,
        70,
        144,
        112,
        85,
        105,
        83,
        64,
        148,
        127,
        104,
        72,
        66,
        55,
        129,
        104,
        79,
        85,
        77,
        64,
        122,
        104,
        84,
        64,
        60,
        50,
        100,
        83,
        61,
        66,
        62,
        51,
        125,
        90,
        63,
        61,
        63,
        52,
        125,
        90,
        62
      ]
    },
    {
      "margin": false,
      "index": 12,
      "file": null,
      "u": 0.0,
      "v": 0.5,
      "uw": 0.3333333,
      "vh": 0.239583328,
      "width": 490,
      "height": 490,
      "descriptor": [
        115,
        99,
        73,
        91,
        76,
        50,
        86,
        74,
        52,
        59,
        55,
        43,
        90,
        78,
        51,
        101,
        89,
        67,
        99,
        86,
        67,
        64,
        63,
        48,
        97,
        83,
        62,
        155,
        105,
        81,
        106,
        91,
        75,
        87,
        79,
        65,
        121,
        105,
        81,
        122,
        98,
        75,
        86,
        76,
        62,
        100,
        87,
        70
      ]
    },
    {
      "margin": false,
      "index": 13,
      "file": null,
      "u": 0.3333333,
      "v": 0.5,
      "uw": 0.3333333,
      "vh": 0.239583328,
      "width": 490,
      "height": 490,
      "descriptor": [
        79,
        65,
        53,
        100,
        107,
        68,
        105,
        91,
        72,
        97,
        87,
        72,
        88,
        77,
        67,
        90,
        76,
        53,
        99,
        84,
        48,
        85,
        75,
        62,
        98,
        85,
        67,
        100,
        83,
        65,
        106,
        89,
        65,
        99,
        77,
        54,
        127,
        104,
        83,
        108,
        94,
        72,
        107,
        90,
        66,
        108,
        92,
        77
      ]
    },
    {
      "margin": false,
      "index": 14,
      "file": null,
      "u": 0.6666666,
      "v": 0.5,
      "uw": 0.3333333,
      "vh": 0.239583328,
      "width": 490,
      "height": 490,
      "descriptor": [
        79,
        69,
        59,
        95,
        78,
        57,
        43,
        44,
        34,
        136,
        110,
        84,
        91,
        79,
        67,
        92,
        97,
        59,
        68,
        63,
        50,
        99,
        82,
        59,
        79,
        68,
        61,
        96,
        78,
        60,
        82,
        71,
        59,
        105,
        89,
        64,
        86,
        73,
        58,
        99,
        87,
        63,
        82,
        73,
        65,
        110,
        98,
        71
      ]
    },
    {
      "margin": false,
      "index": 15,
      "file": null,
      "u": 0.0,
      "v": 0.7395834,
      "uw": 0.3333333,
      "vh": 0.239583328,
      "width": 490,
      "height": 490,