{
  "title": "MADONA S DIEŤAŤOM",
  "author": "TALIANSKY MALIAR Z 1. POLOVICE 16. STOROČIA",
  "year": "(1500 - 1550)",
  "id": "SNG-0001003075",
  "width": 1536,
  "height": 2048,
  "file": "SNG--O_3101--1_1--_2015_08_26_--L2_WEB_66124.webp",
  "tiles_x": 3,
  "tiles_y": 4,
  "offset_x": 0.0,
  "offset_y": 0.0,
  "tiles": [
    {
      "margin": false,
      "index": 0,
      "file": null,
      "u": 0.0,
      "v": 0.0,
      "uw": 0.333333343,
      "vh": 0.25,
      "width": 512,
      "height": 512,
      "descriptor": [
        54,
        61,
        53,
        75,
        73,
        69,
        49,
        52,
        40,
        129,
        75,
        7,
        120,
        89,
        39,
        121,
        81,
        27,
        50,
        50,
        38,
        169,
        120,
        64,
        136,
        103,
        40,
        52,
        53,
        45,
        106,
        91,
        52,
        134,
        102,
        45,
        67,
        65,
        51,
        89,
        87,
        58,
        118,
        99,
        62,
        140,
        105,
        34
      ]
    },
    {
      "margin": false,
      "index": 1,
      "file": null,
      "u": 0.333333343,
      "v": 0.0,
      "uw": 0.333333343,
      "vh": 0.25,
      "width": 512,
      "height": 512,
      "descriptor": [
        132,
        92,
        44,
        60,
        46,
        15,
        118,
        93,
        36,
        46,
        54,
        40,
        51,
        49,
        32,
        121,
        73,
        3,
        169,
        118,
        38,
        169,
        122,
        44,
        137,
        90,
        21,
        141,
        99,
        32,
        175,
        133,
        74,
        188,
        134,
        42,
        78,
        74,
        58,
        192,
        137,
        54,
        177,
        132,
        105,
        189,
        149,
        91
      ]
    },
    {
      "margin": false,
      "index": 2,
      "file": null,
      "u": 0.6666667,
      "v": 0.0,
      "uw": 0.333333343,
      "vh": 0.25,
      "width": 512,
      "height": 512,
      "descriptor": [
        125,
        87,
        18,
        68,
        59,
        37,
        106,
        83,
        37,
        109,
        89,
        57,
        159,
        119,
        55,
        117,
        102,
        67,
        70,
        61,
        39,
        122,
        106,
        78,
        155,
        121,
        51,
        107,
        93,
        60,
        115,
        78,
        32,
        108,
        96,
        49,
        141,
        99,
        27,
        68,
        58,
        32,
        141,
        103,
        48,
        148,
        112,
        55
      ]
    },
    {
      "margin": false,
      "index": 3,
      "file": null,
      "u": 0.0,
      "v": 0.25,
      "uw": 0.333333343,
      "vh": 0.25,
      "width": 512,
      "height": 512,
      "descriptor": [
        101,
        90,
        60,
        156,
        126,
        84,
        162,
        133,
        81,
        154,
        130,
        97,
        51,
        49,
        45,
        168,
        113,
        43,
        186,
        138,
        112,
        146,
        114,
        79,
        39,
        39,
        34,
        67,
        66,
        55,
        144,
        109,
        75,
        111,
        86,
        53,
        164,
        135,
        100,
        180,
        148,
        108,
        200,
        153,
        77,
        164,
        139,
        77
      ]
    },
    {
      "margin": false,
      "index": 4,
      "file": null,
      "u": 0.333333343,
      "v": 0.25,
      "uw": 0.333333343,
      "vh": 0.25,
      "width": 512,
      "height": 512,
      "descriptor": [
        96,
        85,
        52,
        157,
        110,
        31,
        173,
        124,
        75,
        163,
        107,
        31,
        80,
        83,
        42,
        78,
        72,
        47,
        156,
        114,
        74,
        151,
        108,
        40,
        38,
        52,
        19,
        77,
        72,
        29,
        168,
        132,
        107,
        140,
        89,
        62,
        174,
        145,
        75,
        89,
        79,
        42,
        156,
        102,
        73,
        144,
        95,
        77
      ]
    },
    {
      "margin": false,
      "index": 5,
      "file": null,
      "u": 0.6666667,
      "v": 0.25,
      "uw": 0.333333343,
      "vh": 0.25,
      "width": 512,
      "height": 512,
      "descriptor": [
        102,
        90,
        46,
        38,
        55,
        40,
        94,
        80,
        49,
        108,
        94,
        64,
        167,
        119,
        69,
        48,
        69,
        50,
        22,
        46,
        33,
        105,
        88,
        55,
        161,
        67,
        54,
        28,
        42,
        15,
        20,
        44,
        35,
        60,
        58,
        38,
        150,
        98,
        67,
        25,
        46,
        0,
        20,
        49,
        36,
        56,
        52,
        39
      ]
    },
    {
      "margin": false,
      "index": 6,
      "file": null,
      "u": 0.0,
      "v": 0.5,
      "uw": 0.333333343,
      "vh": 0.25,
      "width": 512,
      "height": 512,
      "descriptor": [
        107,
        73,
        34,
        143,
        113,
        64,
        175,
        140,
        69,
        173,
        137,
        80,
        190,
        151,
        123,
        201,
        163,
        94,
        192,
        146,
        54,
        182,
        143,
        74,
        89,
        66,
        37,
        177,
        147,
        99,
        146,
        117,
        70,
        181,
        147,
        90,
        26,
        39,
        33,
        179,
        144,
        115,
        99,
        79,
        47,
        165,
        134,
        97
      ]
    },
    {
      "margin": false,
      "index": 7,
      "file": null,
      "u": 0.333333343,
      "v": 0.5,
      "uw": 0.333333343,
      "vh": 0.25,
      "width": 512,
      "height": 512,
      "descriptor": [
        83,
        59,
        21,
        177,
        141,
        104,
        134,
        89,
        73,
        139,
        100,
        76,
        23,
        33,
        8,
        31,
        43,
        35,
        101,
        71,
        48,
        98,
        26,
        12,
        25,
        31,
        21,
        155,
        124,
        88,
        172,
        131,
        94,
        185,
        148,
        108,
        32,
        49,
        30,
        154,
        122,
        98,
        34,
        48,
        32,
        131,
        47,
        28
      ]
    },
    {
      "margin": false,
      "index": 8,
      "file": null,
      "u": 0.6666667,
      "v": 0.5,
      "uw": 0.333333343,
      "vh": 0.25,
      "width": 512,
      "height": 512,
      "descriptor": [
        122,
        64,
        28,
        27,
        36,
        12,
        25,
        40,
        21,
        24,
        40,
        35,
        85,
        18,
        5,
        25,
        48,
        21,
        32,
        49,
        24,
        20,
        37,
        35,
        167,
        100,
        71,
        137,
        58,
        47,
        42,
        66,
        15,
        52,
        77,
        36,
        91,
        29,
        24,
        102,
        38,
        34,
        14,
        36,
        9,
        35,
        58,
        27
      ]
    },
    {
      "margin": false,
      "index": 9,
      "file": null,
      "u": 0.0,
      "v": 0.75,
      "uw": 0.333333343,
      "vh": 0.25,
      "width": 512,
      "height": 512,