{
  "title": "ŠAŠO",
  "author": "GALANDA, MIKULÁŠ",
  "year": "1934",
  "id": "SNG-0001019172",
  "width": 1600,
  "height": 2048,
  "file": "SNG--O_1930--1_1--2013_11_6--L2_WEB_105303.webp",
  "tiles_x": 3,
  "tiles_y": 3,
  "offset_x": 0.0,
  "offset_y": 0.109375,
  "tiles": [
    {
      "margin": false,
      "index": 6,
      "file": null,
      "u": 0.0,
      "v": 0.109375,
      "uw": 0.3333333,
      "vh": 0.260416657,
      "width": 533,
      "height": 533,
      "descriptor": [
        212,
        157,
        100,
        200,
        145,
        89,
        180,
        123,
        69,
        162,
        129,
        97,
        214,
        159,
        103,
        198,
        144,
        88,
        167,
        116,
        69,
        207,
        178,
        162,
        203,
        150,
        96,
        187,
        134,
        80,
        165,
        121,
        89,
        155,
        105,
        69,
        211,
        162,
        107,
        172,
        119,
        73,
        182,
        147,
        136,
        220,
        180,
        166
      ]
    },
    {
      "margin": false,
      "index": 7,
      "file": null,
      "u": 0.3333333,
      "v": 0.109375,
      "uw": 0.3333333,
      "vh": 0.260416657,
      "width": 533,
      "height": 533,
      "descriptor": [
        202,
        163,
        129,
        190,
        157,
        130,
        175,
        118,
        65,
        206,
        150,
        88,
        181,
        146,
        121,
        192,
        161,
        140,
        151,
        100,
        70,
        186,
        128,
        75,
        189,
        162,
        141,
        194,
        161,
        136,
        186,
        151,
        124,
        152,
        103,
        69,
        151,
        108,
        102,
        185,
        154,
        134,
        199,
        171,
        153,
        195,
        147,
        149
      ]
    },
    {
      "margin": false,
      "index": 8,
      "file": null,
      "u": 0.6666666,
      "v": 0.109375,
      "uw": 0.3333333,
      "vh": 0.260416657,
      "width": 533,
      "height": 533,
      "descriptor": [
        199,
        151,
        98,
        204,
        154,
        104,
        211,
        159,
        102,
        223,
        170,
        108,
        210,
        154,
        95,
        203,
        151,
        95,
        205,
        158,
        108,
        214,
        162,
        103,
        190,
        134,
        82,
        200,
        148,
        93,
        208,
        154,
        100,
        213,
        161,
        105,
        176,
        144,
        117,
        181,
        130,
        82,
        205,
        150,
        92,
        213,
        160,
        98
      ]
    },
    {
      "margin": false,
      "index": 9,
      "file": null,
      "u": 0.0,
      "v": 0.369791657,
      "uw": 0.3333333,
      "vh": 0.260416657,
      "width": 533,
      "height": 533,
      "descriptor": [
        201,
        144,
        85,
        184,
        133,
        85,
        219,
        195,
        178,
        198,
        171,
        154,
        199,
        136,
        69,
        185,
        127,
        77,
        219,
        192,
        179,
        211,
        181,
        161,
        194,
        127,
        63,
        190,
        131,
        72,
        210,
        180,
        159,
        234,
        206,
        187,
        193,
        128,
        63,
        192,
        132,
        80,
        196,
        172,
        160,
        248,
        222,
        202
      ]
    },
    {
      "margin": false,
      "index": 10,
      "file": null,
      "u": 0.3333333,
      "v": 0.369791657,
      "uw": 0.3333333,
      "vh": 0.260416657,
      "width": 533,
      "height": 533,
      "descriptor": [
        182,
        141,
        139,
        190,
        157,
        158,
        207,
        162,
        168,
        189,
        137,
        136,
        194,
        163,
        151,
        208,
        171,
        170,
        185,
        146,
        111,
        196,
        163,
        134,
        211,
        177,
        155,
        206,
        177,
        162,
        210,
        180,
        162,
        197,
        160,
        123,
        220,
        191,
        172,
        220,
        187,
        168,
        243,
        218,
        203,
        216,
        186,
        169
      ]
    },
    {
      "margin": false,
      "index": 11,
      "file": null,
      "u": 0.6666666,
      "v": 0.369791657,
      "uw": 0.3333333,
      "vh": 0.260416657,
      "width": 533,
      "height": 533,
      "descriptor": [
        197,
        164,
        141,
        197,
        163,
        141,
        206,
        154,
        94,
        207,
        153,
        91,
        252,
        222,
        205,
        195,
        159,
        135,
        210,
        152,
        86,
        206,
        153,
        93,
        205,
        175,
        158,
        199,
        165,
        137,
        204,
        143,
        86,
        208,
        153,
        94,
        186,
        155,
        127,
        209,
        174,
        146,
        198,
        143,
        81,
        215,
        160,
        99
      ]
    },
    {
      "margin": false,
      "index": 12,
      "file": null,
      "u": 0.0,
      "v": 0.6302083,
      "uw": 0.3333333,
      "vh": 0.260416657,
      "width": 533,
      "height": 533,
      "descriptor": [
        201,
        137,
        71,
        190,
        128,
        70,
        214,
        186,
        168,
        180,
        153,
        137,
        179,
        117,
        61,
        222,
        189,
        165,
        182,
        148,
        118,
        199,
        173,
        160,
        154,
        106,
        67,
        180,
        148,
        119,
        182,
        148,
        120,
        172,
        141,
        117,
        142,
        105,
        73,
        223,
        197,
        175,
        204,
        168,
        136,
        243,
        212,
        196
      ]
    },
    {
      "margin": false,
      "index": 13,
      "file": null,
      "u": 0.3333333,
      "v": 0.6302083,
      "uw": 0.3333333,
      "vh": 0.260416657,
      "width": 533,
      "height": 533,
      "descriptor": [
        195,
        167,
        155,
        174,
        147,
        135,
        202,
        164,
        127,
        146,
        120,
        108,
        191,
        164,
        146,
        184,
        156,
        138,
        187,
        160,
        145,
        238,
        209,
        188,
        181,
        153,
        142,
        197,
        172,
        157,
        182,
        151,
        129,
        176,
        140,
        113,
        201,
        167,
        142,
        202,
        166,
        127,
        206,
        180,
        164,
        193,
        152,
        111
      ]
    },
    {
      "margin": false,
      "index": 14,
      "file": null,
      "u": 0.6666666,
      "v": 0.6302083,
      "uw": 0.3333333,
      "vh": 0.260416657,
      "width": 533,
      "height": 533,
      "descriptor": [
        199,
        165,
        134,
        194,
        162,
        131,
        191,
        136,
        82,
        221,
        163,
        101,
        185,
        150,
        123,
        174,
        133,
        95,
        184,
        132,
        73,
        209,
        151,
        93,
        192,
        158,
        132,
        167,
        109,
        61,
        187,
        128,
        73,
        214,
        152,
        73,
        193,
        163,
        136,
        153,
        101,
        62,
        171,
        113,
        58,
        195,
        133,
        76
      ]
    }
  ],