{
  "title": "ŠTÚDIE POSTÁV",
  "author": "MEDNYÁNSZKY, LADISLAV",
  "year": "(1880 - 1890)",
  "id": "SNG-0001024447",
  "width": 2048,
  "height": 1344,
  "file": "SNG--K_12096-5--1_2--_2015_09_22_--L2_WEB_98643.webp",
  "tiles_x": 4,
  "tiles_y": 3,
  "offset_x": 0.0625,
  "offset_y": 0.0,
  "tiles": [
    {
      "margin": false,
      "index": 6,
      "file": null,
      "u": 0.0625,
      "v": 0.0,
      "uw": 0.21875,
      "vh": 0.333333343,
      "width": 448,
      "height": 448,
      "descriptor": [
        127,
        118,
        108,
        181,
        166,
        152,
        183,
        168,
        158,
        180,
        167,
        159,
        187,
        182,
        172,
        199,
        189,
        177,
        97,
        67,
        45,
        178,
        159,
        139,
        198,
        182,
        151,
        131,
        104,
        75,
        183,
        162,
        135,
        98,
        67,
        49,
        116,
        94,
        72,
        93,
        65,
        48,
        152,
        132,
        108,
        122,
        93,
        66
      ]
    },
    {
      "margin": false,
      "index": 7,
      "file": null,
      "u": 0.28125,
      "v": 0.0,
      "uw": 0.21875,
      "vh": 0.333333343,
      "width": 448,
      "height": 448,
      "descriptor": [
        173,
        160,
        151,
        187,
        172,
        160,
        145,
        131,
        122,
        183,
        170,
        160,
        208,
        198,
        189,
        193,
        187,
        176,
        186,
        179,
        175,
        187,
        178,
        180,
        154,
        122,
        76,
        176,
        171,
        169,
        165,
        151,
        148,
        167,
        151,
        150,
        111,
        72,
        92,
        119,
        84,
        88,
        122,
        90,
        112,
        116,
        111,
        130
      ]
    },
    {
      "margin": false,
      "index": 8,
      "file": null,
      "u": 0.5,
      "v": 0.0,
      "uw": 0.21875,
      "vh": 0.333333343,
      "width": 448,
      "height": 448,
      "descriptor": [
        196,
        187,
        177,
        200,
        190,
        180,
        205,
        193,
        177,
        200,
        189,
        177,
        195,
        189,
        180,
        187,
        179,
        179,
        186,
        178,
        175,
        192,
        177,
        166,
        146,
        140,
        147,
        141,
        133,
        134,
        161,
        152,
        154,
        143,
        134,
        132,
        112,
        99,
        93,
        111,
        100,
        99,
        115,
        95,
        84,
        148,
        131,
        129
      ]
    },
    {
      "margin": false,
      "index": 9,
      "file": null,
      "u": 0.71875,
      "v": 0.0,
      "uw": 0.21875,
      "vh": 0.333333343,
      "width": 448,
      "height": 448,
      "descriptor": [
        195,
        184,
        171,
        194,
        185,
        174,
        185,
        173,
        163,
        198,
        186,
        180,
        191,
        180,
        173,
        182,
        171,
        171,
        197,
        188,
        183,
        178,
        170,
        163,
        159,
        147,
        144,
        181,
        173,
        171,
        149,
        144,
        155,
        166,
        157,
        156,
        98,
        88,
        92,
        220,
        204,
        180,
        159,
        149,
        140,
        127,
        106,
        82
      ]
    },
    {
      "margin": false,
      "index": 10,
      "file": null,
      "u": 0.0625,
      "v": 0.333333343,
      "uw": 0.21875,
      "vh": 0.333333343,
      "width": 448,
      "height": 448,
      "descriptor": [
        104,
        83,
        57,
        105,
        79,
        51,
        132,
        107,
        78,
        118,
        92,
        58,
        146,
        144,
        130,
        140,
        114,
        81,
        157,
        136,
        115,
        116,
        111,
        97,
        159,
        124,
        82,
        145,
        111,
        74,
        176,
        152,
        122,
        140,
        112,
        77,
        208,
        182,
        149,
        109,
        81,
        49,
        169,
        146,
        117,
        131,
        102,
        69
      ]
    },
    {
      "margin": false,
      "index": 11,
      "file": null,
      "u": 0.28125,
      "v": 0.333333343,
      "uw": 0.21875,
      "vh": 0.333333343,
      "width": 448,
      "height": 448,
      "descriptor": [
        180,
        159,
        137,
        176,
        150,
        123,
        153,
        130,
        110,
        142,
        126,
        109,
        196,
        177,
        150,
        202,
        180,
        153,
        195,
        173,
        151,
        193,
        170,
        137,
        148,
        113,
        72,
        161,
        131,
        91,
        158,
        125,
        80,
        163,
        127,
        86,
        192,
        166,
        132,
        201,
        167,
        126,
        174,
        149,
        113,
        194,
        164,
        122
      ]
    },
    {
      "margin": false,
      "index": 12,
      "file": null,
      "u": 0.5,
      "v": 0.333333343,
      "uw": 0.21875,
      "vh": 0.333333343,
      "width": 448,
      "height": 448,
      "descriptor": [
        119,
        107,
        96,
        119,
        104,
        96,
        141,
        117,
        105,
        76,
        57,
        39,
        146,
        131,
        118,
        159,
        142,
        126,
        153,
        131,
        114,
        45,
        44,
        37,
        123,
        106,
        89,
        138,
        115,
        101,
        127,
        105,
        87,
        54,
        48,
        42,
        110,
        90,
        67,
        151,
        129,
        111,
        156,
        129,
        105,
        66,
        53,
        45
      ]
    },
    {
      "margin": false,
      "index": 13,
      "file": null,
      "u": 0.71875,
      "v": 0.333333343,
      "uw": 0.21875,
      "vh": 0.333333343,
      "width": 448,
      "height": 448,
      "descriptor": [
        119,
        103,
        77,
        87,
        61,
        48,
        71,
        57,
        48,
        66,
        54,
        44,
        74,
        57,
        42,
        93,
        72,
        49,
        151,
        131,
        113,
        121,
        93,
        64,
        45,
        41,
        32,
        86,
        57,
        38,
        156,
        134,
        111,
        119,
        96,
        69,
        48,
        40,
        34,
        128,
        106,
        87,
        141,
        118,
        96,
        93,
        93,
        81
      ]
    },
    {
      "margin": false,
      "index": 14,
      "file": null,
      "u": 0.0625,
      "v": 0.6666667,
      "uw": 0.21875,
      "vh": 0.333333343,
      "width": 448,
      "height": 448,
      "descriptor": [
        188,
        157,
        123,
        143,
        105,
        69,
        157,
        137,
        112,
        155,
        126,
        90,
        191,
        145,
        93,
        209,
        189,
        157,
        176,
        138,
        93,
        201,
        173,
        132,
        209,
        183,
        152,
        213,
        184,
        149,
        182,
        160,
        136,
        200,
        168,
        134,
        214,
        190,
        161,
        216,
        194,
        158,
        205,
        184,
        153,
        208,
        185,
        145
      ]
    },
    {
      "margin": false,
      "index": 15,
      "file": null,
      "u": 0.28125,
      "v": 0.6666667,