{
  "title": "KAŠTIEĽ V KRÍŽOVEJ VSI",
  "author": "KATONA, FERDINAND",
  "year": "(1890 - 1900)",
  "id": "SNG-0001002157",
  "width": 2048,
  "height": 1088,
  "file": "SNG--O_3866--1_1--_2015_05_20_--L2_WEB_34146.webp",
  "tiles_x": 5,
  "tiles_y": 3,
  "offset_x": 0.0572916865,
  "offset_y": 0.0,
  "tiles": [
    {
      "margin": false,
      "index": 6,
      "file": null,
      "u": 0.0572916865,
      "v": 0.0,
      "uw": 0.177083328,
      "vh": 0.3333333,
      "width": 362,
      "height": 362,
      "descriptor": [
        122,
        134,
        144,
        120,
        133,
        154,
        150,
        156,
        169,
        121,
        131,
        146,
        144,
        158,
        180,
        123,
        135,
        156,
        128,
        137,
        155,
        144,
        138,
        146,
        134,
        141,
        150,
        137,
        138,
        147,
        125,
        133,
        161,
        139,
        144,
        165,
        141,
        141,
        144,
        137,
        136,
        138,
        160,
        144,
        116,
        146,
        143,
        144
      ]
    },
    {
      "margin": false,
      "index": 7,
      "file": null,
      "u": 0.234375015,
      "v": 0.0,
      "uw": 0.177083328,
      "vh": 0.3333333,
      "width": 362,
      "height": 362,
      "descriptor": [
        146,
        147,
        158,
        135,
        135,
        148,
        138,
        135,
        142,
        121,
        125,
        135,
        153,
        148,
        147,
        145,
        143,
        147,
        143,
        142,
        158,
        139,
        144,
        161,
        121,
        124,
        137,
        132,
        131,
        140,
        129,
        137,
        150,
        129,
        130,
        138,
        149,
        145,
        147,
        148,
        142,
        142,
        136,
        133,
        133,
        149,
        147,
        148
      ]
    },
    {
      "margin": false,
      "index": 8,
      "file": null,
      "u": 0.411458343,
      "v": 0.0,
      "uw": 0.177083328,
      "vh": 0.3333333,
      "width": 362,
      "height": 362,
      "descriptor": [
        134,
        136,
        152,
        143,
        143,
        150,
        132,
        137,
        157,
        134,
        133,
        148,
        143,
        149,
        161,
        134,
        141,
        157,
        126,
        132,
        149,
        123,
        127,
        142,
        128,
        129,
        136,
        133,
        134,
        138,
        139,
        142,
        150,
        144,
        142,
        148,
        145,
        140,
        142,
        148,
        141,
        125,
        93,
        78,
        56,
        107,
        83,
        84
      ]
    },
    {
      "margin": false,
      "index": 9,
      "file": null,
      "u": 0.5885417,
      "v": 0.0,
      "uw": 0.177083328,
      "vh": 0.3333333,
      "width": 362,
      "height": 362,
      "descriptor": [
        137,
        140,
        154,
        132,
        135,
        145,
        135,
        138,
        146,
        109,
        109,
        90,
        134,
        139,
        149,
        142,
        140,
        152,
        140,
        141,
        152,
        152,
        150,
        160,
        130,
        134,
        147,
        140,
        141,
        154,
        132,
        139,
        152,
        130,
        126,
        136,
        217,
        155,
        131,
        152,
        151,
        155,
        66,
        47,
        46,
        126,
        102,
        78
      ]
    },
    {
      "margin": false,
      "index": 10,
      "file": null,
      "u": 0.765625,
      "v": 0.0,
      "uw": 0.177083328,
      "vh": 0.3333333,
      "width": 362,
      "height": 362,
      "descriptor": [
        144,
        149,
        162,
        149,
        140,
        143,
        134,
        143,
        158,
        108,
        98,
        34,
        138,
        147,
        160,
        142,
        149,
        162,
        75,
        70,
        70,
        140,
        135,
        133,
        144,
        139,
        132,
        126,
        126,
        142,
        89,
        96,
        91,
        126,
        111,
        100,
        124,
        93,
        65,
        151,
        132,
        109,
        99,
        99,
        94,
        154,
        146,
        146
      ]
    },
    {
      "margin": false,
      "index": 11,
      "file": null,
      "u": 0.0572916865,
      "v": 0.3333333,
      "uw": 0.177083328,
      "vh": 0.3333333,
      "width": 362,
      "height": 362,
      "descriptor": [
        151,
        143,
        140,
        165,
        155,
        147,
        165,
        152,
        161,
        160,
        147,
        137,
        125,
        114,
        79,
        112,
        100,
        73,
        125,
        117,
        95,
        131,
        132,
        138,
        132,
        95,
        52,
        114,
        99,
        66,
        107,
        99,
        73,
        183,
        135,
        79,
        74,
        74,
        66,
        147,
        112,
        86,
        110,
        87,
        59,
        125,
        105,
        81
      ]
    },
    {
      "margin": false,
      "index": 12,
      "file": null,
      "u": 0.234375015,
      "v": 0.3333333,
      "uw": 0.177083328,
      "vh": 0.3333333,
      "width": 362,
      "height": 362,
      "descriptor": [
        164,
        153,
        146,
        160,
        151,
        146,
        138,
        127,
        124,
        154,
        145,
        142,
        124,
        115,
        109,
        111,
        96,
        93,
        124,
        101,
        80,
        78,
        60,
        60,
        97,
        81,
        39,
        114,
        105,
        50,
        75,
        66,
        62,
        120,
        95,
        75,
        150,
        112,
        80,
        161,
        115,
        71,
        169,
        117,
        69,
        150,
        108,
        75
      ]
    },
    {
      "margin": false,
      "index": 13,
      "file": null,
      "u": 0.411458343,
      "v": 0.3333333,
      "uw": 0.177083328,
      "vh": 0.3333333,
      "width": 362,
      "height": 362,
      "descriptor": [
        99,
        76,
        64,
        105,
        79,
        58,
        129,
        110,
        84,
        122,
        98,
        76,
        125,
        83,
        66,
        71,
        52,
        45,
        121,
        108,
        108,
        110,
        111,
        105,
        95,
        86,
        77,
        127,
        82,
        49,
        144,
        118,
        96,
        131,
        113,
        94,
        80,
        73,
        63,
        63,
        66,
        62,
        34,
        41,
        36,
        39,
        40,
        35
      ]
    },
    {
      "margin": false,
      "index": 14,
      "file": null,
      "u": 0.5885417,
      "v": 0.3333333,
      "uw": 0.177083328,
      "vh": 0.3333333,
      "width": 362,
      "height": 362,
      "descriptor": [
        115,
        93,
        74,
        142,
        115,
        83,
        143,
        128,
        103,
        140,
        117,
        91,
        115,
        101,
        96,
        100,
        75,
        49,
        101,
        76,
        57,
        78,
        52,
        45,
        121,
        94,
        76,
        116,
        89,
        66,
        95,
        76,
        68,
        102,
        72,
        51,
        103,
        83,
        56,
        92,
        97,
        48,
        161,
        139,
        103,
        143,
        123,
        87
      ]
    },
    {
      "margin": false,
      "index": 15,
      "file": null,