{
  "title": "DEDINA S KOSTOLOM",
  "author": "PALUGYAY, ZOLO",
  "year": "(1924 - 1944)",
  "id": "SNG-0001022782",
  "width": 2048,
  "height": 1344,
  "file": "SNG--K_666--1_1--_2015_08_05_--L2_WEB_7913.webp",
  "tiles_x": 4,
  "tiles_y": 3,
  "offset_x": 0.0625,
  "offset_y": 0.0,
  "tiles": [
    {
      "margin": false,
      "index": 6,
      "file": null,
      "u": 0.0625,
      "v": 0.0,
      "uw": 0.21875,
      "vh": 0.333333343,
      "width": 448,
      "height": 448,
      "descriptor": [
        164,
        158,
        144,
        173,
        154,
        136,
        165,
        149,
        131,
        162,
        154,
        145,
        159,
        150,
        136,
        157,
        154,
        145,
        122,
        135,
        142,
        119,
        143,
        147,
        175,
        142,
        112,
        139,
        150,
        152,
        137,
        150,
        146,
        107,
        135,
        137,
        157,
        159,
        163,
        140,
        126,
        43,
        123,
        107,
        39,
        140,
        121,
        70
      ]
    },
    {
      "margin": false,
      "index": 7,
      "file": null,
      "u": 0.28125,
      "v": 0.0,
      "uw": 0.21875,
      "vh": 0.333333343,
      "width": 448,
      "height": 448,
      "descriptor": [
        161,
        158,
        159,
        151,
        94,
        72,
        186,
        87,
        68,
        148,
        115,
        105,
        120,
        136,
        133,
        200,
        144,
        95,
        126,
        106,
        56,
        169,
        102,
        78,
        114,
        144,
        131,
        187,
        141,
        112,
        189,
        147,
        104,
        180,
        131,
        101,
        108,
        141,
        116,
        70,
        105,
        68,
        117,
        105,
        36,
        125,
        110,
        46
      ]
    },
    {
      "margin": false,
      "index": 8,
      "file": null,
      "u": 0.5,
      "v": 0.0,
      "uw": 0.21875,
      "vh": 0.333333343,
      "width": 448,
      "height": 448,
      "descriptor": [
        139,
        161,
        165,
        99,
        82,
        87,
        165,
        146,
        128,
        157,
        177,
        185,
        166,
        167,
        165,
        95,
        89,
        102,
        187,
        150,
        125,
        182,
        154,
        116,
        169,
        145,
        129,
        110,
        90,
        88,
        158,
        136,
        126,
        163,
        151,
        142,
        91,
        81,
        89,
        142,
        119,
        93,
        141,
        130,
        59,
        134,
        122,
        69
      ]
    },
    {
      "margin": false,
      "index": 9,
      "file": null,
      "u": 0.71875,
      "v": 0.0,
      "uw": 0.21875,
      "vh": 0.333333343,
      "width": 448,
      "height": 448,
      "descriptor": [
        174,
        156,
        144,
        158,
        150,
        146,
        153,
        155,
        145,
        161,
        161,
        151,
        169,
        147,
        114,
        168,
        167,
        170,
        112,
        140,
        141,
        154,
        153,
        160,
        148,
        152,
        156,
        158,
        169,
        159,
        151,
        171,
        171,
        154,
        147,
        135,
        114,
        128,
        113,
        142,
        132,
        126,
        138,
        144,
        134,
        117,
        152,
        165
      ]
    },
    {
      "margin": false,
      "index": 10,
      "file": null,
      "u": 0.0625,
      "v": 0.333333343,
      "uw": 0.21875,
      "vh": 0.333333343,
      "width": 448,
      "height": 448,
      "descriptor": [
        151,
        127,
        98,
        141,
        111,
        57,
        116,
        102,
        33,
        109,
        100,
        29,
        197,
        88,
        74,
        135,
        120,
        70,
        124,
        108,
        46,
        107,
        101,
        39,
        146,
        114,
        58,
        79,
        91,
        47,
        111,
        97,
        32,
        58,
        71,
        49,
        155,
        126,
        100,
        145,
        133,
        86,
        119,
        120,
        108,
        69,
        82,
        61
      ]
    },
    {
      "margin": false,
      "index": 11,
      "file": null,
      "u": 0.28125,
      "v": 0.333333343,
      "uw": 0.21875,
      "vh": 0.333333343,
      "width": 448,
      "height": 448,
      "descriptor": [
        119,
        102,
        42,
        88,
        90,
        48,
        126,
        109,
        54,
        67,
        80,
        53,
        38,
        59,
        45,
        128,
        114,
        52,
        62,
        91,
        62,
        72,
        85,
        53,
        78,
        83,
        33,
        63,
        64,
        42,
        127,
        101,
        78,
        120,
        125,
        112,
        133,
        118,
        94,
        137,
        115,
        50,
        145,
        129,
        68,
        168,
        143,
        116
      ]
    },
    {
      "margin": false,
      "index": 12,
      "file": null,
      "u": 0.5,
      "v": 0.333333343,
      "uw": 0.21875,
      "vh": 0.333333343,
      "width": 448,
      "height": 448,
      "descriptor": [
        145,
        124,
        39,
        154,
        83,
        52,
        148,
        133,
        34,
        92,
        100,
        49,
        110,
        111,
        60,
        141,
        108,
        43,
        97,
        97,
        37,
        66,
        72,
        49,
        85,
        88,
        73,
        94,
        66,
        58,
        75,
        84,
        47,
        70,
        82,
        57,
        145,
        132,
        94,
        150,
        126,
        88,
        172,
        149,
        123,
        155,
        119,
        98
      ]
    },
    {
      "margin": false,
      "index": 13,
      "file": null,
      "u": 0.71875,
      "v": 0.333333343,
      "uw": 0.21875,
      "vh": 0.333333343,
      "width": 448,
      "height": 448,
      "descriptor": [
        179,
        80,
        54,
        175,
        134,
        95,
        171,
        95,
        92,
        114,
        145,
        156,
        167,
        93,
        68,
        184,
        84,
        76,
        139,
        103,
        89,
        181,
        154,
        37,
        79,
        91,
        54,
        136,
        125,
        70,
        117,
        106,
        59,
        130,
        116,
        51,
        151,
        111,
        82,
        131,
        67,
        42,
        143,
        129,
        125,
        155,
        102,
        58
      ]
    },
    {
      "margin": false,
      "index": 14,
      "file": null,
      "u": 0.0625,
      "v": 0.6666667,
      "uw": 0.21875,
      "vh": 0.333333343,
      "width": 448,
      "height": 448,
      "descriptor": [
        181,
        150,
        12,
        176,
        136,
        77,
        168,
        109,
        81,
        98,
        73,
        79,
        195,
        151,
        60,
        153,
        126,
        101,
        163,
        119,
        97,
        101,
        76,
        94,
        172,
        133,
        106,
        140,
        117,
        88,
        142,
        111,
        90,
        166,
        113,
        84,
        65,
        101,
        107,
        57,
        89,
        79,
        51,
        89,
        90,
        60,
        105,
        103
      ]
    },
    {
      "margin": false,
      "index": 15,
      "file": null,
      "u": 0.28125,
      "v": 0.6666667,
      "uw": 0.21875,
      "vh": 0.333333343,