{
  "title": "MALOMESTSKÁ ULICA",
  "author": "PALUGYAY, ZOLO",
  "year": "1930",
  "id": "SNG-0001022785",
  "width": 1408,
  "height": 2048,
  "file": "SNG--K_688--1_1--_2015_08_05_--L2_WEB_99141.webp",
  "tiles_x": 3,
  "tiles_y": 4,
  "offset_x": 0.0,
  "offset_y": 0.0416666567,
  "tiles": [
    {
      "margin": false,
      "index": 6,
      "file": null,
      "u": 0.0,
      "v": 0.0416666567,
      "uw": 0.333333343,
      "vh": 0.229166672,
      "width": 469,
      "height": 469,
      "descriptor": [
        202,
        192,
        173,
        241,
        224,
        191,
        237,
        220,
        188,
        244,
        227,
        195,
        198,
        191,
        170,
        219,
        198,
        178,
        224,
        208,
        187,
        240,
        225,
        192,
        191,
        179,
        171,
        184,
        175,
        159,
        183,
        175,
        161,
        190,
        179,
        164,
        189,
        178,
        165,
        187,
        177,
        163,
        211,
        198,
        180,
        207,
        196,
        177
      ]
    },
    {
      "margin": false,
      "index": 7,
      "file": null,
      "u": 0.333333343,
      "v": 0.0416666567,
      "uw": 0.333333343,
      "vh": 0.229166672,
      "width": 469,
      "height": 469,
      "descriptor": [
        194,
        186,
        169,
        177,
        158,
        146,
        161,
        155,
        158,
        241,
        224,
        192,
        235,
        218,
        187,
        134,
        139,
        158,
        242,
        227,
        194,
        239,
        223,
        191,
        245,
        229,
        198,
        199,
        189,
        176,
        206,
        193,
        177,
        221,
        205,
        187,
        206,
        195,
        176,
        214,
        200,
        176,
        231,
        217,
        189,
        184,
        177,
        171
      ]
    },
    {
      "margin": false,
      "index": 8,
      "file": null,
      "u": 0.6666667,
      "v": 0.0416666567,
      "uw": 0.333333343,
      "vh": 0.229166672,
      "width": 469,
      "height": 469,
      "descriptor": [
        239,
        223,
        190,
        192,
        179,
        165,
        183,
        169,
        166,
        199,
        185,
        171,
        217,
        200,
        177,
        242,
        226,
        193,
        214,
        201,
        177,
        234,
        215,
        171,
        195,
        187,
        171,
        197,
        187,
        169,
        134,
        120,
        135,
        116,
        116,
        140,
        216,
        199,
        177,
        240,
        224,
        194,
        236,
        214,
        164,
        232,
        210,
        160
      ]
    },
    {
      "margin": false,
      "index": 9,
      "file": null,
      "u": 0.0,
      "v": 0.2708333,
      "uw": 0.333333343,
      "vh": 0.229166672,
      "width": 469,
      "height": 469,
      "descriptor": [
        190,
        178,
        167,
        179,
        172,
        172,
        205,
        163,
        121,
        226,
        187,
        129,
        191,
        174,
        164,
        167,
        159,
        156,
        194,
        164,
        132,
        91,
        109,
        85,
        47,
        71,
        82,
        65,
        77,
        81,
        84,
        96,
        96,
        86,
        107,
        97,
        107,
        112,
        77,
        61,
        69,
        61,
        73,
        87,
        72,
        78,
        112,
        115
      ]
    },
    {
      "margin": false,
      "index": 10,
      "file": null,
      "u": 0.333333343,
      "v": 0.2708333,
      "uw": 0.333333343,
      "vh": 0.229166672,
      "width": 469,
      "height": 469,
      "descriptor": [
        225,
        192,
        151,
        45,
        57,
        63,
        153,
        165,
        119,
        142,
        158,
        90,
        219,
        185,
        134,
        209,
        199,
        161,
        137,
        155,
        95,
        63,
        80,
        72,
        137,
        128,
        127,
        148,
        164,
        84,
        146,
        167,
        102,
        153,
        161,
        116,
        168,
        147,
        144,
        151,
        138,
        135,
        101,
        115,
        124,
        119,
        137,
        133
      ]
    },
    {
      "margin": false,
      "index": 11,
      "file": null,
      "u": 0.6666667,
      "v": 0.2708333,
      "uw": 0.333333343,
      "vh": 0.229166672,
      "width": 469,
      "height": 469,
      "descriptor": [
        183,
        165,
        155,
        178,
        162,
        153,
        237,
        217,
        172,
        192,
        176,
        158,
        172,
        158,
        149,
        154,
        142,
        141,
        228,
        208,
        165,
        157,
        155,
        143,
        181,
        158,
        137,
        221,
        201,
        164,
        234,
        214,
        168,
        234,
        215,
        170,
        173,
        156,
        141,
        201,
        185,
        153,
        232,
        211,
        159,
        190,
        177,
        154
      ]
    },
    {
      "margin": false,
      "index": 12,
      "file": null,
      "u": 0.0,
      "v": 0.5,
      "uw": 0.333333343,
      "vh": 0.229166672,
      "width": 469,
      "height": 469,
      "descriptor": [
        176,
        171,
        163,
        181,
        169,
        154,
        130,
        97,
        87,
        168,
        145,
        132,
        191,
        180,
        154,
        230,
        204,
        158,
        236,
        221,
        190,
        147,
        126,
        128,
        189,
        177,
        149,
        193,
        166,
        160,
        167,
        109,
        72,
        226,
        158,
        88,
        242,
        175,
        103,
        237,
        176,
        90,
        241,
        194,
        128,
        243,
        203,
        146
      ]
    },
    {
      "margin": false,
      "index": 13,
      "file": null,
      "u": 0.333333343,
      "v": 0.5,
      "uw": 0.333333343,
      "vh": 0.229166672,
      "width": 469,
      "height": 469,
      "descriptor": [
        121,
        63,
        53,
        235,
        215,
        171,
        236,
        217,
        174,
        63,
        53,
        50,
        84,
        64,
        64,
        83,
        59,
        49,
        168,
        98,
        78,
        168,
        127,
        118,
        166,
        130,
        111,
        201,
        163,
        111,
        84,
        62,
        52,
        79,
        66,
        62,
        239,
        200,
        144,
        236,
        197,
        139,
        205,
        107,
        69,
        173,
        82,
        55
      ]
    },
    {
      "margin": false,
      "index": 14,
      "file": null,
      "u": 0.6666667,
      "v": 0.5,
      "uw": 0.333333343,
      "vh": 0.229166672,
      "width": 469,
      "height": 469,