{
  "title": "BELA III.",
  "author": "SLOVENSKÝ MALIAR Z 18. STOROČIA, NEZNÁMY MALIAR",
  "year": "(1700 - 1800)",
  "id": "SNG-0001002856",
  "width": 1408,
  "height": 2048,
  "file": "SNG--O_5339--1_1--_2015_08_11_--L2_WEB_1999.webp",
  "tiles_x": 3,
  "tiles_y": 4,
  "offset_x": 0.0,
  "offset_y": 0.0416666567,
  "tiles": [
    {
      "margin": false,
      "index": 6,
      "file": null,
      "u": 0.0,
      "v": 0.0416666567,
      "uw": 0.333333343,
      "vh": 0.229166672,
      "width": 469,
      "height": 469,
      "descriptor": [
        74,
        64,
        55,
        146,
        87,
        56,
        160,
        76,
        41,
        115,
        77,
        56,
        92,
        70,
        55,
        158,
        85,
        60,
        79,
        46,
        18,
        84,
        44,
        19,
        85,
        75,
        68,
        32,
        59,
        45,
        85,
        64,
        46,
        66,
        63,
        48,
        59,
        61,
        51,
        61,
        76,
        68,
        51,
        56,
        39,
        85,
        67,
        55
      ]
    },
    {
      "margin": false,
      "index": 7,
      "file": null,
      "u": 0.333333343,
      "v": 0.0416666567,
      "uw": 0.333333343,
      "vh": 0.229166672,
      "width": 469,
      "height": 469,
      "descriptor": [
        89,
        55,
        36,
        88,
        55,
        39,
        93,
        54,
        32,
        80,
        45,
        34,
        112,
        63,
        16,
        129,
        70,
        27,
        100,
        59,
        43,
        113,
        65,
        14,
        121,
        70,
        16,
        128,
        83,
        42,
        68,
        44,
        8,
        123,
        70,
        5,
        144,
        83,
        11,
        118,
        73,
        34,
        67,
        59,
        42,
        186,
        142,
        61
      ]
    },
    {
      "margin": false,
      "index": 8,
      "file": null,
      "u": 0.6666667,
      "v": 0.0416666567,
      "uw": 0.333333343,
      "vh": 0.229166672,
      "width": 469,
      "height": 469,
      "descriptor": [
        104,
        78,
        64,
        114,
        65,
        14,
        118,
        69,
        11,
        117,
        69,
        29,
        121,
        76,
        24,
        125,
        68,
        6,
        121,
        72,
        19,
        112,
        71,
        33,
        117,
        74,
        22,
        115,
        78,
        48,
        123,
        70,
        16,
        111,
        74,
        36,
        128,
        70,
        23,
        57,
        56,
        22,
        96,
        54,
        25,
        99,
        64,
        36
      ]
    },
    {
      "margin": false,
      "index": 9,
      "file": null,
      "u": 0.0,
      "v": 0.2708333,
      "uw": 0.333333343,
      "vh": 0.229166672,
      "width": 469,
      "height": 469,
      "descriptor": [
        104,
        77,
        60,
        93,
        61,
        39,
        91,
        85,
        65,
        101,
        88,
        64,
        133,
        93,
        73,
        110,
        87,
        59,
        114,
        85,
        57,
        131,
        80,
        60,
        132,
        108,
        78,
        100,
        72,
        48,
        104,
        66,
        36,
        100,
        63,
        40,
        92,
        68,
        40,
        124,
        103,
        77,
        92,
        73,
        49,
        80,
        65,
        46
      ]
    },
    {
      "margin": false,
      "index": 10,
      "file": null,
      "u": 0.333333343,
      "v": 0.2708333,
      "uw": 0.333333343,
      "vh": 0.229166672,
      "width": 469,
      "height": 469,
      "descriptor": [
        116,
        76,
        38,
        108,
        65,
        27,
        81,
        68,
        38,
        125,
        69,
        40,
        127,
        88,
        54,
        105,
        56,
        23,
        69,
        69,
        34,
        87,
        87,
        73,
        120,
        84,
        53,
        116,
        67,
        37,
        129,
        59,
        32,
        65,
        54,
        51,
        81,
        48,
        18,
        189,
        68,
        23,
        138,
        94,
        42,
        30,
        36,
        36
      ]
    },
    {
      "margin": false,
      "index": 11,
      "file": null,
      "u": 0.6666667,
      "v": 0.2708333,
      "uw": 0.333333343,
      "vh": 0.229166672,
      "width": 469,
      "height": 469,
      "descriptor": [
        83,
        78,
        55,
        57,
        52,
        22,
        98,
        50,
        5,
        87,
        51,
        16,
        100,
        43,
        29,
        50,
        57,
        33,
        93,
        49,
        12,
        95,
        53,
        24,
        131,
        54,
        21,
        58,
        57,
        30,
        78,
        42,
        7,
        95,
        55,
        22,
        122,
        48,
        14,
        128,
        44,
        13,
        100,
        65,
        36,
        94,
        58,
        33
      ]
    },
    {
      "margin": false,
      "index": 12,
      "file": null,
      "u": 0.0,
      "v": 0.5,
      "uw": 0.333333343,
      "vh": 0.229166672,
      "width": 469,
      "height": 469,
      "descriptor": [
        89,
        81,
        51,
        88,
        69,
        48,
        71,
        65,
        32,
        69,
        57,
        28,
        83,
        82,
        42,
        83,
        66,
        34,
        78,
        68,
        36,
        64,
        61,
        28,
        77,
        64,
        44,
        59,
        47,
        26,
        75,
        40,
        16,
        51,
        43,
        26,
        65,
        55,
        36,
        54,
        44,
        31,
        41,
        31,
        16,
        59,
        48,
        32
      ]
    },
    {
      "margin": false,
      "index": 13,
      "file": null,
      "u": 0.333333343,
      "v": 0.5,
      "uw": 0.333333343,
      "vh": 0.229166672,
      "width": 469,
      "height": 469,
      "descriptor": [
        67,
        58,
        27,
        72,
        32,
        12,
        54,
        54,
        48,
        123,
        50,
        9,
        51,
        52,
        12,
        94,
        79,
        76,
        196,
        123,
        97,
        217,
        123,
        106,
        67,
        46,
        30,
        18,
        20,
        23,
        16,
        42,
        42,
        133,
        77,
        47,
        51,
        39,
        17,
        11,
        14,
        17,
        40,
        34,
        25,
        36,
        37,
        26
      ]
    },
    {
      "margin": false,
      "index": 14,
      "file": null,
      "u": 0.6666667,
      "v": 0.5,
      "uw": 0.333333343,
      "vh": 0.229166672,
      "width": 469,
      "height": 469,
      "descriptor": [
        127,
        70,
        39,
        91,
        41,
        7,
        94,
        50,
        18,
        101,
        59,
        25,
        88,
        43,
        13,
        43,
        36,
        16,
        52,
        35,
        20,
        62,
        45,
        25,
        55,
        39,
        16,
        56,
        53,
        32,
        51,
        36,
        20,
        47,
        31,
        13,
        34,
        47,
        25,
        72,
        48,
        24,
        59,
        52,
        26,
        49,
        36,
        18
      ]
    },
    {
      "margin": false,
      "index": 15,
      "file": null,
      "u": 0.0,
      "v": 0.7291666,
      "uw": 0.333333343,
      "vh": 0.229166672,
      "width": 469,
      "height": 469,