{
  "title": "KRAJINA",
  "author": "WEISZ-KUBÍNČAN, ARNOLD PETER",
  "year": "(1940 - 1944)",
  "id": "SNG-0001006878",
  "width": 2048,
  "height": 1600,
  "file": "SNG--K_4469--1_1--2015_08_26--L2_WEB_2419.webp",
  "tiles_x": 3,
  "tiles_y": 3,
  "offset_x": 0.109375,
  "offset_y": 0.0,
  "tiles": [
    {
      "margin": false,
      "index": 6,
      "file": null,
      "u": 0.109375,
      "v": 0.0,
      "uw": 0.260416657,
      "vh": 0.3333333,
      "width": 533,
      "height": 533,
      "descriptor": [
        70,
        74,
        76,
        65,
        68,
        73,
        93,
        85,
        72,
        205,
        161,
        108,
        183,
        99,
        107,
        72,
        69,
        70,
        77,
        68,
        64,
        211,
        192,
        143,
        94,
        85,
        69,
        67,
        68,
        69,
        87,
        81,
        70,
        221,
        200,
        143,
        244,
        214,
        156,
        227,
        218,
        173,
        51,
        53,
        54,
        205,
        188,
        147
      ]
    },
    {
      "margin": false,
      "index": 7,
      "file": null,
      "u": 0.369791657,
      "v": 0.0,
      "uw": 0.260416657,
      "vh": 0.3333333,
      "width": 533,
      "height": 533,
      "descriptor": [
        76,
        76,
        64,
        156,
        154,
        153,
        56,
        67,
        83,
        46,
        68,
        99,
        241,
        215,
        158,
        51,
        55,
        52,
        66,
        77,
        97,
        61,
        62,
        61,
        147,
        129,
        103,
        235,
        213,
        154,
        86,
        82,
        65,
        172,
        143,
        98,
        228,
        218,
        166,
        61,
        61,
        56,
        81,
        73,
        62,
        71,
        69,
        63
      ]
    },
    {
      "margin": false,
      "index": 8,
      "file": null,
      "u": 0.6302083,
      "v": 0.0,
      "uw": 0.260416657,
      "vh": 0.3333333,
      "width": 533,
      "height": 533,
      "descriptor": [
        45,
        87,
        112,
        53,
        80,
        109,
        79,
        63,
        95,
        90,
        90,
        102,
        84,
        80,
        69,
        97,
        82,
        70,
        224,
        174,
        112,
        197,
        163,
        135,
        99,
        87,
        55,
        221,
        167,
        114,
        164,
        148,
        117,
        72,
        70,
        70,
        65,
        64,
        59,
        161,
        133,
        115,
        204,
        166,
        129,
        55,
        56,
        57
      ]
    },
    {
      "margin": false,
      "index": 9,
      "file": null,
      "u": 0.109375,
      "v": 0.3333333,
      "uw": 0.260416657,
      "vh": 0.3333333,
      "width": 533,
      "height": 533,
      "descriptor": [
        49,
        51,
        45,
        97,
        82,
        70,
        46,
        49,
        47,
        61,
        63,
        55,
        85,
        77,
        68,
        78,
        74,
        67,
        69,
        58,
        55,
        58,
        61,
        61,
        164,
        126,
        102,
        66,
        62,
        59,
        95,
        87,
        77,
        59,
        61,
        61,
        214,
        198,
        161,
        108,
        88,
        78,
        61,
        66,
        64,
        59,
        62,
        60
      ]
    },
    {
      "margin": false,
      "index": 10,
      "file": null,
      "u": 0.369791657,
      "v": 0.3333333,
      "uw": 0.260416657,
      "vh": 0.3333333,
      "width": 533,
      "height": 533,
      "descriptor": [
        92,
        80,
        65,
        190,
        179,
        147,
        64,
        61,
        57,
        93,
        77,
        102,
        111,
        102,
        84,
        124,
        101,
        79,
        51,
        54,
        52,
        55,
        57,
        55,
        53,
        54,
        52,
        63,
        64,
        63,
        54,
        55,
        53,
        171,
        175,
        186,
        76,
        71,
        64,
        56,
        57,
        56,
        60,
        61,
        61,
        82,
        68,
        67
      ]
    },
    {
      "margin": false,
      "index": 11,
      "file": null,
      "u": 0.6302083,
      "v": 0.3333333,
      "uw": 0.260416657,
      "vh": 0.3333333,
      "width": 533,
      "height": 533,
      "descriptor": [
        67,
        68,
        57,
        54,
        52,
        51,
        82,
        75,
        72,
        62,
        61,
        58,
        57,
        59,
        57,
        180,
        164,
        150,
        145,
        123,
        102,
        178,
        161,
        135,
        116,
        109,
        72,
        61,
        59,
        56,
        71,
        63,
        60,
        221,
        197,
        154,
        235,
        207,
        124,
        223,
        163,
        125,
        113,
        103,
        79,
        87,
        66,
        55
      ]
    },
    {
      "margin": false,
      "index": 12,
      "file": null,
      "u": 0.109375,
      "v": 0.6666666,
      "uw": 0.260416657,
      "vh": 0.3333333,
      "width": 533,
      "height": 533,
      "descriptor": [
        65,
        66,
        64,
        217,
        194,
        152,
        186,
        173,
        134,
        99,
        88,
        71,
        60,
        62,
        59,
        55,
        60,
        60,
        58,
        58,
        56,
        206,
        173,
        79,
        52,
        55,
        54,
        59,
        61,
        58,
        50,
        52,
        50,
        64,
        63,
        59,
        92,
        87,
        81,
        149,
        134,
        120,
        205,
        184,
        143,
        150,
        120,
        80
      ]
    },
    {
      "margin": false,
      "index": 13,
      "file": null,
      "u": 0.369791657,
      "v": 0.6666666,
      "uw": 0.260416657,
      "vh": 0.3333333,
      "width": 533,
      "height": 533,
      "descriptor": [
        79,
        70,
        64,
        93,
        87,
        72,
        51,
        53,
        53,
        98,
        91,
        78,
        55,
        57,
        53,
        190,
        196,
        163,
        98,
        90,
        67,
        62,
        58,
        54,
        83,
        75,
        61,
        176,
        151,
        122,
        113,
        98,
        84,
        55,
        46,
        49,
        224,
        176,
        112,
        55,
        57,
        53,
        223,
        198,
        158,
        171,
        149,
        117
      ]
    },
    {
      "margin": false,
      "index": 14,
      "file": null,
      "u": 0.6302083,
      "v": 0.6666666,
      "uw": 0.260416657,
      "vh": 0.3333333,
      "width": 533,
      "height": 533,
      "descriptor": [
        80,
        69,
        65,
        48,
        49,
        48,
        212,
        188,
        152,
        71,
        70,
        68,
        55,
        56,
        54,
        71,
        69,
        64,
        227,
        199,
        165,
        77,
        71,
        66,
        186,
        175,
        151,
        197,
        173,
        147,
        201,
        178,
        138,
        216,
        191,
        146,
        217,
        192,
        146,
        50,
        50,
        47,
        83,
        69,
        50,
        243,
        217,
        175
      ]
    }
  ],
  "margins": [
    {
      "margin": true,
      "index": 0,
      "file": null,
      "u": 0.0,
      "v": 0.0,
      "uw": 0.109375,
      "vh": 0.3333333,
      "width": 224,
      "height": 533,