{
  "title": "PES V LESE",
  "author": "WEISZ-KUBÍNČAN, ARNOLD PETER",
  "year": "(1927 - 1947)",
  "id": "SNG-0001007129",
  "width": 2048,
  "height": 1664,
  "file": "SNG--K_8959--1_1--2015_09_04--L2_WEB_54059.webp",
  "tiles_x": 3,
  "tiles_y": 3,
  "offset_x": 0.09375,
  "offset_y": 0.0,
  "tiles": [
    {
      "margin": false,
      "index": 6,
      "file": null,
      "u": 0.09375,
      "v": 0.0,
      "uw": 0.270833343,
      "vh": 0.333333343,
      "width": 554,
      "height": 554,
      "descriptor": [
        162,
        109,
        100,
        168,
        107,
        100,
        166,
        114,
        105,
        183,
        122,
        116,
        163,
        112,
        103,
        171,
        113,
        109,
        164,
        106,
        104,
        173,
        112,
        108,
        198,
        173,
        175,
        185,
        137,
        139,
        148,
        118,
        109,
        190,
        175,
        166,
        165,
        165,
        161,
        182,
        149,
        143,
        170,
        114,
        110,
        177,
        135,
        126
      ]
    },
    {
      "margin": false,
      "index": 7,
      "file": null,
      "u": 0.364583343,
      "v": 0.0,
      "uw": 0.270833343,
      "vh": 0.333333343,
      "width": 554,
      "height": 554,
      "descriptor": [
        170,
        112,
        105,
        172,
        110,
        103,
        165,
        106,
        97,
        159,
        104,
        95,
        166,
        107,
        100,
        165,
        112,
        102,
        158,
        98,
        90,
        155,
        104,
        93,
        197,
        201,
        198,
        173,
        173,
        172,
        153,
        121,
        116,
        132,
        127,
        114,
        181,
        145,
        134,
        153,
        113,
        108,
        172,
        161,
        158,
        111,
        106,
        100
      ]
    },
    {
      "margin": false,
      "index": 8,
      "file": null,
      "u": 0.6354167,
      "v": 0.0,
      "uw": 0.270833343,
      "vh": 0.333333343,
      "width": 554,
      "height": 554,
      "descriptor": [
        166,
        107,
        99,
        167,
        109,
        101,
        171,
        108,
        102,
        171,
        113,
        104,
        174,
        115,
        106,
        160,
        107,
        97,
        164,
        110,
        101,
        163,
        112,
        102,
        75,
        92,
        78,
        107,
        75,
        69,
        125,
        100,
        84,
        146,
        107,
        95,
        104,
        95,
        76,
        110,
        100,
        70,
        118,
        92,
        71,
        130,
        94,
        77
      ]
    },
    {
      "margin": false,
      "index": 9,
      "file": null,
      "u": 0.09375,
      "v": 0.333333343,
      "uw": 0.270833343,
      "vh": 0.333333343,
      "width": 554,
      "height": 554,
      "descriptor": [
        170,
        162,
        165,
        167,
        155,
        136,
        179,
        171,
        157,
        168,
        152,
        140,
        180,
        173,
        169,
        121,
        112,
        104,
        137,
        115,
        93,
        169,
        120,
        105,
        115,
        179,
        146,
        104,
        127,
        104,
        127,
        136,
        121,
        161,
        101,
        91,
        172,
        117,
        108,
        145,
        118,
        103,
        187,
        173,
        165,
        178,
        115,
        83
      ]
    },
    {
      "margin": false,
      "index": 10,
      "file": null,
      "u": 0.364583343,
      "v": 0.333333343,
      "uw": 0.270833343,
      "vh": 0.333333343,
      "width": 554,
      "height": 554,
      "descriptor": [
        161,
        92,
        88,
        133,
        98,
        80,
        160,
        136,
        120,
        137,
        139,
        123,
        104,
        119,
        85,
        125,
        123,
        122,
        59,
        99,
        89,
        137,
        108,
        100,
        103,
        76,
        62,
        129,
        134,
        130,
        152,
        112,
        103,
        75,
        83,
        68,
        172,
        113,
        109,
        174,
        105,
        115,
        165,
        111,
        97,
        128,
        98,
        72
      ]
    },
    {
      "margin": false,
      "index": 11,
      "file": null,
      "u": 0.6354167,
      "v": 0.333333343,
      "uw": 0.270833343,
      "vh": 0.333333343,
      "width": 554,
      "height": 554,
      "descriptor": [
        179,
        196,
        169,
        158,
        109,
        96,
        109,
        92,
        71,
        140,
        107,
        91,
        143,
        105,
        83,
        138,
        96,
        75,
        143,
        104,
        87,
        157,
        111,
        103,
        114,
        110,
        96,
        118,
        103,
        72,
        153,
        131,
        81,
        165,
        130,
        107,
        147,
        140,
        114,
        91,
        60,
        55,
        70,
        96,
        83,
        133,
        109,
        90
      ]
    },
    {
      "margin": false,
      "index": 12,
      "file": null,
      "u": 0.09375,
      "v": 0.6666667,
      "uw": 0.270833343,
      "vh": 0.333333343,
      "width": 554,
      "height": 554,
      "descriptor": [
        160,
        147,
        135,
        161,
        103,
        97,
        141,
        99,
        75,
        107,
        90,
        73,
        128,
        111,
        95,
        68,
        75,
        70,
        88,
        93,
        79,
        126,
        95,
        86,
        75,
        93,
        81,
        125,
        82,
        82,
        162,
        108,
        100,
        55,
        84,
        74,
        149,
        92,
        84,
        156,
        102,
        99,
        145,
        120,
        101,
        141,
        108,
        90
      ]
    },
    {
      "margin": false,
      "index": 13,
      "file": null,
      "u": 0.364583343,
      "v": 0.6666667,
      "uw": 0.270833343,
      "vh": 0.333333343,
      "width": 554,
      "height": 554,
      "descriptor": [
        121,
        96,
        69,
        133,
        71,
        48,
        149,
        93,
        81,
        117,
        78,
        50,
        124,
        60,
        67,
        143,
        95,
        84,
        146,
        103,
        90,
        151,
        107,
        92,
        97,
        89,
        63,
        131,
        90,
        69,
        133,
        102,
        86,
        97,
        99,
        85,
        156,
        111,
        99,
        86,
        102,
        84,
        95,
        110,
        87,
        140,
        106,
        89
      ]
    },
    {
      "margin": false,
      "index": 14,
      "file": null,
      "u": 0.6354167,
      "v": 0.6666667,
      "uw": 0.270833343,
      "vh": 0.333333343,
      "width": 554,
      "height": 554,
      "descriptor": [
        156,
        101,
        73,
        149,
        97,
        73,
        88,
        86,
        83,
        107,
        108,
        90,
        133,
        104,
        103,
        77,
        69,
        66,
        138,
        114,
        99,
        146,
        131,
        104,
        96,
        105,
        80,
        99,
        99,
        81,
        117,
        91,
        74,
        138,
        102,
        92,
        169,
        113,
        102,
        144,
        114,
        91,
        158,
        109,
        94,
        133,
        92,
        85
      ]
    }
  ],
  "margins": [
    {
      "margin": true,
      "index": 0,