{
  "title": "HORNATÁ KRAJINA",
  "author": "WEISZ-KUBÍNČAN, ARNOLD PETER",
  "year": "(1940 - 1944)",
  "id": "SNG-0001018815",
  "width": 2048,
  "height": 1408,
  "file": "SNG--O_2946--1_1--2013_10_31--L2_WEB_3721.webp",
  "tiles_x": 4,
  "tiles_y": 3,
  "offset_x": 0.0416666567,
  "offset_y": 0.0,
  "tiles": [
    {
      "margin": false,
      "index": 6,
      "file": null,
      "u": 0.0416666567,
      "v": 0.0,
      "uw": 0.229166672,
      "vh": 0.333333343,
      "width": 469,
      "height": 469,
      "descriptor": [
        76,
        78,
        81,
        82,
        70,
        77,
        85,
        66,
        71,
        116,
        107,
        92,
        83,
        87,
        92,
        85,
        91,
        97,
        103,
        105,
        103,
        117,
        96,
        85,
        60,
        73,
        78,
        60,
        72,
        77,
        79,
        89,
        94,
        114,
        97,
        55,
        107,
        75,
        75,
        116,
        84,
        87,
        72,
        89,
        98,
        102,
        94,
        91
      ]
    },
    {
      "margin": false,
      "index": 7,
      "file": null,
      "u": 0.2708333,
      "v": 0.0,
      "uw": 0.229166672,
      "vh": 0.333333343,
      "width": 469,
      "height": 469,
      "descriptor": [
        81,
        85,
        79,
        68,
        69,
        73,
        60,
        65,
        69,
        76,
        80,
        81,
        150,
        143,
        109,
        84,
        89,
        92,
        118,
        118,
        116,
        92,
        97,
        101,
        112,
        71,
        64,
        104,
        79,
        72,
        125,
        129,
        125,
        96,
        93,
        95,
        218,
        177,
        39,
        99,
        79,
        87,
        114,
        114,
        113,
        71,
        75,
        72
      ]
    },
    {
      "margin": false,
      "index": 8,
      "file": null,
      "u": 0.5,
      "v": 0.0,
      "uw": 0.229166672,
      "vh": 0.333333343,
      "width": 469,
      "height": 469,
      "descriptor": [
        57,
        66,
        69,
        59,
        71,
        72,
        123,
        96,
        45,
        115,
        122,
        117,
        102,
        126,
        126,
        74,
        83,
        86,
        111,
        99,
        85,
        158,
        94,
        81,
        61,
        76,
        82,
        68,
        83,
        89,
        70,
        85,
        97,
        74,
        83,
        88,
        91,
        98,
        98,
        96,
        93,
        87,
        67,
        80,
        86,
        69,
        79,
        84
      ]
    },
    {
      "margin": false,
      "index": 9,
      "file": null,
      "u": 0.7291666,
      "v": 0.0,
      "uw": 0.229166672,
      "vh": 0.333333343,
      "width": 469,
      "height": 469,
      "descriptor": [
        97,
        103,
        98,
        96,
        103,
        104,
        85,
        89,
        89,
        87,
        94,
        96,
        127,
        119,
        123,
        182,
        178,
        162,
        63,
        119,
        120,
        120,
        131,
        132,
        115,
        95,
        101,
        198,
        167,
        62,
        123,
        109,
        82,
        175,
        92,
        88,
        84,
        79,
        68,
        105,
        95,
        65,
        89,
        93,
        97,
        63,
        70,
        75
      ]
    },
    {
      "margin": false,
      "index": 10,
      "file": null,
      "u": 0.0416666567,
      "v": 0.333333343,
      "uw": 0.229166672,
      "vh": 0.333333343,
      "width": 469,
      "height": 469,
      "descriptor": [
        101,
        113,
        82,
        163,
        154,
        50,
        62,
        93,
        83,
        89,
        90,
        84,
        194,
        178,
        41,
        171,
        156,
        43,
        90,
        112,
        85,
        199,
        185,
        44,
        176,
        159,
        58,
        104,
        95,
        84,
        77,
        121,
        93,
        81,
        118,
        97,
        104,
        112,
        68,
        100,
        98,
        67,
        162,
        169,
        147,
        57,
        66,
        71
      ]
    },
    {
      "margin": false,
      "index": 11,
      "file": null,
      "u": 0.2708333,
      "v": 0.333333343,
      "uw": 0.229166672,
      "vh": 0.333333343,
      "width": 469,
      "height": 469,
      "descriptor": [
        21,
        57,
        64,
        82,
        97,
        97,
        122,
        97,
        99,
        67,
        87,
        88,
        141,
        94,
        98,
        146,
        67,
        72,
        144,
        128,
        108,
        41,
        68,
        75,
        67,
        74,
        59,
        165,
        109,
        68,
        74,
        76,
        76,
        135,
        92,
        78,
        52,
        64,
        71,
        51,
        69,
        71,
        57,
        76,
        66,
        81,
        82,
        78
      ]
    },
    {
      "margin": false,
      "index": 12,
      "file": null,
      "u": 0.5,
      "v": 0.333333343,
      "uw": 0.229166672,
      "vh": 0.333333343,
      "width": 469,
      "height": 469,
      "descriptor": [
        68,
        89,
        91,
        174,
        102,
        67,
        59,
        78,
        104,
        47,
        79,
        103,
        41,
        71,
        72,
        206,
        178,
        52,
        75,
        106,
        104,
        102,
        137,
        147,
        101,
        90,
        89,
        91,
        122,
        110,
        80,
        103,
        89,
        138,
        155,
        149,
        102,
        88,
        88,
        142,
        116,
        53,
        163,
        63,
        74,
        137,
        100,
        96
      ]
    },
    {
      "margin": false,
      "index": 13,
      "file": null,
      "u": 0.7291666,
      "v": 0.333333343,
      "uw": 0.229166672,
      "vh": 0.333333343,
      "width": 469,
      "height": 469,
      "descriptor": [
        56,
        66,
        63,
        57,
        64,
        71,
        88,
        90,
        95,
        83,
        80,
        85,
        62,
        70,
        75,
        61,
        63,
        69,
        97,
        88,
        90,
        79,
        91,
        89,
        119,
        130,
        133,
        107,
        111,
        88,
        104,
        107,
        93,
        55,
        64,
        69,
        67,
        73,
        79,
        58,
        67,
        74,
        86,
        99,
        71,
        92,
        91,
        72
      ]
    },
    {
      "margin": false,
      "index": 14,
      "file": null,
      "u": 0.0416666567,
      "v": 0.6666667,
      "uw": 0.229166672,
      "vh": 0.333333343,
      "width": 469,
      "height": 469,
      "descriptor": [
        145,
        161,
        162,
        50,
        64,
        72,
        87,
        119,
        105,
        49,
        61,
        63,
        93,
        104,
        79,
        126,
        133,
        110,
        119,
        130,
        80,
        87,
        92,
        97,
        73,
        91,
        100,
        113,
        124,
        68,
        105,
        119,
        111,
        153,
        161,
        48,
        96,
        118,
        111,
        130,
        133,
        117,
        102,
        123,
        68,
        91,
        95,
        81
      ]
    },
    {
      "margin": false,
      "index": 15,
      "file": null,
      "u": 0.2708333,
      "v": 0.6666667,
      "uw": 0.229166672,
      "vh": 0.333333343,
      "width": 469,
      "height": 469,