{
  "title": "UMÝVAJÚCA SA ŽENA",
  "author": "GALANDA, MIKULÁŠ",
  "year": "(1930 - 1939)",
  "id": "SNG-0001019076",
  "width": 1600,
  "height": 2048,
  "file": "SNG--O_2997--1_1--2013_11_13--L2_WEB_21938.webp",
  "tiles_x": 3,
  "tiles_y": 3,
  "offset_x": 0.0,
  "offset_y": 0.109375,
  "tiles": [
    {
      "margin": false,
      "index": 6,
      "file": null,
      "u": 0.0,
      "v": 0.109375,
      "uw": 0.3333333,
      "vh": 0.260416657,
      "width": 533,
      "height": 533,
      "descriptor": [
        157,
        88,
        68,
        162,
        107,
        88,
        34,
        27,
        22,
        139,
        105,
        77,
        144,
        84,
        66,
        158,
        124,
        80,
        115,
        101,
        66,
        130,
        99,
        66,
        106,
        65,
        51,
        173,
        132,
        94,
        100,
        82,
        71,
        91,
        69,
        60,
        144,
        85,
        58,
        91,
        68,
        66,
        147,
        113,
        79,
        179,
        133,
        85
      ]
    },
    {
      "margin": false,
      "index": 7,
      "file": null,
      "u": 0.3333333,
      "v": 0.109375,
      "uw": 0.3333333,
      "vh": 0.260416657,
      "width": 533,
      "height": 533,
      "descriptor": [
        58,
        47,
        43,
        52,
        37,
        32,
        93,
        72,
        56,
        75,
        68,
        52,
        152,
        122,
        90,
        109,
        94,
        79,
        122,
        101,
        77,
        65,
        63,
        54,
        40,
        35,
        32,
        70,
        62,
        58,
        119,
        100,
        69,
        168,
        123,
        81,
        168,
        127,
        86,
        173,
        132,
        87,
        174,
        131,
        87,
        179,
        135,
        90
      ]
    },
    {
      "margin": false,
      "index": 8,
      "file": null,
      "u": 0.6666666,
      "v": 0.109375,
      "uw": 0.3333333,
      "vh": 0.260416657,
      "width": 533,
      "height": 533,
      "descriptor": [
        99,
        86,
        58,
        91,
        60,
        52,
        154,
        98,
        73,
        125,
        83,
        57,
        81,
        77,
        61,
        95,
        59,
        49,
        112,
        64,
        48,
        155,
        95,
        58,
        131,
        106,
        76,
        82,
        57,
        49,
        120,
        63,
        50,
        154,
        100,
        64,
        177,
        135,
        88,
        138,
        65,
        47,
        100,
        63,
        52,
        130,
        84,
        60
      ]
    },
    {
      "margin": false,
      "index": 9,
      "file": null,
      "u": 0.0,
      "v": 0.369791657,
      "uw": 0.3333333,
      "vh": 0.260416657,
      "width": 533,
      "height": 533,
      "descriptor": [
        131,
        86,
        69,
        124,
        72,
        58,
        168,
        126,
        96,
        180,
        127,
        78,
        139,
        104,
        83,
        122,
        79,
        57,
        99,
        69,
        59,
        136,
        107,
        74,
        147,
        92,
        56,
        115,
        87,
        51,
        106,
        65,
        52,
        71,
        47,
        40,
        133,
        81,
        64,
        134,
        84,
        55,
        97,
        70,
        49,
        168,
        121,
        79
      ]
    },
    {
      "margin": false,
      "index": 10,
      "file": null,
      "u": 0.3333333,
      "v": 0.369791657,
      "uw": 0.3333333,
      "vh": 0.260416657,
      "width": 533,
      "height": 533,
      "descriptor": [
        166,
        122,
        74,
        143,
        117,
        74,
        127,
        104,
        66,
        136,
        107,
        72,
        179,
        134,
        96,
        161,
        124,
        83,
        135,
        110,
        66,
        124,
        95,
        64,
        177,
        132,
        93,
        176,
        132,
        93,
        131,
        107,
        69,
        121,
        98,
        65,
        183,
        134,
        93,
        180,
        138,
        96,
        140,
        112,
        71,
        135,
        106,
        76
      ]
    },
    {
      "margin": false,
      "index": 11,
      "file": null,
      "u": 0.6666666,
      "v": 0.369791657,
      "uw": 0.3333333,
      "vh": 0.260416657,
      "width": 533,
      "height": 533,
      "descriptor": [
        45,
        40,
        37,
        110,
        68,
        55,
        89,
        56,
        45,
        126,
        71,
        52,
        142,
        119,
        83,
        82,
        54,
        45,
        104,
        57,
        46,
        121,
        73,
        60,
        128,
        87,
        58,
        60,
        49,
        44,
        114,
        61,
        47,
        126,
        76,
        51,
        131,
        98,
        62,
        37,
        35,
        33,
        101,
        58,
        47,
        115,
        83,
        65
      ]
    },
    {
      "margin": false,
      "index": 12,
      "file": null,
      "u": 0.0,
      "v": 0.6302083,
      "uw": 0.3333333,
      "vh": 0.260416657,
      "width": 533,
      "height": 533,
      "descriptor": [
        134,
        92,
        61,
        149,
        83,
        55,
        167,
        103,
        67,
        175,
        127,
        84,
        81,
        94,
        60,
        105,
        88,
        59,
        187,
        127,
        91,
        187,
        143,
        98,
        160,
        90,
        58,
        83,
        98,
        64,
        104,
        78,
        59,
        186,
        142,
        105,
        159,
        101,
        75,
        174,
        113,
        79,
        157,
        96,
        69,
        80,
        62,
        49
      ]
    },
    {
      "margin": false,
      "index": 13,
      "file": null,
      "u": 0.3333333,
      "v": 0.6302083,
      "uw": 0.3333333,
      "vh": 0.260416657,
      "width": 533,
      "height": 533,
      "descriptor": [
        178,
        134,
        87,
        165,
        123,
        78,
        166,
        125,
        79,
        148,
        110,
        67,
        185,
        140,
        100,
        166,
        125,
        80,
        163,
        121,
        76,
        166,
        122,
        89,
        182,
        136,
        101,
        171,
        128,
        83,
        155,
        112,
        76,
        174,
        132,
        89,
        187,
        141,
        100,
        177,
        131,
        87,
        176,
        131,
        87,
        177,
        133,
        92
      ]
    },
    {
      "margin": false,
      "index": 14,
      "file": null,
      "u": 0.6666666,
      "v": 0.6302083,
      "uw": 0.3333333,
      "vh": 0.260416657,
      "width": 533,
      "height": 533,
      "descriptor": [
        144,
        113,
        69,
        123,
        87,
        55,
        99,
        62,
        56,
        131,
        76,
        52,
        148,
        117,
        74,
        124,
        88,
        59,
        113,
        61,
        48,
        112,
        81,
        58,
        149,
        115,
        67,
        63,
        51,
        47,
        122,
        87,
        63,
        118,
        78,
        58,
        107,
        84,
        57,
        132,
        81,
        61,
        106,
        72,
        55,
        124,
        95,
        69
      ]
    }
  ],
  "margins": [
    {
      "margin": true,
      "index": 0,
      "file": null,
      "u": 0.0,
      "v": 0.0,
      "uw": 0.3333333,
      "vh": 0.109375,
      "width": 533,
      "height": 224,