{
  "title": "PODOBIZEŇ GRÓFA TELEKYHO",
  "author": "BARABÁS, MIKLÓS",
  "year": "1862",
  "id": "SNG-0001002422",
  "width": 1600,
  "height": 2048,
  "file": "SNG--O_3218--1_1--_2015_07_14_--L2_WEB_21338420.webp",
  "tiles_x": 3,
  "tiles_y": 3,
  "offset_x": 0.0,
  "offset_y": 0.109375,
  "tiles": [
    {
      "margin": false,
      "index": 6,
      "file": null,
      "u": 0.0,
      "v": 0.109375,
      "uw": 0.3333333,
      "vh": 0.260416657,
      "width": 533,
      "height": 533,
      "descriptor": [
        14,
        45,
        42,
        47,
        29,
        42,
        48,
        50,
        46,
        49,
        50,
        38,
        41,
        38,
        27,
        41,
        48,
        41,
        54,
        34,
        33,
        52,
        38,
        49,
        15,
        45,
        36,
        31,
        40,
        29,
        58,
        45,
        44,
        40,
        55,
        47,
        34,
        44,
        44,
        20,
        44,
        37,
        52,
        48,
        38,
        84,
        60,
        42
      ]
    },
    {
      "margin": false,
      "index": 7,
      "file": null,
      "u": 0.3333333,
      "v": 0.109375,
      "uw": 0.3333333,
      "vh": 0.260416657,
      "width": 533,
      "height": 533,
      "descriptor": [
        75,
        60,
        41,
        69,
        51,
        53,
        35,
        41,
        40,
        86,
        54,
        45,
        73,
        54,
        39,
        170,
        120,
        75,
        157,
        104,
        62,
        54,
        46,
        43,
        34,
        32,
        32,
        104,
        80,
        45,
        91,
        66,
        32,
        60,
        50,
        41,
        164,
        102,
        61,
        148,
        86,
        48,
        124,
        88,
        54,
        81,
        65,
        50
      ]
    },
    {
      "margin": false,
      "index": 8,
      "file": null,
      "u": 0.6666666,
      "v": 0.109375,
      "uw": 0.3333333,
      "vh": 0.260416657,
      "width": 533,
      "height": 533,
      "descriptor": [
        70,
        46,
        47,
        72,
        59,
        53,
        63,
        45,
        33,
        56,
        54,
        41,
        80,
        62,
        42,
        71,
        58,
        56,
        75,
        61,
        64,
        57,
        57,
        51,
        89,
        62,
        49,
        91,
        73,
        56,
        77,
        57,
        54,
        63,
        46,
        43,
        87,
        69,
        42,
        81,
        64,
        51,
        80,
        65,
        48,
        85,
        40,
        42
      ]
    },
    {
      "margin": false,
      "index": 9,
      "file": null,
      "u": 0.0,
      "v": 0.369791657,
      "uw": 0.3333333,
      "vh": 0.260416657,
      "width": 533,
      "height": 533,
      "descriptor": [
        62,
        45,
        50,
        44,
        38,
        41,
        43,
        39,
        43,
        49,
        52,
        43,
        5,
        38,
        33,
        65,
        48,
        42,
        34,
        47,
        39,
        54,
        44,
        40,
        12,
        33,
        29,
        44,
        49,
        48,
        45,
        36,
        47,
        60,
        56,
        38,
        34,
        53,
        33,
        71,
        50,
        36,
        87,
        49,
        47,
        45,
        35,
        45
      ]
    },
    {
      "margin": false,
      "index": 10,
      "file": null,
      "u": 0.3333333,
      "v": 0.369791657,
      "uw": 0.3333333,
      "vh": 0.260416657,
      "width": 533,
      "height": 533,
      "descriptor": [
        78,
        59,
        55,
        169,
        124,
        89,
        146,
        88,
        57,
        81,
        74,
        49,
        83,
        71,
        74,
        41,
        44,
        38,
        38,
        46,
        31,
        33,
        27,
        25,
        70,
        58,
        45,
        58,
        51,
        38,
        34,
        42,
        47,
        20,
        37,
        35,
        195,
        149,
        87,
        184,
        138,
        67,
        41,
        51,
        53,
        42,
        45,
        50
      ]
    },
    {
      "margin": false,
      "index": 11,
      "file": null,
      "u": 0.6666666,
      "v": 0.369791657,
      "uw": 0.3333333,
      "vh": 0.260416657,
      "width": 533,
      "height": 533,
      "descriptor": [
        96,
        71,
        40,
        84,
        54,
        43,
        91,
        67,
        52,
        81,
        48,
        46,
        83,
        58,
        45,
        94,
        73,
        46,
        92,
        67,
        47,
        98,
        50,
        35,
        71,
        57,
        53,
        44,
        56,
        50,
        97,
        65,
        46,
        113,
        37,
        14,
        79,
        51,
        56,
        52,
        56,
        55,
        101,
        51,
        36,
        105,
        59,
        35
      ]
    },
    {
      "margin": false,
      "index": 12,
      "file": null,
      "u": 0.0,
      "v": 0.6302083,
      "uw": 0.3333333,
      "vh": 0.260416657,
      "width": 533,
      "height": 533,
      "descriptor": [
        22,
        36,
        42,
        34,
        40,
        43,
        32,
        38,
        39,
        67,
        50,
        42,
        34,
        44,
        47,
        16,
        40,
        38,
        65,
        46,
        43,
        63,
        54,
        55,
        65,
        50,
        56,
        80,
        50,
        36,
        40,
        53,
        49,
        17,
        38,
        51,
        37,
        39,
        42,
        30,
        49,
        32,
        64,
        55,
        52,
        39,
        49,
        53
      ]
    },
    {
      "margin": false,
      "index": 13,
      "file": null,
      "u": 0.3333333,
      "v": 0.6302083,
      "uw": 0.3333333,
      "vh": 0.260416657,
      "width": 533,
      "height": 533,
      "descriptor": [
        34,
        50,
        55,
        41,
        65,
        57,
        68,
        55,
        51,
        77,
        58,
        41,
        41,
        45,
        52,
        45,
        52,
        45,
        39,
        56,
        54,
        27,
        44,
        30,
        71,
        50,
        59,
        36,
        49,
        51,
        38,
        53,
        53,
        43,
        43,
        52,
        59,
        54,
        47,
        46,
        59,
        54,
        39,
        52,
        38,
        89,
        67,
        59
      ]
    },
    {
      "margin": false,
      "index": 14,
      "file": null,
      "u": 0.6666666,
      "v": 0.6302083,
      "uw": 0.3333333,
      "vh": 0.260416657,
      "width": 533,
      "height": 533,
      "descriptor": [
        24,
        28,
        27,
        78,
        57,
        38,
        87,
        55,
        42,
        106,
        35,
        34,
        30,
        41,
        32,
        15,
        27,
        37,
        94,
        45,
        42,
        98,
        37,
        40,
        60,
        54,
        54,
        34,
        48,
        48,
        69,
        53,
        59,
        84,
        39,
        45,
        37,
        61,
        61,
        57,
        50,
        54,
        30,
        50,
        46,
        86,
        52,
        46
      ]
    }
  ],
  "margins": [
    {
      "margin": true,
      "index": 0,
      "file": null,
      "u": 0.0,
      "v": 0.0,
      "uw": 0.3333333,
      "vh": 0.109375,
      "width": 533,
      "height": 224,
      "descriptor": null
    },
    {
      "margin": true,
      "index": 1,
      "file": null,
      "u": 0.0,
      "v": 0.890625,
      "uw": 0.3333333,