{
  "title": "ŠTÚDIA HLAVY - POPRSIE- APOŠTOLA",
  "author": "STREDOEURÓPSKY MALIAR Z 2. POLOVICE 18. STOROČIA",
  "year": "(1760 - 1770)",
  "id": "SNG-0001003088",
  "width": 1664,
  "height": 2048,
  "file": "SNG--O_3647--1_1--_2015_08_27_--L2_WEB_13232.webp",
  "tiles_x": 3,
  "tiles_y": 3,
  "offset_x": 0.0,
  "offset_y": 0.09375,
  "tiles": [
    {
      "margin": false,
      "index": 6,
      "file": null,
      "u": 0.0,
      "v": 0.09375,
      "uw": 0.333333343,
      "vh": 0.270833343,
      "width": 554,
      "height": 554,
      "descriptor": [
        70,
        69,
        65,
        62,
        58,
        53,
        73,
        73,
        67,
        58,
        60,
        55,
        53,
        47,
        41,
        54,
        50,
        44,
        42,
        39,
        32,
        41,
        42,
        33,
        77,
        63,
        51,
        39,
        35,
        33,
        67,
        63,
        51,
        52,
        50,
        42,
        71,
        67,
        56,
        58,
        47,
        43,
        33,
        25,
        19,
        58,
        51,
        44
      ]
    },
    {
      "margin": false,
      "index": 7,
      "file": null,
      "u": 0.333333343,
      "v": 0.09375,
      "uw": 0.333333343,
      "vh": 0.270833343,
      "width": 554,
      "height": 554,
      "descriptor": [
        48,
        43,
        36,
        58,
        44,
        25,
        94,
        66,
        46,
        65,
        44,
        19,
        64,
        53,
        44,
        120,
        103,
        73,
        130,
        110,
        83,
        142,
        104,
        72,
        93,
        71,
        61,
        112,
        84,
        58,
        143,
        119,
        98,
        167,
        123,
        99,
        79,
        58,
        39,
        94,
        70,
        61,
        150,
        107,
        84,
        129,
        86,
        59
      ]
    },
    {
      "margin": false,
      "index": 8,
      "file": null,
      "u": 0.6666667,
      "v": 0.09375,
      "uw": 0.333333343,
      "vh": 0.270833343,
      "width": 554,
      "height": 554,
      "descriptor": [
        71,
        58,
        38,
        66,
        53,
        34,
        64,
        57,
        46,
        60,
        60,
        51,
        140,
        115,
        86,
        82,
        68,
        52,
        67,
        50,
        34,
        62,
        57,
        47,
        112,
        71,
        35,
        49,
        41,
        23,
        64,
        49,
        27,
        66,
        57,
        47,
        73,
        46,
        26,
        72,
        61,
        43,
        73,
        61,
        44,
        61,
        51,
        43
      ]
    },
    {
      "margin": false,
      "index": 9,
      "file": null,
      "u": 0.0,
      "v": 0.364583343,
      "uw": 0.333333343,
      "vh": 0.270833343,
      "width": 554,
      "height": 554,
      "descriptor": [
        61,
        50,
        41,
        45,
        41,
        31,
        61,
        58,
        52,
        93,
        86,
        76,
        57,
        53,
        47,
        56,
        49,
        43,
        89,
        84,
        80,
        72,
        64,
        56,
        74,
        68,
        60,
        60,
        58,
        50,
        58,
        53,
        47,
        60,
        52,
        45,
        101,
        83,
        78,
        68,
        59,
        38,
        90,
        81,
        66,
        174,
        145,
        98
      ]
    },
    {
      "margin": false,
      "index": 10,
      "file": null,
      "u": 0.333333343,
      "v": 0.364583343,
      "uw": 0.333333343,
      "vh": 0.270833343,
      "width": 554,
      "height": 554,
      "descriptor": [
        81,
        53,
        33,
        185,
        154,
        132,
        157,
        109,
        90,
        151,
        96,
        75,
        76,
        55,
        41,
        151,
        126,
        111,
        128,
        104,
        89,
        82,
        68,
        58,
        133,
        88,
        53,
        173,
        123,
        99,
        118,
        98,
        82,
        83,
        65,
        49,
        168,
        89,
        57,
        132,
        71,
        33,
        56,
        32,
        10,
        63,
        47,
        36
      ]
    },
    {
      "margin": false,
      "index": 11,
      "file": null,
      "u": 0.6666667,
      "v": 0.364583343,
      "uw": 0.333333343,
      "vh": 0.270833343,
      "width": 554,
      "height": 554,
      "descriptor": [
        170,
        114,
        87,
        74,
        59,
        24,
        58,
        51,
        40,
        78,
        72,
        66,
        90,
        78,
        70,
        75,
        60,
        31,
        70,
        56,
        35,
        52,
        46,
        34,
        68,
        45,
        32,
        71,
        55,
        31,
        62,
        48,
        35,
        57,
        48,
        34,
        41,
        40,
        29,
        36,
        32,
        29,
        53,
        43,
        38,
        51,
        45,
        37
      ]
    },
    {
      "margin": false,
      "index": 12,
      "file": null,
      "u": 0.0,
      "v": 0.6354167,
      "uw": 0.333333343,
      "vh": 0.270833343,
      "width": 554,
      "height": 554,
      "descriptor": [
        51,
        44,
        32,
        102,
        93,
        61,
        73,
        73,
        53,
        56,
        62,
        56,
        98,
        87,
        58,
        80,
        74,
        53,
        56,
        53,
        40,
        47,
        47,
        36,
        77,
        70,
        45,
        79,
        74,
        52,
        62,
        61,
        52,
        62,
        48,
        32,
        67,
        65,
        50,
        56,
        53,
        44,
        57,
        55,
        50,
        40,
        42,
        33
      ]
    },
    {
      "margin": false,
      "index": 13,
      "file": null,
      "u": 0.333333343,
      "v": 0.6354167,
      "uw": 0.333333343,
      "vh": 0.270833343,
      "width": 554,
      "height": 554,
      "descriptor": [
        65,
        65,
        46,
        132,
        93,
        45,
        92,
        75,
        63,
        43,
        23,
        16,
        60,
        60,
        51,
        49,
        43,
        38,
        55,
        56,
        53,
        71,
        44,
        32,
        66,
        63,
        53,
        59,
        44,
        40,
        75,
        72,
        66,
        31,
        28,
        23,
        65,
        68,
        57,
        38,
        34,
        26,
        62,
        59,
        57,
        70,
        69,
        65
      ]
    },
    {
      "margin": false,
      "index": 14,
      "file": null,
      "u": 0.6666667,
      "v": 0.6354167,
      "uw": 0.333333343,
      "vh": 0.270833343,
      "width": 554,
      "height": 554,
      "descriptor": [
        13,
        11,
        8,
        39,
        48,
        44,
        28,
        22,
        19,
        62,
        55,
        51,
        29,
        26,
        18,
        41,
        51,
        46,
        46,
        45,
        37,
        43,
        42,
        38,
        59,
        60,
        56,
        68,
        65,
        61,
        32,
        33,
        29,
        54,
        51,
        49,
        55,
        62,
        56,
        42,
        46,
        42,
        56,
        54,
        52,
        55,
        51,
        48
      ]
    }
  ],
  "margins": [
    {
      "margin": true,
      "index": 0,
      "file": null,
      "u": 0.0,
      "v": 0.0,
      "uw": 0.333333343,
      "vh": 0.09375,
      "width": 554,
      "height": 192,
      "descriptor": null
    },
    {
      "margin": true,
      "index": 1,