{
  "title": "KRAJINA S RIEKOU A NAPÁJAJÚCIM SA DOBYTKOM",
  "author": "KATONA, FERDINAND",
  "year": "",
  "id": "SNG-0001002150",
  "width": 1152,
  "height": 2048,
  "file": "SNG--O_3014--1_1--_2015_05_20_--L2_WEB_45152.webp",
  "tiles_x": 3,
  "tiles_y": 5,
  "offset_x": 0.0,
  "offset_y": 0.03125,
  "tiles": [
    {
      "margin": false,
      "index": 6,
      "file": null,
      "u": 0.0,
      "v": 0.03125,
      "uw": 0.333333343,
      "vh": 0.1875,
      "width": 384,
      "height": 384,
      "descriptor": [
        73,
        61,
        49,
        87,
        80,
        59,
        79,
        67,
        56,
        84,
        71,
        56,
        96,
        99,
        88,
        114,
        106,
        97,
        85,
        74,
        63,
        73,
        65,
        61,
        118,
        97,
        94,
        62,
        58,
        46,
        81,
        76,
        77,
        62,
        42,
        29,
        85,
        79,
        70,
        73,
        62,
        54,
        65,
        53,
        42,
        118,
        113,
        110
      ]
    },
    {
      "margin": false,
      "index": 7,
      "file": null,
      "u": 0.333333343,
      "v": 0.03125,
      "uw": 0.333333343,
      "vh": 0.1875,
      "width": 384,
      "height": 384,
      "descriptor": [
        72,
        76,
        69,
        108,
        102,
        89,
        102,
        103,
        88,
        133,
        130,
        111,
        114,
        117,
        110,
        93,
        81,
        55,
        148,
        144,
        133,
        135,
        125,
        104,
        127,
        125,
        114,
        120,
        108,
        96,
        103,
        82,
        68,
        154,
        161,
        153,
        119,
        106,
        99,
        156,
        121,
        98,
        123,
        97,
        73,
        133,
        120,
        101
      ]
    },
    {
      "margin": false,
      "index": 8,
      "file": null,
      "u": 0.6666667,
      "v": 0.03125,
      "uw": 0.333333343,
      "vh": 0.1875,
      "width": 384,
      "height": 384,
      "descriptor": [
        63,
        63,
        50,
        86,
        77,
        55,
        107,
        107,
        94,
        116,
        107,
        86,
        99,
        94,
        80,
        74,
        62,
        44,
        157,
        153,
        122,
        90,
        88,
        68,
        86,
        85,
        69,
        158,
        134,
        104,
        138,
        134,
        118,
        92,
        99,
        85,
        156,
        138,
        124,
        151,
        142,
        130,
        189,
        169,
        154,
        82,
        70,
        52
      ]
    },
    {
      "margin": false,
      "index": 9,
      "file": null,
      "u": 0.0,
      "v": 0.21875,
      "uw": 0.333333343,
      "vh": 0.1875,
      "width": 384,
      "height": 384,
      "descriptor": [
        80,
        73,
        63,
        78,
        72,
        64,
        109,
        100,
        94,
        101,
        92,
        92,
        80,
        73,
        62,
        203,
        186,
        172,
        105,
        85,
        61,
        58,
        48,
        39,
        58,
        50,
        43,
        122,
        123,
        117,
        112,
        101,
        88,
        79,
        71,
        64,
        139,
        134,
        84,
        91,
        82,
        77,
        79,
        69,
        61,
        91,
        79,
        71
      ]
    },
    {
      "margin": false,
      "index": 10,
      "file": null,
      "u": 0.333333343,
      "v": 0.21875,
      "uw": 0.333333343,
      "vh": 0.1875,
      "width": 384,
      "height": 384,
      "descriptor": [
        184,
        177,
        170,
        128,
        115,
        105,
        127,
        111,
        89,
        97,
        89,
        79,
        108,
        91,
        81,
        118,
        103,
        95,
        99,
        104,
        101,
        111,
        95,
        79,
        128,
        108,
        98,
        111,
        113,
        108,
        129,
        105,
        105,
        166,
        142,
        136,
        159,
        135,
        127,
        96,
        87,
        86,
        198,
        173,
        172,
        200,
        177,
        164
      ]
    },
    {
      "margin": false,
      "index": 11,
      "file": null,
      "u": 0.6666667,
      "v": 0.21875,
      "uw": 0.333333343,
      "vh": 0.1875,
      "width": 384,
      "height": 384,
      "descriptor": [
        200,
        176,
        159,
        116,
        111,
        89,
        169,
        144,
        118,
        207,
        196,
        166,
        125,
        120,
        107,
        169,
        152,
        141,
        126,
        101,
        88,
        175,
        159,
        141,
        180,
        161,
        162,
        153,
        128,
        114,
        99,
        93,
        69,
        180,
        160,
        155,
        169,
        145,
        142,
        157,
        137,
        118,
        215,
        190,
        191,
        229,
        195,
        185
      ]
    },
    {
      "margin": false,
      "index": 12,
      "file": null,
      "u": 0.0,
      "v": 0.40625,
      "uw": 0.333333343,
      "vh": 0.1875,
      "width": 384,
      "height": 384,
      "descriptor": [
        161,
        149,
        104,
        151,
        151,
        86,
        90,
        77,
        65,
        85,
        76,
        66,
        104,
        102,
        69,
        112,
        99,
        75,
        121,
        103,
        91,
        77,
        63,
        58,
        147,
        135,
        107,
        74,
        67,
        57,
        109,
        106,
        98,
        106,
        74,
        46,
        101,
        108,
        67,
        106,
        101,
        85,
        109,
        97,
        84,
        100,
        77,
        61
      ]
    },
    {
      "margin": false,
      "index": 13,
      "file": null,
      "u": 0.333333343,
      "v": 0.40625,
      "uw": 0.333333343,
      "vh": 0.1875,
      "width": 384,
      "height": 384,
      "descriptor": [
        137,
        135,
        148,
        111,
        126,
        113,
        195,
        189,
        186,
        126,
        123,
        115,
        97,
        92,
        89,
        126,
        130,
        110,
        134,
        133,
        123,
        90,
        119,
        122,
        80,
        67,
        60,
        138,
        134,
        120,
        176,
        198,
        197,
        203,
        198,
        149,
        71,
        60,
        35,
        143,
        145,
        155,
        156,
        133,
        109,
        136,
        143,
        161
      ]
    },
    {
      "margin": false,
      "index": 14,
      "file": null,
      "u": 0.6666667,
      "v": 0.40625,
      "uw": 0.333333343,
      "vh": 0.1875,
      "width": 384,
      "height": 384,
      "descriptor": [
        149,
        138,
        142,
        164,
        143,
        120,
        132,
        133,
        137,
        131,
        130,
        116,
        120,
        123,
        72,
        124,
        129,
        67,
        138,
        150,
        82,
        157,
        149,
        82,
        121,
        94,
        75,
        144,
        129,
        100,
        160,
        164,
        104,
        164,
        144,
        110,
        106,
        89,
        85,
        203,
        165,
        108,
        66,
        54,
        70,
        166,
        134,
        73
      ]
    },
    {
      "margin": false,
      "index": 15,
      "file": null,
      "u": 0.0,
      "v": 0.59375,
      "uw": 0.333333343,
      "vh": 0.1875,
      "width": 384,