{
  "title": "PRI STOLE",
  "author": "PALUGYAY, ZOLO",
  "year": "(1920 - 1940)",
  "id": "SNG-0001063534",
  "width": 1600,
  "height": 2048,
  "file": "SNG--G_4691--1_1--2016_04_14_--L2_WEB_67652798.webp",
  "tiles_x": 3,
  "tiles_y": 3,
  "offset_x": 0.0,
  "offset_y": 0.109375,
  "tiles": [
    {
      "margin": false,
      "index": 6,
      "file": null,
      "u": 0.0,
      "v": 0.109375,
      "uw": 0.3333333,
      "vh": 0.260416657,
      "width": 533,
      "height": 533,
      "descriptor": [
        232,
        214,
        187,
        200,
        140,
        83,
        162,
        113,
        59,
        73,
        64,
        55,
        231,
        213,
        182,
        138,
        99,
        71,
        90,
        79,
        66,
        127,
        98,
        70,
        234,
        216,
        186,
        122,
        87,
        64,
        198,
        170,
        55,
        201,
        163,
        77,
        233,
        217,
        191,
        190,
        138,
        101,
        97,
        81,
        63,
        221,
        186,
        104
      ]
    },
    {
      "margin": false,
      "index": 7,
      "file": null,
      "u": 0.3333333,
      "v": 0.109375,
      "uw": 0.3333333,
      "vh": 0.260416657,
      "width": 533,
      "height": 533,
      "descriptor": [
        182,
        131,
        101,
        214,
        172,
        119,
        193,
        137,
        99,
        223,
        197,
        166,
        211,
        161,
        80,
        204,
        151,
        81,
        172,
        119,
        98,
        198,
        148,
        87,
        177,
        105,
        69,
        151,
        95,
        80,
        191,
        143,
        100,
        169,
        80,
        62,
        210,
        170,
        92,
        84,
        72,
        58,
        197,
        180,
        154,
        188,
        163,
        133
      ]
    },
    {
      "margin": false,
      "index": 8,
      "file": null,
      "u": 0.6666666,
      "v": 0.109375,
      "uw": 0.3333333,
      "vh": 0.260416657,
      "width": 533,
      "height": 533,
      "descriptor": [
        205,
        161,
        118,
        207,
        163,
        91,
        231,
        205,
        174,
        147,
        107,
        74,
        172,
        121,
        76,
        185,
        139,
        91,
        196,
        135,
        89,
        129,
        97,
        80,
        91,
        82,
        70,
        182,
        151,
        109,
        185,
        155,
        110,
        158,
        104,
        80,
        121,
        106,
        80,
        75,
        67,
        55,
        81,
        76,
        68,
        159,
        123,
        89
      ]
    },
    {
      "margin": false,
      "index": 9,
      "file": null,
      "u": 0.0,
      "v": 0.369791657,
      "uw": 0.3333333,
      "vh": 0.260416657,
      "width": 533,
      "height": 533,
      "descriptor": [
        235,
        219,
        192,
        192,
        152,
        86,
        130,
        129,
        98,
        198,
        171,
        67,
        234,
        217,
        191,
        166,
        124,
        90,
        199,
        164,
        93,
        201,
        165,
        64,
        234,
        218,
        191,
        196,
        155,
        99,
        211,
        183,
        129,
        196,
        178,
        96,
        232,
        216,
        191,
        154,
        119,
        90,
        200,
        137,
        87,
        206,
        160,
        132
      ]
    },
    {
      "margin": false,
      "index": 10,
      "file": null,
      "u": 0.3333333,
      "v": 0.369791657,
      "uw": 0.3333333,
      "vh": 0.260416657,
      "width": 533,
      "height": 533,
      "descriptor": [
        96,
        81,
        67,
        129,
        109,
        86,
        98,
        83,
        67,
        140,
        122,
        100,
        82,
        72,
        58,
        104,
        86,
        62,
        87,
        73,
        63,
        123,
        103,
        80,
        214,
        170,
        71,
        183,
        141,
        105,
        88,
        77,
        65,
        182,
        153,
        117,
        200,
        181,
        126,
        231,
        200,
        164,
        104,
        79,
        62,
        152,
        128,
        108
      ]
    },
    {
      "margin": false,
      "index": 11,
      "file": null,
      "u": 0.6666666,
      "v": 0.369791657,
      "uw": 0.3333333,
      "vh": 0.260416657,
      "width": 533,
      "height": 533,
      "descriptor": [
        74,
        67,
        59,
        202,
        187,
        165,
        114,
        102,
        82,
        231,
        215,
        187,
        88,
        80,
        70,
        96,
        84,
        68,
        78,
        73,
        61,
        229,
        215,
        189,
        122,
        82,
        66,
        78,
        65,
        53,
        150,
        138,
        117,
        227,
        208,
        188,
        98,
        74,
        61,
        133,
        82,
        65,
        172,
        147,
        117,
        80,
        72,
        65
      ]
    },
    {
      "margin": false,
      "index": 12,
      "file": null,
      "u": 0.0,
      "v": 0.6302083,
      "uw": 0.3333333,
      "vh": 0.260416657,
      "width": 533,
      "height": 533,
      "descriptor": [
        234,
        218,
        191,
        197,
        158,
        88,
        182,
        141,
        71,
        189,
        151,
        75,
        235,
        216,
        186,
        191,
        154,
        95,
        185,
        150,
        99,
        140,
        116,
        80,
        224,
        198,
        157,
        134,
        108,
        76,
        197,
        115,
        81,
        101,
        87,
        71,
        224,
        202,
        171,
        127,
        79,
        60,
        186,
        137,
        89,
        184,
        134,
        91
      ]
    },
    {
      "margin": false,
      "index": 13,
      "file": null,
      "u": 0.3333333,
      "v": 0.6302083,
      "uw": 0.3333333,
      "vh": 0.260416657,
      "width": 533,
      "height": 533,
      "descriptor": [
        206,
        164,
        84,
        111,
        96,
        75,
        196,
        171,
        139,
        222,
        205,
        182,
        130,
        80,
        61,
        106,
        93,
        60,
        210,
        191,
        160,
        80,
        73,
        64,
        107,
        86,
        69,
        69,
        62,
        52,
        79,
        70,
        63,
        72,
        65,
        56,
        117,
        97,
        78,
        186,
        159,
        132,
        108,
        70,
        53,
        80,
        71,
        62
      ]
    },
    {
      "margin": false,
      "index": 14,
      "file": null,
      "u": 0.6666666,
      "v": 0.6302083,
      "uw": 0.3333333,
      "vh": 0.260416657,
      "width": 533,
      "height": 533,
      "descriptor": [
        68,
        62,
        53,
        66,
        61,
        53,
        91,
        68,
        55,
        200,
        182,
        157,
        63,
        59,
        52,
        71,
        64,
        57,
        204,
        180,
        154,
        152,
        120,
        95,
        81,
        70,
        56,
        138,
        103,
        83,
        158,
        127,
        97,
        226,
        208,
        180,
        119,
        87,
        65,
        108,
        78,
        56,
        118,
        84,
        55,
        224,
        205,
        177
      ]
    }
  ],
  "margins": [
    {
      "margin": true,
      "index": 0,
      "file": null,
      "u": 0.0,
      "v": 0.0,
      "uw": 0.3333333,