{
  "title": "SVÄTÁ BARBORA",
  "author": "SLOVENSKÝ MALIAR ZO ZAČIATKU 18. STOROČIA, NEZNÁMY MALIAR",
  "year": "(1700 - 1730)",
  "id": "SNG-0001003098",
  "width": 1216,
  "height": 2048,
  "file": "SNG--O_3917--1_1--_2015_08_27_--L2_WEB_16340.webp",
  "tiles_x": 3,
  "tiles_y": 5,
  "offset_x": 0.0,
  "offset_y": 0.00520831347,
  "tiles": [
    {
      "margin": false,
      "index": 6,
      "file": null,
      "u": 0.0,
      "v": 0.00520831347,
      "uw": 0.333333343,
      "vh": 0.197916672,
      "width": 405,
      "height": 405,
      "descriptor": [
        199,
        200,
        202,
        199,
        200,
        203,
        199,
        200,
        202,
        199,
        200,
        203,
        199,
        200,
        202,
        199,
        200,
        202,
        199,
        200,
        202,
        104,
        88,
        68,
        199,
        200,
        203,
        199,
        200,
        203,
        77,
        73,
        69,
        55,
        51,
        54,
        199,
        200,
        203,
        73,
        68,
        66,
        52,
        51,
        50,
        81,
        72,
        67
      ]
    },
    {
      "margin": false,
      "index": 7,
      "file": null,
      "u": 0.333333343,
      "v": 0.00520831347,
      "uw": 0.333333343,
      "vh": 0.197916672,
      "width": 405,
      "height": 405,
      "descriptor": [
        198,
        198,
        202,
        90,
        92,
        91,
        71,
        69,
        68,
        200,
        200,
        202,
        120,
        98,
        74,
        81,
        67,
        58,
        57,
        58,
        53,
        49,
        45,
        51,
        95,
        74,
        54,
        97,
        75,
        53,
        91,
        76,
        66,
        50,
        35,
        41,
        81,
        64,
        47,
        103,
        80,
        61,
        82,
        58,
        46,
        85,
        64,
        49
      ]
    },
    {
      "margin": false,
      "index": 8,
      "file": null,
      "u": 0.6666667,
      "v": 0.00520831347,
      "uw": 0.333333343,
      "vh": 0.197916672,
      "width": 405,
      "height": 405,
      "descriptor": [
        199,
        200,
        203,
        199,
        200,
        203,
        199,
        200,
        203,
        199,
        200,
        203,
        100,
        84,
        75,
        199,
        200,
        203,
        199,
        200,
        202,
        199,
        200,
        203,
        113,
        89,
        83,
        81,
        75,
        65,
        199,
        200,
        202,
        199,
        200,
        203,
        83,
        78,
        74,
        68,
        57,
        60,
        65,
        63,
        63,
        199,
        200,
        203
      ]
    },
    {
      "margin": false,
      "index": 9,
      "file": null,
      "u": 0.0,
      "v": 0.203124985,
      "uw": 0.333333343,
      "vh": 0.197916672,
      "width": 405,
      "height": 405,
      "descriptor": [
        199,
        200,
        202,
        60,
        51,
        52,
        154,
        118,
        100,
        52,
        47,
        48,
        117,
        99,
        87,
        166,
        116,
        97,
        174,
        118,
        98,
        116,
        82,
        65,
        95,
        89,
        81,
        105,
        98,
        94,
        99,
        64,
        51,
        136,
        75,
        59,
        87,
        80,
        77,
        100,
        91,
        87,
        89,
        82,
        75,
        157,
        52,
        29
      ]
    },
    {
      "margin": false,
      "index": 10,
      "file": null,
      "u": 0.333333343,
      "v": 0.203124985,
      "uw": 0.333333343,
      "vh": 0.197916672,
      "width": 405,
      "height": 405,
      "descriptor": [
        94,
        87,
        81,
        63,
        59,
        60,
        142,
        146,
        143,
        65,
        64,
        67,
        78,
        41,
        30,
        79,
        56,
        43,
        127,
        102,
        84,
        59,
        50,
        45,
        180,
        173,
        164,
        118,
        96,
        81,
        161,
        141,
        127,
        77,
        69,
        63,
        145,
        62,
        48,
        102,
        67,
        55,
        87,
        79,
        75,
        109,
        77,
        65
      ]
    },
    {
      "margin": false,
      "index": 11,
      "file": null,
      "u": 0.6666667,
      "v": 0.203124985,
      "uw": 0.333333343,
      "vh": 0.197916672,
      "width": 405,
      "height": 405,
      "descriptor": [
        67,
        55,
        52,
        62,
        43,
        40,
        56,
        44,
        41,
        199,
        200,
        203,
        84,
        73,
        64,
        69,
        55,
        50,
        66,
        51,
        48,
        199,
        200,
        203,
        101,
        67,
        49,
        71,
        52,
        41,
        59,
        41,
        38,
        199,
        200,
        203,
        67,
        52,
        48,
        65,
        49,
        40,
        43,
        32,
        26,
        199,
        200,
        202
      ]
    },
    {
      "margin": false,
      "index": 12,
      "file": null,
      "u": 0.0,
      "v": 0.401041657,
      "uw": 0.333333343,
      "vh": 0.197916672,
      "width": 405,
      "height": 405,
      "descriptor": [
        80,
        66,
        60,
        67,
        53,
        49,
        147,
        60,
        47,
        162,
        41,
        20,
        70,
        60,
        60,
        81,
        50,
        48,
        142,
        56,
        39,
        126,
        75,
        62,
        67,
        62,
        64,
        133,
        64,
        46,
        111,
        59,
        42,
        97,
        67,
        42,
        150,
        76,
        59,
        66,
        49,
        45,
        53,
        39,
        32,
        102,
        65,
        40
      ]
    },
    {
      "margin": false,
      "index": 13,
      "file": null,
      "u": 0.333333343,
      "v": 0.401041657,
      "uw": 0.333333343,
      "vh": 0.197916672,
      "width": 405,
      "height": 405,
      "descriptor": [
        157,
        59,
        50,
        101,
        83,
        72,
        195,
        162,
        140,
        162,
        121,
        110,
        162,
        148,
        115,
        114,
        92,
        71,
        53,
        60,
        66,
        149,
        124,
        108,
        96,
        61,
        17,
        72,
        89,
        97,
        77,
        55,
        44,
        97,
        45,
        29,
        92,
        65,
        47,
        87,
        61,
        34,
        76,
        52,
        39,
        134,
        39,
        4
      ]
    },
    {
      "margin": false,
      "index": 14,
      "file": null,
      "u": 0.6666667,
      "v": 0.401041657,
      "uw": 0.333333343,
      "vh": 0.197916672,
      "width": 405,
      "height": 405,
      "descriptor": [
        76,
        57,
        54,
        44,
        33,
        28,
        49,
        33,
        28,
        199,
        200,
        203,
        127,
        96,
        87,
        80,
        68,
        51,
        147,
        106,
        73,
        199,
        200,
        202,
        96,
        40,
        20,
        71,
        55,
        48,
        62,
        50,
        44,
        199,
        200,
        202,
        107,
        46,
        32,
        64,
        63,
        65,
        64,
        47,
        42,
        199,
        200,
        202
      ]
    },
    {
      "margin": false,
      "index": 15,
      "file": null,
      "u": 0.0,
      "v": 0.5989583,
      "uw": 0.333333343,
      "vh": 0.197916672,