{
  "title": "ZA FRAJEROM",
  "author": "HANULA, JOZEF",
  "year": "(1900 - 1920)",
  "id": "SNG-0001015648",
  "width": 1152,
  "height": 2048,
  "file": "SNG--O_100--1_1--2014_03_19--L2_WEB_114469.webp",
  "tiles_x": 3,
  "tiles_y": 5,
  "offset_x": 0.0,
  "offset_y": 0.03125,
  "tiles": [
    {
      "margin": false,
      "index": 6,
      "file": null,
      "u": 0.0,
      "v": 0.03125,
      "uw": 0.333333343,
      "vh": 0.1875,
      "width": 384,
      "height": 384,
      "descriptor": [
        66,
        78,
        65,
        67,
        80,
        65,
        71,
        86,
        72,
        75,
        90,
        72,
        72,
        84,
        66,
        66,
        80,
        68,
        76,
        92,
        77,
        82,
        97,
        78,
        61,
        75,
        61,
        65,
        79,
        68,
        83,
        98,
        79,
        94,
        108,
        86,
        67,
        78,
        68,
        72,
        88,
        77,
        77,
        95,
        79,
        104,
        117,
        92
      ]
    },
    {
      "margin": false,
      "index": 7,
      "file": null,
      "u": 0.333333343,
      "v": 0.03125,
      "uw": 0.333333343,
      "vh": 0.1875,
      "width": 384,
      "height": 384,
      "descriptor": [
        73,
        90,
        74,
        81,
        97,
        79,
        86,
        99,
        83,
        79,
        94,
        77,
        91,
        107,
        83,
        84,
        100,
        81,
        203,
        189,
        172,
        173,
        149,
        102,
        97,
        111,
        88,
        93,
        105,
        85,
        39,
        30,
        34,
        97,
        67,
        77,
        95,
        108,
        84,
        174,
        150,
        117,
        84,
        89,
        97,
        111,
        108,
        96
      ]
    },
    {
      "margin": false,
      "index": 8,
      "file": null,
      "u": 0.6666667,
      "v": 0.03125,
      "uw": 0.333333343,
      "vh": 0.1875,
      "width": 384,
      "height": 384,
      "descriptor": [
        80,
        94,
        76,
        80,
        94,
        73,
        76,
        88,
        72,
        69,
        81,
        63,
        93,
        109,
        89,
        85,
        98,
        82,
        81,
        91,
        77,
        67,
        83,
        64,
        98,
        115,
        87,
        77,
        94,
        75,
        74,
        89,
        73,
        68,
        84,
        71,
        98,
        39,
        53,
        70,
        84,
        70,
        66,
        78,
        72,
        59,
        73,
        68
      ]
    },
    {
      "margin": false,
      "index": 9,
      "file": null,
      "u": 0.0,
      "v": 0.21875,
      "uw": 0.333333343,
      "vh": 0.1875,
      "width": 384,
      "height": 384,
      "descriptor": [
        47,
        65,
        57,
        80,
        98,
        87,
        87,
        105,
        86,
        89,
        103,
        85,
        49,
        64,
        57,
        56,
        77,
        65,
        81,
        100,
        85,
        81,
        98,
        85,
        53,
        74,
        67,
        62,
        83,
        70,
        77,
        93,
        78,
        77,
        95,
        82,
        36,
        63,
        54,
        57,
        74,
        61,
        65,
        84,
        72,
        78,
        92,
        80
      ]
    },
    {
      "margin": false,
      "index": 10,
      "file": null,
      "u": 0.333333343,
      "v": 0.21875,
      "uw": 0.333333343,
      "vh": 0.1875,
      "width": 384,
      "height": 384,
      "descriptor": [
        95,
        107,
        87,
        175,
        144,
        117,
        191,
        161,
        135,
        112,
        102,
        82,
        95,
        108,
        89,
        185,
        84,
        38,
        200,
        163,
        139,
        112,
        81,
        79,
        92,
        108,
        88,
        100,
        43,
        48,
        197,
        168,
        136,
        207,
        177,
        144,
        106,
        45,
        47,
        184,
        184,
        182,
        161,
        149,
        142,
        200,
        193,
        179
      ]
    },
    {
      "margin": false,
      "index": 11,
      "file": null,
      "u": 0.6666667,
      "v": 0.21875,
      "uw": 0.333333343,
      "vh": 0.1875,
      "width": 384,
      "height": 384,
      "descriptor": [
        97,
        45,
        56,
        67,
        82,
        69,
        47,
        53,
        56,
        51,
        62,
        64,
        85,
        47,
        54,
        70,
        56,
        58,
        55,
        61,
        68,
        54,
        63,
        66,
        109,
        55,
        59,
        105,
        54,
        63,
        40,
        42,
        51,
        48,
        62,
        64,
        62,
        73,
        108,
        168,
        166,
        150,
        127,
        125,
        134,
        48,
        59,
        66
      ]
    },
    {
      "margin": false,
      "index": 12,
      "file": null,
      "u": 0.0,
      "v": 0.40625,
      "uw": 0.333333343,
      "vh": 0.1875,
      "width": 384,
      "height": 384,
      "descriptor": [
        46,
        64,
        52,
        52,
        72,
        60,
        58,
        75,
        67,
        206,
        199,
        184,
        49,
        66,
        55,
        57,
        73,
        62,
        66,
        81,
        66,
        198,
        190,
        173,
        49,
        64,
        56,
        52,
        74,
        61,
        58,
        77,
        61,
        200,
        195,
        180,
        54,
        75,
        64,
        39,
        60,
        52,
        58,
        77,
        65,
        198,
        195,
        183
      ]
    },
    {
      "margin": false,
      "index": 13,
      "file": null,
      "u": 0.333333343,
      "v": 0.40625,
      "uw": 0.333333343,
      "vh": 0.1875,
      "width": 384,
      "height": 384,
      "descriptor": [
        98,
        39,
        43,
        117,
        64,
        68,
        129,
        68,
        80,
        91,
        73,
        78,
        155,
        107,
        46,
        182,
        146,
        70,
        146,
        103,
        107,
        145,
        117,
        79,
        144,
        142,
        143,
        31,
        33,
        38,
        26,
        29,
        34,
        24,
        29,
        34,
        115,
        115,
        124,
        31,
        35,
        38,
        52,
        52,
        58,
        30,
        31,
        36
      ]
    },
    {
      "margin": false,
      "index": 14,
      "file": null,
      "u": 0.6666667,
      "v": 0.40625,
      "uw": 0.333333343,
      "vh": 0.1875,
      "width": 384,
      "height": 384,
      "descriptor": [
        109,
        52,
        55,
        172,
        171,
        164,
        182,
        186,
        181,
        47,
        55,
        63,
        145,
        115,
        83,
        211,
        203,
        186,
        211,
        205,
        189,
        46,
        60,
        64,
        98,
        40,
        48,
        196,
        191,
        176,
        208,
        206,
        196,
        124,
        133,
        143,
        23,
        27,
        32,
        211,
        210,
        197,
        188,
        186,
        179,
        149,
        152,
        154
      ]
    },
    {
      "margin": false,
      "index": 15,
      "file": null,
      "u": 0.0,
      "v": 0.59375,
      "uw": 0.333333343,
      "vh": 0.1875,
      "width": 384,
      "height": 384,