{
  "title": "OHEŇ",
  "author": "GALANDA, MIKULÁŠ",
  "year": "1938",
  "id": "SNG-0001033258",
  "width": 1536,
  "height": 2048,
  "file": "SNG--K_2494--1_1--2015_04_21--L2_WEB_433518.webp",
  "tiles_x": 3,
  "tiles_y": 4,
  "offset_x": 0.0,
  "offset_y": 0.0,
  "tiles": [
    {
      "margin": false,
      "index": 0,
      "file": null,
      "u": 0.0,
      "v": 0.0,
      "uw": 0.333333343,
      "vh": 0.25,
      "width": 512,
      "height": 512,
      "descriptor": [
        236,
        206,
        173,
        239,
        209,
        175,
        239,
        210,
        175,
        239,
        208,
        172,
        234,
        205,
        174,
        130,
        142,
        145,
        121,
        137,
        132,
        163,
        161,
        150,
        237,
        209,
        175,
        143,
        146,
        143,
        132,
        145,
        148,
        227,
        129,
        88,
        238,
        211,
        179,
        126,
        142,
        142,
        135,
        143,
        141,
        231,
        126,
        81
      ]
    },
    {
      "margin": false,
      "index": 1,
      "file": null,
      "u": 0.333333343,
      "v": 0.0,
      "uw": 0.333333343,
      "vh": 0.25,
      "width": 512,
      "height": 512,
      "descriptor": [
        236,
        206,
        171,
        239,
        211,
        175,
        236,
        206,
        170,
        238,
        209,
        175,
        167,
        168,
        161,
        153,
        164,
        158,
        172,
        169,
        159,
        141,
        155,
        150,
        64,
        60,
        57,
        243,
        211,
        180,
        246,
        198,
        149,
        238,
        210,
        179,
        212,
        73,
        61,
        68,
        61,
        59,
        62,
        59,
        57,
        234,
        210,
        179
      ]
    },
    {
      "margin": false,
      "index": 2,
      "file": null,
      "u": 0.6666667,
      "v": 0.0,
      "uw": 0.333333343,
      "vh": 0.25,
      "width": 512,
      "height": 512,
      "descriptor": [
        239,
        209,
        176,
        235,
        208,
        176,
        236,
        208,
        178,
        239,
        207,
        171,
        177,
        170,
        158,
        165,
        166,
        159,
        142,
        152,
        145,
        239,
        211,
        176,
        165,
        167,
        159,
        116,
        135,
        140,
        117,
        131,
        126,
        234,
        203,
        167,
        130,
        135,
        126,
        123,
        141,
        145,
        120,
        135,
        130,
        235,
        205,
        170
      ]
    },
    {
      "margin": false,
      "index": 3,
      "file": null,
      "u": 0.0,
      "v": 0.25,
      "uw": 0.333333343,
      "vh": 0.25,
      "width": 512,
      "height": 512,
      "descriptor": [
        231,
        203,
        169,
        120,
        133,
        129,
        112,
        127,
        123,
        234,
        136,
        94,
        234,
        207,
        174,
        143,
        149,
        147,
        119,
        136,
        140,
        237,
        139,
        96,
        234,
        206,
        173,
        135,
        145,
        144,
        122,
        130,
        125,
        241,
        147,
        103,
        233,
        206,
        173,
        135,
        143,
        141,
        243,
        189,
        147,
        239,
        144,
        103
      ]
    },
    {
      "margin": false,
      "index": 4,
      "file": null,
      "u": 0.333333343,
      "v": 0.25,
      "uw": 0.333333343,
      "vh": 0.25,
      "width": 512,
      "height": 512,
      "descriptor": [
        64,
        59,
        58,
        208,
        73,
        60,
        205,
        67,
        53,
        238,
        212,
        186,
        232,
        134,
        91,
        233,
        208,
        177,
        199,
        81,
        67,
        236,
        196,
        139,
        232,
        131,
        85,
        233,
        205,
        174,
        236,
        209,
        178,
        68,
        66,
        65,
        232,
        130,
        88,
        66,
        61,
        58,
        235,
        208,
        177,
        238,
        211,
        180
      ]
    },
    {
      "margin": false,
      "index": 5,
      "file": null,
      "u": 0.6666667,
      "v": 0.25,
      "uw": 0.333333343,
      "vh": 0.25,
      "width": 512,
      "height": 512,
      "descriptor": [
        247,
        222,
        195,
        146,
        150,
        150,
        138,
        145,
        144,
        234,
        205,
        171,
        239,
        189,
        149,
        163,
        161,
        152,
        119,
        132,
        129,
        237,
        207,
        173,
        64,
        61,
        59,
        245,
        194,
        152,
        117,
        134,
        129,
        235,
        206,
        171,
        235,
        211,
        179,
        233,
        206,
        175,
        112,
        127,
        122,
        241,
        211,
        177
      ]
    },
    {
      "margin": false,
      "index": 6,
      "file": null,
      "u": 0.0,
      "v": 0.5,
      "uw": 0.333333343,
      "vh": 0.25,
      "width": 512,
      "height": 512,
      "descriptor": [
        238,
        207,
        174,
        132,
        142,
        140,
        128,
        71,
        60,
        148,
        101,
        77,
        236,
        207,
        175,
        63,
        58,
        55,
        65,
        61,
        59,
        179,
        184,
        179,
        239,
        211,
        179,
        213,
        74,
        62,
        60,
        56,
        54,
        159,
        72,
        54,
        242,
        212,
        179,
        61,
        58,
        56,
        60,
        56,
        54,
        215,
        71,
        59
      ]
    },
    {
      "margin": false,
      "index": 7,
      "file": null,
      "u": 0.333333343,
      "v": 0.5,
      "uw": 0.333333343,
      "vh": 0.25,
      "width": 512,
      "height": 512,
      "descriptor": [
        238,
        138,
        96,
        240,
        136,
        94,
        204,
        65,
        53,
        232,
        206,
        177,
        236,
        134,
        91,
        226,
        119,
        80,
        62,
        58,
        53,
        248,
        203,
        168,
        253,
        187,
        79,
        182,
        184,
        179,
        241,
        203,
        164,
        238,
        198,
        147,
        248,
        185,
        79,
        62,
        58,
        57,
        182,
        174,
        160,
        246,
        199,
        156
      ]
    },
    {
      "margin": false,
      "index": 8,
      "file": null,
      "u": 0.6666667,
      "v": 0.5,
      "uw": 0.333333343,
      "vh": 0.25,
      "width": 512,
      "height": 512,
      "descriptor": [
        235,
        210,
        177,
        238,
        213,
        181,
        114,
        129,
        123,
        239,
        211,
        177,
        245,
        219,
        190,
        231,
        214,
        197,
        125,
        141,
        142,
        238,
        210,
        175,
        246,
        207,
        176,
        242,
        201,
        151,
        140,
        147,
        145,
        238,
        210,
        178,
        245,
        202,
        163,
        248,
        212,
        180,
        139,
        147,
        146,
        234,
        206,
        173
      ]
    },
    {
      "margin": false,
      "index": 9,
      "file": null,
      "u": 0.0,
      "v": 0.75,
      "uw": 0.333333343,
      "vh": 0.25,
      "width": 512,