{
  "title": "KUCHYŇA",
  "author": "BASSANO, LEANDRO",
  "year": "(1760 - 1780)",
  "id": "SNG-0001003110",
  "width": 2048,
  "height": 1152,
  "file": "SNG--O_463--1_1--_2015_08_25_--L2_WEB_110644.webp",
  "tiles_x": 5,
  "tiles_y": 3,
  "offset_x": 0.03125,
  "offset_y": 0.0,
  "tiles": [
    {
      "margin": false,
      "index": 6,
      "file": null,
      "u": 0.03125,
      "v": 0.0,
      "uw": 0.1875,
      "vh": 0.333333343,
      "width": 384,
      "height": 384,
      "descriptor": [
        100,
        73,
        33,
        54,
        40,
        25,
        53,
        40,
        23,
        78,
        56,
        37,
        100,
        85,
        60,
        85,
        70,
        57,
        46,
        30,
        19,
        78,
        47,
        29,
        86,
        59,
        20,
        67,
        58,
        44,
        58,
        47,
        35,
        103,
        60,
        31,
        90,
        64,
        37,
        61,
        47,
        38,
        78,
        53,
        29,
        97,
        78,
        52
      ]
    },
    {
      "margin": false,
      "index": 7,
      "file": null,
      "u": 0.21875,
      "v": 0.0,
      "uw": 0.1875,
      "vh": 0.333333343,
      "width": 384,
      "height": 384,
      "descriptor": [
        94,
        72,
        39,
        60,
        52,
        40,
        56,
        50,
        40,
        78,
        87,
        74,
        71,
        60,
        50,
        80,
        59,
        46,
        76,
        67,
        50,
        88,
        88,
        71,
        80,
        45,
        15,
        97,
        69,
        47,
        86,
        73,
        56,
        68,
        47,
        28,
        76,
        48,
        27,
        43,
        26,
        16,
        73,
        63,
        42,
        121,
        104,
        66
      ]
    },
    {
      "margin": false,
      "index": 8,
      "file": null,
      "u": 0.40625,
      "v": 0.0,
      "uw": 0.1875,
      "vh": 0.333333343,
      "width": 384,
      "height": 384,
      "descriptor": [
        54,
        49,
        33,
        59,
        52,
        37,
        94,
        120,
        113,
        77,
        71,
        34,
        71,
        77,
        60,
        45,
        44,
        30,
        99,
        121,
        105,
        71,
        71,
        40,
        172,
        115,
        57,
        64,
        56,
        43,
        207,
        147,
        89,
        179,
        142,
        99,
        123,
        115,
        84,
        68,
        62,
        49,
        128,
        113,
        66,
        90,
        87,
        47
      ]
    },
    {
      "margin": false,
      "index": 9,
      "file": null,
      "u": 0.59375,
      "v": 0.0,
      "uw": 0.1875,
      "vh": 0.333333343,
      "width": 384,
      "height": 384,
      "descriptor": [
        80,
        73,
        44,
        67,
        63,
        32,
        118,
        98,
        65,
        56,
        48,
        26,
        74,
        75,
        36,
        76,
        86,
        73,
        116,
        94,
        61,
        55,
        49,
        31,
        181,
        155,
        113,
        110,
        92,
        51,
        133,
        113,
        81,
        51,
        44,
        31,
        94,
        79,
        32,
        176,
        60,
        28,
        70,
        62,
        42,
        161,
        127,
        84
      ]
    },
    {
      "margin": false,
      "index": 10,
      "file": null,
      "u": 0.78125,
      "v": 0.0,
      "uw": 0.1875,
      "vh": 0.333333343,
      "width": 384,
      "height": 384,
      "descriptor": [
        69,
        61,
        34,
        70,
        65,
        44,
        80,
        69,
        43,
        79,
        69,
        45,
        84,
        69,
        42,
        52,
        45,
        29,
        58,
        50,
        31,
        88,
        79,
        57,
        79,
        67,
        40,
        108,
        68,
        41,
        75,
        65,
        40,
        126,
        104,
        68,
        93,
        62,
        38,
        76,
        49,
        19,
        68,
        44,
        17,
        79,
        69,
        43
      ]
    },
    {
      "margin": false,
      "index": 11,
      "file": null,
      "u": 0.03125,
      "v": 0.333333343,
      "uw": 0.1875,
      "vh": 0.333333343,
      "width": 384,
      "height": 384,
      "descriptor": [
        75,
        58,
        35,
        65,
        52,
        38,
        102,
        66,
        35,
        74,
        42,
        19,
        59,
        47,
        24,
        70,
        42,
        22,
        120,
        75,
        35,
        114,
        66,
        44,
        207,
        158,
        97,
        85,
        55,
        28,
        107,
        45,
        17,
        104,
        58,
        18,
        65,
        43,
        26,
        55,
        42,
        32,
        72,
        61,
        55,
        88,
        59,
        30
      ]
    },
    {
      "margin": false,
      "index": 12,
      "file": null,
      "u": 0.21875,
      "v": 0.333333343,
      "uw": 0.1875,
      "vh": 0.333333343,
      "width": 384,
      "height": 384,
      "descriptor": [
        96,
        59,
        17,
        106,
        79,
        46,
        37,
        30,
        21,
        45,
        35,
        27,
        75,
        37,
        11,
        56,
        48,
        37,
        97,
        51,
        19,
        87,
        96,
        85,
        154,
        39,
        4,
        89,
        40,
        7,
        63,
        54,
        44,
        110,
        74,
        40,
        124,
        47,
        24,
        98,
        57,
        18,
        112,
        83,
        58,
        209,
        182,
        125
      ]
    },
    {
      "margin": false,
      "index": 13,
      "file": null,
      "u": 0.40625,
      "v": 0.333333343,
      "uw": 0.1875,
      "vh": 0.333333343,
      "width": 384,
      "height": 384,
      "descriptor": [
        48,
        39,
        30,
        44,
        38,
        23,
        89,
        83,
        55,
        82,
        67,
        41,
        120,
        78,
        45,
        51,
        43,
        35,
        104,
        78,
        52,
        117,
        81,
        28,
        76,
        61,
        48,
        87,
        49,
        20,
        212,
        178,
        123,
        172,
        116,
        34,
        188,
        158,
        100,
        56,
        40,
        25,
        99,
        79,
        53,
        36,
        33,
        27
      ]
    },
    {
      "margin": false,
      "index": 14,
      "file": null,
      "u": 0.59375,
      "v": 0.333333343,
      "uw": 0.1875,
      "vh": 0.333333343,
      "width": 384,
      "height": 384,
      "descriptor": [
        91,
        74,
        49,
        68,
        48,
        26,
        83,
        56,
        28,
        60,
        55,
        47,
        96,
        63,
        29,
        97,
        58,
        40,
        126,
        117,
        94,
        163,
        152,
        124,
        174,
        130,
        59,
        55,
        49,
        26,
        155,
        85,
        51,
        174,
        98,
        58,
        76,
        28,
        1,
        88,
        51,
        20,
        89,
        54,
        20,
        114,
        86,
        48
      ]
    },
    {
      "margin": false,
      "index": 15,
      "file": null,
      "u": 0.78125,
      "v": 0.333333343,
      "uw": 0.1875,
      "vh": 0.333333343,
      "width": 384,
      "height": 384,