{
  "title": "VOJVODA GYULA III.",
  "author": "SLOVENSKÝ MALIAR Z 18. STOROČIA, NEZNÁMY MALIAR",
  "year": "(1700 - 1800)",
  "id": "SNG-0001003129",
  "width": 1344,
  "height": 2048,
  "file": "SNG--O_5366--1_1--_2015_08_27_--L2_WEB_3937.webp",
  "tiles_x": 3,
  "tiles_y": 4,
  "offset_x": 0.0,
  "offset_y": 0.0625,
  "tiles": [
    {
      "margin": false,
      "index": 6,
      "file": null,
      "u": 0.0,
      "v": 0.0625,
      "uw": 0.333333343,
      "vh": 0.21875,
      "width": 448,
      "height": 448,
      "descriptor": [
        93,
        99,
        92,
        47,
        64,
        41,
        81,
        64,
        36,
        99,
        89,
        62,
        65,
        70,
        53,
        68,
        59,
        39,
        99,
        74,
        52,
        94,
        85,
        48,
        82,
        87,
        70,
        62,
        67,
        45,
        84,
        79,
        59,
        75,
        70,
        45,
        80,
        83,
        67,
        114,
        70,
        8,
        57,
        65,
        40,
        62,
        68,
        47
      ]
    },
    {
      "margin": false,
      "index": 7,
      "file": null,
      "u": 0.333333343,
      "v": 0.0625,
      "uw": 0.333333343,
      "vh": 0.21875,
      "width": 448,
      "height": 448,
      "descriptor": [
        104,
        84,
        48,
        103,
        90,
        48,
        107,
        85,
        50,
        104,
        84,
        47,
        110,
        74,
        32,
        105,
        116,
        98,
        167,
        157,
        132,
        85,
        76,
        50,
        77,
        62,
        45,
        133,
        75,
        40,
        143,
        106,
        73,
        56,
        58,
        39,
        91,
        84,
        75,
        162,
        137,
        121,
        200,
        173,
        135,
        94,
        79,
        65
      ]
    },
    {
      "margin": false,
      "index": 8,
      "file": null,
      "u": 0.6666667,
      "v": 0.0625,
      "uw": 0.333333343,
      "vh": 0.21875,
      "width": 448,
      "height": 448,
      "descriptor": [
        112,
        70,
        48,
        81,
        87,
        68,
        81,
        78,
        65,
        74,
        73,
        59,
        79,
        71,
        51,
        92,
        67,
        57,
        83,
        72,
        58,
        98,
        72,
        58,
        65,
        68,
        38,
        89,
        80,
        67,
        113,
        74,
        58,
        65,
        74,
        50,
        94,
        68,
        49,
        96,
        71,
        48,
        88,
        71,
        61,
        87,
        74,
        59
      ]
    },
    {
      "margin": false,
      "index": 9,
      "file": null,
      "u": 0.0,
      "v": 0.28125,
      "uw": 0.333333343,
      "vh": 0.21875,
      "width": 448,
      "height": 448,
      "descriptor": [
        84,
        69,
        38,
        77,
        51,
        21,
        129,
        97,
        39,
        62,
        66,
        49,
        89,
        74,
        33,
        103,
        82,
        49,
        87,
        66,
        42,
        151,
        89,
        65,
        129,
        106,
        69,
        99,
        69,
        30,
        105,
        75,
        30,
        153,
        62,
        35,
        123,
        93,
        33,
        165,
        92,
        51,
        65,
        77,
        57,
        151,
        88,
        59
      ]
    },
    {
      "margin": false,
      "index": 10,
      "file": null,
      "u": 0.333333343,
      "v": 0.28125,
      "uw": 0.333333343,
      "vh": 0.21875,
      "width": 448,
      "height": 448,
      "descriptor": [
        159,
        107,
        67,
        154,
        102,
        52,
        207,
        194,
        164,
        213,
        173,
        130,
        110,
        57,
        31,
        157,
        103,
        52,
        190,
        133,
        44,
        215,
        180,
        107,
        59,
        58,
        43,
        174,
        123,
        67,
        149,
        90,
        25,
        194,
        158,
        99,
        73,
        70,
        55,
        140,
        87,
        60,
        154,
        97,
        17,
        193,
        155,
        101
      ]
    },
    {
      "margin": false,
      "index": 11,
      "file": null,
      "u": 0.6666667,
      "v": 0.28125,
      "uw": 0.333333343,
      "vh": 0.21875,
      "width": 448,
      "height": 448,
      "descriptor": [
        103,
        81,
        66,
        90,
        86,
        73,
        77,
        61,
        49,
        77,
        71,
        47,
        118,
        94,
        77,
        73,
        69,
        46,
        77,
        68,
        40,
        103,
        80,
        47,
        172,
        164,
        145,
        101,
        87,
        57,
        115,
        85,
        52,
        114,
        77,
        43,
        98,
        93,
        73,
        119,
        87,
        40,
        118,
        94,
        40,
        91,
        79,
        63
      ]
    },
    {
      "margin": false,
      "index": 12,
      "file": null,
      "u": 0.0,
      "v": 0.5,
      "uw": 0.333333343,
      "vh": 0.21875,
      "width": 448,
      "height": 448,
      "descriptor": [
        145,
        72,
        37,
        153,
        73,
        25,
        45,
        62,
        44,
        158,
        70,
        34,
        165,
        87,
        46,
        146,
        63,
        22,
        131,
        57,
        11,
        156,
        84,
        48,
        105,
        64,
        21,
        121,
        79,
        30,
        117,
        82,
        40,
        137,
        112,
        70,
        106,
        74,
        33,
        114,
        84,
        34,
        125,
        84,
        29,
        63,
        66,
        59
      ]
    },
    {
      "margin": false,
      "index": 13,
      "file": null,
      "u": 0.333333343,
      "v": 0.5,
      "uw": 0.333333343,
      "vh": 0.21875,
      "width": 448,
      "height": 448,
      "descriptor": [
        103,
        82,
        48,
        221,
        180,
        120,
        128,
        92,
        77,
        214,
        175,
        128,
        78,
        103,
        95,
        98,
        93,
        87,
        62,
        68,
        57,
        220,
        200,
        169,
        66,
        68,
        58,
        208,
        78,
        42,
        64,
        58,
        47,
        190,
        170,
        130,
        75,
        73,
        54,
        57,
        46,
        25,
        53,
        52,
        38,
        140,
        97,
        49
      ]
    },
    {
      "margin": false,
      "index": 14,
      "file": null,
      "u": 0.6666667,
      "v": 0.5,
      "uw": 0.333333343,
      "vh": 0.21875,
      "width": 448,
      "height": 448,
      "descriptor": [
        122,
        110,
        86,
        119,
        86,
        45,
        110,
        89,
        59,
        101,
        79,
        47,
        161,
        146,
        117,
        121,
        102,
        53,
        117,
        80,
        36,
        113,
        96,
        55,
        132,
        106,
        83,
        106,
        91,
        55,
        96,
        78,
        25,
        88,
        69,
        27,
        64,
        62,
        58,
        117,
        95,
        31,
        111,
        79,
        37,
        105,
        82,
        39
      ]
    },
    {
      "margin": false,
      "index": 15,
      "file": null,
      "u": 0.0,
      "v": 0.71875,
      "uw": 0.333333343,
      "vh": 0.21875,
      "width": 448,
      "height": 448,