{
  "title": "UKRIŽOVANIE- IKONA SO SVÄTÝMI POSTAVAMI",
  "author": "RUSKÝ IKONOPISEC",
  "year": "(1700 - 1800)",
  "id": "SNG-0001003232",
  "width": 1600,
  "height": 2048,
  "file": "SNG--O_5343--1_1--_2015_08_31_--L2_WEB_36201.webp",
  "tiles_x": 3,
  "tiles_y": 3,
  "offset_x": 0.0,
  "offset_y": 0.109375,
  "tiles": [
    {
      "margin": false,
      "index": 6,
      "file": null,
      "u": 0.0,
      "v": 0.109375,
      "uw": 0.3333333,
      "vh": 0.260416657,
      "width": 533,
      "height": 533,
      "descriptor": [
        158,
        128,
        69,
        220,
        192,
        150,
        151,
        126,
        74,
        151,
        118,
        60,
        159,
        130,
        84,
        128,
        103,
        53,
        149,
        111,
        40,
        136,
        111,
        72,
        107,
        87,
        38,
        122,
        103,
        50,
        192,
        152,
        54,
        123,
        100,
        58,
        118,
        81,
        32,
        166,
        135,
        77,
        154,
        124,
        54,
        196,
        193,
        177
      ]
    },
    {
      "margin": false,
      "index": 7,
      "file": null,
      "u": 0.3333333,
      "v": 0.109375,
      "uw": 0.3333333,
      "vh": 0.260416657,
      "width": 533,
      "height": 533,
      "descriptor": [
        210,
        177,
        118,
        47,
        37,
        24,
        89,
        66,
        59,
        108,
        83,
        49,
        69,
        59,
        52,
        114,
        91,
        49,
        119,
        100,
        59,
        72,
        61,
        55,
        133,
        118,
        82,
        149,
        126,
        84,
        115,
        98,
        76,
        139,
        110,
        64,
        104,
        86,
        45,
        242,
        215,
        155,
        146,
        126,
        85,
        213,
        221,
        218
      ]
    },
    {
      "margin": false,
      "index": 8,
      "file": null,
      "u": 0.6666666,
      "v": 0.109375,
      "uw": 0.3333333,
      "vh": 0.260416657,
      "width": 533,
      "height": 533,
      "descriptor": [
        185,
        144,
        62,
        167,
        122,
        62,
        153,
        151,
        138,
        159,
        121,
        54,
        171,
        143,
        95,
        130,
        105,
        45,
        153,
        117,
        54,
        147,
        99,
        42,
        148,
        124,
        76,
        111,
        91,
        32,
        123,
        95,
        31,
        141,
        105,
        22,
        151,
        123,
        88,
        153,
        111,
        25,
        95,
        72,
        53,
        142,
        106,
        12
      ]
    },
    {
      "margin": false,
      "index": 9,
      "file": null,
      "u": 0.0,
      "v": 0.369791657,
      "uw": 0.3333333,
      "vh": 0.260416657,
      "width": 533,
      "height": 533,
      "descriptor": [
        183,
        93,
        26,
        199,
        160,
        100,
        90,
        68,
        21,
        85,
        74,
        77,
        125,
        80,
        32,
        213,
        167,
        87,
        216,
        175,
        106,
        171,
        53,
        9,
        213,
        103,
        20,
        219,
        172,
        81,
        90,
        67,
        21,
        215,
        56,
        7,
        217,
        31,
        10,
        98,
        75,
        27,
        99,
        80,
        43,
        201,
        52,
        11
      ]
    },
    {
      "margin": false,
      "index": 10,
      "file": null,
      "u": 0.3333333,
      "v": 0.369791657,
      "uw": 0.3333333,
      "vh": 0.260416657,
      "width": 533,
      "height": 533,
      "descriptor": [
        140,
        114,
        71,
        117,
        98,
        66,
        156,
        136,
        85,
        115,
        94,
        57,
        148,
        119,
        73,
        157,
        129,
        86,
        95,
        79,
        48,
        107,
        91,
        63,
        133,
        108,
        66,
        162,
        131,
        75,
        141,
        116,
        72,
        144,
        126,
        89,
        169,
        144,
        105,
        157,
        126,
        80,
        157,
        132,
        84,
        153,
        127,
        82
      ]
    },
    {
      "margin": false,
      "index": 11,
      "file": null,
      "u": 0.6666666,
      "v": 0.369791657,
      "uw": 0.3333333,
      "vh": 0.260416657,
      "width": 533,
      "height": 533,
      "descriptor": [
        128,
        107,
        65,
        122,
        76,
        18,
        67,
        45,
        15,
        167,
        123,
        37,
        98,
        79,
        69,
        162,
        127,
        54,
        139,
        105,
        53,
        160,
        97,
        33,
        90,
        65,
        31,
        148,
        111,
        49,
        209,
        175,
        123,
        95,
        74,
        44,
        146,
        125,
        73,
        93,
        59,
        23,
        151,
        101,
        50,
        210,
        166,
        49
      ]
    },
    {
      "margin": false,
      "index": 12,
      "file": null,
      "u": 0.0,
      "v": 0.6302083,
      "uw": 0.3333333,
      "vh": 0.260416657,
      "width": 533,
      "height": 533,
      "descriptor": [
        225,
        45,
        6,
        75,
        52,
        9,
        214,
        122,
        40,
        153,
        49,
        15,
        172,
        82,
        52,
        190,
        131,
        92,
        204,
        153,
        29,
        197,
        133,
        105,
        185,
        69,
        53,
        187,
        108,
        60,
        167,
        119,
        47,
        202,
        176,
        111,
        198,
        60,
        27,
        197,
        133,
        63,
        81,
        52,
        42,
        86,
        110,
        73
      ]
    },
    {
      "margin": false,
      "index": 13,
      "file": null,
      "u": 0.3333333,
      "v": 0.6302083,
      "uw": 0.3333333,
      "vh": 0.260416657,
      "width": 533,
      "height": 533,
      "descriptor": [
        103,
        99,
        112,
        152,
        129,
        84,
        133,
        109,
        66,
        80,
        59,
        31,
        214,
        100,
        88,
        126,
        103,
        73,
        80,
        63,
        41,
        199,
        112,
        86,
        189,
        163,
        95,
        203,
        163,
        111,
        51,
        109,
        101,
        189,
        152,
        52,
        139,
        99,
        20,
        170,
        132,
        13,
        136,
        95,
        26,
        126,
        87,
        22
      ]
    },
    {
      "margin": false,
      "index": 14,
      "file": null,
      "u": 0.6666666,
      "v": 0.6302083,
      "uw": 0.3333333,
      "vh": 0.260416657,
      "width": 533,
      "height": 533,
      "descriptor": [
        117,
        98,
        57,
        87,
        71,
        41,
        133,
        102,
        58,
        201,
        161,
        54,
        213,
        141,
        127,
        35,
        33,
        50,
        62,
        56,
        55,
        211,
        170,
        72,
        205,
        177,
        91,
        125,
        92,
        50,
        59,
        47,
        51,
        176,
        150,
        70,
        117,
        80,
        14,
        32,
        42,
        56,
        82,
        66,
        43,
        185,
        140,
        54
      ]
    }
  ],
  "margins": [
    {
      "margin": true,
      "index": 0,
      "file": null,
      "u": 0.0,
      "v": 0.0,
      "uw": 0.3333333,
      "vh": 0.109375,