{
  "title": "ORAVSKÝ ZÁMOK",
  "author": "SLOVENSKÝ NAIVISTA Z 19. STOROČIA",
  "year": "(1840 - 1860)",
  "id": "SNG-0001002673",
  "width": 2048,
  "height": 1600,
  "file": "SNG--O_3588--1_1--_2015_07_29_--L2_WEB_5086.webp",
  "tiles_x": 3,
  "tiles_y": 3,
  "offset_x": 0.109375,
  "offset_y": 0.0,
  "tiles": [
    {
      "margin": false,
      "index": 6,
      "file": null,
      "u": 0.109375,
      "v": 0.0,
      "uw": 0.260416657,
      "vh": 0.3333333,
      "width": 533,
      "height": 533,
      "descriptor": [
        164,
        175,
        162,
        164,
        174,
        165,
        143,
        153,
        146,
        187,
        186,
        175,
        183,
        184,
        171,
        132,
        117,
        109,
        179,
        175,
        160,
        160,
        173,
        164,
        161,
        159,
        145,
        114,
        106,
        97,
        87,
        85,
        82,
        124,
        120,
        115,
        148,
        144,
        127,
        114,
        102,
        92,
        83,
        81,
        80,
        133,
        116,
        100
      ]
    },
    {
      "margin": false,
      "index": 7,
      "file": null,
      "u": 0.369791657,
      "v": 0.0,
      "uw": 0.260416657,
      "vh": 0.3333333,
      "width": 533,
      "height": 533,
      "descriptor": [
        179,
        179,
        169,
        181,
        172,
        162,
        192,
        189,
        176,
        169,
        179,
        169,
        156,
        173,
        164,
        154,
        164,
        152,
        130,
        142,
        130,
        175,
        184,
        173,
        168,
        169,
        154,
        175,
        177,
        164,
        187,
        186,
        178,
        175,
        181,
        171,
        176,
        173,
        158,
        84,
        83,
        83,
        182,
        179,
        166,
        191,
        191,
        181
      ]
    },
    {
      "margin": false,
      "index": 8,
      "file": null,
      "u": 0.6302083,
      "v": 0.0,
      "uw": 0.260416657,
      "vh": 0.3333333,
      "width": 533,
      "height": 533,
      "descriptor": [
        159,
        170,
        157,
        167,
        177,
        167,
        174,
        182,
        173,
        161,
        172,
        157,
        146,
        153,
        142,
        197,
        196,
        185,
        179,
        162,
        155,
        152,
        160,
        150,
        176,
        180,
        168,
        174,
        171,
        160,
        147,
        140,
        128,
        185,
        186,
        173,
        172,
        174,
        158,
        195,
        194,
        183,
        194,
        197,
        185,
        195,
        200,
        188
      ]
    },
    {
      "margin": false,
      "index": 9,
      "file": null,
      "u": 0.109375,
      "v": 0.3333333,
      "uw": 0.260416657,
      "vh": 0.3333333,
      "width": 533,
      "height": 533,
      "descriptor": [
        83,
        74,
        65,
        63,
        60,
        58,
        67,
        61,
        55,
        60,
        56,
        54,
        58,
        57,
        53,
        67,
        71,
        58,
        73,
        76,
        63,
        106,
        106,
        81,
        77,
        76,
        57,
        77,
        82,
        62,
        79,
        80,
        58,
        52,
        55,
        45,
        58,
        58,
        49,
        40,
        46,
        37,
        55,
        51,
        47,
        51,
        55,
        46
      ]
    },
    {
      "margin": false,
      "index": 10,
      "file": null,
      "u": 0.369791657,
      "v": 0.3333333,
      "uw": 0.260416657,
      "vh": 0.3333333,
      "width": 533,
      "height": 533,
      "descriptor": [
        140,
        118,
        104,
        176,
        151,
        137,
        137,
        134,
        129,
        107,
        104,
        101,
        96,
        88,
        83,
        107,
        88,
        77,
        100,
        97,
        78,
        102,
        95,
        84,
        83,
        83,
        68,
        102,
        102,
        81,
        102,
        101,
        82,
        118,
        111,
        82,
        55,
        56,
        42,
        116,
        104,
        74,
        143,
        126,
        94,
        117,
        108,
        88
      ]
    },
    {
      "margin": false,
      "index": 11,
      "file": null,
      "u": 0.6302083,
      "v": 0.3333333,
      "uw": 0.260416657,
      "vh": 0.3333333,
      "width": 533,
      "height": 533,
      "descriptor": [
        195,
        195,
        183,
        185,
        183,
        172,
        198,
        196,
        182,
        199,
        197,
        185,
        138,
        122,
        113,
        165,
        154,
        148,
        209,
        192,
        153,
        191,
        171,
        138,
        86,
        79,
        59,
        167,
        139,
        125,
        139,
        137,
        131,
        137,
        138,
        132,
        156,
        137,
        106,
        162,
        152,
        123,
        143,
        141,
        123,
        50,
        58,
        50
      ]
    },
    {
      "margin": false,
      "index": 12,
      "file": null,
      "u": 0.109375,
      "v": 0.6666666,
      "uw": 0.260416657,
      "vh": 0.3333333,
      "width": 533,
      "height": 533,
      "descriptor": [
        64,
        53,
        47,
        116,
        109,
        90,
        76,
        72,
        68,
        54,
        50,
        49,
        63,
        56,
        50,
        132,
        101,
        64,
        82,
        70,
        59,
        145,
        107,
        65,
        132,
        124,
        105,
        69,
        67,
        66,
        106,
        102,
        92,
        140,
        117,
        83,
        57,
        56,
        52,
        97,
        88,
        75,
        83,
        75,
        62,
        86,
        79,
        66
      ]
    },
    {
      "margin": false,
      "index": 13,
      "file": null,
      "u": 0.369791657,
      "v": 0.6666666,
      "uw": 0.260416657,
      "vh": 0.3333333,
      "width": 533,
      "height": 533,
      "descriptor": [
        63,
        59,
        55,
        66,
        62,
        59,
        122,
        114,
        105,
        98,
        83,
        72,
        192,
        176,
        150,
        69,
        61,
        56,
        106,
        87,
        63,
        86,
        73,
        60,
        104,
        76,
        70,
        51,
        49,
        48,
        49,
        50,
        49,
        167,
        148,
        118,
        69,
        61,
        49,
        44,
        47,
        44,
        54,
        54,
        52,
        105,
        93,
        70
      ]
    },
    {
      "margin": false,
      "index": 14,
      "file": null,
      "u": 0.6302083,
      "v": 0.6666666,
      "uw": 0.260416657,
      "vh": 0.3333333,
      "width": 533,
      "height": 533,
      "descriptor": [
        123,
        110,
        92,
        103,
        101,
        78,
        50,
        54,
        48,
        122,
        111,
        94,
        143,
        115,
        79,
        204,
        189,
        169,
        92,
        81,
        67,
        123,
        108,
        82,
        61,
        62,
        61,
        70,
        67,
        66,
        130,
        120,
        91,
        82,
        80,
        63,
        127,
        120,
        101,
        108,
        106,
        89,
        110,
        101,
        79,
        77,
        64,
        49
      ]
    }
  ],
  "margins": [
    {
      "margin": true,
      "index": 0,
      "file": null,
      "u": 0.0,
      "v": 0.0,