{
  "title": "HLAVA DIEVČAŤA",
  "author": "GALANDA, MIKULÁŠ",
  "year": "(1917 - 1937)",
  "id": "SNG-0001019012",
  "width": 1792,
  "height": 2048,
  "file": "SNG--O_1528--1_1--2013_11_12--L2_WEB_108890.webp",
  "tiles_x": 3,
  "tiles_y": 3,
  "offset_x": 0.0,
  "offset_y": 0.0625,
  "tiles": [
    {
      "margin": false,
      "index": 6,
      "file": null,
      "u": 0.0,
      "v": 0.0625,
      "uw": 0.3333333,
      "vh": 0.291666657,
      "width": 597,
      "height": 597,
      "descriptor": [
        76,
        67,
        59,
        104,
        91,
        76,
        106,
        92,
        80,
        131,
        114,
        102,
        97,
        87,
        76,
        103,
        91,
        81,
        127,
        106,
        79,
        86,
        54,
        44,
        92,
        83,
        75,
        133,
        116,
        100,
        71,
        53,
        46,
        68,
        48,
        41,
        109,
        96,
        87,
        106,
        88,
        67,
        43,
        33,
        29,
        49,
        37,
        35
      ]
    },
    {
      "margin": false,
      "index": 7,
      "file": null,
      "u": 0.3333333,
      "v": 0.0625,
      "uw": 0.3333333,
      "vh": 0.291666657,
      "width": 597,
      "height": 597,
      "descriptor": [
        143,
        121,
        102,
        124,
        106,
        90,
        98,
        85,
        75,
        111,
        95,
        79,
        107,
        69,
        54,
        108,
        64,
        52,
        138,
        113,
        86,
        42,
        34,
        32,
        72,
        53,
        46,
        60,
        43,
        37,
        84,
        59,
        50,
        106,
        80,
        66,
        41,
        35,
        32,
        46,
        36,
        33,
        96,
        73,
        57,
        174,
        128,
        93
      ]
    },
    {
      "margin": false,
      "index": 8,
      "file": null,
      "u": 0.6666666,
      "v": 0.0625,
      "uw": 0.3333333,
      "vh": 0.291666657,
      "width": 597,
      "height": 597,
      "descriptor": [
        108,
        99,
        86,
        105,
        93,
        80,
        93,
        82,
        73,
        86,
        78,
        70,
        98,
        82,
        66,
        110,
        97,
        86,
        87,
        77,
        69,
        100,
        88,
        80,
        78,
        58,
        49,
        87,
        76,
        64,
        93,
        81,
        70,
        99,
        85,
        75,
        194,
        143,
        110,
        92,
        72,
        58,
        68,
        63,
        56,
        94,
        84,
        74
      ]
    },
    {
      "margin": false,
      "index": 9,
      "file": null,
      "u": 0.0,
      "v": 0.354166657,
      "uw": 0.3333333,
      "vh": 0.291666657,
      "width": 597,
      "height": 597,
      "descriptor": [
        125,
        112,
        99,
        70,
        58,
        52,
        32,
        29,
        26,
        39,
        36,
        36,
        131,
        113,
        96,
        79,
        68,
        58,
        35,
        34,
        33,
        49,
        45,
        45,
        132,
        121,
        110,
        51,
        45,
        36,
        138,
        79,
        48,
        140,
        82,
        51,
        138,
        123,
        111,
        145,
        128,
        114,
        122,
        73,
        50,
        151,
        89,
        56
      ]
    },
    {
      "margin": false,
      "index": 10,
      "file": null,
      "u": 0.3333333,
      "v": 0.354166657,
      "uw": 0.3333333,
      "vh": 0.291666657,
      "width": 597,
      "height": 597,
      "descriptor": [
        58,
        44,
        40,
        162,
        114,
        84,
        185,
        130,
        98,
        179,
        130,
        100,
        129,
        74,
        51,
        136,
        80,
        61,
        157,
        114,
        88,
        119,
        74,
        56,
        143,
        82,
        55,
        155,
        110,
        83,
        153,
        114,
        82,
        134,
        91,
        66,
        132,
        74,
        49,
        161,
        114,
        86,
        177,
        127,
        92,
        146,
        96,
        70
      ]
    },
    {
      "margin": false,
      "index": 11,
      "file": null,
      "u": 0.6666666,
      "v": 0.354166657,
      "uw": 0.3333333,
      "vh": 0.291666657,
      "width": 597,
      "height": 597,
      "descriptor": [
        186,
        132,
        102,
        181,
        128,
        94,
        37,
        38,
        36,
        89,
        80,
        74,
        165,
        114,
        82,
        135,
        104,
        85,
        36,
        38,
        37,
        81,
        71,
        64,
        151,
        111,
        76,
        134,
        86,
        64,
        42,
        44,
        43,
        74,
        69,
        64,
        182,
        130,
        102,
        173,
        123,
        96,
        40,
        40,
        39,
        80,
        73,
        68
      ]
    },
    {
      "margin": false,
      "index": 12,
      "file": null,
      "u": 0.0,
      "v": 0.6458333,
      "uw": 0.3333333,
      "vh": 0.291666657,
      "width": 597,
      "height": 597,
      "descriptor": [
        124,
        108,
        94,
        141,
        127,
        114,
        45,
        36,
        32,
        105,
        63,
        48,
        126,
        112,
        98,
        142,
        127,
        105,
        80,
        53,
        45,
        121,
        67,
        47,
        110,
        98,
        86,
        114,
        101,
        88,
        107,
        75,
        66,
        140,
        81,
        53,
        96,
        87,
        78,
        81,
        75,
        68,
        70,
        50,
        45,
        149,
        96,
        67
      ]
    },
    {
      "margin": false,
      "index": 13,
      "file": null,
      "u": 0.3333333,
      "v": 0.6458333,
      "uw": 0.3333333,
      "vh": 0.291666657,
      "width": 597,
      "height": 597,
      "descriptor": [
        138,
        83,
        57,
        128,
        75,
        58,
        173,
        123,
        91,
        135,
        94,
        70,
        143,
        92,
        62,
        129,
        71,
        52,
        150,
        105,
        75,
        138,
        66,
        52,
        126,
        73,
        54,
        116,
        81,
        61,
        127,
        74,
        57,
        169,
        121,
        91,
        128,
        74,
        55,
        158,
        104,
        77,
        181,
        127,
        93,
        110,
        71,
        64
      ]
    },
    {
      "margin": false,
      "index": 14,
      "file": null,
      "u": 0.6666666,
      "v": 0.6458333,
      "uw": 0.3333333,
      "vh": 0.291666657,
      "width": 597,
      "height": 597,
      "descriptor": [
        172,
        122,
        81,
        108,
        86,
        69,
        57,
        53,
        51,
        86,
        78,
        73,
        157,
        105,
        74,
        117,
        79,
        64,
        65,
        63,
        61,
        84,
        80,
        76,
        154,
        114,
        81,
        86,
        63,
        53,
        74,
        69,
        64,
        89,
        83,
        77,
        157,
        73,
        62,
        44,
        36,
        32,
        156,
        85,
        60,
        112,
        94,
        84
      ]
    }
  ],
  "margins": [
    {
      "margin": true,
      "index": 0,
      "file": null,
      "u": 0.0,
      "v": 0.0,
      "uw": 0.3333333,
      "vh": 0.0625,
      "width": 597,
      "height": 128,
      "descriptor": null
    },
    {
      "margin": true,