{
  "title": "MEXICKÝ VIDIEK",
  "author": "NEZNÁMY AUTOR, ABA-NOVÁK, VILMOS",
  "year": "1935",
  "id": "SNG-0001018280",
  "width": 2048,
  "height": 1664,
  "file": "SNG--O_4090--1_1--2013_11_20--L2_WEB_14453.webp",
  "tiles_x": 3,
  "tiles_y": 3,
  "offset_x": 0.09375,
  "offset_y": 0.0,
  "tiles": [
    {
      "margin": false,
      "index": 6,
      "file": null,
      "u": 0.09375,
      "v": 0.0,
      "uw": 0.270833343,
      "vh": 0.333333343,
      "width": 554,
      "height": 554,
      "descriptor": [
        138,
        148,
        150,
        183,
        186,
        171,
        111,
        141,
        157,
        150,
        168,
        160,
        144,
        149,
        150,
        191,
        186,
        170,
        92,
        93,
        98,
        88,
        81,
        74,
        56,
        64,
        68,
        52,
        60,
        65,
        57,
        63,
        65,
        63,
        70,
        71,
        59,
        67,
        70,
        56,
        64,
        67,
        57,
        65,
        67,
        71,
        73,
        68
      ]
    },
    {
      "margin": false,
      "index": 7,
      "file": null,
      "u": 0.364583343,
      "v": 0.0,
      "uw": 0.270833343,
      "vh": 0.333333343,
      "width": 554,
      "height": 554,
      "descriptor": [
        119,
        137,
        140,
        108,
        133,
        150,
        147,
        166,
        164,
        142,
        162,
        167,
        181,
        175,
        160,
        177,
        172,
        155,
        138,
        154,
        160,
        190,
        188,
        178,
        56,
        59,
        59,
        60,
        64,
        64,
        123,
        123,
        116,
        54,
        77,
        96,
        64,
        72,
        79,
        123,
        129,
        129,
        77,
        88,
        73,
        53,
        73,
        79
      ]
    },
    {
      "margin": false,
      "index": 8,
      "file": null,
      "u": 0.6354167,
      "v": 0.0,
      "uw": 0.270833343,
      "vh": 0.333333343,
      "width": 554,
      "height": 554,
      "descriptor": [
        140,
        161,
        164,
        136,
        140,
        136,
        123,
        136,
        135,
        131,
        141,
        139,
        177,
        178,
        164,
        171,
        176,
        164,
        71,
        72,
        72,
        168,
        175,
        164,
        117,
        121,
        119,
        160,
        158,
        145,
        174,
        173,
        160,
        186,
        183,
        170,
        54,
        76,
        91,
        135,
        139,
        134,
        150,
        144,
        132,
        197,
        185,
        166
      ]
    },
    {
      "margin": false,
      "index": 9,
      "file": null,
      "u": 0.09375,
      "v": 0.333333343,
      "uw": 0.270833343,
      "vh": 0.333333343,
      "width": 554,
      "height": 554,
      "descriptor": [
        192,
        183,
        166,
        200,
        190,
        174,
        195,
        183,
        165,
        146,
        144,
        129,
        192,
        184,
        167,
        197,
        188,
        172,
        193,
        182,
        165,
        136,
        120,
        122,
        195,
        186,
        166,
        190,
        182,
        165,
        176,
        172,
        154,
        69,
        77,
        82,
        75,
        82,
        107,
        76,
        82,
        104,
        74,
        79,
        101,
        76,
        72,
        72
      ]
    },
    {
      "margin": false,
      "index": 10,
      "file": null,
      "u": 0.364583343,
      "v": 0.333333343,
      "uw": 0.270833343,
      "vh": 0.333333343,
      "width": 554,
      "height": 554,
      "descriptor": [
        120,
        121,
        122,
        165,
        165,
        156,
        140,
        127,
        104,
        191,
        182,
        165,
        193,
        183,
        159,
        198,
        188,
        166,
        175,
        171,
        143,
        113,
        127,
        121,
        182,
        106,
        81,
        203,
        187,
        164,
        95,
        102,
        105,
        105,
        109,
        112,
        87,
        67,
        71,
        100,
        79,
        78,
        200,
        184,
        165,
        141,
        87,
        82
      ]
    },
    {
      "margin": false,
      "index": 11,
      "file": null,
      "u": 0.6354167,
      "v": 0.333333343,
      "uw": 0.270833343,
      "vh": 0.333333343,
      "width": 554,
      "height": 554,
      "descriptor": [
        185,
        172,
        157,
        151,
        139,
        119,
        148,
        135,
        101,
        146,
        141,
        117,
        122,
        109,
        106,
        133,
        123,
        118,
        72,
        71,
        76,
        120,
        115,
        117,
        87,
        77,
        74,
        107,
        95,
        85,
        70,
        69,
        73,
        126,
        130,
        127,
        198,
        179,
        160,
        197,
        181,
        161,
        79,
        71,
        74,
        143,
        146,
        139
      ]
    },
    {
      "margin": false,
      "index": 12,
      "file": null,
      "u": 0.09375,
      "v": 0.6666667,
      "uw": 0.270833343,
      "vh": 0.333333343,
      "width": 554,
      "height": 554,
      "descriptor": [
        94,
        81,
        94,
        183,
        168,
        137,
        101,
        75,
        75,
        98,
        87,
        87,
        118,
        87,
        82,
        174,
        157,
        134,
        120,
        104,
        104,
        122,
        107,
        96,
        180,
        164,
        142,
        84,
        59,
        67,
        187,
        162,
        148,
        188,
        166,
        151,
        103,
        73,
        78,
        108,
        95,
        82,
        196,
        142,
        128,
        131,
        93,
        76
      ]
    },
    {
      "margin": false,
      "index": 13,
      "file": null,
      "u": 0.364583343,
      "v": 0.6666667,
      "uw": 0.270833343,
      "vh": 0.333333343,
      "width": 554,
      "height": 554,
      "descriptor": [
        163,
        162,
        148,
        79,
        97,
        143,
        90,
        70,
        74,
        93,
        61,
        72,
        101,
        77,
        81,
        92,
        62,
        71,
        179,
        143,
        142,
        201,
        158,
        143,
        97,
        90,
        86,
        104,
        72,
        82,
        94,
        69,
        77,
        102,
        74,
        82,
        196,
        154,
        139,
        186,
        147,
        133,
        176,
        134,
        123,
        111,
        98,
        86
      ]
    },
    {
      "margin": false,
      "index": 14,
      "file": null,
      "u": 0.6354167,
      "v": 0.6666667,
      "uw": 0.270833343,
      "vh": 0.333333343,
      "width": 554,
      "height": 554,
      "descriptor": [
        174,
        146,
        142,
        134,
        124,
        111,
        94,
        70,
        77,
        204,
        181,
        155,
        199,
        150,
        142,
        179,
        146,
        143,
        169,
        133,
        124,
        206,
        178,
        161,
        118,
        112,
        95,
        117,
        93,
        87,
        75,
        73,
        76,
        108,
        73,
        80,
        113,
        83,
        88,
        102,
        73,
        81,
        90,
        69,
        77,
        105,
        72,
        82
      ]
    }
  ],
  "margins": [
    {
      "margin": true,
      "index": 0,
      "file": null,