{
  "title": "ZVÁDZANIE",
  "author": "MAJERNÍK, CYPRIÁN",
  "year": "1936",
  "id": "SNG-0001017438",
  "width": 2048,
  "height": 1600,
  "file": "SNG--O_219--1_1--2013_09_16--L2_WEB_102945.webp",
  "tiles_x": 3,
  "tiles_y": 3,
  "offset_x": 0.109375,
  "offset_y": 0.0,
  "tiles": [
    {
      "margin": false,
      "index": 6,
      "file": null,
      "u": 0.109375,
      "v": 0.0,
      "uw": 0.260416657,
      "vh": 0.3333333,
      "width": 533,
      "height": 533,
      "descriptor": [
        109,
        106,
        100,
        91,
        95,
        78,
        87,
        94,
        83,
        89,
        97,
        84,
        127,
        116,
        98,
        122,
        114,
        92,
        96,
        100,
        80,
        89,
        75,
        69,
        41,
        51,
        63,
        139,
        143,
        125,
        114,
        129,
        124,
        80,
        72,
        72,
        33,
        49,
        65,
        127,
        135,
        128,
        174,
        151,
        145,
        125,
        112,
        100
      ]
    },
    {
      "margin": false,
      "index": 7,
      "file": null,
      "u": 0.369791657,
      "v": 0.0,
      "uw": 0.260416657,
      "vh": 0.3333333,
      "width": 533,
      "height": 533,
      "descriptor": [
        153,
        140,
        129,
        89,
        94,
        84,
        84,
        91,
        81,
        102,
        99,
        91,
        146,
        130,
        121,
        91,
        101,
        100,
        87,
        97,
        85,
        114,
        98,
        83,
        142,
        123,
        113,
        132,
        104,
        85,
        178,
        126,
        95,
        140,
        106,
        82,
        135,
        98,
        78,
        146,
        107,
        91,
        124,
        88,
        70,
        89,
        77,
        75
      ]
    },
    {
      "margin": false,
      "index": 8,
      "file": null,
      "u": 0.6302083,
      "v": 0.0,
      "uw": 0.260416657,
      "vh": 0.3333333,
      "width": 533,
      "height": 533,
      "descriptor": [
        87,
        79,
        70,
        87,
        78,
        71,
        78,
        93,
        77,
        173,
        102,
        89,
        131,
        122,
        100,
        189,
        158,
        143,
        79,
        68,
        64,
        184,
        166,
        154,
        104,
        98,
        83,
        74,
        66,
        69,
        176,
        160,
        151,
        175,
        141,
        121,
        124,
        126,
        112,
        106,
        91,
        73,
        94,
        84,
        73,
        192,
        160,
        139
      ]
    },
    {
      "margin": false,
      "index": 9,
      "file": null,
      "u": 0.109375,
      "v": 0.3333333,
      "uw": 0.260416657,
      "vh": 0.3333333,
      "width": 533,
      "height": 533,
      "descriptor": [
        69,
        54,
        55,
        177,
        129,
        125,
        178,
        109,
        81,
        161,
        110,
        98,
        114,
        102,
        82,
        168,
        144,
        127,
        102,
        92,
        80,
        80,
        59,
        56,
        126,
        111,
        92,
        127,
        84,
        66,
        80,
        53,
        49,
        119,
        112,
        90,
        122,
        66,
        55,
        105,
        80,
        68,
        103,
        71,
        61,
        123,
        83,
        59
      ]
    },
    {
      "margin": false,
      "index": 10,
      "file": null,
      "u": 0.369791657,
      "v": 0.3333333,
      "uw": 0.260416657,
      "vh": 0.3333333,
      "width": 533,
      "height": 533,
      "descriptor": [
        147,
        117,
        100,
        85,
        68,
        57,
        169,
        163,
        159,
        91,
        84,
        78,
        66,
        52,
        51,
        161,
        123,
        104,
        146,
        116,
        97,
        76,
        50,
        46,
        129,
        110,
        88,
        145,
        108,
        84,
        112,
        89,
        51,
        105,
        87,
        48,
        134,
        107,
        85,
        85,
        62,
        55,
        173,
        143,
        127,
        112,
        117,
        112
      ]
    },
    {
      "margin": false,
      "index": 11,
      "file": null,
      "u": 0.6302083,
      "v": 0.3333333,
      "uw": 0.260416657,
      "vh": 0.3333333,
      "width": 533,
      "height": 533,
      "descriptor": [
        103,
        105,
        93,
        123,
        121,
        105,
        88,
        83,
        70,
        114,
        107,
        89,
        157,
        141,
        127,
        170,
        135,
        118,
        113,
        103,
        93,
        73,
        74,
        73,
        107,
        95,
        83,
        124,
        98,
        87,
        111,
        103,
        78,
        84,
        79,
        67,
        130,
        111,
        78,
        136,
        113,
        91,
        140,
        119,
        95,
        117,
        100,
        90
      ]
    },
    {
      "margin": false,
      "index": 12,
      "file": null,
      "u": 0.109375,
      "v": 0.6666666,
      "uw": 0.260416657,
      "vh": 0.3333333,
      "width": 533,
      "height": 533,
      "descriptor": [
        88,
        89,
        91,
        73,
        66,
        70,
        154,
        108,
        80,
        89,
        72,
        62,
        96,
        66,
        66,
        66,
        54,
        54,
        169,
        149,
        136,
        120,
        104,
        88,
        172,
        146,
        118,
        171,
        138,
        107,
        160,
        136,
        103,
        96,
        86,
        72,
        138,
        135,
        130,
        92,
        75,
        63,
        96,
        82,
        70,
        128,
        109,
        82
      ]
    },
    {
      "margin": false,
      "index": 13,
      "file": null,
      "u": 0.369791657,
      "v": 0.6666666,
      "uw": 0.260416657,
      "vh": 0.3333333,
      "width": 533,
      "height": 533,
      "descriptor": [
        111,
        98,
        82,
        151,
        108,
        80,
        180,
        163,
        148,
        173,
        158,
        137,
        136,
        124,
        122,
        195,
        185,
        181,
        183,
        169,
        156,
        113,
        104,
        92,
        76,
        64,
        65,
        79,
        66,
        66,
        100,
        97,
        94,
        92,
        58,
        48,
        127,
        89,
        60,
        146,
        97,
        62,
        140,
        131,
        122,
        124,
        127,
        117
      ]
    },
    {
      "margin": false,
      "index": 14,
      "file": null,
      "u": 0.6302083,
      "v": 0.6666666,
      "uw": 0.260416657,
      "vh": 0.3333333,
      "width": 533,
      "height": 533,
      "descriptor": [
        138,
        104,
        81,
        113,
        103,
        81,
        102,
        97,
        88,
        82,
        81,
        75,
        113,
        64,
        52,
        77,
        56,
        56,
        71,
        56,
        56,
        69,
        56,
        58,
        139,
        122,
        103,
        146,
        118,
        98,
        158,
        138,
        117,
        159,
        138,
        119,
        149,
        147,
        142,
        131,
        133,
        122,
        142,
        134,
        128,
        144,
        139,
        136
      ]
    }
  ],
  "margins": [
    {
      "margin": true,
      "index": 0,
      "file": null,
      "u": 0.0,
      "v": 0.0,
      "uw": 0.109375,
      "vh": 0.3333333,
      "width": 224,