{
  "title": "DVOJPORTRÉT DIEVČAT",
  "author": "GOVIČ, VÁCLAV",
  "year": "1844",
  "id": "SNG-0001002413",
  "width": 2048,
  "height": 1856,
  "file": "SNG--O_2830--1_1--_2015_07_15_--L2_WEB_98844.webp",
  "tiles_x": 3,
  "tiles_y": 3,
  "offset_x": 0.046875,
  "offset_y": 0.0,
  "tiles": [
    {
      "margin": false,
      "index": 6,
      "file": null,
      "u": 0.046875,
      "v": 0.0,
      "uw": 0.302083343,
      "vh": 0.333333343,
      "width": 618,
      "height": 618,
      "descriptor": [
        85,
        79,
        50,
        80,
        72,
        38,
        86,
        78,
        40,
        95,
        84,
        37,
        73,
        71,
        52,
        80,
        76,
        55,
        84,
        72,
        55,
        152,
        111,
        71,
        74,
        69,
        51,
        73,
        62,
        47,
        64,
        57,
        45,
        171,
        128,
        85,
        68,
        56,
        41,
        69,
        57,
        43,
        61,
        57,
        45,
        180,
        147,
        99
      ]
    },
    {
      "margin": false,
      "index": 7,
      "file": null,
      "u": 0.348958343,
      "v": 0.0,
      "uw": 0.302083343,
      "vh": 0.333333343,
      "width": 618,
      "height": 618,
      "descriptor": [
        80,
        73,
        35,
        79,
        75,
        54,
        79,
        72,
        47,
        79,
        54,
        22,
        131,
        99,
        62,
        63,
        59,
        53,
        77,
        59,
        55,
        182,
        136,
        85,
        174,
        125,
        81,
        44,
        45,
        38,
        38,
        35,
        16,
        181,
        131,
        82,
        175,
        136,
        97,
        78,
        92,
        87,
        161,
        131,
        79,
        186,
        138,
        80
      ]
    },
    {
      "margin": false,
      "index": 8,
      "file": null,
      "u": 0.6510417,
      "v": 0.0,
      "uw": 0.302083343,
      "vh": 0.333333343,
      "width": 618,
      "height": 618,
      "descriptor": [
        85,
        75,
        37,
        79,
        70,
        46,
        78,
        67,
        42,
        77,
        67,
        46,
        38,
        26,
        6,
        86,
        72,
        40,
        93,
        79,
        49,
        77,
        66,
        49,
        142,
        72,
        22,
        83,
        71,
        31,
        77,
        68,
        53,
        78,
        60,
        34,
        152,
        129,
        93,
        96,
        81,
        44,
        83,
        63,
        38,
        73,
        59,
        41
      ]
    },
    {
      "margin": false,
      "index": 9,
      "file": null,
      "u": 0.046875,
      "v": 0.333333343,
      "uw": 0.302083343,
      "vh": 0.333333343,
      "width": 618,
      "height": 618,
      "descriptor": [
        65,
        55,
        41,
        58,
        52,
        38,
        160,
        143,
        105,
        100,
        106,
        91,
        68,
        57,
        47,
        119,
        111,
        88,
        211,
        185,
        135,
        73,
        85,
        79,
        62,
        50,
        37,
        169,
        130,
        82,
        62,
        78,
        72,
        86,
        91,
        77,
        56,
        48,
        34,
        177,
        132,
        91,
        82,
        94,
        83,
        91,
        98,
        84
      ]
    },
    {
      "margin": false,
      "index": 10,
      "file": null,
      "u": 0.348958343,
      "v": 0.333333343,
      "uw": 0.302083343,
      "vh": 0.333333343,
      "width": 618,
      "height": 618,
      "descriptor": [
        61,
        74,
        72,
        165,
        152,
        121,
        119,
        123,
        108,
        34,
        39,
        32,
        98,
        96,
        72,
        89,
        92,
        78,
        180,
        138,
        89,
        32,
        35,
        28,
        98,
        105,
        92,
        96,
        105,
        88,
        158,
        124,
        86,
        49,
        47,
        36,
        90,
        96,
        81,
        177,
        138,
        87,
        99,
        64,
        47,
        66,
        50,
        35
      ]
    },
    {
      "margin": false,
      "index": 11,
      "file": null,
      "u": 0.6510417,
      "v": 0.333333343,
      "uw": 0.302083343,
      "vh": 0.333333343,
      "width": 618,
      "height": 618,
      "descriptor": [
        39,
        41,
        29,
        51,
        50,
        39,
        59,
        48,
        27,
        71,
        63,
        48,
        30,
        37,
        36,
        36,
        42,
        39,
        44,
        40,
        19,
        44,
        40,
        28,
        88,
        64,
        39,
        37,
        43,
        40,
        49,
        45,
        34,
        42,
        38,
        21,
        68,
        59,
        50,
        99,
        68,
        36,
        89,
        57,
        27,
        66,
        63,
        60
      ]
    },
    {
      "margin": false,
      "index": 12,
      "file": null,
      "u": 0.046875,
      "v": 0.6666667,
      "uw": 0.302083343,
      "vh": 0.333333343,
      "width": 618,
      "height": 618,
      "descriptor": [
        64,
        55,
        44,
        98,
        54,
        28,
        48,
        67,
        59,
        100,
        106,
        93,
        49,
        43,
        32,
        70,
        43,
        22,
        49,
        64,
        59,
        83,
        92,
        83,
        48,
        43,
        38,
        46,
        41,
        24,
        79,
        86,
        70,
        75,
        86,
        72,
        42,
        37,
        30,
        70,
        45,
        7,
        17,
        22,
        14,
        7,
        8,
        7
      ]
    },
    {
      "margin": false,
      "index": 13,
      "file": null,
      "u": 0.348958343,
      "v": 0.6666667,
      "uw": 0.302083343,
      "vh": 0.333333343,
      "width": 618,
      "height": 618,
      "descriptor": [
        38,
        59,
        59,
        21,
        42,
        43,
        91,
        63,
        33,
        79,
        54,
        40,
        88,
        96,
        84,
        128,
        85,
        36,
        97,
        62,
        24,
        127,
        80,
        28,
        87,
        98,
        84,
        95,
        56,
        22,
        99,
        66,
        28,
        138,
        91,
        39,
        10,
        14,
        3,
        103,
        60,
        8,
        87,
        53,
        23,
        135,
        84,
        31
      ]
    },
    {
      "margin": false,
      "index": 14,
      "file": null,
      "u": 0.6510417,
      "v": 0.6666667,
      "uw": 0.302083343,
      "vh": 0.333333343,
      "width": 618,
      "height": 618,
      "descriptor": [
        120,
        82,
        34,
        113,
        73,
        22,
        106,
        70,
        24,
        81,
        55,
        30,
        137,
        84,
        29,
        120,
        82,
        38,
        92,
        64,
        38,
        79,
        57,
        45,
        128,
        81,
        33,
        133,
        93,
        54,
        132,
        89,
        31,
        74,
        57,
        46,
        116,
        76,
        29,
        89,
        60,
        33,
        110,
        75,
        38,
        90,
        56,
        23
      ]
    }
  ],
  "margins": [
    {
      "margin": true,
      "index": 0,
      "file": null,
      "u": 0.0,
      "v": 0.0,
      "uw": 0.046875,
      "vh": 0.333333343,
      "width": 96,
      "height": 618,
      "descriptor": null
    },
    {
      "margin": true,
      "index": 1,
      "file": null,
      "u": 0.953125,