{
  "title": "PIEROT",
  "author": "MAJERNÍK, CYPRIÁN",
  "year": "(1926 - 1946)",
  "id": "SNG-0001023188",
  "width": 1280,
  "height": 2048,
  "file": "SNG--K_7168--1_1--_2015_08_21_--L2_WEB_97780.webp",
  "tiles_x": 3,
  "tiles_y": 4,
  "offset_x": 0.0,
  "offset_y": 0.08333334,
  "tiles": [
    {
      "margin": false,
      "index": 6,
      "file": null,
      "u": 0.0,
      "v": 0.08333334,
      "uw": 0.3333333,
      "vh": 0.208333328,
      "width": 426,
      "height": 426,
      "descriptor": [
        106,
        110,
        107,
        105,
        113,
        110,
        95,
        98,
        94,
        105,
        108,
        105,
        117,
        123,
        120,
        107,
        115,
        113,
        97,
        102,
        99,
        120,
        126,
        123,
        103,
        115,
        115,
        121,
        127,
        125,
        101,
        107,
        107,
        106,
        110,
        107,
        113,
        116,
        110,
        105,
        107,
        102,
        116,
        123,
        119,
        111,
        118,
        114
      ]
    },
    {
      "margin": false,
      "index": 7,
      "file": null,
      "u": 0.3333333,
      "v": 0.08333334,
      "uw": 0.3333333,
      "vh": 0.208333328,
      "width": 426,
      "height": 426,
      "descriptor": [
        108,
        112,
        109,
        166,
        109,
        101,
        124,
        132,
        126,
        95,
        95,
        96,
        134,
        142,
        135,
        170,
        109,
        100,
        53,
        55,
        49,
        118,
        125,
        120,
        116,
        115,
        111,
        93,
        74,
        72,
        51,
        57,
        54,
        119,
        126,
        123,
        55,
        59,
        56,
        107,
        101,
        101,
        51,
        60,
        58,
        52,
        60,
        58
      ]
    },
    {
      "margin": false,
      "index": 8,
      "file": null,
      "u": 0.6666666,
      "v": 0.08333334,
      "uw": 0.3333333,
      "vh": 0.208333328,
      "width": 426,
      "height": 426,
      "descriptor": [
        102,
        107,
        104,
        83,
        91,
        89,
        59,
        65,
        63,
        56,
        57,
        55,
        117,
        124,
        115,
        82,
        87,
        86,
        81,
        87,
        87,
        89,
        91,
        89,
        120,
        126,
        121,
        105,
        111,
        108,
        75,
        81,
        81,
        85,
        91,
        89,
        108,
        116,
        113,
        126,
        133,
        130,
        79,
        86,
        82,
        92,
        97,
        95
      ]
    },
    {
      "margin": false,
      "index": 9,
      "file": null,
      "u": 0.0,
      "v": 0.2916667,
      "uw": 0.3333333,
      "vh": 0.208333328,
      "width": 426,
      "height": 426,
      "descriptor": [
        131,
        136,
        133,
        173,
        113,
        102,
        182,
        116,
        106,
        186,
        177,
        166,
        125,
        132,
        128,
        184,
        110,
        99,
        146,
        151,
        144,
        109,
        114,
        110,
        114,
        122,
        120,
        181,
        112,
        101,
        61,
        66,
        65,
        135,
        141,
        137,
        125,
        132,
        130,
        63,
        68,
        67,
        54,
        61,
        59,
        148,
        155,
        149
      ]
    },
    {
      "margin": false,
      "index": 10,
      "file": null,
      "u": 0.3333333,
      "v": 0.2916667,
      "uw": 0.3333333,
      "vh": 0.208333328,
      "width": 426,
      "height": 426,
      "descriptor": [
        60,
        62,
        61,
        176,
        153,
        142,
        57,
        61,
        60,
        47,
        55,
        53,
        95,
        90,
        81,
        173,
        174,
        166,
        54,
        60,
        59,
        146,
        107,
        102,
        162,
        97,
        85,
        189,
        124,
        113,
        190,
        129,
        119,
        182,
        122,
        112,
        103,
        92,
        87,
        184,
        126,
        118,
        51,
        59,
        57,
        51,
        59,
        57
      ]
    },
    {
      "margin": false,
      "index": 11,
      "file": null,
      "u": 0.6666666,
      "v": 0.2916667,
      "uw": 0.3333333,
      "vh": 0.208333328,
      "width": 426,
      "height": 426,
      "descriptor": [
        106,
        114,
        110,
        115,
        121,
        116,
        97,
        96,
        89,
        74,
        77,
        77,
        109,
        118,
        115,
        127,
        132,
        128,
        94,
        97,
        89,
        118,
        118,
        112,
        104,
        103,
        102,
        51,
        58,
        55,
        113,
        120,
        117,
        105,
        107,
        103,
        182,
        119,
        109,
        124,
        128,
        122,
        127,
        131,
        127,
        116,
        122,
        117
      ]
    },
    {
      "margin": false,
      "index": 12,
      "file": null,
      "u": 0.0,
      "v": 0.5,
      "uw": 0.3333333,
      "vh": 0.208333328,
      "width": 426,
      "height": 426,
      "descriptor": [
        125,
        133,
        130,
        80,
        84,
        82,
        125,
        131,
        125,
        106,
        101,
        100,
        130,
        138,
        134,
        53,
        62,
        59,
        130,
        137,
        131,
        148,
        119,
        114,
        130,
        137,
        133,
        146,
        155,
        148,
        91,
        97,
        90,
        154,
        134,
        124,
        126,
        134,
        131,
        141,
        148,
        142,
        153,
        119,
        113,
        134,
        142,
        137
      ]
    },
    {
      "margin": false,
      "index": 13,
      "file": null,
      "u": 0.3333333,
      "v": 0.5,
      "uw": 0.3333333,
      "vh": 0.208333328,
      "width": 426,
      "height": 426,
      "descriptor": [
        100,
        93,
        91,
        107,
        102,
        101,
        171,
        162,
        154,
        69,
        76,
        75,
        125,
        104,
        102,
        113,
        109,
        106,
        107,
        110,
        108,
        90,
        77,
        76,
        76,
        71,
        70,
        98,
        76,
        71,
        159,
        99,
        84,
        94,
        89,
        79,
        52,
        58,
        55,
        61,
        62,
        60,
        123,
        131,
        126,
        164,
        119,
        111
      ]
    },
    {
      "margin": false,
      "index": 14,
      "file": null,
      "u": 0.6666666,
      "v": 0.5,
      "uw": 0.3333333,
      "vh": 0.208333328,
      "width": 426,
      "height": 426,
      "descriptor": [
        121,
        129,
        123,
        186,
        114,
        104,
        49,
        53,
        51,
        110,
        114,
        110,
        114,
        121,
        117,
        181,
        173,
        162,
        111,
        117,
        116,
        103,
        102,
        94,
        48,
        55,
        52,
        56,
        58,
        56,
        49,
        53,
        50,
        99,
        103,
        98,
        44,
        58,
        54,
        101,
        105,
        100,
        119,
        124,
        118,
        101,
        106,
        99
      ]
    },
    {
      "margin": false,
      "index": 15,
      "file": null,
      "u": 0.0,
      "v": 0.7083334,
      "uw": 0.3333333,