{
  "title": "ZÁTIŠIE SO ŽLTOU NÁDOBOU",
  "author": "PALUGYAY, ZOLO",
  "year": "(1925 - 1945)",
  "id": "SNG-0001006095",
  "width": 1600,
  "height": 2048,
  "file": "SNG--K_3931--1_1--2015_07_23--L2_WEB_18825.webp",
  "tiles_x": 3,
  "tiles_y": 3,
  "offset_x": 0.0,
  "offset_y": 0.109375,
  "tiles": [
    {
      "margin": false,
      "index": 6,
      "file": null,
      "u": 0.0,
      "v": 0.109375,
      "uw": 0.3333333,
      "vh": 0.260416657,
      "width": 533,
      "height": 533,
      "descriptor": [
        161,
        154,
        138,
        181,
        173,
        154,
        91,
        92,
        85,
        125,
        125,
        110,
        167,
        154,
        155,
        107,
        122,
        143,
        167,
        160,
        142,
        180,
        161,
        128,
        153,
        152,
        152,
        108,
        117,
        132,
        161,
        161,
        156,
        118,
        136,
        164,
        177,
        170,
        161,
        91,
        102,
        72,
        110,
        110,
        101,
        128,
        127,
        117
      ]
    },
    {
      "margin": false,
      "index": 7,
      "file": null,
      "u": 0.3333333,
      "v": 0.109375,
      "uw": 0.3333333,
      "vh": 0.260416657,
      "width": 533,
      "height": 533,
      "descriptor": [
        162,
        160,
        143,
        144,
        140,
        117,
        63,
        58,
        65,
        148,
        142,
        129,
        133,
        130,
        140,
        138,
        142,
        157,
        91,
        96,
        88,
        99,
        87,
        77,
        210,
        172,
        84,
        202,
        181,
        132,
        190,
        147,
        104,
        211,
        196,
        169,
        218,
        187,
        126,
        212,
        183,
        114,
        76,
        79,
        73,
        95,
        90,
        79
      ]
    },
    {
      "margin": false,
      "index": 8,
      "file": null,
      "u": 0.6666666,
      "v": 0.109375,
      "uw": 0.3333333,
      "vh": 0.260416657,
      "width": 533,
      "height": 533,
      "descriptor": [
        147,
        125,
        101,
        85,
        96,
        137,
        75,
        93,
        147,
        147,
        147,
        128,
        128,
        119,
        93,
        154,
        144,
        120,
        112,
        113,
        112,
        133,
        130,
        116,
        167,
        145,
        124,
        67,
        65,
        64,
        160,
        155,
        135,
        132,
        128,
        118,
        158,
        149,
        114,
        149,
        119,
        96,
        122,
        118,
        110,
        173,
        168,
        146
      ]
    },
    {
      "margin": false,
      "index": 9,
      "file": null,
      "u": 0.0,
      "v": 0.369791657,
      "uw": 0.3333333,
      "vh": 0.260416657,
      "width": 533,
      "height": 533,
      "descriptor": [
        118,
        124,
        125,
        118,
        127,
        95,
        125,
        124,
        120,
        88,
        88,
        85,
        84,
        90,
        92,
        81,
        92,
        70,
        119,
        119,
        118,
        42,
        56,
        65,
        130,
        133,
        135,
        89,
        98,
        78,
        76,
        89,
        89,
        51,
        67,
        77,
        123,
        126,
        124,
        95,
        105,
        107,
        79,
        94,
        90,
        52,
        50,
        51
      ]
    },
    {
      "margin": false,
      "index": 10,
      "file": null,
      "u": 0.3333333,
      "v": 0.369791657,
      "uw": 0.3333333,
      "vh": 0.260416657,
      "width": 533,
      "height": 533,
      "descriptor": [
        199,
        166,
        97,
        202,
        177,
        120,
        97,
        93,
        84,
        126,
        121,
        94,
        144,
        137,
        109,
        76,
        70,
        67,
        106,
        108,
        102,
        169,
        162,
        135,
        130,
        117,
        87,
        169,
        155,
        120,
        157,
        154,
        124,
        135,
        130,
        105,
        172,
        151,
        99,
        146,
        123,
        81,
        152,
        142,
        111,
        104,
        106,
        103
      ]
    },
    {
      "margin": false,
      "index": 11,
      "file": null,
      "u": 0.6666666,
      "v": 0.369791657,
      "uw": 0.3333333,
      "vh": 0.260416657,
      "width": 533,
      "height": 533,
      "descriptor": [
        147,
        140,
        114,
        84,
        79,
        70,
        122,
        120,
        106,
        124,
        133,
        136,
        72,
        68,
        64,
        184,
        173,
        141,
        140,
        138,
        124,
        144,
        144,
        137,
        126,
        92,
        69,
        80,
        78,
        75,
        138,
        133,
        110,
        125,
        122,
        114,
        164,
        152,
        129,
        81,
        77,
        74,
        192,
        176,
        139,
        200,
        179,
        128
      ]
    },
    {
      "margin": false,
      "index": 12,
      "file": null,
      "u": 0.0,
      "v": 0.6302083,
      "uw": 0.3333333,
      "vh": 0.260416657,
      "width": 533,
      "height": 533,
      "descriptor": [
        149,
        117,
        91,
        138,
        109,
        95,
        74,
        90,
        94,
        39,
        64,
        74,
        204,
        182,
        143,
        176,
        155,
        115,
        149,
        133,
        82,
        100,
        90,
        82,
        181,
        148,
        91,
        210,
        163,
        89,
        207,
        164,
        107,
        128,
        115,
        84,
        173,
        141,
        90,
        200,
        164,
        108,
        102,
        103,
        91,
        77,
        72,
        62
      ]
    },
    {
      "margin": false,
      "index": 13,
      "file": null,
      "u": 0.3333333,
      "v": 0.6302083,
      "uw": 0.3333333,
      "vh": 0.260416657,
      "width": 533,
      "height": 533,
      "descriptor": [
        152,
        132,
        90,
        142,
        118,
        79,
        154,
        147,
        110,
        73,
        74,
        75,
        155,
        136,
        98,
        153,
        130,
        87,
        161,
        153,
        120,
        103,
        95,
        74,
        147,
        137,
        106,
        119,
        99,
        64,
        151,
        142,
        117,
        157,
        127,
        81,
        154,
        138,
        114,
        162,
        150,
        122,
        176,
        163,
        130,
        162,
        152,
        123
      ]
    },
    {
      "margin": false,
      "index": 14,
      "file": null,
      "u": 0.6666666,
      "v": 0.6302083,
      "uw": 0.3333333,
      "vh": 0.260416657,
      "width": 533,
      "height": 533,
      "descriptor": [
        84,
        85,
        83,
        72,
        61,
        57,
        123,
        120,
        101,
        119,
        114,
        97,
        164,
        147,
        113,
        73,
        67,
        63,
        175,
        170,
        146,
        108,
        105,
        102,
        171,
        155,
        123,
        118,
        105,
        85,
        99,
        93,
        83,
        147,
        133,
        82,
        93,
        96,
        95,
        174,
        154,
        116,
        212,
        196,
        169,
        198,
        167,
        98
      ]
    }
  ],
  "margins": [
    {
      "margin": true,
      "index": 0,
      "file": null,