{
  "title": "MADONA NA DRAKOVI MEDZI SVÄTOU KATARÍNOU A BARBOROU",
  "author": "NEZNÁMY AUTOR",
  "year": "(1450 - 1460)",
  "id": "SNG-0001022379",
  "width": 1536,
  "height": 2048,
  "file": "SNG--O_1592--1_2--_2015_07_30_--L2_WEB_17601.webp",
  "tiles_x": 3,
  "tiles_y": 4,
  "offset_x": 0.0,
  "offset_y": 0.0,
  "tiles": [
    {
      "margin": false,
      "index": 0,
      "file": null,
      "u": 0.0,
      "v": 0.0,
      "uw": 0.333333343,
      "vh": 0.25,
      "width": 512,
      "height": 512,
      "descriptor": [
        133,
        102,
        60,
        153,
        102,
        40,
        130,
        100,
        61,
        86,
        77,
        58,
        91,
        74,
        36,
        115,
        96,
        64,
        112,
        91,
        58,
        125,
        107,
        83,
        192,
        142,
        68,
        147,
        115,
        75,
        145,
        123,
        93,
        106,
        86,
        56,
        161,
        126,
        73,
        113,
        94,
        65,
        143,
        121,
        92,
        91,
        74,
        51
      ]
    },
    {
      "margin": false,
      "index": 1,
      "file": null,
      "u": 0.333333343,
      "v": 0.0,
      "uw": 0.333333343,
      "vh": 0.25,
      "width": 512,
      "height": 512,
      "descriptor": [
        55,
        44,
        22,
        72,
        60,
        38,
        143,
        101,
        55,
        110,
        91,
        72,
        125,
        95,
        59,
        107,
        83,
        42,
        59,
        50,
        25,
        104,
        86,
        56,
        148,
        121,
        79,
        128,
        105,
        79,
        97,
        66,
        12,
        138,
        116,
        85,
        136,
        111,
        75,
        98,
        84,
        59,
        102,
        85,
        59,
        127,
        99,
        61
      ]
    },
    {
      "margin": false,
      "index": 2,
      "file": null,
      "u": 0.6666667,
      "v": 0.0,
      "uw": 0.333333343,
      "vh": 0.25,
      "width": 512,
      "height": 512,
      "descriptor": [
        70,
        55,
        23,
        153,
        106,
        62,
        114,
        94,
        47,
        159,
        118,
        67,
        139,
        105,
        62,
        135,
        112,
        79,
        122,
        107,
        82,
        146,
        97,
        35,
        147,
        118,
        81,
        98,
        75,
        24,
        98,
        82,
        55,
        156,
        113,
        56,
        134,
        106,
        68,
        154,
        134,
        107,
        130,
        109,
        73,
        157,
        118,
        70
      ]
    },
    {
      "margin": false,
      "index": 3,
      "file": null,
      "u": 0.0,
      "v": 0.25,
      "uw": 0.333333343,
      "vh": 0.25,
      "width": 512,
      "height": 512,
      "descriptor": [
        138,
        102,
        50,
        59,
        27,
        11,
        84,
        82,
        31,
        23,
        10,
        3,
        110,
        82,
        40,
        77,
        41,
        27,
        85,
        82,
        23,
        66,
        28,
        19,
        166,
        135,
        103,
        65,
        20,
        17,
        7,
        34,
        26,
        60,
        15,
        5,
        79,
        59,
        30,
        91,
        89,
        72,
        36,
        23,
        12,
        38,
        4,
        0
      ]
    },
    {
      "margin": false,
      "index": 4,
      "file": null,
      "u": 0.333333343,
      "v": 0.25,
      "uw": 0.333333343,
      "vh": 0.25,
      "width": 512,
      "height": 512,
      "descriptor": [
        127,
        97,
        54,
        126,
        102,
        70,
        60,
        67,
        59,
        62,
        55,
        23,
        152,
        120,
        64,
        116,
        100,
        72,
        24,
        39,
        31,
        72,
        65,
        43,
        93,
        76,
        40,
        136,
        120,
        98,
        127,
        116,
        86,
        35,
        34,
        17,
        105,
        91,
        49,
        108,
        94,
        59,
        131,
        116,
        86,
        103,
        90,
        50
      ]
    },
    {
      "margin": false,
      "index": 5,
      "file": null,
      "u": 0.6666667,
      "v": 0.25,
      "uw": 0.333333343,
      "vh": 0.25,
      "width": 512,
      "height": 512,
      "descriptor": [
        40,
        48,
        26,
        100,
        108,
        56,
        44,
        47,
        18,
        141,
        98,
        44,
        167,
        129,
        85,
        75,
        78,
        24,
        49,
        56,
        12,
        162,
        113,
        48,
        71,
        76,
        7,
        89,
        86,
        30,
        76,
        62,
        8,
        158,
        105,
        38,
        40,
        51,
        13,
        64,
        65,
        42,
        123,
        53,
        16,
        121,
        94,
        60
      ]
    },
    {
      "margin": false,
      "index": 6,
      "file": null,
      "u": 0.0,
      "v": 0.5,
      "uw": 0.333333343,
      "vh": 0.25,
      "width": 512,
      "height": 512,
      "descriptor": [
        93,
        73,
        44,
        53,
        25,
        8,
        58,
        19,
        4,
        40,
        12,
        3,
        107,
        88,
        42,
        62,
        21,
        4,
        60,
        12,
        3,
        40,
        9,
        1,
        61,
        50,
        24,
        57,
        25,
        14,
        69,
        27,
        13,
        35,
        16,
        8,
        64,
        48,
        19,
        52,
        53,
        27,
        68,
        24,
        16,
        34,
        9,
        0
      ]
    },
    {
      "margin": false,
      "index": 7,
      "file": null,
      "u": 0.333333343,
      "v": 0.5,
      "uw": 0.333333343,
      "vh": 0.25,
      "width": 512,
      "height": 512,
      "descriptor": [
        83,
        69,
        36,
        121,
        108,
        62,
        82,
        70,
        38,
        66,
        62,
        33,
        78,
        67,
        51,
        122,
        104,
        70,
        129,
        119,
        96,
        103,
        92,
        60,
        113,
        103,
        77,
        142,
        123,
        92,
        148,
        131,
        94,
        32,
        37,
        12,
        131,
        115,
        84,
        121,
        103,
        55,
        138,
        122,
        80,
        85,
        63,
        0
      ]
    },
    {
      "margin": false,
      "index": 8,
      "file": null,
      "u": 0.6666667,
      "v": 0.5,
      "uw": 0.333333343,
      "vh": 0.25,
      "width": 512,
      "height": 512,
      "descriptor": [
        31,
        44,
        16,
        58,
        68,
        19,
        73,
        58,
        34,
        167,
        115,
        46,
        88,
        84,
        46,
        54,
        62,
        38,
        101,
        77,
        8,
        170,
        123,
        56,
        63,
        58,
        12,
        71,
        74,
        17,
        114,
        38,
        6,
        156,
        108,
        45,
        70,
        73,
        24,
        70,
        71,
        16,
        118,
        38,
        10,
        168,
        113,
        27
      ]
    },
    {
      "margin": false,
      "index": 9,
      "file": null,
      "u": 0.0,
      "v": 0.75,
      "uw": 0.333333343,
      "vh": 0.25,
      "width": 512,
      "height": 512,