{
  "title": "MLADÝ CIGÁŇ",
  "author": "MEDNYÁNSZKY, LADISLAV",
  "year": "(1878 - 1880)",
  "id": "SNG-0001071916",
  "width": 1280,
  "height": 2048,
  "file": "SNG--O_6734--1_1--2017_02_20--L2_WEB_110960598.webp",
  "tiles_x": 3,
  "tiles_y": 4,
  "offset_x": 0.0,
  "offset_y": 0.08333334,
  "tiles": [
    {
      "margin": false,
      "index": 6,
      "file": null,
      "u": 0.0,
      "v": 0.08333334,
      "uw": 0.3333333,
      "vh": 0.208333328,
      "width": 426,
      "height": 426,
      "descriptor": [
        172,
        155,
        135,
        165,
        150,
        143,
        172,
        151,
        116,
        170,
        156,
        134,
        166,
        151,
        129,
        154,
        137,
        105,
        162,
        145,
        107,
        149,
        138,
        105,
        176,
        158,
        137,
        128,
        81,
        3,
        138,
        126,
        95,
        40,
        24,
        4,
        151,
        133,
        114,
        162,
        142,
        106,
        157,
        138,
        99,
        46,
        23,
        9
      ]
    },
    {
      "margin": false,
      "index": 7,
      "file": null,
      "u": 0.3333333,
      "v": 0.08333334,
      "uw": 0.3333333,
      "vh": 0.208333328,
      "width": 426,
      "height": 426,
      "descriptor": [
        157,
        147,
        132,
        153,
        139,
        121,
        191,
        167,
        142,
        184,
        168,
        144,
        46,
        34,
        20,
        58,
        46,
        18,
        63,
        53,
        33,
        71,
        57,
        27,
        93,
        83,
        78,
        75,
        56,
        23,
        79,
        58,
        29,
        70,
        51,
        17,
        60,
        45,
        36,
        54,
        37,
        25,
        85,
        72,
        74,
        54,
        44,
        33
      ]
    },
    {
      "margin": false,
      "index": 8,
      "file": null,
      "u": 0.6666666,
      "v": 0.08333334,
      "uw": 0.3333333,
      "vh": 0.208333328,
      "width": 426,
      "height": 426,
      "descriptor": [
        162,
        149,
        132,
        171,
        153,
        131,
        186,
        171,
        147,
        150,
        137,
        126,
        184,
        164,
        136,
        189,
        173,
        158,
        181,
        165,
        140,
        190,
        173,
        154,
        167,
        149,
        125,
        164,
        148,
        133,
        191,
        175,
        152,
        211,
        196,
        178,
        181,
        165,
        140,
        172,
        152,
        126,
        188,
        169,
        144,
        176,
        158,
        135
      ]
    },
    {
      "margin": false,
      "index": 9,
      "file": null,
      "u": 0.0,
      "v": 0.2916667,
      "uw": 0.3333333,
      "vh": 0.208333328,
      "width": 426,
      "height": 426,
      "descriptor": [
        176,
        162,
        138,
        182,
        159,
        113,
        185,
        163,
        116,
        70,
        49,
        18,
        158,
        144,
        124,
        157,
        138,
        95,
        169,
        144,
        92,
        19,
        19,
        23,
        144,
        129,
        110,
        163,
        144,
        115,
        161,
        140,
        100,
        114,
        101,
        89,
        170,
        153,
        134,
        98,
        90,
        85,
        163,
        143,
        107,
        159,
        138,
        98
      ]
    },
    {
      "margin": false,
      "index": 10,
      "file": null,
      "u": 0.3333333,
      "v": 0.2916667,
      "uw": 0.3333333,
      "vh": 0.208333328,
      "width": 426,
      "height": 426,
      "descriptor": [
        77,
        48,
        30,
        124,
        80,
        34,
        175,
        121,
        44,
        111,
        80,
        36,
        126,
        98,
        61,
        147,
        108,
        67,
        178,
        133,
        70,
        163,
        106,
        72,
        122,
        78,
        41,
        79,
        57,
        32,
        170,
        129,
        90,
        129,
        89,
        59,
        116,
        77,
        46,
        89,
        65,
        46,
        132,
        87,
        55,
        65,
        41,
        36
      ]
    },
    {
      "margin": false,
      "index": 11,
      "file": null,
      "u": 0.6666666,
      "v": 0.2916667,
      "uw": 0.3333333,
      "vh": 0.208333328,
      "width": 426,
      "height": 426,
      "descriptor": [
        160,
        142,
        122,
        162,
        146,
        127,
        152,
        134,
        108,
        155,
        137,
        110,
        173,
        154,
        125,
        153,
        141,
        126,
        176,
        157,
        135,
        195,
        177,
        150,
        179,
        160,
        124,
        177,
        158,
        135,
        190,
        168,
        146,
        188,
        173,
        147,
        178,
        161,
        124,
        183,
        164,
        139,
        162,
        147,
        132,
        177,
        125,
        94
      ]
    },
    {
      "margin": false,
      "index": 12,
      "file": null,
      "u": 0.0,
      "v": 0.5,
      "uw": 0.3333333,
      "vh": 0.208333328,
      "width": 426,
      "height": 426,
      "descriptor": [
        84,
        74,
        65,
        80,
        72,
        65,
        86,
        78,
        68,
        145,
        128,
        90,
        80,
        77,
        75,
        107,
        101,
        97,
        221,
        211,
        191,
        215,
        206,
        187,
        71,
        81,
        89,
        245,
        241,
        221,
        200,
        194,
        177,
        199,
        186,
        158,
        94,
        96,
        104,
        91,
        95,
        94,
        214,
        206,
        185,
        197,
        185,
        165
      ]
    },
    {
      "margin": false,
      "index": 13,
      "file": null,
      "u": 0.3333333,
      "v": 0.5,
      "uw": 0.3333333,
      "vh": 0.208333328,
      "width": 426,
      "height": 426,
      "descriptor": [
        105,
        73,
        56,
        67,
        47,
        36,
        137,
        96,
        50,
        217,
        203,
        163,
        27,
        24,
        23,
        114,
        81,
        52,
        114,
        72,
        26,
        238,
        224,
        181,
        123,
        87,
        23,
        89,
        67,
        41,
        18,
        5,
        0,
        51,
        35,
        26,
        88,
        64,
        26,
        110,
        74,
        27,
        142,
        92,
        32,
        144,
        103,
        50
      ]
    },
    {
      "margin": false,
      "index": 14,
      "file": null,
      "u": 0.6666666,
      "v": 0.5,
      "uw": 0.3333333,
      "vh": 0.208333328,
      "width": 426,
      "height": 426,
      "descriptor": [
        129,
        90,
        49,
        190,
        172,
        152,
        166,
        149,
        120,
        218,
        202,
        170,
        11,
        5,
        6,
        124,
        92,
        40,
        170,
        138,
        101,
        159,
        123,
        42,
        49,
        37,
        24,
        132,
        95,
        42,
        129,
        105,
        68,
        189,
        167,
        141,
        150,
        110,
        69,
        137,
        97,
        39,
        105,
        77,
        35,
        188,
        171,
        154
      ]
    },
    {
      "margin": false,
      "index": 15,
      "file": null,
      "u": 0.0,
      "v": 0.7083334,
      "uw": 0.3333333,