{
  "title": "NA PASTVE",
  "author": "WEISZ-KUBÍNČAN, ARNOLD PETER",
  "year": "(1940 - 1944)",
  "id": "SNG-0001017240",
  "width": 2048,
  "height": 1344,
  "file": "SNG--O_4477--1_1--2013_10_01--L2_WEB_124880.webp",
  "tiles_x": 4,
  "tiles_y": 3,
  "offset_x": 0.0625,
  "offset_y": 0.0,
  "tiles": [
    {
      "margin": false,
      "index": 6,
      "file": null,
      "u": 0.0625,
      "v": 0.0,
      "uw": 0.21875,
      "vh": 0.333333343,
      "width": 448,
      "height": 448,
      "descriptor": [
        171,
        169,
        169,
        168,
        165,
        164,
        189,
        180,
        170,
        81,
        83,
        100,
        81,
        82,
        97,
        187,
        183,
        184,
        175,
        177,
        190,
        72,
        76,
        111,
        75,
        76,
        83,
        74,
        79,
        90,
        78,
        81,
        95,
        68,
        74,
        83,
        76,
        79,
        93,
        81,
        82,
        93,
        161,
        124,
        97,
        68,
        79,
        77
      ]
    },
    {
      "margin": false,
      "index": 7,
      "file": null,
      "u": 0.28125,
      "v": 0.0,
      "uw": 0.21875,
      "vh": 0.333333343,
      "width": 448,
      "height": 448,
      "descriptor": [
        66,
        74,
        90,
        62,
        69,
        75,
        57,
        63,
        68,
        53,
        57,
        61,
        73,
        79,
        87,
        72,
        78,
        96,
        71,
        76,
        88,
        86,
        88,
        102,
        84,
        107,
        92,
        59,
        77,
        73,
        162,
        152,
        112,
        158,
        157,
        137,
        50,
        68,
        82,
        31,
        60,
        78,
        43,
        59,
        72,
        144,
        151,
        113
      ]
    },
    {
      "margin": false,
      "index": 8,
      "file": null,
      "u": 0.5,
      "v": 0.0,
      "uw": 0.21875,
      "vh": 0.333333343,
      "width": 448,
      "height": 448,
      "descriptor": [
        51,
        56,
        60,
        55,
        64,
        69,
        67,
        74,
        81,
        60,
        62,
        60,
        71,
        77,
        88,
        74,
        77,
        88,
        77,
        83,
        93,
        88,
        92,
        99,
        67,
        78,
        81,
        61,
        69,
        81,
        91,
        96,
        110,
        90,
        91,
        102,
        107,
        146,
        99,
        200,
        189,
        119,
        164,
        120,
        102,
        167,
        128,
        116
      ]
    },
    {
      "margin": false,
      "index": 9,
      "file": null,
      "u": 0.71875,
      "v": 0.0,
      "uw": 0.21875,
      "vh": 0.333333343,
      "width": 448,
      "height": 448,
      "descriptor": [
        76,
        79,
        81,
        137,
        141,
        142,
        71,
        78,
        90,
        72,
        78,
        94,
        203,
        190,
        182,
        91,
        94,
        102,
        102,
        106,
        117,
        139,
        146,
        156,
        80,
        82,
        91,
        86,
        89,
        98,
        73,
        77,
        82,
        99,
        91,
        91,
        130,
        135,
        136,
        183,
        178,
        139,
        167,
        158,
        112,
        141,
        136,
        100
      ]
    },
    {
      "margin": false,
      "index": 10,
      "file": null,
      "u": 0.0625,
      "v": 0.333333343,
      "uw": 0.21875,
      "vh": 0.333333343,
      "width": 448,
      "height": 448,
      "descriptor": [
        100,
        150,
        92,
        123,
        103,
        95,
        73,
        70,
        69,
        53,
        73,
        85,
        135,
        161,
        130,
        82,
        70,
        70,
        104,
        82,
        68,
        76,
        67,
        64,
        85,
        137,
        83,
        166,
        167,
        145,
        70,
        71,
        66,
        180,
        172,
        105,
        88,
        96,
        85,
        102,
        123,
        75,
        62,
        68,
        74,
        119,
        117,
        91
      ]
    },
    {
      "margin": false,
      "index": 11,
      "file": null,
      "u": 0.28125,
      "v": 0.333333343,
      "uw": 0.21875,
      "vh": 0.333333343,
      "width": 448,
      "height": 448,
      "descriptor": [
        21,
        48,
        63,
        53,
        65,
        78,
        81,
        88,
        84,
        139,
        133,
        97,
        162,
        132,
        75,
        135,
        88,
        68,
        58,
        68,
        70,
        180,
        156,
        122,
        52,
        92,
        83,
        140,
        129,
        98,
        57,
        66,
        68,
        191,
        178,
        123,
        179,
        160,
        154,
        119,
        97,
        71,
        87,
        68,
        69,
        82,
        68,
        66
      ]
    },
    {
      "margin": false,
      "index": 12,
      "file": null,
      "u": 0.5,
      "v": 0.333333343,
      "uw": 0.21875,
      "vh": 0.333333343,
      "width": 448,
      "height": 448,
      "descriptor": [
        156,
        150,
        116,
        55,
        96,
        74,
        75,
        96,
        70,
        187,
        166,
        80,
        235,
        213,
        192,
        86,
        109,
        73,
        181,
        152,
        44,
        206,
        184,
        66,
        107,
        105,
        72,
        127,
        133,
        80,
        198,
        187,
        59,
        177,
        165,
        92,
        179,
        170,
        57,
        207,
        87,
        70,
        35,
        58,
        67,
        95,
        134,
        112
      ]
    },
    {
      "margin": false,
      "index": 13,
      "file": null,
      "u": 0.71875,
      "v": 0.333333343,
      "uw": 0.21875,
      "vh": 0.333333343,
      "width": 448,
      "height": 448,
      "descriptor": [
        141,
        131,
        78,
        183,
        171,
        131,
        190,
        180,
        146,
        172,
        132,
        104,
        170,
        141,
        73,
        168,
        138,
        101,
        176,
        153,
        106,
        186,
        150,
        108,
        162,
        159,
        93,
        193,
        178,
        50,
        124,
        110,
        89,
        174,
        158,
        124,
        148,
        152,
        116,
        102,
        114,
        90,
        157,
        142,
        80,
        156,
        132,
        99
      ]
    },
    {
      "margin": false,
      "index": 14,
      "file": null,
      "u": 0.0625,
      "v": 0.6666667,
      "uw": 0.21875,
      "vh": 0.333333343,
      "width": 448,
      "height": 448,
      "descriptor": [
        104,
        110,
        85,
        158,
        156,
        109,
        132,
        128,
        84,
        82,
        95,
        95,
        142,
        130,
        76,
        93,
        100,
        87,
        53,
        64,
        66,
        59,
        81,
        83,
        53,
        64,
        73,
        88,
        127,
        98,
        98,
        94,
        82,
        166,
        93,
        83,
        119,
        108,
        54,
        115,
        111,
        63,
        114,
        112,
        80,
        141,
        155,
        126
      ]
    },
    {
      "margin": false,
      "index": 15,
      "file": null,
      "u": 0.28125,
      "v": 0.6666667,
      "uw": 0.21875,
      "vh": 0.333333343,
      "width": 448,
      "height": 448,