{
  "title": "POHÁR V BENJAMÍNOVOM VRECI",
  "author": "GODBY, JAMES, MURROVGH, MAC, MURPHY, JOHN",
  "year": "1799",
  "id": "SNG-0001070576",
  "width": 2048,
  "height": 1728,
  "file": "SNG--G_4670--1_1--2017_08_22--L2_WEB_108250120.webp",
  "tiles_x": 3,
  "tiles_y": 3,
  "offset_x": 0.078125,
  "offset_y": 0.0,
  "tiles": [
    {
      "margin": false,
      "index": 6,
      "file": null,
      "u": 0.078125,
      "v": 0.0,
      "uw": 0.28125,
      "vh": 0.333333343,
      "width": 576,
      "height": 576,
      "descriptor": [
        217,
        188,
        155,
        225,
        202,
        174,
        225,
        200,
        172,
        229,
        203,
        176,
        72,
        66,
        56,
        106,
        85,
        66,
        99,
        89,
        74,
        122,
        114,
        90,
        85,
        77,
        60,
        106,
        97,
        79,
        52,
        46,
        35,
        116,
        77,
        60,
        147,
        114,
        83,
        104,
        92,
        71,
        147,
        134,
        104,
        211,
        167,
        134
      ]
    },
    {
      "margin": false,
      "index": 7,
      "file": null,
      "u": 0.359375,
      "v": 0.0,
      "uw": 0.28125,
      "vh": 0.333333343,
      "width": 576,
      "height": 576,
      "descriptor": [
        222,
        198,
        166,
        229,
        205,
        178,
        232,
        207,
        179,
        227,
        201,
        170,
        132,
        125,
        107,
        129,
        115,
        89,
        179,
        181,
        169,
        170,
        160,
        142,
        109,
        67,
        52,
        117,
        124,
        116,
        97,
        81,
        63,
        174,
        167,
        143,
        158,
        118,
        86,
        140,
        120,
        98,
        50,
        62,
        61,
        193,
        176,
        149
      ]
    },
    {
      "margin": false,
      "index": 8,
      "file": null,
      "u": 0.640625,
      "v": 0.0,
      "uw": 0.28125,
      "vh": 0.333333343,
      "width": 576,
      "height": 576,
      "descriptor": [
        227,
        202,
        174,
        230,
        205,
        178,
        223,
        199,
        171,
        224,
        199,
        170,
        145,
        139,
        119,
        148,
        164,
        159,
        138,
        140,
        125,
        163,
        156,
        141,
        157,
        151,
        131,
        161,
        152,
        128,
        157,
        149,
        128,
        125,
        122,
        104,
        180,
        172,
        152,
        107,
        90,
        69,
        78,
        67,
        53,
        122,
        104,
        78
      ]
    },
    {
      "margin": false,
      "index": 9,
      "file": null,
      "u": 0.078125,
      "v": 0.333333343,
      "uw": 0.28125,
      "vh": 0.333333343,
      "width": 576,
      "height": 576,
      "descriptor": [
        66,
        51,
        45,
        45,
        53,
        50,
        70,
        61,
        50,
        206,
        171,
        135,
        108,
        78,
        53,
        192,
        101,
        78,
        67,
        56,
        51,
        195,
        158,
        104,
        94,
        72,
        58,
        198,
        110,
        79,
        107,
        91,
        71,
        106,
        114,
        115,
        89,
        70,
        57,
        148,
        90,
        64,
        179,
        99,
        74,
        135,
        137,
        132
      ]
    },
    {
      "margin": false,
      "index": 10,
      "file": null,
      "u": 0.359375,
      "v": 0.333333343,
      "uw": 0.28125,
      "vh": 0.333333343,
      "width": 576,
      "height": 576,
      "descriptor": [
        87,
        69,
        49,
        114,
        92,
        65,
        96,
        82,
        67,
        111,
        81,
        57,
        123,
        81,
        60,
        78,
        56,
        43,
        77,
        55,
        42,
        161,
        126,
        83,
        69,
        58,
        49,
        66,
        58,
        50,
        92,
        74,
        55,
        205,
        164,
        120,
        65,
        57,
        47,
        157,
        71,
        48,
        217,
        183,
        143,
        182,
        136,
        104
      ]
    },
    {
      "margin": false,
      "index": 11,
      "file": null,
      "u": 0.640625,
      "v": 0.333333343,
      "uw": 0.28125,
      "vh": 0.333333343,
      "width": 576,
      "height": 576,
      "descriptor": [
        194,
        151,
        114,
        80,
        66,
        53,
        63,
        54,
        38,
        196,
        169,
        139,
        193,
        162,
        128,
        108,
        77,
        56,
        126,
        88,
        65,
        85,
        69,
        55,
        198,
        172,
        131,
        90,
        104,
        95,
        66,
        82,
        75,
        98,
        71,
        53,
        59,
        69,
        61,
        66,
        57,
        51,
        62,
        48,
        39,
        62,
        52,
        45
      ]
    },
    {
      "margin": false,
      "index": 12,
      "file": null,
      "u": 0.078125,
      "v": 0.6666667,
      "uw": 0.28125,
      "vh": 0.333333343,
      "width": 576,
      "height": 576,
      "descriptor": [
        73,
        60,
        48,
        72,
        59,
        48,
        92,
        74,
        58,
        145,
        106,
        78,
        52,
        49,
        38,
        142,
        111,
        77,
        61,
        51,
        41,
        85,
        67,
        49,
        219,
        194,
        160,
        216,
        189,
        153,
        220,
        194,
        162,
        220,
        192,
        157,
        222,
        197,
        168,
        227,
        202,
        172,
        230,
        204,
        179,
        232,
        208,
        184
      ]
    },
    {
      "margin": false,
      "index": 13,
      "file": null,
      "u": 0.359375,
      "v": 0.6666667,
      "uw": 0.28125,
      "vh": 0.333333343,
      "width": 576,
      "height": 576,
      "descriptor": [
        135,
        142,
        128,
        114,
        83,
        61,
        60,
        54,
        46,
        116,
        84,
        57,
        123,
        95,
        68,
        100,
        76,
        55,
        60,
        55,
        48,
        183,
        135,
        93,
        222,
        195,
        165,
        224,
        201,
        171,
        221,
        196,
        166,
        206,
        182,
        152,
        231,
        206,
        181,
        223,
        199,
        168,
        214,
        190,
        164,
        228,
        205,
        179
      ]
    },
    {
      "margin": false,
      "index": 14,
      "file": null,
      "u": 0.640625,
      "v": 0.6666667,
      "uw": 0.28125,
      "vh": 0.333333343,
      "width": 576,
      "height": 576,
      "descriptor": [
        172,
        129,
        89,
        49,
        62,
        58,
        83,
        64,
        53,
        79,
        69,
        57,
        78,
        74,
        63,
        52,
        67,
        62,
        104,
        79,
        62,
        75,
        65,
        53,
        226,
        204,
        174,
        221,
        199,
        170,
        223,
        200,
        173,
        218,
        193,
        161,
        225,
        200,
        176,
        226,
        204,
        178,
        228,
        205,
        180,
        230,
        204,
        178
      ]
    }
  ],
  "margins": [
    {
      "margin": true,
      "index": 0,
      "file": null,
      "u": 0.0,
      "v": 0.0,
      "uw": 0.078125,