{
  "title": "V KRČME",
  "author": "VARGA, ĽUDOVÍT",
  "year": "1944",
  "id": "SNG-0001017223",
  "width": 2048,
  "height": 1408,
  "file": "SNG--O_982--1_1--2013_09_30--L2_WEB_113980.webp",
  "tiles_x": 4,
  "tiles_y": 3,
  "offset_x": 0.0416666567,
  "offset_y": 0.0,
  "tiles": [
    {
      "margin": false,
      "index": 6,
      "file": null,
      "u": 0.0416666567,
      "v": 0.0,
      "uw": 0.229166672,
      "vh": 0.333333343,
      "width": 469,
      "height": 469,
      "descriptor": [
        119,
        114,
        103,
        191,
        97,
        61,
        107,
        104,
        92,
        108,
        90,
        76,
        101,
        111,
        104,
        131,
        109,
        88,
        106,
        92,
        75,
        132,
        99,
        83,
        93,
        104,
        106,
        154,
        110,
        73,
        106,
        98,
        84,
        151,
        104,
        78,
        120,
        99,
        92,
        182,
        147,
        108,
        183,
        145,
        111,
        75,
        68,
        77
      ]
    },
    {
      "margin": false,
      "index": 7,
      "file": null,
      "u": 0.2708333,
      "v": 0.0,
      "uw": 0.229166672,
      "vh": 0.333333343,
      "width": 469,
      "height": 469,
      "descriptor": [
        144,
        149,
        126,
        165,
        162,
        135,
        139,
        111,
        83,
        138,
        97,
        80,
        170,
        167,
        147,
        93,
        88,
        85,
        149,
        105,
        95,
        178,
        136,
        101,
        132,
        128,
        113,
        83,
        88,
        88,
        73,
        77,
        79,
        118,
        77,
        67,
        131,
        122,
        101,
        98,
        97,
        88,
        76,
        114,
        117,
        113,
        87,
        74
      ]
    },
    {
      "margin": false,
      "index": 8,
      "file": null,
      "u": 0.5,
      "v": 0.0,
      "uw": 0.229166672,
      "vh": 0.333333343,
      "width": 469,
      "height": 469,
      "descriptor": [
        207,
        184,
        133,
        183,
        171,
        143,
        183,
        151,
        130,
        150,
        108,
        113,
        169,
        139,
        108,
        139,
        104,
        81,
        98,
        81,
        75,
        156,
        138,
        122,
        109,
        121,
        115,
        66,
        67,
        70,
        68,
        75,
        72,
        177,
        148,
        119,
        89,
        67,
        67,
        149,
        133,
        108,
        113,
        88,
        82,
        135,
        115,
        102
      ]
    },
    {
      "margin": false,
      "index": 9,
      "file": null,
      "u": 0.7291666,
      "v": 0.0,
      "uw": 0.229166672,
      "vh": 0.333333343,
      "width": 469,
      "height": 469,
      "descriptor": [
        205,
        186,
        157,
        204,
        183,
        166,
        158,
        132,
        116,
        158,
        118,
        84,
        134,
        123,
        106,
        145,
        156,
        150,
        159,
        125,
        101,
        128,
        101,
        69,
        111,
        88,
        82,
        170,
        159,
        134,
        165,
        135,
        113,
        145,
        117,
        89,
        134,
        87,
        59,
        65,
        77,
        76,
        139,
        110,
        87,
        198,
        177,
        138
      ]
    },
    {
      "margin": false,
      "index": 10,
      "file": null,
      "u": 0.0416666567,
      "v": 0.333333343,
      "uw": 0.229166672,
      "vh": 0.333333343,
      "width": 469,
      "height": 469,
      "descriptor": [
        126,
        98,
        81,
        132,
        89,
        65,
        184,
        127,
        97,
        156,
        118,
        98,
        94,
        65,
        62,
        118,
        71,
        63,
        120,
        98,
        85,
        168,
        114,
        98,
        81,
        71,
        69,
        88,
        70,
        68,
        157,
        127,
        92,
        140,
        130,
        110,
        122,
        96,
        78,
        92,
        81,
        70,
        160,
        111,
        68,
        166,
        134,
        68
      ]
    },
    {
      "margin": false,
      "index": 11,
      "file": null,
      "u": 0.2708333,
      "v": 0.333333343,
      "uw": 0.229166672,
      "vh": 0.333333343,
      "width": 469,
      "height": 469,
      "descriptor": [
        134,
        112,
        71,
        103,
        84,
        78,
        117,
        103,
        109,
        116,
        111,
        103,
        160,
        125,
        114,
        143,
        113,
        75,
        152,
        133,
        111,
        116,
        78,
        65,
        115,
        105,
        89,
        171,
        99,
        58,
        122,
        110,
        84,
        142,
        117,
        87,
        127,
        125,
        119,
        113,
        109,
        100,
        105,
        96,
        86,
        101,
        82,
        69
      ]
    },
    {
      "margin": false,
      "index": 12,
      "file": null,
      "u": 0.5,
      "v": 0.333333343,
      "uw": 0.229166672,
      "vh": 0.333333343,
      "width": 469,
      "height": 469,
      "descriptor": [
        154,
        101,
        88,
        72,
        62,
        64,
        129,
        91,
        65,
        101,
        80,
        72,
        137,
        125,
        109,
        104,
        101,
        86,
        109,
        91,
        93,
        62,
        56,
        55,
        158,
        125,
        103,
        75,
        82,
        86,
        69,
        55,
        61,
        70,
        60,
        64,
        127,
        104,
        84,
        135,
        111,
        80,
        64,
        79,
        85,
        144,
        124,
        104
      ]
    },
    {
      "margin": false,
      "index": 13,
      "file": null,
      "u": 0.7291666,
      "v": 0.333333343,
      "uw": 0.229166672,
      "vh": 0.333333343,
      "width": 469,
      "height": 469,
      "descriptor": [
        78,
        79,
        82,
        112,
        99,
        78,
        82,
        75,
        69,
        113,
        105,
        86,
        107,
        101,
        85,
        126,
        80,
        77,
        103,
        90,
        84,
        120,
        104,
        96,
        72,
        64,
        69,
        93,
        73,
        72,
        93,
        75,
        65,
        162,
        123,
        96,
        83,
        75,
        69,
        43,
        46,
        52,
        81,
        71,
        70,
        91,
        79,
        78
      ]
    },
    {
      "margin": false,
      "index": 14,
      "file": null,
      "u": 0.0416666567,
      "v": 0.6666667,
      "uw": 0.229166672,
      "vh": 0.333333343,
      "width": 469,
      "height": 469,
      "descriptor": [
        130,
        98,
        75,
        89,
        77,
        69,
        127,
        105,
        78,
        172,
        149,
        116,
        114,
        101,
        92,
        98,
        78,
        72,
        120,
        108,
        93,
        152,
        134,
        114,
        158,
        146,
        133,
        73,
        66,
        66,
        81,
        72,
        71,
        133,
        130,
        127,
        146,
        122,
        103,
        135,
        108,
        95,
        113,
        96,
        88,
        104,
        94,
        86
      ]
    },
    {
      "margin": false,
      "index": 15,
      "file": null,
      "u": 0.2708333,
      "v": 0.6666667,
      "uw": 0.229166672,
      "vh": 0.333333343,