{
  "title": "MADONA S DIEŤAŤOM",
  "author": "STREDOEURÓPSKY MALIAR Z 18. STOROČIA",
  "year": "(1780 - 1800)",
  "id": "SNG-0001003228",
  "width": 1600,
  "height": 2048,
  "file": "SNG--O_4883--1_1--_2015_08_31_--L2_WEB_53723.webp",
  "tiles_x": 3,
  "tiles_y": 3,
  "offset_x": 0.0,
  "offset_y": 0.109375,
  "tiles": [
    {
      "margin": false,
      "index": 6,
      "file": null,
      "u": 0.0,
      "v": 0.109375,
      "uw": 0.3333333,
      "vh": 0.260416657,
      "width": 533,
      "height": 533,
      "descriptor": [
        51,
        49,
        39,
        62,
        55,
        47,
        61,
        56,
        42,
        110,
        92,
        53,
        54,
        51,
        42,
        61,
        56,
        47,
        131,
        106,
        53,
        115,
        90,
        57,
        58,
        56,
        45,
        54,
        51,
        41,
        109,
        84,
        40,
        102,
        75,
        49,
        46,
        45,
        34,
        58,
        55,
        41,
        116,
        93,
        50,
        83,
        70,
        43
      ]
    },
    {
      "margin": false,
      "index": 7,
      "file": null,
      "u": 0.3333333,
      "v": 0.109375,
      "uw": 0.3333333,
      "vh": 0.260416657,
      "width": 533,
      "height": 533,
      "descriptor": [
        194,
        167,
        133,
        154,
        130,
        97,
        87,
        75,
        61,
        81,
        73,
        58,
        106,
        79,
        53,
        130,
        118,
        92,
        77,
        62,
        41,
        92,
        69,
        40,
        202,
        165,
        131,
        98,
        66,
        45,
        137,
        106,
        70,
        198,
        171,
        132,
        182,
        145,
        106,
        142,
        116,
        80,
        113,
        85,
        58,
        204,
        175,
        135
      ]
    },
    {
      "margin": false,
      "index": 8,
      "file": null,
      "u": 0.6666666,
      "v": 0.109375,
      "uw": 0.3333333,
      "vh": 0.260416657,
      "width": 533,
      "height": 533,
      "descriptor": [
        59,
        55,
        42,
        72,
        69,
        56,
        60,
        55,
        43,
        64,
        65,
        52,
        83,
        69,
        44,
        62,
        58,
        44,
        65,
        61,
        48,
        68,
        65,
        52,
        102,
        71,
        47,
        78,
        70,
        53,
        63,
        62,
        50,
        65,
        64,
        54,
        132,
        104,
        74,
        77,
        67,
        54,
        62,
        55,
        46,
        65,
        63,
        51
      ]
    },
    {
      "margin": false,
      "index": 9,
      "file": null,
      "u": 0.0,
      "v": 0.369791657,
      "uw": 0.3333333,
      "vh": 0.260416657,
      "width": 533,
      "height": 533,
      "descriptor": [
        59,
        54,
        46,
        63,
        65,
        60,
        143,
        116,
        62,
        136,
        105,
        69,
        34,
        30,
        22,
        73,
        57,
        50,
        120,
        95,
        44,
        131,
        97,
        55,
        60,
        68,
        69,
        166,
        115,
        92,
        182,
        133,
        111,
        125,
        82,
        62,
        49,
        53,
        56,
        167,
        108,
        88,
        163,
        112,
        92,
        103,
        63,
        42
      ]
    },
    {
      "margin": false,
      "index": 10,
      "file": null,
      "u": 0.3333333,
      "v": 0.369791657,
      "uw": 0.3333333,
      "vh": 0.260416657,
      "width": 533,
      "height": 533,
      "descriptor": [
        170,
        137,
        90,
        106,
        82,
        54,
        163,
        128,
        95,
        155,
        124,
        94,
        184,
        163,
        130,
        185,
        163,
        130,
        177,
        137,
        104,
        145,
        114,
        78,
        139,
        115,
        58,
        133,
        106,
        57,
        117,
        74,
        51,
        175,
        142,
        106,
        163,
        118,
        95,
        130,
        82,
        62,
        167,
        117,
        100,
        175,
        140,
        106
      ]
    },
    {
      "margin": false,
      "index": 11,
      "file": null,
      "u": 0.6666666,
      "v": 0.369791657,
      "uw": 0.3333333,
      "vh": 0.260416657,
      "width": 533,
      "height": 533,
      "descriptor": [
        183,
        151,
        116,
        201,
        168,
        137,
        76,
        61,
        42,
        64,
        54,
        42,
        201,
        169,
        130,
        177,
        147,
        109,
        76,
        59,
        44,
        103,
        78,
        55,
        180,
        150,
        110,
        142,
        108,
        78,
        162,
        145,
        105,
        56,
        56,
        48,
        182,
        140,
        102,
        118,
        87,
        65,
        107,
        87,
        61,
        104,
        97,
        71
      ]
    },
    {
      "margin": false,
      "index": 12,
      "file": null,
      "u": 0.0,
      "v": 0.6302083,
      "uw": 0.3333333,
      "vh": 0.260416657,
      "width": 533,
      "height": 533,
      "descriptor": [
        26,
        44,
        37,
        134,
        84,
        47,
        160,
        98,
        73,
        122,
        68,
        47,
        21,
        41,
        38,
        128,
        80,
        61,
        145,
        104,
        84,
        159,
        93,
        71,
        29,
        40,
        37,
        36,
        42,
        37,
        106,
        54,
        37,
        152,
        94,
        69,
        47,
        45,
        41,
        73,
        47,
        34,
        108,
        53,
        36,
        96,
        48,
        30
      ]
    },
    {
      "margin": false,
      "index": 13,
      "file": null,
      "u": 0.3333333,
      "v": 0.6302083,
      "uw": 0.3333333,
      "vh": 0.260416657,
      "width": 533,
      "height": 533,
      "descriptor": [
        125,
        67,
        46,
        159,
        112,
        90,
        149,
        99,
        79,
        176,
        131,
        97,
        173,
        98,
        74,
        160,
        85,
        60,
        180,
        143,
        107,
        138,
        109,
        74,
        121,
        70,
        48,
        168,
        124,
        96,
        160,
        127,
        89,
        146,
        114,
        74,
        111,
        72,
        57,
        157,
        144,
        108,
        140,
        125,
        87,
        144,
        118,
        78
      ]
    },
    {
      "margin": false,
      "index": 14,
      "file": null,
      "u": 0.6666666,
      "v": 0.6302083,
      "uw": 0.3333333,
      "vh": 0.260416657,
      "width": 533,
      "height": 533,
      "descriptor": [
        168,
        136,
        95,
        165,
        133,
        91,
        121,
        100,
        68,
        120,
        106,
        67,
        110,
        85,
        53,
        132,
        120,
        81,
        157,
        114,
        80,
        66,
        49,
        47,
        102,
        92,
        62,
        122,
        112,
        79,
        138,
        108,
        80,
        67,
        65,
        60,
        108,
        96,
        66,
        114,
        102,
        68,
        142,
        131,
        93,
        40,
        48,
        38
      ]
    }
  ],
  "margins": [
    {
      "margin": true,
      "index": 0,
      "file": null,
      "u": 0.0,
      "v": 0.0,
      "uw": 0.3333333,
      "vh": 0.109375,
      "width": 533,
      "height": 224,