{
  "title": "ZÁTIŠIE S KVETMI",
  "author": "STREDOEURÓPSKY MALIAR ZO 17. STOROČIA, HOLANDSKÝ MALIAR ZO 17. STOROČIA",
  "year": "(1600 - 1700)",
  "id": "SNG-0001003263",
  "width": 1408,
  "height": 2048,
  "file": "SNG--O_6291--1_1--_2015_08_31_--L2_WEB_116421.webp",
  "tiles_x": 3,
  "tiles_y": 4,
  "offset_x": 0.0,
  "offset_y": 0.0416666567,
  "tiles": [
    {
      "margin": false,
      "index": 6,
      "file": null,
      "u": 0.0,
      "v": 0.0416666567,
      "uw": 0.333333343,
      "vh": 0.229166672,
      "width": 469,
      "height": 469,
      "descriptor": [
        27,
        17,
        5,
        40,
        30,
        17,
        36,
        26,
        13,
        36,
        25,
        11,
        28,
        20,
        11,
        37,
        26,
        13,
        34,
        28,
        19,
        65,
        33,
        15,
        29,
        21,
        10,
        34,
        23,
        10,
        34,
        24,
        11,
        41,
        26,
        11,
        30,
        21,
        7,
        36,
        24,
        10,
        33,
        23,
        10,
        87,
        39,
        5
      ]
    },
    {
      "margin": false,
      "index": 7,
      "file": null,
      "u": 0.333333343,
      "v": 0.0416666567,
      "uw": 0.333333343,
      "vh": 0.229166672,
      "width": 469,
      "height": 469,
      "descriptor": [
        37,
        26,
        10,
        25,
        16,
        10,
        39,
        34,
        23,
        43,
        33,
        22,
        75,
        41,
        16,
        42,
        26,
        11,
        118,
        49,
        17,
        77,
        34,
        15,
        136,
        50,
        4,
        198,
        96,
        14,
        91,
        56,
        39,
        67,
        35,
        7,
        175,
        97,
        57,
        132,
        52,
        9,
        54,
        42,
        31,
        84,
        78,
        72
      ]
    },
    {
      "margin": false,
      "index": 8,
      "file": null,
      "u": 0.6666667,
      "v": 0.0416666567,
      "uw": 0.333333343,
      "vh": 0.229166672,
      "width": 469,
      "height": 469,
      "descriptor": [
        37,
        27,
        18,
        29,
        19,
        8,
        35,
        26,
        11,
        33,
        25,
        13,
        42,
        32,
        23,
        35,
        23,
        10,
        37,
        25,
        15,
        37,
        28,
        17,
        42,
        32,
        23,
        32,
        23,
        8,
        35,
        27,
        13,
        34,
        25,
        13,
        46,
        38,
        27,
        32,
        23,
        11,
        32,
        23,
        12,
        37,
        27,
        15
      ]
    },
    {
      "margin": false,
      "index": 9,
      "file": null,
      "u": 0.0,
      "v": 0.2708333,
      "uw": 0.333333343,
      "vh": 0.229166672,
      "width": 469,
      "height": 469,
      "descriptor": [
        31,
        22,
        8,
        31,
        24,
        16,
        36,
        26,
        11,
        32,
        25,
        12,
        45,
        36,
        25,
        46,
        36,
        23,
        25,
        22,
        15,
        163,
        47,
        11,
        44,
        40,
        34,
        67,
        61,
        32,
        54,
        29,
        11,
        59,
        32,
        5,
        32,
        23,
        13,
        39,
        28,
        15,
        78,
        52,
        15,
        95,
        59,
        11
      ]
    },
    {
      "margin": false,
      "index": 10,
      "file": null,
      "u": 0.333333343,
      "v": 0.2708333,
      "uw": 0.333333343,
      "vh": 0.229166672,
      "width": 469,
      "height": 469,
      "descriptor": [
        37,
        25,
        7,
        31,
        21,
        7,
        32,
        23,
        15,
        99,
        43,
        2,
        50,
        44,
        36,
        41,
        27,
        13,
        35,
        32,
        26,
        56,
        35,
        12,
        42,
        32,
        20,
        41,
        29,
        13,
        27,
        16,
        7,
        42,
        25,
        13,
        31,
        27,
        20,
        167,
        132,
        105,
        42,
        37,
        28,
        67,
        35,
        19
      ]
    },
    {
      "margin": false,
      "index": 11,
      "file": null,
      "u": 0.6666667,
      "v": 0.2708333,
      "uw": 0.333333343,
      "vh": 0.229166672,
      "width": 469,
      "height": 469,
      "descriptor": [
        27,
        28,
        23,
        24,
        18,
        10,
        36,
        26,
        13,
        29,
        22,
        11,
        67,
        27,
        13,
        37,
        23,
        14,
        31,
        26,
        13,
        38,
        29,
        19,
        62,
        26,
        7,
        27,
        24,
        17,
        32,
        24,
        10,
        34,
        25,
        14,
        41,
        25,
        19,
        41,
        17,
        5,
        35,
        26,
        12,
        31,
        23,
        14
      ]
    },
    {
      "margin": false,
      "index": 12,
      "file": null,
      "u": 0.0,
      "v": 0.5,
      "uw": 0.333333343,
      "vh": 0.229166672,
      "width": 469,
      "height": 469,
      "descriptor": [
        37,
        26,
        13,
        41,
        31,
        18,
        87,
        57,
        30,
        133,
        104,
        76,
        40,
        31,
        21,
        53,
        43,
        33,
        53,
        45,
        27,
        59,
        48,
        16,
        44,
        33,
        21,
        23,
        25,
        18,
        27,
        19,
        8,
        22,
        16,
        9,
        31,
        20,
        7,
        32,
        27,
        16,
        26,
        26,
        16,
        40,
        33,
        27
      ]
    },
    {
      "margin": false,
      "index": 13,
      "file": null,
      "u": 0.333333343,
      "v": 0.5,
      "uw": 0.333333343,
      "vh": 0.229166672,
      "width": 469,
      "height": 469,
      "descriptor": [
        87,
        68,
        48,
        90,
        82,
        53,
        57,
        44,
        33,
        41,
        39,
        34,
        82,
        68,
        51,
        66,
        52,
        44,
        66,
        47,
        36,
        58,
        51,
        29,
        48,
        46,
        39,
        27,
        24,
        15,
        25,
        26,
        19,
        44,
        35,
        22,
        46,
        39,
        12,
        37,
        29,
        11,
        35,
        26,
        16,
        24,
        20,
        10
      ]
    },
    {
      "margin": false,
      "index": 14,
      "file": null,
      "u": 0.6666667,
      "v": 0.5,
      "uw": 0.333333343,
      "vh": 0.229166672,
      "width": 469,
      "height": 469,
      "descriptor": [
        19,
        16,
        12,
        21,
        18,
        12,
        32,
        24,
        15,
        36,
        28,
        17,
        22,
        21,
        18,
        22,
        19,
        16,
        21,
        18,
        16,
        39,
        30,
        19,
        28,
        25,
        23,
        25,
        20,
        15,
        35,
        26,
        15,
        39,
        29,
        18,
        30,
        35,
        27,
        18,
        12,
        7,
        34,
        27,
        14,
        39,
        29,
        13
      ]
    },
    {
      "margin": false,
      "index": 15,
      "file": null,
      "u": 0.0,
      "v": 0.7291666,
      "uw": 0.333333343,
      "vh": 0.229166672,
      "width": 469,
      "height": 469,