{
  "title": "ŠTÚDIE PSA",
  "author": "NOVOPACKÝ, JAN",
  "year": "(1860 - 1900)",
  "id": "SNG-0001002728",
  "width": 1600,
  "height": 2048,
  "file": "SNG--O_3587--1_1--_2015_08_05_--L2_WEB_4729.webp",
  "tiles_x": 3,
  "tiles_y": 3,
  "offset_x": 0.0,
  "offset_y": 0.109375,
  "tiles": [
    {
      "margin": false,
      "index": 6,
      "file": null,
      "u": 0.0,
      "v": 0.109375,
      "uw": 0.3333333,
      "vh": 0.260416657,
      "width": 533,
      "height": 533,
      "descriptor": [
        66,
        56,
        41,
        75,
        63,
        51,
        112,
        104,
        85,
        96,
        75,
        39,
        80,
        69,
        50,
        160,
        132,
        98,
        103,
        93,
        76,
        80,
        68,
        47,
        104,
        89,
        73,
        148,
        127,
        88,
        62,
        51,
        46,
        68,
        57,
        35,
        99,
        102,
        67,
        92,
        96,
        70,
        140,
        123,
        97,
        78,
        62,
        47
      ]
    },
    {
      "margin": false,
      "index": 7,
      "file": null,
      "u": 0.3333333,
      "v": 0.109375,
      "uw": 0.3333333,
      "vh": 0.260416657,
      "width": 533,
      "height": 533,
      "descriptor": [
        72,
        55,
        37,
        93,
        82,
        63,
        84,
        86,
        83,
        56,
        58,
        52,
        64,
        56,
        49,
        84,
        72,
        59,
        157,
        139,
        107,
        45,
        48,
        46,
        83,
        73,
        57,
        108,
        93,
        72,
        44,
        48,
        48,
        56,
        53,
        50,
        70,
        59,
        44,
        96,
        87,
        75,
        147,
        119,
        77,
        103,
        104,
        94
      ]
    },
    {
      "margin": false,
      "index": 8,
      "file": null,
      "u": 0.6666666,
      "v": 0.109375,
      "uw": 0.3333333,
      "vh": 0.260416657,
      "width": 533,
      "height": 533,
      "descriptor": [
        58,
        50,
        42,
        130,
        101,
        65,
        60,
        52,
        46,
        80,
        78,
        71,
        63,
        60,
        52,
        96,
        76,
        55,
        59,
        56,
        52,
        65,
        61,
        49,
        44,
        41,
        38,
        105,
        92,
        62,
        52,
        48,
        39,
        63,
        60,
        54,
        72,
        68,
        60,
        89,
        81,
        63,
        103,
        95,
        72,
        97,
        93,
        79
      ]
    },
    {
      "margin": false,
      "index": 9,
      "file": null,
      "u": 0.0,
      "v": 0.369791657,
      "uw": 0.3333333,
      "vh": 0.260416657,
      "width": 533,
      "height": 533,
      "descriptor": [
        112,
        90,
        62,
        132,
        125,
        91,
        107,
        97,
        82,
        71,
        57,
        51,
        110,
        96,
        69,
        112,
        90,
        59,
        113,
        92,
        59,
        108,
        91,
        62,
        58,
        59,
        53,
        72,
        70,
        63,
        77,
        76,
        69,
        104,
        90,
        60,
        96,
        86,
        60,
        120,
        116,
        102,
        60,
        58,
        52,
        67,
        62,
        50
      ]
    },
    {
      "margin": false,
      "index": 10,
      "file": null,
      "u": 0.3333333,
      "v": 0.369791657,
      "uw": 0.3333333,
      "vh": 0.260416657,
      "width": 533,
      "height": 533,
      "descriptor": [
        66,
        58,
        52,
        139,
        117,
        82,
        159,
        135,
        101,
        100,
        92,
        71,
        117,
        94,
        61,
        133,
        108,
        80,
        155,
        110,
        30,
        146,
        132,
        103,
        139,
        114,
        82,
        72,
        58,
        25,
        86,
        71,
        37,
        81,
        77,
        58,
        114,
        103,
        75,
        63,
        57,
        50,
        51,
        40,
        31,
        53,
        50,
        49
      ]
    },
    {
      "margin": false,
      "index": 11,
      "file": null,
      "u": 0.6666666,
      "v": 0.369791657,
      "uw": 0.3333333,
      "vh": 0.260416657,
      "width": 533,
      "height": 533,
      "descriptor": [
        89,
        81,
        69,
        151,
        125,
        80,
        135,
        119,
        96,
        101,
        93,
        78,
        79,
        62,
        37,
        80,
        76,
        70,
        65,
        47,
        26,
        72,
        56,
        35,
        112,
        100,
        82,
        55,
        43,
        27,
        64,
        45,
        24,
        62,
        44,
        28,
        150,
        128,
        86,
        137,
        116,
        80,
        121,
        100,
        69,
        62,
        45,
        33
      ]
    },
    {
      "margin": false,
      "index": 12,
      "file": null,
      "u": 0.0,
      "v": 0.6302083,
      "uw": 0.3333333,
      "vh": 0.260416657,
      "width": 533,
      "height": 533,
      "descriptor": [
        148,
        133,
        95,
        90,
        84,
        70,
        77,
        55,
        48,
        31,
        32,
        26,
        91,
        77,
        62,
        91,
        77,
        62,
        82,
        56,
        38,
        84,
        80,
        69,
        88,
        75,
        64,
        180,
        146,
        77,
        187,
        164,
        110,
        58,
        58,
        54,
        103,
        102,
        90,
        111,
        106,
        84,
        111,
        101,
        85,
        178,
        145,
        78
      ]
    },
    {
      "margin": false,
      "index": 13,
      "file": null,
      "u": 0.3333333,
      "v": 0.6302083,
      "uw": 0.3333333,
      "vh": 0.260416657,
      "width": 533,
      "height": 533,
      "descriptor": [
        130,
        117,
        91,
        91,
        70,
        52,
        153,
        78,
        63,
        169,
        141,
        104,
        98,
        87,
        67,
        149,
        109,
        70,
        126,
        92,
        63,
        170,
        70,
        51,
        67,
        68,
        63,
        58,
        55,
        53,
        119,
        89,
        57,
        111,
        78,
        45,
        168,
        141,
        80,
        146,
        127,
        84,
        118,
        110,
        80,
        176,
        164,
        130
      ]
    },
    {
      "margin": false,
      "index": 14,
      "file": null,
      "u": 0.6666666,
      "v": 0.6302083,
      "uw": 0.3333333,
      "vh": 0.260416657,
      "width": 533,
      "height": 533,
      "descriptor": [
        127,
        111,
        75,
        68,
        61,
        51,
        66,
        51,
        41,
        66,
        52,
        42,
        163,
        87,
        62,
        94,
        68,
        35,
        97,
        72,
        37,
        81,
        60,
        29,
        107,
        80,
        43,
        109,
        88,
        60,
        126,
        91,
        52,
        113,
        81,
        42,
        195,
        166,
        122,
        159,
        137,
        98,
        155,
        131,
        89,
        142,
        123,
        85
      ]
    }
  ],
  "margins": [
    {
      "margin": true,
      "index": 0,
      "file": null,
      "u": 0.0,
      "v": 0.0,
      "uw": 0.3333333,
      "vh": 0.109375,
      "width": 533,
      "height": 224,
      "descriptor": null
    },
    {
      "margin": true,
      "index": 1,