{
  "title": "ZBOJNÍCI",
  "author": "SKOCZYLAS, WLADYSLAW",
  "year": "(1910 - 1930)",
  "id": "SNG-0001059339",
  "width": 2048,
  "height": 1344,
  "file": "SNG--G_2529--1_1--_2015_10_02_--L2_WEB_33293098.webp",
  "tiles_x": 4,
  "tiles_y": 3,
  "offset_x": 0.0625,
  "offset_y": 0.0,
  "tiles": [
    {
      "margin": false,
      "index": 6,
      "file": null,
      "u": 0.0625,
      "v": 0.0,
      "uw": 0.21875,
      "vh": 0.333333343,
      "width": 448,
      "height": 448,
      "descriptor": [
        250,
        230,
        200,
        254,
        233,
        199,
        254,
        234,
        197,
        252,
        237,
        205,
        87,
        82,
        84,
        129,
        166,
        162,
        117,
        159,
        160,
        65,
        59,
        51,
        181,
        192,
        190,
        87,
        74,
        66,
        56,
        61,
        58,
        250,
        229,
        194,
        78,
        72,
        64,
        89,
        73,
        69,
        90,
        76,
        61,
        189,
        194,
        169
      ]
    },
    {
      "margin": false,
      "index": 7,
      "file": null,
      "u": 0.28125,
      "v": 0.0,
      "uw": 0.21875,
      "vh": 0.333333343,
      "width": 448,
      "height": 448,
      "descriptor": [
        252,
        236,
        201,
        254,
        237,
        202,
        250,
        232,
        201,
        251,
        232,
        200,
        255,
        242,
        207,
        58,
        69,
        69,
        249,
        227,
        192,
        68,
        64,
        60,
        242,
        158,
        117,
        247,
        237,
        201,
        89,
        79,
        73,
        66,
        63,
        61,
        63,
        56,
        52,
        70,
        57,
        57,
        243,
        193,
        136,
        242,
        198,
        177
      ]
    },
    {
      "margin": false,
      "index": 8,
      "file": null,
      "u": 0.5,
      "v": 0.0,
      "uw": 0.21875,
      "vh": 0.333333343,
      "width": 448,
      "height": 448,
      "descriptor": [
        251,
        232,
        202,
        253,
        234,
        201,
        252,
        233,
        201,
        253,
        236,
        208,
        78,
        74,
        66,
        75,
        64,
        61,
        182,
        205,
        196,
        90,
        106,
        116,
        80,
        71,
        61,
        253,
        175,
        132,
        157,
        191,
        179,
        83,
        73,
        66,
        107,
        90,
        83,
        125,
        128,
        96,
        132,
        91,
        72,
        92,
        75,
        72
      ]
    },
    {
      "margin": false,
      "index": 9,
      "file": null,
      "u": 0.71875,
      "v": 0.0,
      "uw": 0.21875,
      "vh": 0.333333343,
      "width": 448,
      "height": 448,
      "descriptor": [
        254,
        235,
        204,
        250,
        231,
        195,
        252,
        234,
        202,
        255,
        236,
        197,
        150,
        184,
        188,
        69,
        60,
        66,
        84,
        70,
        68,
        151,
        180,
        188,
        175,
        184,
        167,
        67,
        64,
        61,
        58,
        71,
        76,
        73,
        72,
        65,
        244,
        232,
        185,
        143,
        127,
        103,
        156,
        149,
        127,
        80,
        73,
        66
      ]
    },
    {
      "margin": false,
      "index": 10,
      "file": null,
      "u": 0.0625,
      "v": 0.333333343,
      "uw": 0.21875,
      "vh": 0.333333343,
      "width": 448,
      "height": 448,
      "descriptor": [
        252,
        173,
        133,
        63,
        62,
        61,
        250,
        192,
        142,
        94,
        62,
        75,
        98,
        77,
        68,
        238,
        198,
        163,
        218,
        215,
        193,
        74,
        59,
        54,
        77,
        69,
        63,
        113,
        160,
        170,
        72,
        65,
        48,
        253,
        225,
        188,
        90,
        107,
        124,
        79,
        65,
        66,
        234,
        116,
        75,
        60,
        66,
        55
      ]
    },
    {
      "margin": false,
      "index": 11,
      "file": null,
      "u": 0.28125,
      "v": 0.333333343,
      "uw": 0.21875,
      "vh": 0.333333343,
      "width": 448,
      "height": 448,
      "descriptor": [
        255,
        246,
        215,
        107,
        94,
        83,
        70,
        61,
        54,
        211,
        167,
        130,
        78,
        67,
        54,
        65,
        53,
        50,
        67,
        57,
        50,
        88,
        73,
        76,
        250,
        171,
        124,
        90,
        72,
        67,
        246,
        137,
        103,
        91,
        78,
        71,
        240,
        137,
        99,
        145,
        71,
        60,
        64,
        56,
        53,
        67,
        54,
        45
      ]
    },
    {
      "margin": false,
      "index": 12,
      "file": null,
      "u": 0.5,
      "v": 0.333333343,
      "uw": 0.21875,
      "vh": 0.333333343,
      "width": 448,
      "height": 448,
      "descriptor": [
        67,
        53,
        51,
        73,
        69,
        66,
        100,
        82,
        82,
        94,
        76,
        67,
        253,
        209,
        170,
        82,
        76,
        74,
        112,
        93,
        47,
        62,
        58,
        57,
        248,
        201,
        167,
        248,
        152,
        112,
        250,
        230,
        197,
        237,
        240,
        218,
        87,
        50,
        45,
        100,
        78,
        49,
        205,
        135,
        103,
        194,
        179,
        99
      ]
    },
    {
      "margin": false,
      "index": 13,
      "file": null,
      "u": 0.71875,
      "v": 0.333333343,
      "uw": 0.21875,
      "vh": 0.333333343,
      "width": 448,
      "height": 448,
      "descriptor": [
        67,
        56,
        52,
        67,
        66,
        62,
        86,
        74,
        69,
        90,
        82,
        83,
        97,
        84,
        78,
        115,
        93,
        57,
        158,
        178,
        158,
        80,
        73,
        65,
        129,
        115,
        78,
        84,
        73,
        64,
        66,
        60,
        58,
        59,
        55,
        56,
        58,
        52,
        50,
        61,
        60,
        56,
        76,
        65,
        68,
        106,
        136,
        158
      ]
    },
    {
      "margin": false,
      "index": 14,
      "file": null,
      "u": 0.0625,
      "v": 0.6666667,
      "uw": 0.21875,
      "vh": 0.333333343,
      "width": 448,
      "height": 448,
      "descriptor": [
        108,
        128,
        118,
        212,
        192,
        186,
        54,
        46,
        56,
        81,
        71,
        64,
        73,
        71,
        62,
        95,
        62,
        56,
        70,
        63,
        49,
        55,
        53,
        45,
        129,
        82,
        64,
        89,
        73,
        71,
        76,
        71,
        68,
        125,
        76,
        68,
        254,
        244,
        214,
        255,
        238,
        202,
        254,
        241,
        212,
        253,
        234,
        198
      ]
    },
    {
      "margin": false,
      "index": 15,
      "file": null,
      "u": 0.28125,
      "v": 0.6666667,
      "uw": 0.21875,
      "vh": 0.333333343,
      "width": 448,
      "height": 448,