{
  "title": "JAZDCI",
  "author": "MAJERNÍK, CYPRIÁN",
  "year": "1944",
  "id": "SNG-0001023229",
  "width": 2048,
  "height": 832,
  "file": "SNG--K_2709--1_1--_2015_08_19_--L2_WEB_7462.webp",
  "tiles_x": 7,
  "tiles_y": 3,
  "offset_x": 0.0260416567,
  "offset_y": 0.0,
  "tiles": [
    {
      "margin": false,
      "index": 6,
      "file": null,
      "u": 0.0260416567,
      "v": 0.0,
      "uw": 0.135416672,
      "vh": 0.333333343,
      "width": 277,
      "height": 277,
      "descriptor": [
        98,
        69,
        64,
        117,
        93,
        80,
        193,
        183,
        154,
        190,
        179,
        154,
        97,
        52,
        37,
        73,
        67,
        53,
        123,
        108,
        94,
        201,
        192,
        171,
        168,
        125,
        103,
        66,
        57,
        48,
        186,
        171,
        152,
        161,
        147,
        129,
        163,
        156,
        139,
        173,
        160,
        143,
        174,
        163,
        144,
        183,
        177,
        161
      ]
    },
    {
      "margin": false,
      "index": 7,
      "file": null,
      "u": 0.161458328,
      "v": 0.0,
      "uw": 0.135416672,
      "vh": 0.333333343,
      "width": 277,
      "height": 277,
      "descriptor": [
        181,
        172,
        163,
        137,
        109,
        67,
        119,
        96,
        59,
        145,
        115,
        77,
        138,
        125,
        111,
        183,
        178,
        168,
        136,
        112,
        70,
        122,
        70,
        57,
        173,
        168,
        156,
        114,
        93,
        59,
        162,
        155,
        145,
        196,
        173,
        128,
        176,
        168,
        145,
        188,
        172,
        130,
        192,
        176,
        129,
        64,
        52,
        43
      ]
    },
    {
      "margin": false,
      "index": 8,
      "file": null,
      "u": 0.296875,
      "v": 0.0,
      "uw": 0.135416672,
      "vh": 0.333333343,
      "width": 277,
      "height": 277,
      "descriptor": [
        165,
        145,
        129,
        163,
        139,
        125,
        202,
        171,
        142,
        182,
        151,
        134,
        110,
        80,
        47,
        177,
        128,
        77,
        153,
        126,
        106,
        178,
        153,
        118,
        176,
        155,
        139,
        193,
        187,
        172,
        171,
        162,
        152,
        189,
        173,
        137,
        197,
        180,
        142,
        154,
        141,
        116,
        189,
        173,
        138,
        156,
        147,
        132
      ]
    },
    {
      "margin": false,
      "index": 9,
      "file": null,
      "u": 0.432291657,
      "v": 0.0,
      "uw": 0.135416672,
      "vh": 0.333333343,
      "width": 277,
      "height": 277,
      "descriptor": [
        120,
        74,
        33,
        146,
        94,
        49,
        118,
        96,
        59,
        119,
        90,
        52,
        168,
        140,
        96,
        96,
        88,
        63,
        126,
        104,
        68,
        136,
        114,
        74,
        185,
        162,
        119,
        159,
        137,
        104,
        160,
        129,
        76,
        149,
        125,
        71,
        187,
        175,
        155,
        186,
        163,
        117,
        156,
        132,
        87,
        157,
        131,
        77
      ]
    },
    {
      "margin": false,
      "index": 10,
      "file": null,
      "u": 0.5677084,
      "v": 0.0,
      "uw": 0.135416672,
      "vh": 0.333333343,
      "width": 277,
      "height": 277,
      "descriptor": [
        126,
        88,
        50,
        108,
        64,
        48,
        94,
        58,
        48,
        44,
        44,
        38,
        157,
        112,
        61,
        99,
        65,
        48,
        95,
        65,
        46,
        85,
        59,
        49,
        151,
        119,
        67,
        106,
        92,
        86,
        181,
        145,
        94,
        215,
        181,
        133,
        210,
        193,
        148,
        198,
        181,
        141,
        202,
        184,
        143,
        200,
        184,
        144
      ]
    },
    {
      "margin": false,
      "index": 11,
      "file": null,
      "u": 0.703125,
      "v": 0.0,
      "uw": 0.135416672,
      "vh": 0.333333343,
      "width": 277,
      "height": 277,
      "descriptor": [
        119,
        71,
        38,
        110,
        78,
        58,
        146,
        114,
        90,
        147,
        141,
        123,
        46,
        45,
        42,
        122,
        105,
        101,
        135,
        116,
        91,
        132,
        124,
        111,
        208,
        199,
        167,
        172,
        166,
        141,
        177,
        170,
        135,
        183,
        172,
        136,
        169,
        161,
        140,
        153,
        151,
        132,
        133,
        138,
        116,
        120,
        112,
        99
      ]
    },
    {
      "margin": false,
      "index": 12,
      "file": null,
      "u": 0.8385416,
      "v": 0.0,
      "uw": 0.135416672,
      "vh": 0.333333343,
      "width": 277,
      "height": 277,
      "descriptor": [
        92,
        67,
        58,
        93,
        55,
        45,
        97,
        57,
        46,
        112,
        61,
        49,
        197,
        188,
        174,
        208,
        193,
        173,
        168,
        103,
        93,
        104,
        60,
        47,
        202,
        188,
        172,
        199,
        189,
        174,
        195,
        183,
        150,
        105,
        65,
        54,
        67,
        58,
        51,
        137,
        122,
        107,
        119,
        113,
        101,
        121,
        117,
        107
      ]
    },
    {
      "margin": false,
      "index": 13,
      "file": null,
      "u": 0.0260416567,
      "v": 0.333333343,
      "uw": 0.135416672,
      "vh": 0.333333343,
      "width": 277,
      "height": 277,
      "descriptor": [
        143,
        136,
        122,
        94,
        72,
        55,
        87,
        59,
        48,
        144,
        140,
        133,
        46,
        47,
        40,
        85,
        68,
        52,
        71,
        67,
        56,
        146,
        119,
        81,
        48,
        45,
        37,
        204,
        190,
        162,
        70,
        63,
        54,
        219,
        204,
        180,
        90,
        52,
        40,
        134,
        97,
        84,
        131,
        112,
        76,
        204,
        186,
        142
      ]
    },
    {
      "margin": false,
      "index": 14,
      "file": null,
      "u": 0.161458328,
      "v": 0.333333343,
      "uw": 0.135416672,
      "vh": 0.333333343,
      "width": 277,
      "height": 277,
      "descriptor": [
        200,
        192,
        168,
        124,
        111,
        91,
        169,
        175,
        177,
        67,
        58,
        50,
        66,
        50,
        40,
        99,
        77,
        46,
        144,
        132,
        125,
        67,
        52,
        42,
        42,
        44,
        37,
        42,
        43,
        37,
        118,
        88,
        68,
        65,
        45,
        38,
        142,
        110,
        79,
        204,
        180,
        132,
        44,
        43,
        37,
        37,
        39,
        35
      ]
    },
    {
      "margin": false,
      "index": 15,
      "file": null,
      "u": 0.296875,
      "v": 0.333333343,
      "uw": 0.135416672,