{
  "title": "ŤAVY V JUŽNEJ KRAJINE",
  "author": "MARKO ST., KAROL",
  "year": "(1835 - 1850)",
  "id": "SNG-0001015680",
  "width": 2048,
  "height": 1536,
  "file": "SNG--O_2514--1_1--2014_03_17--L2_WEB_38536.webp",
  "tiles_x": 4,
  "tiles_y": 3,
  "offset_x": 0.0,
  "offset_y": 0.0,
  "tiles": [
    {
      "margin": false,
      "index": 0,
      "file": null,
      "u": 0.0,
      "v": 0.0,
      "uw": 0.25,
      "vh": 0.333333343,
      "width": 512,
      "height": 512,
      "descriptor": [
        99,
        133,
        147,
        108,
        133,
        146,
        110,
        136,
        151,
        101,
        134,
        145,
        113,
        140,
        153,
        108,
        134,
        151,
        113,
        141,
        158,
        120,
        149,
        162,
        116,
        138,
        150,
        104,
        128,
        139,
        111,
        137,
        150,
        117,
        145,
        156,
        110,
        123,
        119,
        125,
        137,
        126,
        186,
        165,
        126,
        136,
        132,
        111
      ]
    },
    {
      "margin": false,
      "index": 1,
      "file": null,
      "u": 0.25,
      "v": 0.0,
      "uw": 0.25,
      "vh": 0.333333343,
      "width": 512,
      "height": 512,
      "descriptor": [
        104,
        140,
        153,
        114,
        140,
        152,
        117,
        142,
        155,
        118,
        144,
        152,
        118,
        144,
        158,
        121,
        148,
        156,
        144,
        150,
        136,
        117,
        145,
        154,
        139,
        142,
        122,
        131,
        135,
        117,
        127,
        149,
        150,
        131,
        160,
        168,
        115,
        120,
        106,
        150,
        150,
        128,
        142,
        148,
        129,
        126,
        155,
        162
      ]
    },
    {
      "margin": false,
      "index": 2,
      "file": null,
      "u": 0.5,
      "v": 0.0,
      "uw": 0.25,
      "vh": 0.333333343,
      "width": 512,
      "height": 512,
      "descriptor": [
        123,
        143,
        141,
        135,
        158,
        161,
        124,
        149,
        154,
        150,
        170,
        172,
        135,
        158,
        161,
        134,
        156,
        160,
        138,
        161,
        163,
        139,
        160,
        161,
        142,
        161,
        160,
        138,
        159,
        157,
        140,
        164,
        163,
        135,
        158,
        156,
        146,
        148,
        128,
        163,
        167,
        153,
        145,
        163,
        154,
        154,
        169,
        150
      ]
    },
    {
      "margin": false,
      "index": 3,
      "file": null,
      "u": 0.75,
      "v": 0.0,
      "uw": 0.25,
      "vh": 0.333333343,
      "width": 512,
      "height": 512,
      "descriptor": [
        151,
        171,
        172,
        157,
        173,
        169,
        153,
        171,
        165,
        158,
        172,
        157,
        143,
        169,
        166,
        147,
        172,
        163,
        149,
        168,
        157,
        155,
        171,
        158,
        150,
        167,
        160,
        151,
        169,
        158,
        154,
        169,
        153,
        142,
        166,
        143,
        150,
        167,
        154,
        151,
        168,
        150,
        147,
        172,
        150,
        143,
        167,
        145
      ]
    },
    {
      "margin": false,
      "index": 4,
      "file": null,
      "u": 0.0,
      "v": 0.333333343,
      "uw": 0.25,
      "vh": 0.333333343,
      "width": 512,
      "height": 512,
      "descriptor": [
        127,
        139,
        127,
        135,
        144,
        124,
        168,
        154,
        118,
        183,
        146,
        108,
        117,
        126,
        121,
        116,
        123,
        117,
        130,
        135,
        121,
        125,
        128,
        113,
        83,
        92,
        105,
        85,
        94,
        104,
        103,
        110,
        111,
        85,
        94,
        98,
        65,
        74,
        89,
        71,
        81,
        95,
        82,
        90,
        99,
        74,
        79,
        87
      ]
    },
    {
      "margin": false,
      "index": 5,
      "file": null,
      "u": 0.25,
      "v": 0.333333343,
      "uw": 0.25,
      "vh": 0.333333343,
      "width": 512,
      "height": 512,
      "descriptor": [
        143,
        153,
        140,
        139,
        150,
        134,
        130,
        148,
        136,
        138,
        154,
        147,
        121,
        126,
        114,
        112,
        119,
        110,
        123,
        134,
        127,
        129,
        138,
        129,
        88,
        95,
        101,
        108,
        126,
        121,
        114,
        119,
        119,
        124,
        131,
        122,
        71,
        46,
        41,
        150,
        130,
        83,
        159,
        130,
        84,
        63,
        34,
        28
      ]
    },
    {
      "margin": false,
      "index": 6,
      "file": null,
      "u": 0.5,
      "v": 0.333333343,
      "uw": 0.25,
      "vh": 0.333333343,
      "width": 512,
      "height": 512,
      "descriptor": [
        160,
        159,
        132,
        196,
        173,
        132,
        206,
        174,
        132,
        161,
        169,
        144,
        126,
        140,
        131,
        181,
        172,
        133,
        201,
        179,
        133,
        213,
        191,
        144,
        131,
        140,
        129,
        137,
        147,
        134,
        173,
        167,
        134,
        180,
        170,
        128,
        169,
        107,
        54,
        194,
        135,
        76,
        145,
        95,
        52,
        155,
        150,
        123
      ]
    },
    {
      "margin": false,
      "index": 7,
      "file": null,
      "u": 0.75,
      "v": 0.333333343,
      "uw": 0.25,
      "vh": 0.333333343,
      "width": 512,
      "height": 512,
      "descriptor": [
        160,
        173,
        156,
        152,
        174,
        148,
        134,
        173,
        156,
        146,
        165,
        140,
        168,
        172,
        144,
        160,
        174,
        144,
        177,
        175,
        141,
        194,
        179,
        130,
        191,
        175,
        131,
        177,
        169,
        130,
        185,
        175,
        130,
        180,
        170,
        123,
        158,
        152,
        123,
        165,
        155,
        121,
        171,
        159,
        125,
        175,
        163,
        120
      ]
    },
    {
      "margin": false,
      "index": 8,
      "file": null,
      "u": 0.0,
      "v": 0.6666667,
      "uw": 0.25,
      "vh": 0.333333343,
      "width": 512,
      "height": 512,
      "descriptor": [
        86,
        92,
        91,
        97,
        104,
        107,
        97,
        102,
        101,
        125,
        102,
        57,
        80,
        63,
        58,
        70,
        55,
        48,
        63,
        53,
        51,
        171,
        138,
        66,
        129,
        88,
        46,
        138,
        98,
        48,
        123,
        89,
        63,
        89,
        48,
        29,
        141,
        102,
        61,
        139,
        101,
        69,
        163,
        127,
        76,
        164,
        129,
        84
      ]
    },
    {
      "margin": false,
      "index": 9,
      "file": null,
      "u": 0.25,
      "v": 0.6666667,
      "uw": 0.25,