{
  "title": "Z TALIANSKEHO FRONTU II.",
  "author": "CZÖLDER, DEZIDER",
  "year": "(1914 - 1918)",
  "id": "SNG-0001018798",
  "width": 2048,
  "height": 1472,
  "file": "SNG--O_5552--1_1--2013_10_29--L2_WEB_54445.webp",
  "tiles_x": 4,
  "tiles_y": 3,
  "offset_x": 0.0208333433,
  "offset_y": 0.0,
  "tiles": [
    {
      "margin": false,
      "index": 6,
      "file": null,
      "u": 0.0208333433,
      "v": 0.0,
      "uw": 0.239583328,
      "vh": 0.3333333,
      "width": 490,
      "height": 490,
      "descriptor": [
        164,
        144,
        124,
        149,
        92,
        91,
        156,
        149,
        153,
        162,
        149,
        152,
        184,
        130,
        121,
        180,
        139,
        129,
        145,
        124,
        130,
        163,
        108,
        95,
        162,
        104,
        103,
        173,
        123,
        112,
        169,
        164,
        166,
        173,
        123,
        109,
        170,
        116,
        120,
        194,
        165,
        165,
        113,
        119,
        129,
        83,
        75,
        79
      ]
    },
    {
      "margin": false,
      "index": 7,
      "file": null,
      "u": 0.2604167,
      "v": 0.0,
      "uw": 0.239583328,
      "vh": 0.3333333,
      "width": 490,
      "height": 490,
      "descriptor": [
        165,
        157,
        170,
        171,
        162,
        163,
        170,
        165,
        174,
        152,
        143,
        147,
        197,
        126,
        102,
        110,
        90,
        105,
        201,
        157,
        140,
        205,
        138,
        119,
        194,
        152,
        116,
        184,
        150,
        124,
        185,
        166,
        164,
        205,
        143,
        118,
        131,
        110,
        119,
        163,
        128,
        134,
        182,
        121,
        117,
        204,
        175,
        155
      ]
    },
    {
      "margin": false,
      "index": 8,
      "file": null,
      "u": 0.5,
      "v": 0.0,
      "uw": 0.239583328,
      "vh": 0.3333333,
      "width": 490,
      "height": 490,
      "descriptor": [
        158,
        148,
        158,
        168,
        152,
        154,
        170,
        150,
        161,
        161,
        145,
        149,
        173,
        156,
        162,
        162,
        137,
        140,
        173,
        154,
        155,
        161,
        140,
        146,
        184,
        159,
        157,
        186,
        158,
        155,
        181,
        154,
        145,
        185,
        163,
        160,
        179,
        149,
        150,
        192,
        160,
        159,
        178,
        147,
        144,
        180,
        153,
        143
      ]
    },
    {
      "margin": false,
      "index": 9,
      "file": null,
      "u": 0.7395834,
      "v": 0.0,
      "uw": 0.239583328,
      "vh": 0.3333333,
      "width": 490,
      "height": 490,
      "descriptor": [
        158,
        148,
        151,
        161,
        145,
        153,
        103,
        83,
        90,
        171,
        155,
        127,
        156,
        118,
        110,
        175,
        164,
        160,
        131,
        119,
        125,
        195,
        182,
        155,
        162,
        149,
        142,
        139,
        94,
        101,
        169,
        117,
        126,
        194,
        180,
        151,
        128,
        117,
        131,
        183,
        172,
        184,
        185,
        144,
        134,
        175,
        161,
        133
      ]
    },
    {
      "margin": false,
      "index": 10,
      "file": null,
      "u": 0.0208333433,
      "v": 0.3333333,
      "uw": 0.239583328,
      "vh": 0.3333333,
      "width": 490,
      "height": 490,
      "descriptor": [
        183,
        146,
        128,
        178,
        142,
        115,
        146,
        106,
        93,
        165,
        141,
        143,
        177,
        114,
        104,
        193,
        163,
        148,
        175,
        124,
        124,
        180,
        114,
        103,
        164,
        112,
        104,
        181,
        143,
        131,
        175,
        144,
        138,
        162,
        105,
        97,
        159,
        112,
        110,
        173,
        127,
        119,
        170,
        100,
        103,
        153,
        90,
        73
      ]
    },
    {
      "margin": false,
      "index": 11,
      "file": null,
      "u": 0.2604167,
      "v": 0.3333333,
      "uw": 0.239583328,
      "vh": 0.3333333,
      "width": 490,
      "height": 490,
      "descriptor": [
        116,
        96,
        97,
        92,
        75,
        79,
        93,
        118,
        142,
        203,
        170,
        150,
        174,
        126,
        114,
        117,
        72,
        73,
        92,
        67,
        71,
        157,
        128,
        115,
        191,
        133,
        119,
        146,
        103,
        97,
        199,
        163,
        121,
        162,
        105,
        90,
        171,
        131,
        129,
        158,
        123,
        122,
        188,
        136,
        134,
        165,
        123,
        129
      ]
    },
    {
      "margin": false,
      "index": 12,
      "file": null,
      "u": 0.5,
      "v": 0.3333333,
      "uw": 0.239583328,
      "vh": 0.3333333,
      "width": 490,
      "height": 490,
      "descriptor": [
        202,
        168,
        149,
        157,
        145,
        150,
        175,
        161,
        163,
        94,
        68,
        71,
        184,
        162,
        150,
        180,
        166,
        165,
        151,
        146,
        147,
        114,
        66,
        71,
        197,
        139,
        118,
        152,
        118,
        128,
        172,
        156,
        153,
        120,
        111,
        129,
        127,
        119,
        136,
        121,
        87,
        88,
        124,
        132,
        152,
        102,
        84,
        95
      ]
    },
    {
      "margin": false,
      "index": 13,
      "file": null,
      "u": 0.7395834,
      "v": 0.3333333,
      "uw": 0.239583328,
      "vh": 0.3333333,
      "width": 490,
      "height": 490,
      "descriptor": [
        130,
        92,
        98,
        132,
        84,
        79,
        173,
        122,
        115,
        184,
        169,
        140,
        126,
        86,
        91,
        165,
        129,
        131,
        179,
        117,
        111,
        186,
        171,
        143,
        127,
        117,
        129,
        156,
        110,
        126,
        183,
        126,
        113,
        191,
        177,
        150,
        89,
        61,
        67,
        174,
        140,
        139,
        212,
        137,
        120,
        190,
        179,
        150
      ]
    },
    {
      "margin": false,
      "index": 14,
      "file": null,
      "u": 0.0208333433,
      "v": 0.6666666,
      "uw": 0.239583328,
      "vh": 0.3333333,
      "width": 490,
      "height": 490,