{
  "title": "HLAVA MORAVANKY",
  "author": "MANDEL, CYRIL",
  "year": "(1890 - 1907)",
  "id": "SNG-0001062018",
  "width": 1344,
  "height": 2048,
  "file": "SNG--K_33--1_1--_2015_10_19_--L2_WEB_59696508.webp",
  "tiles_x": 3,
  "tiles_y": 4,
  "offset_x": 0.0,
  "offset_y": 0.0625,
  "tiles": [
    {
      "margin": false,
      "index": 6,
      "file": null,
      "u": 0.0,
      "v": 0.0625,
      "uw": 0.333333343,
      "vh": 0.21875,
      "width": 448,
      "height": 448,
      "descriptor": [
        182,
        158,
        141,
        201,
        176,
        155,
        193,
        172,
        154,
        105,
        89,
        83,
        193,
        172,
        151,
        166,
        154,
        147,
        190,
        166,
        147,
        118,
        79,
        74,
        181,
        166,
        154,
        171,
        159,
        147,
        132,
        103,
        79,
        181,
        110,
        88,
        172,
        158,
        147,
        171,
        157,
        143,
        185,
        127,
        100,
        162,
        86,
        65
      ]
    },
    {
      "margin": false,
      "index": 7,
      "file": null,
      "u": 0.333333343,
      "v": 0.0625,
      "uw": 0.333333343,
      "vh": 0.21875,
      "width": 448,
      "height": 448,
      "descriptor": [
        191,
        141,
        104,
        208,
        114,
        81,
        174,
        119,
        94,
        147,
        125,
        89,
        211,
        110,
        83,
        193,
        128,
        104,
        228,
        171,
        103,
        212,
        151,
        112,
        209,
        115,
        92,
        183,
        99,
        82,
        151,
        91,
        76,
        226,
        116,
        80,
        162,
        124,
        99,
        191,
        157,
        131,
        198,
        162,
        132,
        226,
        194,
        161
      ]
    },
    {
      "margin": false,
      "index": 8,
      "file": null,
      "u": 0.6666667,
      "v": 0.0625,
      "uw": 0.333333343,
      "vh": 0.21875,
      "width": 448,
      "height": 448,
      "descriptor": [
        170,
        158,
        145,
        183,
        166,
        146,
        199,
        169,
        149,
        195,
        171,
        154,
        191,
        173,
        153,
        185,
        165,
        145,
        200,
        178,
        158,
        196,
        172,
        152,
        117,
        90,
        79,
        179,
        159,
        146,
        186,
        161,
        147,
        189,
        168,
        153,
        226,
        124,
        84,
        172,
        153,
        142,
        187,
        168,
        149,
        193,
        172,
        159
      ]
    },
    {
      "margin": false,
      "index": 9,
      "file": null,
      "u": 0.0,
      "v": 0.28125,
      "uw": 0.333333343,
      "vh": 0.21875,
      "width": 448,
      "height": 448,
      "descriptor": [
        188,
        174,
        158,
        162,
        90,
        80,
        144,
        104,
        91,
        186,
        129,
        99,
        192,
        183,
        169,
        173,
        98,
        87,
        168,
        83,
        70,
        150,
        106,
        78,
        146,
        136,
        127,
        164,
        154,
        150,
        174,
        102,
        79,
        202,
        120,
        99,
        171,
        159,
        150,
        170,
        153,
        143,
        185,
        165,
        153,
        155,
        139,
        135
      ]
    },
    {
      "margin": false,
      "index": 10,
      "file": null,
      "u": 0.333333343,
      "v": 0.28125,
      "uw": 0.333333343,
      "vh": 0.21875,
      "width": 448,
      "height": 448,
      "descriptor": [
        177,
        143,
        116,
        164,
        138,
        101,
        192,
        149,
        111,
        211,
        163,
        127,
        208,
        167,
        129,
        207,
        156,
        125,
        188,
        154,
        140,
        199,
        171,
        138,
        187,
        127,
        103,
        231,
        170,
        143,
        189,
        141,
        100,
        229,
        164,
        138,
        186,
        142,
        111,
        212,
        166,
        132,
        164,
        103,
        93,
        225,
        188,
        152
      ]
    },
    {
      "margin": false,
      "index": 11,
      "file": null,
      "u": 0.6666667,
      "v": 0.28125,
      "uw": 0.333333343,
      "vh": 0.21875,
      "width": 448,
      "height": 448,
      "descriptor": [
        131,
        86,
        78,
        167,
        148,
        137,
        171,
        161,
        152,
        164,
        149,
        138,
        137,
        82,
        77,
        158,
        142,
        132,
        172,
        159,
        155,
        157,
        148,
        152,
        126,
        104,
        96,
        134,
        128,
        128,
        174,
        158,
        149,
        176,
        161,
        150,
        178,
        164,
        156,
        170,
        155,
        142,
        232,
        217,
        186,
        137,
        124,
        125
      ]
    },
    {
      "margin": false,
      "index": 12,
      "file": null,
      "u": 0.0,
      "v": 0.5,
      "uw": 0.333333343,
      "vh": 0.21875,
      "width": 448,
      "height": 448,
      "descriptor": [
        137,
        129,
        122,
        183,
        170,
        152,
        192,
        176,
        160,
        189,
        158,
        151,
        190,
        178,
        155,
        228,
        204,
        173,
        198,
        177,
        152,
        177,
        154,
        148,
        203,
        184,
        167,
        230,
        211,
        178,
        182,
        112,
        89,
        192,
        173,
        159,
        197,
        177,
        159,
        228,
        210,
        181,
        128,
        151,
        99,
        178,
        151,
        124
      ]
    },
    {
      "margin": false,
      "index": 13,
      "file": null,
      "u": 0.333333343,
      "v": 0.5,
      "uw": 0.333333343,
      "vh": 0.21875,
      "width": 448,
      "height": 448,
      "descriptor": [
        86,
        76,
        66,
        158,
        137,
        117,
        202,
        168,
        140,
        208,
        106,
        60,
        204,
        176,
        146,
        226,
        207,
        178,
        176,
        158,
        147,
        190,
        177,
        165,
        205,
        183,
        169,
        213,
        193,
        164,
        186,
        173,
        163,
        198,
        186,
        173,
        193,
        185,
        178,
        204,
        190,
        178,
        164,
        146,
        129,
        198,
        187,
        176
      ]
    },
    {
      "margin": false,
      "index": 14,
      "file": null,
      "u": 0.6666667,
      "v": 0.5,
      "uw": 0.333333343,
      "vh": 0.21875,
      "width": 448,
      "height": 448,
      "descriptor": [
        188,
        174,
        164,
        231,
        211,
        182,
        237,
        218,
        189,
        160,
        150,
        149,
        208,
        187,
        171,
        200,
        186,
        171,
        136,
        114,
        105,
        200,
        188,
        176,
        170,
        157,
        155,
        238,
        219,
        191,
        156,
        144,
        142,
        152,
        141,
        147,
        230,
        207,
        176,
        183,
        153,
        135,
        220,
        198,
        170,
        210,
        189,
        168
      ]
    },
    {
      "margin": false,
      "index": 15,