{
  "title": "RYBÁR",
  "author": "WEISZ-KUBÍNČAN, ARNOLD PETER",
  "year": "(1940 - 1944)",
  "id": "SNG-0001006995",
  "width": 1984,
  "height": 2048,
  "file": "SNG--K_8871--1_1--2015_08_26--L2_WEB_11004.webp",
  "tiles_x": 3,
  "tiles_y": 3,
  "offset_x": 0.0,
  "offset_y": 0.015625,
  "tiles": [
    {
      "margin": false,
      "index": 6,
      "file": null,
      "u": 0.0,
      "v": 0.015625,
      "uw": 0.3333333,
      "vh": 0.322916657,
      "width": 661,
      "height": 661,
      "descriptor": [
        157,
        154,
        143,
        190,
        185,
        167,
        130,
        131,
        133,
        125,
        126,
        137,
        96,
        101,
        98,
        121,
        136,
        116,
        140,
        144,
        149,
        121,
        113,
        100,
        105,
        99,
        61,
        128,
        151,
        106,
        160,
        146,
        110,
        157,
        142,
        114,
        112,
        108,
        92,
        101,
        87,
        77,
        123,
        122,
        100,
        91,
        85,
        80
      ]
    },
    {
      "margin": false,
      "index": 7,
      "file": null,
      "u": 0.3333333,
      "v": 0.015625,
      "uw": 0.3333333,
      "vh": 0.322916657,
      "width": 661,
      "height": 661,
      "descriptor": [
        124,
        128,
        136,
        125,
        112,
        96,
        179,
        172,
        123,
        172,
        170,
        161,
        130,
        139,
        140,
        122,
        112,
        101,
        113,
        106,
        109,
        98,
        97,
        99,
        110,
        92,
        90,
        121,
        110,
        98,
        116,
        107,
        105,
        86,
        82,
        73,
        79,
        72,
        72,
        88,
        75,
        80,
        61,
        64,
        73,
        99,
        83,
        67
      ]
    },
    {
      "margin": false,
      "index": 8,
      "file": null,
      "u": 0.6666666,
      "v": 0.015625,
      "uw": 0.3333333,
      "vh": 0.322916657,
      "width": 661,
      "height": 661,
      "descriptor": [
        122,
        113,
        106,
        156,
        153,
        150,
        103,
        98,
        94,
        194,
        183,
        173,
        136,
        128,
        112,
        114,
        105,
        95,
        100,
        90,
        81,
        111,
        106,
        102,
        112,
        99,
        86,
        103,
        95,
        84,
        137,
        136,
        104,
        95,
        88,
        82,
        169,
        167,
        133,
        106,
        106,
        70,
        116,
        113,
        90,
        105,
        101,
        92
      ]
    },
    {
      "margin": false,
      "index": 9,
      "file": null,
      "u": 0.0,
      "v": 0.338541657,
      "uw": 0.3333333,
      "vh": 0.322916657,
      "width": 661,
      "height": 661,
      "descriptor": [
        111,
        105,
        85,
        91,
        85,
        76,
        137,
        113,
        92,
        93,
        89,
        83,
        106,
        102,
        95,
        91,
        92,
        87,
        105,
        102,
        85,
        128,
        121,
        96,
        133,
        140,
        112,
        89,
        88,
        79,
        104,
        129,
        114,
        125,
        129,
        107,
        81,
        75,
        64,
        121,
        149,
        137,
        71,
        82,
        78,
        99,
        90,
        80
      ]
    },
    {
      "margin": false,
      "index": 10,
      "file": null,
      "u": 0.3333333,
      "v": 0.338541657,
      "uw": 0.3333333,
      "vh": 0.322916657,
      "width": 661,
      "height": 661,
      "descriptor": [
        99,
        98,
        88,
        67,
        96,
        84,
        94,
        93,
        83,
        103,
        101,
        95,
        128,
        122,
        91,
        110,
        115,
        83,
        89,
        92,
        85,
        111,
        130,
        95,
        94,
        88,
        82,
        113,
        97,
        77,
        139,
        119,
        111,
        105,
        99,
        86,
        134,
        78,
        69,
        141,
        119,
        115,
        158,
        117,
        72,
        161,
        144,
        116
      ]
    },
    {
      "margin": false,
      "index": 11,
      "file": null,
      "u": 0.6666666,
      "v": 0.338541657,
      "uw": 0.3333333,
      "vh": 0.322916657,
      "width": 661,
      "height": 661,
      "descriptor": [
        149,
        160,
        113,
        168,
        156,
        100,
        116,
        108,
        86,
        125,
        121,
        91,
        99,
        99,
        89,
        125,
        113,
        86,
        87,
        82,
        70,
        187,
        133,
        112,
        118,
        110,
        82,
        130,
        115,
        84,
        87,
        85,
        64,
        87,
        79,
        73,
        124,
        102,
        89,
        187,
        133,
        114,
        89,
        86,
        69,
        85,
        81,
        74
      ]
    },
    {
      "margin": false,
      "index": 12,
      "file": null,
      "u": 0.0,
      "v": 0.6614583,
      "uw": 0.3333333,
      "vh": 0.322916657,
      "width": 661,
      "height": 661,
      "descriptor": [
        97,
        102,
        93,
        48,
        99,
        138,
        73,
        82,
        119,
        52,
        97,
        167,
        162,
        164,
        114,
        135,
        144,
        116,
        88,
        133,
        154,
        87,
        140,
        161,
        137,
        143,
        138,
        72,
        73,
        92,
        109,
        104,
        99,
        92,
        131,
        155,
        102,
        101,
        85,
        97,
        101,
        83,
        103,
        105,
        100,
        73,
        74,
        80
      ]
    },
    {
      "margin": false,
      "index": 13,
      "file": null,
      "u": 0.3333333,
      "v": 0.6614583,
      "uw": 0.3333333,
      "vh": 0.322916657,
      "width": 661,
      "height": 661,
      "descriptor": [
        77,
        89,
        108,
        77,
        76,
        125,
        168,
        142,
        118,
        152,
        112,
        90,
        97,
        108,
        134,
        154,
        155,
        173,
        91,
        98,
        157,
        57,
        70,
        115,
        60,
        68,
        88,
        90,
        97,
        93,
        74,
        93,
        132,
        111,
        115,
        132,
        118,
        109,
        103,
        140,
        129,
        116,
        125,
        123,
        114,
        83,
        95,
        74
      ]
    },
    {
      "margin": false,
      "index": 14,
      "file": null,
      "u": 0.6666666,
      "v": 0.6614583,
      "uw": 0.3333333,
      "vh": 0.322916657,
      "width": 661,
      "height": 661,
      "descriptor": [
        130,
        107,
        91,
        132,
        118,
        107,
        121,
        104,
        95,
        159,
        152,
        134,
        92,
        87,
        84,
        87,
        88,
        109,
        98,
        95,
        84,
        139,
        132,
        109,
        93,
        121,
        130,
        93,
        121,
        154,
        74,
        125,
        180,
        89,
        103,
        108,
        102,
        128,
        115,
        73,
        70,
        79,
        130,
        143,
        131,
        74,
        73,
        72
      ]
    }
  ],
  "margins": [
    {
      "margin": true,
      "index": 0,
      "file": null,
      "u": 0.0,
      "v": 0.0,
      "uw": 0.3333333,