{
  "title": "KRAJINA",
  "author": "PALUGYAY, ZOLO",
  "year": "1930",
  "id": "SNG-0001063503",
  "width": 1600,
  "height": 2048,
  "file": "SNG--G_4686--1_1--2016_04_15_--L2_WEB_67613185.webp",
  "tiles_x": 3,
  "tiles_y": 3,
  "offset_x": 0.0,
  "offset_y": 0.109375,
  "tiles": [
    {
      "margin": false,
      "index": 6,
      "file": null,
      "u": 0.0,
      "v": 0.109375,
      "uw": 0.3333333,
      "vh": 0.260416657,
      "width": 533,
      "height": 533,
      "descriptor": [
        239,
        220,
        193,
        190,
        194,
        178,
        90,
        103,
        96,
        226,
        210,
        180,
        240,
        222,
        195,
        97,
        111,
        104,
        88,
        99,
        95,
        222,
        214,
        198,
        227,
        212,
        183,
        104,
        113,
        96,
        198,
        188,
        167,
        231,
        211,
        180,
        229,
        211,
        181,
        168,
        168,
        150,
        157,
        152,
        137,
        219,
        175,
        153
      ]
    },
    {
      "margin": false,
      "index": 7,
      "file": null,
      "u": 0.3333333,
      "v": 0.109375,
      "uw": 0.3333333,
      "vh": 0.260416657,
      "width": 533,
      "height": 533,
      "descriptor": [
        240,
        221,
        190,
        219,
        214,
        192,
        211,
        200,
        125,
        195,
        190,
        173,
        168,
        164,
        145,
        240,
        219,
        188,
        202,
        196,
        174,
        223,
        200,
        116,
        173,
        166,
        142,
        225,
        198,
        121,
        226,
        210,
        180,
        235,
        216,
        181,
        238,
        217,
        188,
        241,
        221,
        189,
        240,
        222,
        189,
        209,
        199,
        175
      ]
    },
    {
      "margin": false,
      "index": 8,
      "file": null,
      "u": 0.6666666,
      "v": 0.109375,
      "uw": 0.3333333,
      "vh": 0.260416657,
      "width": 533,
      "height": 533,
      "descriptor": [
        235,
        220,
        199,
        72,
        72,
        65,
        201,
        191,
        170,
        200,
        192,
        171,
        180,
        178,
        160,
        180,
        171,
        149,
        87,
        85,
        75,
        86,
        88,
        82,
        220,
        198,
        114,
        157,
        152,
        126,
        91,
        96,
        92,
        79,
        74,
        69,
        218,
        202,
        172,
        227,
        210,
        179,
        103,
        112,
        99,
        198,
        187,
        165
      ]
    },
    {
      "margin": false,
      "index": 9,
      "file": null,
      "u": 0.0,
      "v": 0.369791657,
      "uw": 0.3333333,
      "vh": 0.260416657,
      "width": 533,
      "height": 533,
      "descriptor": [
        209,
        210,
        171,
        174,
        177,
        144,
        203,
        189,
        176,
        165,
        47,
        44,
        202,
        191,
        169,
        101,
        133,
        106,
        102,
        136,
        113,
        164,
        52,
        54,
        231,
        215,
        185,
        93,
        115,
        93,
        79,
        121,
        109,
        63,
        87,
        85,
        200,
        196,
        174,
        171,
        173,
        99,
        161,
        127,
        83,
        94,
        115,
        91
      ]
    },
    {
      "margin": false,
      "index": 10,
      "file": null,
      "u": 0.3333333,
      "v": 0.369791657,
      "uw": 0.3333333,
      "vh": 0.260416657,
      "width": 533,
      "height": 533,
      "descriptor": [
        234,
        205,
        178,
        154,
        153,
        134,
        199,
        183,
        150,
        230,
        213,
        182,
        87,
        120,
        99,
        86,
        129,
        110,
        148,
        161,
        71,
        228,
        209,
        178,
        203,
        195,
        107,
        229,
        210,
        178,
        200,
        196,
        169,
        50,
        75,
        78,
        124,
        146,
        87,
        47,
        81,
        89,
        62,
        96,
        110,
        77,
        119,
        111
      ]
    },
    {
      "margin": false,
      "index": 11,
      "file": null,
      "u": 0.6666666,
      "v": 0.369791657,
      "uw": 0.3333333,
      "vh": 0.260416657,
      "width": 533,
      "height": 533,
      "descriptor": [
        126,
        131,
        118,
        166,
        166,
        137,
        171,
        165,
        143,
        184,
        178,
        161,
        52,
        87,
        90,
        72,
        120,
        105,
        55,
        80,
        93,
        208,
        192,
        164,
        131,
        151,
        118,
        96,
        136,
        111,
        109,
        141,
        93,
        89,
        128,
        108,
        64,
        100,
        101,
        76,
        107,
        103,
        99,
        146,
        117,
        108,
        150,
        126
      ]
    },
    {
      "margin": false,
      "index": 12,
      "file": null,
      "u": 0.0,
      "v": 0.6302083,
      "uw": 0.3333333,
      "vh": 0.260416657,
      "width": 533,
      "height": 533,
      "descriptor": [
        234,
        217,
        186,
        220,
        204,
        173,
        66,
        98,
        82,
        200,
        196,
        161,
        217,
        188,
        159,
        145,
        102,
        76,
        230,
        211,
        182,
        186,
        169,
        95,
        228,
        210,
        179,
        231,
        211,
        174,
        179,
        127,
        85,
        135,
        108,
        89,
        133,
        130,
        97,
        219,
        205,
        178,
        140,
        122,
        96,
        133,
        153,
        80
      ]
    },
    {
      "margin": false,
      "index": 13,
      "file": null,
      "u": 0.3333333,
      "v": 0.6302083,
      "uw": 0.3333333,
      "vh": 0.260416657,
      "width": 533,
      "height": 533,
      "descriptor": [
        89,
        96,
        80,
        216,
        160,
        56,
        136,
        133,
        94,
        137,
        147,
        100,
        172,
        165,
        115,
        193,
        174,
        80,
        170,
        164,
        104,
        207,
        186,
        96,
        178,
        139,
        70,
        141,
        110,
        77,
        156,
        132,
        75,
        125,
        118,
        101,
        233,
        214,
        184,
        218,
        172,
        151,
        233,
        212,
        184,
        99,
        127,
        81
      ]
    },
    {
      "margin": false,
      "index": 14,
      "file": null,
      "u": 0.6666666,
      "v": 0.6302083,
      "uw": 0.3333333,
      "vh": 0.260416657,
      "width": 533,
      "height": 533,
      "descriptor": [
        127,
        126,
        87,
        126,
        133,
        96,
        134,
        142,
        91,
        213,
        203,
        179,
        196,
        159,
        55,
        209,
        193,
        134,
        219,
        205,
        175,
        223,
        200,
        172,
        102,
        132,
        119,
        108,
        142,
        114,
        229,
        212,
        180,
        233,
        216,
        187,
        106,
        129,
        94,
        211,
        195,
        159,
        217,
        184,
        80,
        234,
        216,
        186
      ]
    }
  ],
  "margins": [
    {
      "margin": true,
      "index": 0,