{
  "title": "ŽENA S VTÁČOU TVÁROU",
  "author": "NOVÁK, JÁN",
  "year": "(1940 - 1944)",
  "id": "SNG-0001006521",
  "width": 1152,
  "height": 2048,
  "file": "SNG--K_2017--1_1--2015_08_03--L2_WEB_49769.webp",
  "tiles_x": 3,
  "tiles_y": 5,
  "offset_x": 0.0,
  "offset_y": 0.03125,
  "tiles": [
    {
      "margin": false,
      "index": 6,
      "file": null,
      "u": 0.0,
      "v": 0.03125,
      "uw": 0.333333343,
      "vh": 0.1875,
      "width": 384,
      "height": 384,
      "descriptor": [
        163,
        155,
        115,
        171,
        165,
        119,
        175,
        170,
        127,
        169,
        163,
        117,
        175,
        169,
        122,
        178,
        173,
        123,
        177,
        168,
        119,
        165,
        158,
        121,
        170,
        165,
        122,
        191,
        178,
        132,
        176,
        165,
        128,
        192,
        171,
        134,
        163,
        160,
        115,
        156,
        148,
        115,
        175,
        161,
        129,
        196,
        177,
        145
      ]
    },
    {
      "margin": false,
      "index": 7,
      "file": null,
      "u": 0.333333343,
      "v": 0.03125,
      "uw": 0.333333343,
      "vh": 0.1875,
      "width": 384,
      "height": 384,
      "descriptor": [
        172,
        159,
        119,
        196,
        182,
        154,
        65,
        63,
        63,
        88,
        92,
        86,
        167,
        152,
        124,
        196,
        178,
        150,
        94,
        97,
        91,
        88,
        71,
        61,
        173,
        155,
        125,
        183,
        163,
        134,
        119,
        116,
        105,
        110,
        107,
        94,
        91,
        99,
        87,
        98,
        95,
        87,
        192,
        178,
        128,
        65,
        59,
        57
      ]
    },
    {
      "margin": false,
      "index": 8,
      "file": null,
      "u": 0.6666667,
      "v": 0.03125,
      "uw": 0.333333343,
      "vh": 0.1875,
      "width": 384,
      "height": 384,
      "descriptor": [
        124,
        136,
        122,
        122,
        131,
        118,
        166,
        145,
        125,
        117,
        111,
        100,
        73,
        111,
        99,
        129,
        145,
        129,
        199,
        170,
        144,
        132,
        124,
        111,
        157,
        143,
        121,
        173,
        152,
        129,
        178,
        155,
        136,
        142,
        136,
        124,
        151,
        131,
        113,
        127,
        124,
        116,
        112,
        113,
        109,
        115,
        113,
        104
      ]
    },
    {
      "margin": false,
      "index": 9,
      "file": null,
      "u": 0.0,
      "v": 0.21875,
      "uw": 0.333333343,
      "vh": 0.1875,
      "width": 384,
      "height": 384,
      "descriptor": [
        156,
        147,
        117,
        185,
        167,
        136,
        157,
        141,
        110,
        177,
        152,
        130,
        175,
        160,
        132,
        181,
        162,
        126,
        182,
        162,
        128,
        115,
        123,
        113,
        165,
        150,
        121,
        168,
        149,
        117,
        106,
        103,
        94,
        52,
        97,
        83,
        158,
        141,
        113,
        150,
        146,
        129,
        117,
        145,
        123,
        78,
        142,
        118
      ]
    },
    {
      "margin": false,
      "index": 10,
      "file": null,
      "u": 0.333333343,
      "v": 0.21875,
      "uw": 0.333333343,
      "vh": 0.1875,
      "width": 384,
      "height": 384,
      "descriptor": [
        71,
        130,
        110,
        212,
        179,
        126,
        123,
        121,
        103,
        68,
        68,
        63,
        84,
        145,
        122,
        224,
        190,
        132,
        131,
        154,
        136,
        99,
        102,
        90,
        81,
        173,
        145,
        134,
        172,
        134,
        103,
        108,
        97,
        128,
        106,
        84,
        66,
        66,
        64,
        179,
        173,
        137,
        174,
        157,
        132,
        144,
        112,
        92
      ]
    },
    {
      "margin": false,
      "index": 11,
      "file": null,
      "u": 0.6666667,
      "v": 0.21875,
      "uw": 0.333333343,
      "vh": 0.1875,
      "width": 384,
      "height": 384,
      "descriptor": [
        94,
        99,
        93,
        110,
        115,
        111,
        124,
        123,
        113,
        113,
        110,
        102,
        79,
        84,
        78,
        88,
        92,
        82,
        116,
        114,
        104,
        104,
        103,
        97,
        98,
        93,
        87,
        81,
        82,
        78,
        168,
        147,
        134,
        111,
        111,
        101,
        155,
        154,
        145,
        121,
        125,
        117,
        228,
        199,
        175,
        89,
        89,
        84
      ]
    },
    {
      "margin": false,
      "index": 12,
      "file": null,
      "u": 0.0,
      "v": 0.40625,
      "uw": 0.333333343,
      "vh": 0.1875,
      "width": 384,
      "height": 384,
      "descriptor": [
        185,
        168,
        140,
        155,
        150,
        128,
        76,
        83,
        79,
        67,
        129,
        106,
        175,
        165,
        140,
        100,
        104,
        92,
        109,
        133,
        124,
        79,
        130,
        113,
        149,
        150,
        134,
        111,
        114,
        99,
        102,
        126,
        115,
        64,
        73,
        72,
        99,
        107,
        97,
        110,
        116,
        105,
        96,
        107,
        101,
        61,
        87,
        84
      ]
    },
    {
      "margin": false,
      "index": 13,
      "file": null,
      "u": 0.333333343,
      "v": 0.40625,
      "uw": 0.333333343,
      "vh": 0.1875,
      "width": 384,
      "height": 384,
      "descriptor": [
        116,
        121,
        109,
        124,
        117,
        97,
        164,
        143,
        108,
        221,
        158,
        125,
        91,
        92,
        84,
        113,
        108,
        95,
        176,
        149,
        116,
        179,
        121,
        92,
        103,
        106,
        98,
        174,
        165,
        137,
        176,
        156,
        128,
        195,
        141,
        105,
        81,
        84,
        74,
        172,
        151,
        112,
        155,
        156,
        129,
        211,
        163,
        124
      ]
    },
    {
      "margin": false,
      "index": 14,
      "file": null,
      "u": 0.6666667,
      "v": 0.40625,
      "uw": 0.333333343,
      "vh": 0.1875,
      "width": 384,
      "height": 384,
      "descriptor": [
        123,
        120,
        107,
        139,
        130,
        116,
        63,
        54,
        47,
        90,
        92,
        87,
        206,
        157,
        118,
        175,
        121,
        129,
        77,
        62,
        56,
        91,
        91,
        89,
        214,
        159,
        112,
        198,
        167,
        134,
        84,
        88,
        82,
        110,
        132,
        111,
        207,
        166,
        126,
        194,
        144,
        112,
        138,
        188,
        159,
        94,
        145,
        117
      ]
    },
    {
      "margin": false,
      "index": 15,
      "file": null,
      "u": 0.0,
      "v": 0.59375,