{
  "title": "ODCHOD NA LOV",
  "author": "OEVER, HENDRICK TEN",
  "year": "1674",
  "id": "SNG-0001000379",
  "width": 1792,
  "height": 2048,
  "file": "SNG--O_5480--1_1--_2013_10_15_--L2_WEB_110692.webp",
  "tiles_x": 3,
  "tiles_y": 3,
  "offset_x": 0.0,
  "offset_y": 0.0625,
  "tiles": [
    {
      "margin": false,
      "index": 6,
      "file": null,
      "u": 0.0,
      "v": 0.0625,
      "uw": 0.3333333,
      "vh": 0.291666657,
      "width": 597,
      "height": 597,
      "descriptor": [
        156,
        122,
        82,
        158,
        124,
        87,
        183,
        147,
        106,
        177,
        142,
        101,
        158,
        122,
        79,
        151,
        115,
        73,
        173,
        136,
        90,
        158,
        123,
        80,
        159,
        119,
        74,
        180,
        139,
        84,
        180,
        139,
        84,
        181,
        139,
        87,
        185,
        140,
        72,
        192,
        145,
        77,
        174,
        134,
        80,
        188,
        139,
        83
      ]
    },
    {
      "margin": false,
      "index": 7,
      "file": null,
      "u": 0.3333333,
      "v": 0.0625,
      "uw": 0.3333333,
      "vh": 0.291666657,
      "width": 597,
      "height": 597,
      "descriptor": [
        179,
        147,
        97,
        169,
        135,
        85,
        178,
        150,
        106,
        178,
        147,
        107,
        168,
        131,
        89,
        168,
        130,
        83,
        187,
        145,
        91,
        168,
        136,
        92,
        202,
        158,
        107,
        198,
        164,
        116,
        191,
        159,
        109,
        106,
        86,
        44,
        192,
        150,
        100,
        171,
        130,
        74,
        204,
        165,
        109,
        77,
        59,
        30
      ]
    },
    {
      "margin": false,
      "index": 8,
      "file": null,
      "u": 0.6666666,
      "v": 0.0625,
      "uw": 0.3333333,
      "vh": 0.291666657,
      "width": 597,
      "height": 597,
      "descriptor": [
        166,
        137,
        97,
        174,
        145,
        107,
        168,
        143,
        110,
        169,
        142,
        105,
        170,
        139,
        98,
        175,
        147,
        111,
        180,
        150,
        104,
        156,
        130,
        94,
        83,
        60,
        30,
        86,
        71,
        41,
        75,
        61,
        38,
        89,
        77,
        57,
        50,
        43,
        16,
        32,
        32,
        4,
        79,
        66,
        37,
        76,
        64,
        44
      ]
    },
    {
      "margin": false,
      "index": 9,
      "file": null,
      "u": 0.0,
      "v": 0.354166657,
      "uw": 0.3333333,
      "vh": 0.291666657,
      "width": 597,
      "height": 597,
      "descriptor": [
        187,
        136,
        67,
        182,
        132,
        61,
        190,
        142,
        65,
        194,
        141,
        81,
        172,
        121,
        74,
        192,
        138,
        56,
        196,
        136,
        51,
        176,
        127,
        66,
        94,
        83,
        72,
        116,
        105,
        89,
        124,
        106,
        79,
        105,
        85,
        53,
        112,
        85,
        51,
        89,
        73,
        31,
        77,
        57,
        37,
        87,
        69,
        40
      ]
    },
    {
      "margin": false,
      "index": 10,
      "file": null,
      "u": 0.3333333,
      "v": 0.354166657,
      "uw": 0.3333333,
      "vh": 0.291666657,
      "width": 597,
      "height": 597,
      "descriptor": [
        194,
        147,
        75,
        202,
        155,
        95,
        133,
        99,
        50,
        81,
        61,
        32,
        183,
        132,
        82,
        181,
        135,
        70,
        102,
        78,
        35,
        88,
        67,
        28,
        106,
        89,
        62,
        110,
        85,
        43,
        103,
        86,
        75,
        93,
        77,
        46,
        86,
        70,
        36,
        152,
        50,
        11,
        131,
        110,
        81,
        83,
        72,
        45
      ]
    },
    {
      "margin": false,
      "index": 11,
      "file": null,
      "u": 0.6666666,
      "v": 0.354166657,
      "uw": 0.3333333,
      "vh": 0.291666657,
      "width": 597,
      "height": 597,
      "descriptor": [
        84,
        70,
        37,
        66,
        56,
        26,
        67,
        58,
        24,
        40,
        40,
        15,
        85,
        71,
        37,
        141,
        116,
        73,
        62,
        58,
        26,
        55,
        50,
        16,
        89,
        77,
        50,
        147,
        113,
        54,
        33,
        35,
        11,
        50,
        41,
        9,
        85,
        74,
        47,
        40,
        44,
        21,
        33,
        33,
        11,
        26,
        32,
        12
      ]
    },
    {
      "margin": false,
      "index": 12,
      "file": null,
      "u": 0.0,
      "v": 0.6458333,
      "uw": 0.3333333,
      "vh": 0.291666657,
      "width": 597,
      "height": 597,
      "descriptor": [
        80,
        60,
        29,
        71,
        49,
        14,
        82,
        61,
        23,
        84,
        63,
        18,
        72,
        51,
        19,
        55,
        37,
        8,
        51,
        32,
        4,
        47,
        28,
        9,
        52,
        43,
        16,
        45,
        29,
        11,
        67,
        43,
        16,
        70,
        45,
        12,
        41,
        29,
        8,
        11,
        14,
        0,
        12,
        7,
        4,
        85,
        56,
        15
      ]
    },
    {
      "margin": false,
      "index": 13,
      "file": null,
      "u": 0.3333333,
      "v": 0.6458333,
      "uw": 0.3333333,
      "vh": 0.291666657,
      "width": 597,
      "height": 597,
      "descriptor": [
        175,
        145,
        106,
        126,
        38,
        2,
        95,
        100,
        104,
        79,
        60,
        36,
        10,
        9,
        8,
        11,
        10,
        4,
        15,
        14,
        14,
        127,
        99,
        59,
        76,
        52,
        18,
        61,
        38,
        17,
        61,
        41,
        16,
        100,
        73,
        37,
        83,
        56,
        30,
        60,
        37,
        11,
        93,
        64,
        31,
        92,
        59,
        14
      ]
    },
    {
      "margin": false,
      "index": 14,
      "file": null,
      "u": 0.6666666,
      "v": 0.6458333,
      "uw": 0.3333333,
      "vh": 0.291666657,
      "width": 597,
      "height": 597,
      "descriptor": [
        49,
        40,
        21,
        87,
        70,
        38,
        58,
        48,
        16,
        82,
        60,
        39,
        87,
        63,
        30,
        92,
        73,
        32,
        77,
        56,
        29,
        76,
        56,
        30,
        84,
        55,
        26,
        63,
        46,
        18,
        97,
        74,
        29,
        77,
        51,
        19,
        81,
        57,
        27,
        77,
        50,
        13,
        82,
        49,
        12,
        69,
        36,
        7
      ]
    }
  ],
  "margins": [
    {
      "margin": true,
      "index": 0,
      "file": null,
      "u": 0.0,
      "v": 0.0,
      "uw": 0.3333333,
      "vh": 0.0625,
      "width": 597,
      "height": 128,
      "descriptor": null
    },
    {
      "margin": true,
      "index": 1,