{
  "title": "KAJÚCA SA MÁRIA MAGDALÉNA",
  "author": "SLOVENSKÝ MALIAR ZO ZAČIATKU 19. STOROČIA",
  "year": "(1790 - 1810)",
  "id": "SNG-0001015794",
  "width": 1152,
  "height": 2048,
  "file": "SNG--O_4342--1_1--2014_03_17--L2_WEB_113812.webp",
  "tiles_x": 3,
  "tiles_y": 5,
  "offset_x": 0.0,
  "offset_y": 0.03125,
  "tiles": [
    {
      "margin": false,
      "index": 6,
      "file": null,
      "u": 0.0,
      "v": 0.03125,
      "uw": 0.333333343,
      "vh": 0.1875,
      "width": 384,
      "height": 384,
      "descriptor": [
        136,
        119,
        103,
        174,
        145,
        103,
        165,
        137,
        97,
        85,
        75,
        67,
        93,
        84,
        75,
        163,
        136,
        97,
        162,
        135,
        93,
        157,
        133,
        100,
        87,
        79,
        72,
        147,
        126,
        98,
        151,
        127,
        89,
        143,
        123,
        87,
        89,
        82,
        77,
        77,
        74,
        69,
        141,
        121,
        88,
        141,
        121,
        87
      ]
    },
    {
      "margin": false,
      "index": 7,
      "file": null,
      "u": 0.333333343,
      "v": 0.03125,
      "uw": 0.333333343,
      "vh": 0.1875,
      "width": 384,
      "height": 384,
      "descriptor": [
        87,
        76,
        66,
        191,
        141,
        94,
        122,
        93,
        68,
        101,
        88,
        71,
        100,
        87,
        75,
        110,
        95,
        74,
        163,
        111,
        75,
        131,
        116,
        100,
        98,
        84,
        72,
        102,
        88,
        74,
        97,
        84,
        69,
        94,
        86,
        75,
        138,
        119,
        82,
        89,
        79,
        68,
        88,
        77,
        66,
        81,
        74,
        65
      ]
    },
    {
      "margin": false,
      "index": 8,
      "file": null,
      "u": 0.6666667,
      "v": 0.03125,
      "uw": 0.333333343,
      "vh": 0.1875,
      "width": 384,
      "height": 384,
      "descriptor": [
        106,
        93,
        79,
        95,
        84,
        74,
        84,
        75,
        67,
        87,
        80,
        72,
        102,
        92,
        79,
        91,
        83,
        76,
        85,
        78,
        70,
        78,
        71,
        63,
        91,
        82,
        73,
        98,
        88,
        80,
        87,
        82,
        76,
        94,
        87,
        79,
        78,
        73,
        67,
        89,
        83,
        76,
        99,
        92,
        85,
        98,
        90,
        80
      ]
    },
    {
      "margin": false,
      "index": 9,
      "file": null,
      "u": 0.0,
      "v": 0.21875,
      "uw": 0.333333343,
      "vh": 0.1875,
      "width": 384,
      "height": 384,
      "descriptor": [
        91,
        84,
        77,
        108,
        91,
        74,
        156,
        134,
        108,
        138,
        118,
        83,
        80,
        72,
        65,
        91,
        81,
        74,
        93,
        86,
        80,
        143,
        121,
        88,
        62,
        58,
        54,
        71,
        67,
        64,
        67,
        64,
        59,
        150,
        132,
        104,
        59,
        55,
        48,
        82,
        78,
        72,
        71,
        66,
        59,
        80,
        70,
        60
      ]
    },
    {
      "margin": false,
      "index": 10,
      "file": null,
      "u": 0.333333343,
      "v": 0.21875,
      "uw": 0.333333343,
      "vh": 0.1875,
      "width": 384,
      "height": 384,
      "descriptor": [
        139,
        118,
        82,
        151,
        128,
        96,
        81,
        75,
        68,
        84,
        78,
        71,
        134,
        116,
        87,
        133,
        116,
        87,
        111,
        94,
        78,
        80,
        74,
        68,
        129,
        113,
        85,
        156,
        118,
        68,
        132,
        115,
        88,
        87,
        77,
        68,
        120,
        104,
        78,
        212,
        153,
        136,
        82,
        70,
        58,
        149,
        128,
        98
      ]
    },
    {
      "margin": false,
      "index": 11,
      "file": null,
      "u": 0.6666667,
      "v": 0.21875,
      "uw": 0.333333343,
      "vh": 0.1875,
      "width": 384,
      "height": 384,
      "descriptor": [
        96,
        87,
        78,
        93,
        86,
        79,
        97,
        89,
        82,
        167,
        138,
        114,
        84,
        79,
        72,
        100,
        91,
        83,
        160,
        134,
        114,
        186,
        147,
        112,
        86,
        81,
        75,
        93,
        86,
        80,
        193,
        158,
        122,
        199,
        165,
        129,
        86,
        79,
        72,
        89,
        83,
        78,
        113,
        103,
        93,
        147,
        128,
        108
      ]
    },
    {
      "margin": false,
      "index": 12,
      "file": null,
      "u": 0.0,
      "v": 0.40625,
      "uw": 0.333333343,
      "vh": 0.1875,
      "width": 384,
      "height": 384,
      "descriptor": [
        59,
        56,
        50,
        90,
        86,
        69,
        77,
        78,
        64,
        75,
        69,
        66,
        86,
        84,
        70,
        84,
        79,
        78,
        101,
        92,
        81,
        71,
        67,
        58,
        89,
        74,
        56,
        138,
        110,
        87,
        167,
        148,
        134,
        204,
        187,
        166,
        101,
        89,
        66,
        73,
        81,
        69,
        76,
        76,
        63,
        93,
        72,
        59
      ]
    },
    {
      "margin": false,
      "index": 13,
      "file": null,
      "u": 0.333333343,
      "v": 0.40625,
      "uw": 0.333333343,
      "vh": 0.1875,
      "width": 384,
      "height": 384,
      "descriptor": [
        134,
        119,
        87,
        85,
        66,
        56,
        54,
        47,
        44,
        93,
        79,
        70,
        133,
        113,
        87,
        210,
        173,
        153,
        197,
        190,
        177,
        104,
        102,
        99,
        37,
        57,
        63,
        20,
        40,
        46,
        90,
        88,
        85,
        91,
        81,
        77,
        89,
        65,
        51,
        41,
        74,
        96,
        130,
        127,
        122,
        170,
        163,
        152
      ]
    },
    {
      "margin": false,
      "index": 14,
      "file": null,
      "u": 0.6666667,
      "v": 0.40625,
      "uw": 0.333333343,
      "vh": 0.1875,
      "width": 384,
      "height": 384,
      "descriptor": [
        162,
        136,
        105,
        86,
        80,
        74,
        92,
        85,
        78,
        139,
        121,
        102,
        108,
        87,
        70,
        108,
        95,
        82,
        96,
        88,
        80,
        128,
        114,
        102,
        68,
        61,
        58,
        138,
        118,
        91,
        102,
        92,
        84,
        93,
        85,
        76,
        107,
        121,
        123,
        137,
        113,
        85,
        136,
        116,
        94,
        94,
        85,
        77
      ]
    },
    {
      "margin": false,
      "index": 15,
      "file": null,
      "u": 0.0,
      "v": 0.59375,
      "uw": 0.333333343,
      "vh": 0.1875,
      "width": 384,
      "height": 384,