{
  "title": "PODVEČERNÁ KRAJINA",
  "author": "BRODSZKY, ALEXANDER",
  "year": "(1850 - 1870)",
  "id": "SNG-0001015742",
  "width": 2048,
  "height": 1344,
  "file": "SNG--O_1377--1_1--2014_03_18--L2_WEB_109163.webp",
  "tiles_x": 4,
  "tiles_y": 3,
  "offset_x": 0.0625,
  "offset_y": 0.0,
  "tiles": [
    {
      "margin": false,
      "index": 6,
      "file": null,
      "u": 0.0625,
      "v": 0.0,
      "uw": 0.21875,
      "vh": 0.333333343,
      "width": 448,
      "height": 448,
      "descriptor": [
        150,
        119,
        86,
        159,
        121,
        82,
        157,
        121,
        87,
        162,
        123,
        86,
        141,
        124,
        88,
        157,
        129,
        96,
        169,
        123,
        88,
        151,
        121,
        83,
        144,
        113,
        73,
        165,
        144,
        105,
        168,
        146,
        104,
        185,
        142,
        99,
        172,
        151,
        103,
        182,
        156,
        106,
        190,
        164,
        113,
        189,
        151,
        103
      ]
    },
    {
      "margin": false,
      "index": 7,
      "file": null,
      "u": 0.28125,
      "v": 0.0,
      "uw": 0.21875,
      "vh": 0.333333343,
      "width": 448,
      "height": 448,
      "descriptor": [
        152,
        131,
        101,
        160,
        135,
        112,
        163,
        147,
        119,
        159,
        141,
        107,
        165,
        136,
        109,
        167,
        144,
        111,
        167,
        128,
        95,
        143,
        110,
        63,
        175,
        155,
        110,
        177,
        151,
        102,
        59,
        51,
        37,
        41,
        34,
        25,
        180,
        155,
        108,
        188,
        158,
        90,
        36,
        40,
        34,
        44,
        43,
        37
      ]
    },
    {
      "margin": false,
      "index": 8,
      "file": null,
      "u": 0.5,
      "v": 0.0,
      "uw": 0.21875,
      "vh": 0.333333343,
      "width": 448,
      "height": 448,
      "descriptor": [
        173,
        141,
        111,
        161,
        136,
        103,
        154,
        136,
        111,
        137,
        124,
        88,
        144,
        106,
        60,
        179,
        144,
        109,
        177,
        135,
        94,
        171,
        137,
        103,
        104,
        73,
        46,
        172,
        138,
        96,
        169,
        118,
        55,
        94,
        71,
        42,
        47,
        44,
        36,
        68,
        54,
        45,
        68,
        45,
        38,
        64,
        51,
        36
      ]
    },
    {
      "margin": false,
      "index": 9,
      "file": null,
      "u": 0.71875,
      "v": 0.0,
      "uw": 0.21875,
      "vh": 0.333333343,
      "width": 448,
      "height": 448,
      "descriptor": [
        136,
        119,
        91,
        157,
        132,
        114,
        128,
        124,
        109,
        141,
        125,
        106,
        162,
        134,
        109,
        154,
        138,
        105,
        145,
        129,
        106,
        139,
        124,
        109,
        170,
        134,
        92,
        160,
        138,
        106,
        165,
        145,
        115,
        154,
        133,
        100,
        159,
        120,
        74,
        180,
        140,
        89,
        179,
        145,
        103,
        165,
        141,
        100
      ]
    },
    {
      "margin": false,
      "index": 10,
      "file": null,
      "u": 0.0625,
      "v": 0.333333343,
      "uw": 0.21875,
      "vh": 0.333333343,
      "width": 448,
      "height": 448,
      "descriptor": [
        185,
        153,
        106,
        188,
        150,
        96,
        198,
        163,
        108,
        199,
        163,
        105,
        205,
        171,
        96,
        211,
        172,
        92,
        223,
        176,
        80,
        216,
        171,
        85,
        203,
        163,
        89,
        203,
        155,
        81,
        210,
        159,
        85,
        238,
        186,
        101,
        98,
        61,
        42,
        113,
        66,
        39,
        104,
        66,
        43,
        122,
        90,
        42
      ]
    },
    {
      "margin": false,
      "index": 11,
      "file": null,
      "u": 0.28125,
      "v": 0.333333343,
      "uw": 0.21875,
      "vh": 0.333333343,
      "width": 448,
      "height": 448,
      "descriptor": [
        207,
        169,
        100,
        172,
        135,
        84,
        57,
        55,
        41,
        101,
        61,
        25,
        168,
        123,
        59,
        84,
        67,
        36,
        94,
        57,
        39,
        43,
        43,
        37,
        143,
        105,
        48,
        133,
        90,
        52,
        105,
        81,
        59,
        48,
        36,
        28,
        99,
        62,
        46,
        135,
        90,
        43,
        115,
        66,
        28,
        102,
        71,
        38
      ]
    },
    {
      "margin": false,
      "index": 12,
      "file": null,
      "u": 0.5,
      "v": 0.333333343,
      "uw": 0.21875,
      "vh": 0.333333343,
      "width": 448,
      "height": 448,
      "descriptor": [
        77,
        61,
        58,
        77,
        47,
        30,
        45,
        46,
        43,
        76,
        58,
        48,
        100,
        84,
        65,
        87,
        64,
        56,
        30,
        27,
        26,
        38,
        33,
        29,
        174,
        126,
        52,
        102,
        63,
        46,
        98,
        92,
        94,
        43,
        34,
        30,
        127,
        94,
        41,
        136,
        89,
        43,
        44,
        33,
        28,
        36,
        30,
        26
      ]
    },
    {
      "margin": false,
      "index": 13,
      "file": null,
      "u": 0.71875,
      "v": 0.333333343,
      "uw": 0.21875,
      "vh": 0.333333343,
      "width": 448,
      "height": 448,
      "descriptor": [
        188,
        147,
        92,
        180,
        137,
        83,
        189,
        152,
        93,
        188,
        155,
        101,
        114,
        85,
        39,
        155,
        110,
        48,
        195,
        153,
        85,
        164,
        133,
        82,
        144,
        103,
        64,
        102,
        71,
        38,
        82,
        66,
        44,
        140,
        114,
        83,
        68,
        43,
        37,
        85,
        63,
        41,
        48,
        46,
        39,
        76,
        52,
        38
      ]
    },
    {
      "margin": false,
      "index": 14,
      "file": null,
      "u": 0.0625,
      "v": 0.6666667,
      "uw": 0.21875,
      "vh": 0.333333343,
      "width": 448,
      "height": 448,
      "descriptor": [
        111,
        72,
        37,
        88,
        65,
        23,
        92,
        77,
        36,
        95,
        65,
        34,
        120,
        84,
        60,
        122,
        91,
        66,
        87,
        56,
        33,
        92,
        66,
        48,
        125,
        95,
        46,
        162,
        131,
        75,
        156,
        120,
        69,
        139,
        104,
        61,
        107,
        63,
        35,
        123,
        87,
        38,
        104,
        83,
        55,
        103,
        74,
        35
      ]
    },
    {
      "margin": false,
      "index": 15,
      "file": null,
      "u": 0.28125,
      "v": 0.6666667,
      "uw": 0.21875,
      "vh": 0.333333343,
      "width": 448,
      "height": 448,