{
  "title": "MLYNÁRSKY POMOCNÍK Z BECKOVA",
  "author": "MEDNYÁNSZKY, LADISLAV",
  "year": "(1890 - 1910)",
  "id": "SNG-0001002811",
  "width": 1792,
  "height": 2048,
  "file": "SNG--O_2706--1_1--_2015_08_11_--L2_WEB_45198.webp",
  "tiles_x": 3,
  "tiles_y": 3,
  "offset_x": 0.0,
  "offset_y": 0.0625,
  "tiles": [
    {
      "margin": false,
      "index": 6,
      "file": null,
      "u": 0.0,
      "v": 0.0625,
      "uw": 0.3333333,
      "vh": 0.291666657,
      "width": 597,
      "height": 597,
      "descriptor": [
        84,
        77,
        60,
        64,
        65,
        46,
        73,
        67,
        51,
        118,
        102,
        61,
        80,
        78,
        62,
        89,
        81,
        65,
        113,
        98,
        60,
        103,
        86,
        44,
        55,
        51,
        35,
        69,
        64,
        50,
        119,
        99,
        58,
        112,
        93,
        56,
        43,
        44,
        29,
        59,
        58,
        46,
        111,
        92,
        49,
        58,
        52,
        36
      ]
    },
    {
      "margin": false,
      "index": 7,
      "file": null,
      "u": 0.3333333,
      "v": 0.0625,
      "uw": 0.3333333,
      "vh": 0.291666657,
      "width": 597,
      "height": 597,
      "descriptor": [
        118,
        97,
        53,
        118,
        100,
        58,
        103,
        83,
        47,
        81,
        67,
        42,
        117,
        96,
        32,
        110,
        91,
        53,
        109,
        90,
        46,
        110,
        92,
        55,
        77,
        61,
        37,
        69,
        53,
        31,
        130,
        96,
        45,
        135,
        94,
        42,
        115,
        89,
        57,
        94,
        69,
        45,
        125,
        101,
        50,
        110,
        78,
        36
      ]
    },
    {
      "margin": false,
      "index": 8,
      "file": null,
      "u": 0.6666666,
      "v": 0.0625,
      "uw": 0.3333333,
      "vh": 0.291666657,
      "width": 597,
      "height": 597,
      "descriptor": [
        88,
        75,
        49,
        125,
        113,
        95,
        100,
        89,
        66,
        87,
        77,
        53,
        96,
        78,
        49,
        87,
        77,
        53,
        94,
        81,
        51,
        85,
        74,
        51,
        103,
        81,
        52,
        75,
        61,
        46,
        95,
        75,
        48,
        88,
        78,
        53,
        58,
        49,
        27,
        103,
        85,
        57,
        97,
        82,
        50,
        94,
        86,
        63
      ]
    },
    {
      "margin": false,
      "index": 9,
      "file": null,
      "u": 0.0,
      "v": 0.354166657,
      "uw": 0.3333333,
      "vh": 0.291666657,
      "width": 597,
      "height": 597,
      "descriptor": [
        53,
        53,
        40,
        60,
        57,
        38,
        61,
        51,
        34,
        119,
        88,
        40,
        46,
        48,
        35,
        54,
        55,
        38,
        65,
        49,
        16,
        140,
        103,
        40,
        52,
        54,
        42,
        57,
        56,
        44,
        59,
        54,
        44,
        55,
        52,
        36,
        61,
        58,
        25,
        44,
        49,
        36,
        60,
        58,
        37,
        68,
        70,
        59
      ]
    },
    {
      "margin": false,
      "index": 10,
      "file": null,
      "u": 0.3333333,
      "v": 0.354166657,
      "uw": 0.3333333,
      "vh": 0.291666657,
      "width": 597,
      "height": 597,
      "descriptor": [
        139,
        81,
        33,
        153,
        111,
        57,
        123,
        80,
        35,
        126,
        96,
        52,
        139,
        92,
        40,
        139,
        86,
        34,
        112,
        80,
        39,
        117,
        76,
        30,
        131,
        92,
        43,
        127,
        88,
        38,
        119,
        93,
        64,
        96,
        74,
        45,
        128,
        91,
        36,
        125,
        88,
        35,
        113,
        91,
        67,
        64,
        72,
        57
      ]
    },
    {
      "margin": false,
      "index": 11,
      "file": null,
      "u": 0.6666666,
      "v": 0.354166657,
      "uw": 0.3333333,
      "vh": 0.291666657,
      "width": 597,
      "height": 597,
      "descriptor": [
        62,
        49,
        29,
        112,
        104,
        76,
        99,
        87,
        54,
        92,
        86,
        67,
        83,
        72,
        52,
        98,
        91,
        66,
        92,
        80,
        49,
        97,
        89,
        55,
        91,
        87,
        64,
        84,
        68,
        42,
        93,
        80,
        57,
        99,
        93,
        71,
        113,
        96,
        67,
        84,
        69,
        43,
        99,
        94,
        70,
        95,
        82,
        52
      ]
    },
    {
      "margin": false,
      "index": 12,
      "file": null,
      "u": 0.0,
      "v": 0.6458333,
      "uw": 0.3333333,
      "vh": 0.291666657,
      "width": 597,
      "height": 597,
      "descriptor": [
        57,
        63,
        43,
        78,
        71,
        59,
        62,
        61,
        41,
        67,
        70,
        60,
        54,
        59,
        45,
        76,
        75,
        59,
        48,
        47,
        33,
        74,
        73,
        60,
        78,
        73,
        60,
        76,
        72,
        57,
        67,
        62,
        40,
        76,
        73,
        55,
        81,
        77,
        65,
        101,
        100,
        87,
        41,
        51,
        40,
        83,
        75,
        57
      ]
    },
    {
      "margin": false,
      "index": 13,
      "file": null,
      "u": 0.3333333,
      "v": 0.6458333,
      "uw": 0.3333333,
      "vh": 0.291666657,
      "width": 597,
      "height": 597,
      "descriptor": [
        103,
        97,
        79,
        175,
        146,
        80,
        184,
        164,
        102,
        97,
        92,
        94,
        76,
        77,
        65,
        61,
        65,
        49,
        41,
        42,
        38,
        57,
        67,
        54,
        52,
        58,
        40,
        70,
        73,
        59,
        78,
        79,
        68,
        63,
        66,
        56,
        45,
        55,
        43,
        80,
        81,
        66,
        72,
        78,
        65,
        47,
        54,
        46
      ]
    },
    {
      "margin": false,
      "index": 14,
      "file": null,
      "u": 0.6666666,
      "v": 0.6458333,
      "uw": 0.3333333,
      "vh": 0.291666657,
      "width": 597,
      "height": 597,
      "descriptor": [
        62,
        65,
        53,
        95,
        82,
        64,
        92,
        88,
        56,
        106,
        100,
        109,
        80,
        74,
        61,
        84,
        86,
        75,
        71,
        71,
        61,
        74,
        63,
        33,
        80,
        80,
        70,
        59,
        65,
        57,
        85,
        81,
        64,
        88,
        80,
        68,
        78,
        75,
        60,
        58,
        58,
        47,
        66,
        63,
        53,
        96,
        95,
        82
      ]
    }
  ],
  "margins": [
    {
      "margin": true,
      "index": 0,
      "file": null,
      "u": 0.0,
      "v": 0.0,
      "uw": 0.3333333,
      "vh": 0.0625,
      "width": 597,
      "height": 128,
      "descriptor": null
    },
    {
      "margin": true,
      "index": 1,
      "file": null,
      "u": 0.0,