{
  "title": "TEODOROVSKÁ (FJODOROVSKÁ) MATKA BOŽIA - PRÍKROV",
  "author": "NEZNÁMY IKONOPISEC",
  "year": "(1701 - 1800)",
  "id": "SNG-0001003260",
  "width": 1664,
  "height": 2048,
  "file": "SNG--O_6281-b--1_1--_2015_09_03_--L2_WEB_33074.webp",
  "tiles_x": 3,
  "tiles_y": 3,
  "offset_x": 0.0,
  "offset_y": 0.09375,
  "tiles": [
    {
      "margin": false,
      "index": 6,
      "file": null,
      "u": 0.0,
      "v": 0.09375,
      "uw": 0.333333343,
      "vh": 0.270833343,
      "width": 554,
      "height": 554,
      "descriptor": [
        198,
        200,
        202,
        188,
        63,
        3,
        167,
        45,
        0,
        207,
        57,
        1,
        199,
        201,
        204,
        213,
        63,
        2,
        140,
        96,
        16,
        142,
        81,
        6,
        199,
        200,
        203,
        184,
        67,
        10,
        185,
        146,
        111,
        141,
        111,
        23,
        199,
        201,
        203,
        130,
        43,
        0,
        164,
        130,
        70,
        156,
        128,
        84
      ]
    },
    {
      "margin": false,
      "index": 7,
      "file": null,
      "u": 0.333333343,
      "v": 0.09375,
      "uw": 0.333333343,
      "vh": 0.270833343,
      "width": 554,
      "height": 554,
      "descriptor": [
        159,
        72,
        6,
        144,
        94,
        13,
        172,
        123,
        43,
        179,
        59,
        8,
        159,
        103,
        41,
        179,
        132,
        58,
        206,
        199,
        206,
        149,
        102,
        49,
        134,
        72,
        2,
        151,
        84,
        6,
        42,
        31,
        19,
        73,
        44,
        15,
        107,
        40,
        20,
        111,
        76,
        22,
        120,
        77,
        20,
        104,
        40,
        16
      ]
    },
    {
      "margin": false,
      "index": 8,
      "file": null,
      "u": 0.6666667,
      "v": 0.09375,
      "uw": 0.333333343,
      "vh": 0.270833343,
      "width": 554,
      "height": 554,
      "descriptor": [
        204,
        59,
        2,
        191,
        62,
        3,
        200,
        69,
        10,
        198,
        200,
        202,
        165,
        96,
        4,
        163,
        100,
        5,
        200,
        64,
        15,
        199,
        200,
        201,
        182,
        104,
        11,
        191,
        133,
        98,
        221,
        69,
        2,
        160,
        110,
        83,
        171,
        124,
        45,
        199,
        152,
        88,
        212,
        61,
        0,
        199,
        201,
        203
      ]
    },
    {
      "margin": false,
      "index": 9,
      "file": null,
      "u": 0.0,
      "v": 0.364583343,
      "uw": 0.333333343,
      "vh": 0.270833343,
      "width": 554,
      "height": 554,
      "descriptor": [
        199,
        200,
        203,
        170,
        57,
        0,
        173,
        139,
        98,
        147,
        97,
        33,
        199,
        200,
        203,
        206,
        70,
        2,
        140,
        116,
        71,
        130,
        91,
        8,
        199,
        201,
        202,
        184,
        51,
        0,
        125,
        108,
        84,
        118,
        75,
        14,
        199,
        201,
        203,
        194,
        55,
        4,
        136,
        108,
        60,
        133,
        60,
        19
      ]
    },
    {
      "margin": false,
      "index": 10,
      "file": null,
      "u": 0.333333343,
      "v": 0.364583343,
      "uw": 0.333333343,
      "vh": 0.270833343,
      "width": 554,
      "height": 554,
      "descriptor": [
        133,
        85,
        32,
        114,
        53,
        14,
        159,
        93,
        10,
        158,
        102,
        0,
        149,
        106,
        61,
        154,
        107,
        59,
        174,
        120,
        66,
        88,
        61,
        28,
        133,
        87,
        37,
        114,
        62,
        19,
        110,
        72,
        24,
        104,
        32,
        12,
        97,
        71,
        26,
        98,
        49,
        42,
        139,
        91,
        36,
        92,
        29,
        14
      ]
    },
    {
      "margin": false,
      "index": 11,
      "file": null,
      "u": 0.6666667,
      "v": 0.364583343,
      "uw": 0.333333343,
      "vh": 0.270833343,
      "width": 554,
      "height": 554,
      "descriptor": [
        204,
        145,
        28,
        165,
        107,
        38,
        190,
        56,
        7,
        199,
        201,
        202,
        174,
        117,
        54,
        201,
        159,
        96,
        182,
        64,
        8,
        199,
        200,
        202,
        147,
        102,
        34,
        166,
        117,
        57,
        194,
        65,
        10,
        199,
        200,
        203,
        116,
        35,
        13,
        123,
        31,
        10,
        216,
        73,
        7,
        199,
        200,
        203
      ]
    },
    {
      "margin": false,
      "index": 12,
      "file": null,
      "u": 0.0,
      "v": 0.6354167,
      "uw": 0.333333343,
      "vh": 0.270833343,
      "width": 554,
      "height": 554,
      "descriptor": [
        199,
        200,
        203,
        175,
        48,
        6,
        139,
        62,
        12,
        148,
        96,
        29,
        199,
        201,
        203,
        200,
        58,
        1,
        63,
        27,
        10,
        154,
        67,
        9,
        199,
        200,
        203,
        213,
        65,
        1,
        173,
        81,
        10,
        155,
        66,
        11,
        198,
        200,
        203,
        212,
        75,
        5,
        213,
        93,
        14,
        207,
        67,
        0
      ]
    },
    {
      "margin": false,
      "index": 13,
      "file": null,
      "u": 0.333333343,
      "v": 0.6354167,
      "uw": 0.333333343,
      "vh": 0.270833343,
      "width": 554,
      "height": 554,
      "descriptor": [
        94,
        60,
        14,
        111,
        73,
        27,
        105,
        35,
        16,
        52,
        37,
        23,
        130,
        19,
        1,
        103,
        26,
        6,
        182,
        96,
        0,
        52,
        27,
        7,
        54,
        31,
        13,
        166,
        83,
        23,
        192,
        94,
        9,
        145,
        86,
        27,
        207,
        89,
        3,
        205,
        66,
        9,
        223,
        65,
        1,
        225,
        66,
        0
      ]
    },
    {
      "margin": false,
      "index": 14,
      "file": null,
      "u": 0.6666667,
      "v": 0.6354167,
      "uw": 0.333333343,
      "vh": 0.270833343,
      "width": 554,
      "height": 554,
      "descriptor": [
        100,
        56,
        9,
        175,
        128,
        68,
        219,
        70,
        1,
        199,
        200,
        203,
        128,
        75,
        12,
        117,
        42,
        24,
        221,
        71,
        3,
        199,
        200,
        202,
        87,
        53,
        13,
        191,
        80,
        12,
        213,
        80,
        12,
        199,
        200,
        202,
        228,
        73,
        4,
        200,
        56,
        2,
        216,
        66,
        5,
        199,
        200,
        203
      ]
    }
  ],
  "margins": [
    {
      "margin": true,
      "index": 0,
      "file": null,
      "u": 0.0,
      "v": 0.0,
      "uw": 0.333333343,
      "vh": 0.09375,