{
  "title": "SLEPEC",
  "author": "GALANDA, MIKULÁŠ",
  "year": "1934",
  "id": "SNG-0001019013",
  "width": 1664,
  "height": 2048,
  "file": "SNG--O_1060--1_1--2013_11_14--L2_WEB_13367.webp",
  "tiles_x": 3,
  "tiles_y": 3,
  "offset_x": 0.0,
  "offset_y": 0.09375,
  "tiles": [
    {
      "margin": false,
      "index": 6,
      "file": null,
      "u": 0.0,
      "v": 0.09375,
      "uw": 0.333333343,
      "vh": 0.270833343,
      "width": 554,
      "height": 554,
      "descriptor": [
        172,
        148,
        110,
        183,
        154,
        113,
        180,
        152,
        115,
        185,
        156,
        117,
        176,
        144,
        106,
        182,
        153,
        114,
        179,
        150,
        109,
        182,
        151,
        112,
        163,
        132,
        92,
        196,
        166,
        130,
        190,
        153,
        119,
        167,
        136,
        97,
        175,
        147,
        114,
        172,
        145,
        108,
        196,
        143,
        108,
        145,
        118,
        78
      ]
    },
    {
      "margin": false,
      "index": 7,
      "file": null,
      "u": 0.333333343,
      "v": 0.09375,
      "uw": 0.333333343,
      "vh": 0.270833343,
      "width": 554,
      "height": 554,
      "descriptor": [
        170,
        142,
        106,
        155,
        123,
        79,
        158,
        126,
        81,
        156,
        126,
        88,
        157,
        126,
        85,
        135,
        113,
        77,
        207,
        179,
        149,
        194,
        127,
        94,
        156,
        126,
        80,
        166,
        137,
        99,
        204,
        173,
        142,
        179,
        145,
        114,
        146,
        115,
        71,
        202,
        171,
        137,
        195,
        142,
        111,
        192,
        143,
        112
      ]
    },
    {
      "margin": false,
      "index": 8,
      "file": null,
      "u": 0.6666667,
      "v": 0.09375,
      "uw": 0.333333343,
      "vh": 0.270833343,
      "width": 554,
      "height": 554,
      "descriptor": [
        148,
        125,
        86,
        129,
        114,
        74,
        116,
        105,
        70,
        102,
        94,
        60,
        181,
        116,
        85,
        140,
        114,
        77,
        137,
        118,
        76,
        116,
        102,
        64,
        183,
        118,
        84,
        185,
        133,
        97,
        143,
        117,
        71,
        128,
        113,
        73,
        184,
        123,
        94,
        173,
        122,
        89,
        135,
        110,
        72,
        108,
        90,
        55
      ]
    },
    {
      "margin": false,
      "index": 9,
      "file": null,
      "u": 0.0,
      "v": 0.364583343,
      "uw": 0.333333343,
      "vh": 0.270833343,
      "width": 554,
      "height": 554,
      "descriptor": [
        169,
        123,
        86,
        182,
        154,
        110,
        194,
        145,
        109,
        175,
        134,
        96,
        158,
        120,
        81,
        163,
        126,
        86,
        201,
        172,
        142,
        209,
        167,
        129,
        116,
        98,
        55,
        135,
        112,
        68,
        192,
        153,
        118,
        198,
        156,
        122,
        101,
        88,
        51,
        120,
        106,
        71,
        221,
        185,
        153,
        196,
        134,
        104
      ]
    },
    {
      "margin": false,
      "index": 10,
      "file": null,
      "u": 0.333333343,
      "v": 0.364583343,
      "uw": 0.333333343,
      "vh": 0.270833343,
      "width": 554,
      "height": 554,
      "descriptor": [
        138,
        115,
        79,
        210,
        182,
        152,
        198,
        146,
        112,
        197,
        144,
        109,
        156,
        125,
        89,
        195,
        144,
        110,
        189,
        140,
        107,
        195,
        147,
        113,
        119,
        105,
        71,
        140,
        113,
        74,
        184,
        132,
        101,
        191,
        159,
        126,
        161,
        126,
        89,
        124,
        107,
        68,
        195,
        152,
        115,
        199,
        169,
        139
      ]
    },
    {
      "margin": false,
      "index": 11,
      "file": null,
      "u": 0.6666667,
      "v": 0.364583343,
      "uw": 0.333333343,
      "vh": 0.270833343,
      "width": 554,
      "height": 554,
      "descriptor": [
        191,
        146,
        103,
        166,
        116,
        81,
        140,
        114,
        72,
        104,
        91,
        58,
        181,
        119,
        89,
        179,
        148,
        104,
        120,
        105,
        70,
        104,
        88,
        55,
        198,
        149,
        114,
        148,
        116,
        79,
        125,
        106,
        66,
        115,
        99,
        59,
        188,
        126,
        87,
        173,
        136,
        91,
        126,
        105,
        63,
        103,
        92,
        61
      ]
    },
    {
      "margin": false,
      "index": 12,
      "file": null,
      "u": 0.0,
      "v": 0.6354167,
      "uw": 0.333333343,
      "vh": 0.270833343,
      "width": 554,
      "height": 554,
      "descriptor": [
        99,
        91,
        59,
        123,
        106,
        61,
        200,
        170,
        134,
        203,
        152,
        113,
        99,
        90,
        54,
        157,
        129,
        78,
        186,
        139,
        91,
        199,
        140,
        106,
        92,
        91,
        63,
        174,
        138,
        84,
        200,
        142,
        93,
        197,
        171,
        140,
        104,
        93,
        58,
        154,
        120,
        76,
        201,
        136,
        89,
        199,
        150,
        100
      ]
    },
    {
      "margin": false,
      "index": 13,
      "file": null,
      "u": 0.333333343,
      "v": 0.6354167,
      "uw": 0.333333343,
      "vh": 0.270833343,
      "width": 554,
      "height": 554,
      "descriptor": [
        182,
        144,
        106,
        101,
        94,
        66,
        212,
        172,
        121,
        207,
        155,
        109,
        115,
        104,
        70,
        189,
        134,
        89,
        206,
        148,
        100,
        207,
        161,
        119,
        210,
        166,
        117,
        210,
        167,
        117,
        208,
        144,
        98,
        212,
        167,
        118,
        201,
        148,
        99,
        200,
        144,
        98,
        209,
        161,
        113,
        204,
        156,
        107
      ]
    },
    {
      "margin": false,
      "index": 14,
      "file": null,
      "u": 0.6666667,
      "v": 0.6354167,
      "uw": 0.333333343,
      "vh": 0.270833343,
      "width": 554,
      "height": 554,
      "descriptor": [
        203,
        142,
        101,
        201,
        146,
        101,
        133,
        109,
        67,
        129,
        108,
        64,
        198,
        149,
        103,
        197,
        132,
        87,
        127,
        110,
        70,
        128,
        111,
        70,
        201,
        146,
        98,
        198,
        129,
        88,
        83,
        81,
        56,
        95,
        88,
        61,
        206,
        157,
        112,
        190,
        119,
        82,
        142,
        131,
        95,
        80,
        77,
        56
      ]
    }
  ],
  "margins": [
    {
      "margin": true,
      "index": 0,