{
  "title": "KRAJINA I.",
  "author": "CZÖLDER, DEZIDER",
  "year": "(1901 - 1925)",
  "id": "SNG-0001018837",
  "width": 1344,
  "height": 2048,
  "file": "SNG--O_5567--1_1--2013_10_29--L2_WEB_35169.webp",
  "tiles_x": 3,
  "tiles_y": 4,
  "offset_x": 0.0,
  "offset_y": 0.0625,
  "tiles": [
    {
      "margin": false,
      "index": 6,
      "file": null,
      "u": 0.0,
      "v": 0.0625,
      "uw": 0.333333343,
      "vh": 0.21875,
      "width": 448,
      "height": 448,
      "descriptor": [
        147,
        113,
        126,
        147,
        113,
        120,
        143,
        111,
        126,
        135,
        109,
        126,
        140,
        108,
        124,
        140,
        102,
        116,
        131,
        99,
        118,
        192,
        166,
        153,
        176,
        141,
        141,
        125,
        102,
        121,
        212,
        174,
        163,
        202,
        168,
        152,
        165,
        139,
        153,
        166,
        142,
        147,
        205,
        164,
        152,
        199,
        172,
        158
      ]
    },
    {
      "margin": false,
      "index": 7,
      "file": null,
      "u": 0.333333343,
      "v": 0.0625,
      "uw": 0.333333343,
      "vh": 0.21875,
      "width": 448,
      "height": 448,
      "descriptor": [
        183,
        159,
        150,
        190,
        168,
        164,
        196,
        168,
        157,
        163,
        137,
        143,
        196,
        170,
        162,
        192,
        162,
        148,
        202,
        170,
        165,
        173,
        143,
        149,
        185,
        161,
        153,
        197,
        167,
        150,
        176,
        149,
        137,
        199,
        162,
        145,
        189,
        162,
        148,
        183,
        157,
        145,
        206,
        179,
        172,
        208,
        168,
        155
      ]
    },
    {
      "margin": false,
      "index": 8,
      "file": null,
      "u": 0.6666667,
      "v": 0.0625,
      "uw": 0.333333343,
      "vh": 0.21875,
      "width": 448,
      "height": 448,
      "descriptor": [
        129,
        101,
        119,
        142,
        104,
        113,
        149,
        103,
        111,
        149,
        100,
        110,
        152,
        114,
        124,
        138,
        110,
        121,
        133,
        95,
        108,
        135,
        94,
        114,
        175,
        145,
        154,
        160,
        121,
        132,
        132,
        101,
        111,
        147,
        111,
        125,
        164,
        126,
        131,
        137,
        109,
        122,
        144,
        114,
        129,
        149,
        117,
        128
      ]
    },
    {
      "margin": false,
      "index": 9,
      "file": null,
      "u": 0.0,
      "v": 0.28125,
      "uw": 0.333333343,
      "vh": 0.21875,
      "width": 448,
      "height": 448,
      "descriptor": [
        151,
        115,
        129,
        168,
        147,
        145,
        213,
        169,
        155,
        203,
        165,
        146,
        153,
        128,
        143,
        206,
        173,
        158,
        192,
        161,
        134,
        194,
        154,
        140,
        165,
        145,
        147,
        182,
        158,
        157,
        181,
        157,
        138,
        202,
        174,
        157,
        172,
        147,
        146,
        206,
        175,
        158,
        166,
        163,
        142,
        102,
        137,
        105
      ]
    },
    {
      "margin": false,
      "index": 10,
      "file": null,
      "u": 0.333333343,
      "v": 0.28125,
      "uw": 0.333333343,
      "vh": 0.21875,
      "width": 448,
      "height": 448,
      "descriptor": [
        202,
        167,
        150,
        212,
        174,
        163,
        199,
        162,
        143,
        216,
        172,
        148,
        203,
        167,
        157,
        220,
        175,
        151,
        215,
        171,
        148,
        214,
        170,
        153,
        144,
        156,
        138,
        176,
        134,
        124,
        207,
        162,
        138,
        213,
        171,
        152,
        112,
        150,
        116,
        120,
        145,
        115,
        126,
        156,
        128,
        158,
        155,
        137
      ]
    },
    {
      "margin": false,
      "index": 11,
      "file": null,
      "u": 0.6666667,
      "v": 0.28125,
      "uw": 0.333333343,
      "vh": 0.21875,
      "width": 448,
      "height": 448,
      "descriptor": [
        203,
        164,
        144,
        150,
        114,
        122,
        132,
        106,
        119,
        145,
        113,
        121,
        205,
        162,
        142,
        141,
        110,
        118,
        151,
        125,
        138,
        133,
        110,
        127,
        224,
        175,
        148,
        139,
        120,
        138,
        137,
        134,
        152,
        143,
        115,
        134,
        155,
        157,
        147,
        166,
        150,
        143,
        150,
        127,
        140,
        167,
        134,
        140
      ]
    },
    {
      "margin": false,
      "index": 12,
      "file": null,
      "u": 0.0,
      "v": 0.5,
      "uw": 0.333333343,
      "vh": 0.21875,
      "width": 448,
      "height": 448,
      "descriptor": [
        152,
        134,
        140,
        206,
        182,
        172,
        145,
        163,
        137,
        131,
        156,
        124,
        150,
        127,
        136,
        158,
        150,
        141,
        189,
        166,
        157,
        105,
        143,
        115,
        157,
        136,
        139,
        195,
        169,
        161,
        168,
        163,
        162,
        150,
        165,
        132,
        168,
        151,
        153,
        171,
        154,
        147,
        174,
        161,
        155,
        152,
        136,
        147
      ]
    },
    {
      "margin": false,
      "index": 13,
      "file": null,
      "u": 0.333333343,
      "v": 0.5,
      "uw": 0.333333343,
      "vh": 0.21875,
      "width": 448,
      "height": 448,
      "descriptor": [
        113,
        149,
        118,
        98,
        131,
        105,
        142,
        152,
        120,
        167,
        168,
        145,
        162,
        162,
        148,
        110,
        124,
        98,
        178,
        172,
        151,
        174,
        173,
        137,
        132,
        138,
        114,
        163,
        168,
        137,
        90,
        125,
        104,
        99,
        119,
        100,
        145,
        154,
        133,
        132,
        151,
        120,
        145,
        154,
        110,
        134,
        141,
        109
      ]
    },
    {
      "margin": false,
      "index": 14,
      "file": null,
      "u": 0.6666667,
      "v": 0.5,
      "uw": 0.333333343,
      "vh": 0.21875,
      "width": 448,
      "height": 448,
      "descriptor": [
        195,
        172,
        152,
        184,
        169,
        163,
        146,
        128,
        148,
        172,
        141,
        145,
        138,
        140,
        128,
        171,
        169,
        155,
        140,
        110,
        120,
        131,
        112,
        126,
        118,
        134,
        103,
        78,
        111,
        83,
        172,
        149,
        154,
        143,
        116,
        122,
        101,
        132,
        98,
        127,
        146,
        113,
        148,
        127,
        139,
        150,
        123,
        137
      ]
    },
    {
      "margin": false,