{
  "title": "ALEGÓRIA MESIACA MÁJ",
  "author": "BARRERA, FRANCISCO",
  "year": "(1640 - 1645)",
  "id": "SNG-0001000313",
  "width": 2048,
  "height": 1280,
  "file": "SNG--O_348--1_1--_2013_10_08_--L2_WEB_17769.webp",
  "tiles_x": 4,
  "tiles_y": 3,
  "offset_x": 0.08333334,
  "offset_y": 0.0,
  "tiles": [
    {
      "margin": false,
      "index": 6,
      "file": null,
      "u": 0.08333334,
      "v": 0.0,
      "uw": 0.208333328,
      "vh": 0.3333333,
      "width": 426,
      "height": 426,
      "descriptor": [
        17,
        6,
        2,
        21,
        11,
        5,
        54,
        38,
        23,
        19,
        16,
        10,
        0,
        0,
        0,
        52,
        37,
        30,
        41,
        28,
        13,
        37,
        23,
        23,
        29,
        20,
        17,
        52,
        56,
        55,
        79,
        46,
        22,
        66,
        53,
        46,
        53,
        41,
        29,
        32,
        31,
        29,
        115,
        89,
        73,
        47,
        27,
        12
      ]
    },
    {
      "margin": false,
      "index": 7,
      "file": null,
      "u": 0.2916667,
      "v": 0.0,
      "uw": 0.208333328,
      "vh": 0.3333333,
      "width": 426,
      "height": 426,
      "descriptor": [
        30,
        21,
        10,
        44,
        27,
        19,
        50,
        34,
        25,
        44,
        27,
        16,
        46,
        30,
        24,
        44,
        35,
        25,
        65,
        55,
        52,
        56,
        48,
        45,
        45,
        37,
        22,
        92,
        57,
        36,
        39,
        32,
        27,
        82,
        66,
        53,
        18,
        12,
        0,
        42,
        35,
        19,
        67,
        58,
        47,
        0,
        0,
        0
      ]
    },
    {
      "margin": false,
      "index": 8,
      "file": null,
      "u": 0.5,
      "v": 0.0,
      "uw": 0.208333328,
      "vh": 0.3333333,
      "width": 426,
      "height": 426,
      "descriptor": [
        58,
        41,
        27,
        98,
        81,
        66,
        52,
        29,
        16,
        67,
        39,
        26,
        50,
        27,
        9,
        81,
        66,
        50,
        54,
        40,
        31,
        35,
        23,
        14,
        75,
        62,
        42,
        85,
        71,
        56,
        40,
        29,
        19,
        145,
        143,
        136,
        32,
        26,
        18,
        20,
        12,
        10,
        95,
        77,
        52,
        55,
        50,
        45
      ]
    },
    {
      "margin": false,
      "index": 9,
      "file": null,
      "u": 0.7083334,
      "v": 0.0,
      "uw": 0.208333328,
      "vh": 0.3333333,
      "width": 426,
      "height": 426,
      "descriptor": [
        47,
        37,
        29,
        102,
        107,
        105,
        109,
        115,
        120,
        118,
        122,
        117,
        41,
        22,
        6,
        130,
        104,
        91,
        166,
        153,
        131,
        156,
        149,
        136,
        27,
        17,
        12,
        176,
        161,
        146,
        160,
        151,
        146,
        169,
        157,
        144,
        107,
        76,
        67,
        22,
        35,
        24,
        175,
        164,
        146,
        171,
        165,
        153
      ]
    },
    {
      "margin": false,
      "index": 10,
      "file": null,
      "u": 0.08333334,
      "v": 0.3333333,
      "uw": 0.208333328,
      "vh": 0.3333333,
      "width": 426,
      "height": 426,
      "descriptor": [
        166,
        144,
        115,
        159,
        148,
        126,
        61,
        49,
        48,
        34,
        27,
        21,
        134,
        92,
        43,
        171,
        126,
        51,
        40,
        35,
        33,
        41,
        31,
        17,
        34,
        31,
        28,
        54,
        33,
        24,
        71,
        56,
        44,
        80,
        67,
        54,
        57,
        49,
        43,
        62,
        45,
        17,
        79,
        62,
        36,
        92,
        68,
        45
      ]
    },
    {
      "margin": false,
      "index": 11,
      "file": null,
      "u": 0.2916667,
      "v": 0.3333333,
      "uw": 0.208333328,
      "vh": 0.3333333,
      "width": 426,
      "height": 426,
      "descriptor": [
        54,
        43,
        33,
        63,
        51,
        38,
        23,
        17,
        2,
        25,
        15,
        2,
        132,
        129,
        117,
        65,
        64,
        63,
        36,
        27,
        12,
        53,
        48,
        42,
        10,
        4,
        0,
        80,
        61,
        56,
        31,
        21,
        15,
        63,
        53,
        51,
        53,
        40,
        28,
        62,
        52,
        53,
        34,
        26,
        15,
        186,
        149,
        76
      ]
    },
    {
      "margin": false,
      "index": 12,
      "file": null,
      "u": 0.5,
      "v": 0.3333333,
      "uw": 0.208333328,
      "vh": 0.3333333,
      "width": 426,
      "height": 426,
      "descriptor": [
        38,
        26,
        10,
        32,
        32,
        20,
        109,
        44,
        27,
        125,
        120,
        115,
        22,
        13,
        8,
        84,
        80,
        64,
        109,
        68,
        55,
        169,
        168,
        151,
        68,
        56,
        37,
        18,
        33,
        15,
        78,
        66,
        45,
        129,
        112,
        87,
        85,
        88,
        69,
        34,
        28,
        22,
        42,
        37,
        18,
        60,
        52,
        48
      ]
    },
    {
      "margin": false,
      "index": 13,
      "file": null,
      "u": 0.7083334,
      "v": 0.3333333,
      "uw": 0.208333328,
      "vh": 0.3333333,
      "width": 426,
      "height": 426,
      "descriptor": [
        121,
        118,
        110,
        78,
        45,
        36,
        24,
        24,
        20,
        152,
        139,
        124,
        73,
        60,
        61,
        42,
        25,
        25,
        35,
        36,
        35,
        107,
        96,
        77,
        172,
        153,
        137,
        96,
        56,
        60,
        35,
        34,
        11,
        60,
        43,
        12,
        76,
        52,
        45,
        38,
        16,
        12,
        69,
        62,
        57,
        56,
        51,
        40
      ]
    },
    {
      "margin": false,
      "index": 14,
      "file": null,
      "u": 0.08333334,
      "v": 0.6666666,
      "uw": 0.208333328,
      "vh": 0.3333333,
      "width": 426,
      "height": 426,
      "descriptor": [
        55,
        40,
        18,
        35,
        18,
        6,
        127,
        101,
        66,
        72,
        58,
        50,
        41,
        38,
        32,
        204,
        185,
        155,
        127,
        107,
        83,
        71,
        55,
        53,
        35,
        26,
        15,
        173,
        161,
        139,
        182,
        167,
        143,
        87,
        77,
        66,
        41,
        36,
        26,
        19,
        10,
        5,
        72,
        62,
        50,
        65,
        51,
        46
      ]
    },
    {
      "margin": false,
      "index": 15,
      "file": null,
      "u": 0.2916667,
      "v": 0.6666666,
      "uw": 0.208333328,
      "vh": 0.3333333,
      "width": 426,
      "height": 426,