{
  "title": "MÁRIA TERÉZIA V KORUNOVAČNOM RÚCHU",
  "author": "NEZNÁMY AUTOR",
  "year": "1765",
  "id": "SNP-CDAACAAAAAABUIC",
  "width": 1600,
  "height": 2048,
  "file": "XI-0257_JPG_x001.webp",
  "tiles_x": 3,
  "tiles_y": 3,
  "offset_x": 0.0,
  "offset_y": 0.109375,
  "tiles": [
    {
      "margin": false,
      "index": 6,
      "file": null,
      "u": 0.0,
      "v": 0.109375,
      "uw": 0.3333333,
      "vh": 0.260416657,
      "width": 533,
      "height": 533,
      "descriptor": [
        104,
        79,
        25,
        90,
        85,
        80,
        91,
        76,
        61,
        77,
        70,
        55,
        93,
        74,
        42,
        102,
        83,
        35,
        66,
        52,
        29,
        59,
        49,
        30,
        115,
        85,
        27,
        58,
        44,
        31,
        51,
        48,
        34,
        73,
        54,
        29,
        100,
        76,
        39,
        65,
        67,
        49,
        57,
        46,
        29,
        78,
        58,
        11
      ]
    },
    {
      "margin": false,
      "index": 7,
      "file": null,
      "u": 0.3333333,
      "v": 0.109375,
      "uw": 0.3333333,
      "vh": 0.260416657,
      "width": 533,
      "height": 533,
      "descriptor": [
        64,
        60,
        45,
        74,
        50,
        23,
        40,
        34,
        10,
        71,
        56,
        30,
        43,
        38,
        13,
        200,
        167,
        126,
        109,
        84,
        39,
        74,
        64,
        37,
        67,
        59,
        36,
        89,
        70,
        30,
        81,
        63,
        31,
        75,
        62,
        36,
        159,
        153,
        132,
        189,
        176,
        149,
        180,
        136,
        107,
        77,
        63,
        42
      ]
    },
    {
      "margin": false,
      "index": 8,
      "file": null,
      "u": 0.6666666,
      "v": 0.109375,
      "uw": 0.3333333,
      "vh": 0.260416657,
      "width": 533,
      "height": 533,
      "descriptor": [
        77,
        61,
        35,
        87,
        69,
        27,
        79,
        64,
        37,
        83,
        68,
        30,
        84,
        69,
        43,
        74,
        58,
        31,
        93,
        82,
        54,
        97,
        79,
        40,
        95,
        85,
        63,
        80,
        69,
        40,
        95,
        79,
        60,
        102,
        87,
        50,
        73,
        64,
        26,
        89,
        67,
        32,
        95,
        83,
        50,
        86,
        65,
        46
      ]
    },
    {
      "margin": false,
      "index": 9,
      "file": null,
      "u": 0.0,
      "v": 0.369791657,
      "uw": 0.3333333,
      "vh": 0.260416657,
      "width": 533,
      "height": 533,
      "descriptor": [
        96,
        72,
        23,
        56,
        52,
        63,
        61,
        50,
        39,
        59,
        44,
        27,
        85,
        42,
        27,
        66,
        66,
        41,
        49,
        39,
        3,
        211,
        189,
        169,
        44,
        30,
        18,
        36,
        42,
        34,
        96,
        74,
        19,
        93,
        68,
        42,
        27,
        36,
        49,
        82,
        64,
        37,
        83,
        65,
        36,
        82,
        93,
        33
      ]
    },
    {
      "margin": false,
      "index": 10,
      "file": null,
      "u": 0.3333333,
      "v": 0.369791657,
      "uw": 0.3333333,
      "vh": 0.260416657,
      "width": 533,
      "height": 533,
      "descriptor": [
        81,
        76,
        62,
        129,
        118,
        66,
        81,
        68,
        33,
        129,
        64,
        38,
        132,
        108,
        42,
        78,
        92,
        91,
        93,
        88,
        62,
        104,
        63,
        29,
        175,
        142,
        63,
        151,
        154,
        130,
        99,
        87,
        68,
        89,
        85,
        62,
        131,
        121,
        92,
        111,
        112,
        88,
        116,
        109,
        90,
        104,
        97,
        76
      ]
    },
    {
      "margin": false,
      "index": 11,
      "file": null,
      "u": 0.6666666,
      "v": 0.369791657,
      "uw": 0.3333333,
      "vh": 0.260416657,
      "width": 533,
      "height": 533,
      "descriptor": [
        78,
        61,
        42,
        77,
        71,
        45,
        81,
        67,
        39,
        82,
        66,
        37,
        104,
        38,
        24,
        107,
        61,
        29,
        104,
        47,
        38,
        85,
        57,
        19,
        133,
        94,
        62,
        113,
        52,
        48,
        74,
        55,
        58,
        86,
        78,
        46,
        61,
        61,
        57,
        95,
        72,
        28,
        93,
        92,
        61,
        91,
        73,
        35
      ]
    },
    {
      "margin": false,
      "index": 12,
      "file": null,
      "u": 0.0,
      "v": 0.6302083,
      "uw": 0.3333333,
      "vh": 0.260416657,
      "width": 533,
      "height": 533,
      "descriptor": [
        52,
        44,
        42,
        99,
        91,
        77,
        105,
        69,
        24,
        105,
        102,
        65,
        58,
        50,
        38,
        104,
        80,
        32,
        138,
        114,
        54,
        151,
        118,
        41,
        50,
        47,
        25,
        141,
        109,
        50,
        138,
        107,
        41,
        134,
        118,
        73,
        85,
        60,
        24,
        85,
        78,
        50,
        80,
        64,
        49,
        134,
        124,
        93
      ]
    },
    {
      "margin": false,
      "index": 13,
      "file": null,
      "u": 0.3333333,
      "v": 0.6302083,
      "uw": 0.3333333,
      "vh": 0.260416657,
      "width": 533,
      "height": 533,
      "descriptor": [
        138,
        123,
        89,
        119,
        108,
        88,
        84,
        87,
        68,
        86,
        81,
        58,
        118,
        100,
        49,
        93,
        92,
        80,
        92,
        88,
        68,
        107,
        100,
        81,
        105,
        93,
        62,
        107,
        103,
        86,
        85,
        91,
        80,
        90,
        86,
        64,
        116,
        109,
        81,
        100,
        100,
        89,
        100,
        104,
        74,
        93,
        89,
        61
      ]
    },
    {
      "margin": false,
      "index": 14,
      "file": null,
      "u": 0.6666666,
      "v": 0.6302083,
      "uw": 0.3333333,
      "vh": 0.260416657,
      "width": 533,
      "height": 533,
      "descriptor": [
        109,
        80,
        30,
        119,
        95,
        57,
        75,
        65,
        46,
        111,
        93,
        51,
        107,
        96,
        74,
        80,
        78,
        66,
        68,
        50,
        18,
        77,
        66,
        57,
        87,
        80,
        47,
        70,
        56,
        35,
        80,
        66,
        44,
        96,
        80,
        56,
        88,
        87,
        66,
        98,
        73,
        32,
        76,
        62,
        46,
        86,
        71,
        52
      ]
    }
  ],
  "margins": [
    {
      "margin": true,
      "index": 0,
      "file": null,
      "u": 0.0,
      "v": 0.0,
      "uw": 0.3333333,
      "vh": 0.109375,
      "width": 533,
      "height": 224,
      "descriptor": null
    },
    {
      "margin": true,
      "index": 1,
      "file": null,
      "u": 0.0,