{
  "title": "CISÁR FRANTIŠEK I.",
  "author": "NEZNÁMY AUTOR",
  "year": "(1750 - 1760)",
  "id": "SNP-CDAACAAAAAABS3N",
  "width": 1600,
  "height": 2048,
  "file": "XI-0146_JPG_x001.webp",
  "tiles_x": 3,
  "tiles_y": 3,
  "offset_x": 0.0,
  "offset_y": 0.109375,
  "tiles": [
    {
      "margin": false,
      "index": 6,
      "file": null,
      "u": 0.0,
      "v": 0.109375,
      "uw": 0.3333333,
      "vh": 0.260416657,
      "width": 533,
      "height": 533,
      "descriptor": [
        67,
        63,
        54,
        39,
        32,
        19,
        43,
        33,
        14,
        28,
        28,
        17,
        41,
        36,
        30,
        27,
        22,
        7,
        23,
        22,
        8,
        43,
        40,
        32,
        22,
        31,
        14,
        38,
        40,
        32,
        31,
        30,
        18,
        29,
        35,
        24,
        40,
        39,
        30,
        27,
        26,
        15,
        48,
        41,
        28,
        41,
        42,
        30
      ]
    },
    {
      "margin": false,
      "index": 7,
      "file": null,
      "u": 0.3333333,
      "v": 0.109375,
      "uw": 0.3333333,
      "vh": 0.260416657,
      "width": 533,
      "height": 533,
      "descriptor": [
        37,
        34,
        22,
        57,
        56,
        38,
        69,
        64,
        47,
        56,
        53,
        43,
        139,
        135,
        112,
        206,
        173,
        130,
        200,
        157,
        126,
        81,
        74,
        49,
        147,
        146,
        129,
        178,
        145,
        114,
        111,
        90,
        67,
        93,
        88,
        56,
        70,
        54,
        44,
        163,
        122,
        98,
        120,
        57,
        44,
        91,
        84,
        59
      ]
    },
    {
      "margin": false,
      "index": 8,
      "file": null,
      "u": 0.6666666,
      "v": 0.109375,
      "uw": 0.3333333,
      "vh": 0.260416657,
      "width": 533,
      "height": 533,
      "descriptor": [
        42,
        42,
        19,
        40,
        43,
        33,
        36,
        35,
        25,
        34,
        32,
        19,
        56,
        51,
        35,
        42,
        43,
        28,
        45,
        40,
        28,
        41,
        41,
        32,
        59,
        57,
        39,
        46,
        45,
        32,
        42,
        42,
        32,
        44,
        39,
        29,
        63,
        55,
        41,
        52,
        49,
        32,
        30,
        34,
        23,
        35,
        33,
        25
      ]
    },
    {
      "margin": false,
      "index": 9,
      "file": null,
      "u": 0.0,
      "v": 0.369791657,
      "uw": 0.3333333,
      "vh": 0.260416657,
      "width": 533,
      "height": 533,
      "descriptor": [
        42,
        40,
        36,
        33,
        32,
        23,
        35,
        42,
        30,
        38,
        41,
        33,
        34,
        33,
        26,
        35,
        32,
        26,
        120,
        103,
        81,
        88,
        58,
        36,
        36,
        39,
        29,
        33,
        29,
        12,
        102,
        77,
        42,
        90,
        69,
        45,
        45,
        49,
        44,
        49,
        42,
        31,
        129,
        94,
        31,
        85,
        60,
        28
      ]
    },
    {
      "margin": false,
      "index": 10,
      "file": null,
      "u": 0.3333333,
      "v": 0.369791657,
      "uw": 0.3333333,
      "vh": 0.260416657,
      "width": 533,
      "height": 533,
      "descriptor": [
        74,
        60,
        39,
        123,
        125,
        111,
        87,
        94,
        81,
        75,
        71,
        54,
        98,
        76,
        41,
        137,
        73,
        45,
        99,
        93,
        83,
        64,
        58,
        46,
        160,
        117,
        34,
        122,
        119,
        108,
        131,
        67,
        49,
        91,
        92,
        88,
        61,
        42,
        21,
        141,
        138,
        123,
        155,
        149,
        125,
        85,
        66,
        53
      ]
    },
    {
      "margin": false,
      "index": 11,
      "file": null,
      "u": 0.6666666,
      "v": 0.369791657,
      "uw": 0.3333333,
      "vh": 0.260416657,
      "width": 533,
      "height": 533,
      "descriptor": [
        52,
        47,
        32,
        53,
        54,
        45,
        34,
        35,
        23,
        37,
        31,
        19,
        46,
        45,
        31,
        56,
        56,
        45,
        39,
        39,
        29,
        36,
        30,
        16,
        69,
        47,
        21,
        58,
        52,
        42,
        178,
        125,
        101,
        76,
        53,
        37,
        59,
        42,
        27,
        32,
        39,
        33,
        105,
        94,
        66,
        31,
        33,
        24
      ]
    },
    {
      "margin": false,
      "index": 12,
      "file": null,
      "u": 0.0,
      "v": 0.6302083,
      "uw": 0.3333333,
      "vh": 0.260416657,
      "width": 533,
      "height": 533,
      "descriptor": [
        99,
        74,
        30,
        36,
        39,
        32,
        130,
        95,
        29,
        104,
        77,
        26,
        102,
        70,
        38,
        72,
        53,
        31,
        73,
        49,
        15,
        98,
        91,
        69,
        94,
        64,
        43,
        149,
        123,
        73,
        40,
        68,
        71,
        19,
        31,
        33,
        95,
        83,
        39,
        45,
        84,
        97,
        81,
        51,
        17,
        93,
        61,
        21
      ]
    },
    {
      "margin": false,
      "index": 13,
      "file": null,
      "u": 0.3333333,
      "v": 0.6302083,
      "uw": 0.3333333,
      "vh": 0.260416657,
      "width": 533,
      "height": 533,
      "descriptor": [
        109,
        82,
        37,
        114,
        90,
        32,
        88,
        71,
        40,
        80,
        63,
        57,
        20,
        26,
        31,
        87,
        65,
        28,
        84,
        65,
        38,
        42,
        50,
        52,
        61,
        42,
        27,
        57,
        39,
        20,
        97,
        69,
        42,
        78,
        69,
        64,
        65,
        41,
        3,
        60,
        50,
        31,
        104,
        78,
        36,
        45,
        37,
        27
      ]
    },
    {
      "margin": false,
      "index": 14,
      "file": null,
      "u": 0.6666666,
      "v": 0.6302083,
      "uw": 0.3333333,
      "vh": 0.260416657,
      "width": 533,
      "height": 533,
      "descriptor": [
        40,
        46,
        40,
        26,
        31,
        25,
        28,
        57,
        55,
        74,
        60,
        34,
        55,
        49,
        38,
        42,
        51,
        52,
        95,
        72,
        15,
        96,
        67,
        35,
        47,
        42,
        34,
        20,
        26,
        20,
        73,
        56,
        33,
        99,
        30,
        19,
        64,
        52,
        32,
        26,
        30,
        20,
        81,
        63,
        46,
        86,
        37,
        27
      ]
    }
  ],
  "margins": [
    {
      "margin": true,
      "index": 0,
      "file": null,
      "u": 0.0,
      "v": 0.0,
      "uw": 0.3333333,
      "vh": 0.109375,
      "width": 533,
      "height": 224,
      "descriptor": null
    },
    {
      "margin": true,
      "index": 1,
      "file": null,
      "u": 0.0,
      "v": 0.890625,
      "uw": 0.3333333,