{
  "title": "FERDINAND WARTENSLEBEN",
  "author": "NEZNÁMY AUTOR",
  "year": "(1805 - 1815)",
  "id": "SNP-CDAACAAAAAABT5V",
  "width": 1600,
  "height": 2048,
  "file": "XI-0161_JPG_x001.webp",
  "tiles_x": 3,
  "tiles_y": 3,
  "offset_x": 0.0,
  "offset_y": 0.109375,
  "tiles": [
    {
      "margin": false,
      "index": 6,
      "file": null,
      "u": 0.0,
      "v": 0.109375,
      "uw": 0.3333333,
      "vh": 0.260416657,
      "width": 533,
      "height": 533,
      "descriptor": [
        72,
        64,
        42,
        70,
        65,
        50,
        78,
        71,
        56,
        76,
        69,
        53,
        87,
        75,
        58,
        74,
        69,
        48,
        84,
        72,
        54,
        79,
        71,
        53,
        77,
        72,
        61,
        93,
        74,
        42,
        84,
        70,
        42,
        76,
        74,
        63,
        77,
        73,
        59,
        109,
        72,
        37,
        95,
        74,
        44,
        64,
        55,
        41
      ]
    },
    {
      "margin": false,
      "index": 7,
      "file": null,
      "u": 0.3333333,
      "v": 0.109375,
      "uw": 0.3333333,
      "vh": 0.260416657,
      "width": 533,
      "height": 533,
      "descriptor": [
        70,
        62,
        47,
        72,
        64,
        44,
        58,
        66,
        47,
        42,
        49,
        37,
        71,
        67,
        50,
        64,
        59,
        53,
        41,
        47,
        44,
        35,
        42,
        31,
        70,
        65,
        55,
        176,
        115,
        56,
        124,
        79,
        39,
        42,
        49,
        35,
        64,
        55,
        42,
        169,
        111,
        69,
        84,
        65,
        46,
        65,
        51,
        41
      ]
    },
    {
      "margin": false,
      "index": 8,
      "file": null,
      "u": 0.6666666,
      "v": 0.109375,
      "uw": 0.3333333,
      "vh": 0.260416657,
      "width": 533,
      "height": 533,
      "descriptor": [
        188,
        155,
        28,
        62,
        69,
        56,
        38,
        45,
        38,
        33,
        37,
        30,
        49,
        64,
        47,
        61,
        66,
        50,
        28,
        31,
        24,
        28,
        32,
        27,
        38,
        48,
        37,
        20,
        36,
        24,
        36,
        41,
        33,
        31,
        40,
        34,
        40,
        50,
        37,
        26,
        34,
        24,
        22,
        26,
        17,
        25,
        24,
        20
      ]
    },
    {
      "margin": false,
      "index": 9,
      "file": null,
      "u": 0.0,
      "v": 0.369791657,
      "uw": 0.3333333,
      "vh": 0.260416657,
      "width": 533,
      "height": 533,
      "descriptor": [
        84,
        61,
        35,
        118,
        84,
        49,
        66,
        50,
        32,
        54,
        48,
        37,
        84,
        87,
        81,
        61,
        52,
        41,
        58,
        51,
        39,
        161,
        64,
        29,
        132,
        136,
        128,
        66,
        56,
        43,
        60,
        53,
        42,
        163,
        66,
        34,
        109,
        107,
        94,
        61,
        51,
        43,
        57,
        50,
        44,
        153,
        61,
        31
      ]
    },
    {
      "margin": false,
      "index": 10,
      "file": null,
      "u": 0.3333333,
      "v": 0.369791657,
      "uw": 0.3333333,
      "vh": 0.260416657,
      "width": 533,
      "height": 533,
      "descriptor": [
        134,
        72,
        37,
        48,
        47,
        43,
        105,
        59,
        35,
        155,
        66,
        31,
        168,
        112,
        31,
        96,
        58,
        27,
        219,
        199,
        147,
        150,
        93,
        32,
        92,
        59,
        37,
        90,
        59,
        41,
        74,
        61,
        41,
        91,
        55,
        33,
        119,
        74,
        24,
        113,
        64,
        26,
        139,
        77,
        30,
        67,
        49,
        41
      ]
    },
    {
      "margin": false,
      "index": 11,
      "file": null,
      "u": 0.6666666,
      "v": 0.369791657,
      "uw": 0.3333333,
      "vh": 0.260416657,
      "width": 533,
      "height": 533,
      "descriptor": [
        34,
        30,
        26,
        42,
        46,
        36,
        33,
        37,
        31,
        51,
        55,
        53,
        61,
        48,
        39,
        68,
        45,
        38,
        27,
        30,
        23,
        37,
        41,
        36,
        126,
        77,
        20,
        190,
        169,
        102,
        43,
        49,
        32,
        49,
        55,
        51,
        126,
        77,
        23,
        123,
        85,
        31,
        204,
        163,
        70,
        41,
        47,
        39
      ]
    },
    {
      "margin": false,
      "index": 12,
      "file": null,
      "u": 0.0,
      "v": 0.6302083,
      "uw": 0.3333333,
      "vh": 0.260416657,
      "width": 533,
      "height": 533,
      "descriptor": [
        83,
        60,
        43,
        100,
        51,
        33,
        169,
        69,
        36,
        143,
        64,
        42,
        95,
        63,
        31,
        77,
        55,
        38,
        170,
        66,
        35,
        89,
        55,
        36,
        77,
        56,
        45,
        56,
        52,
        45,
        165,
        70,
        33,
        76,
        54,
        36,
        122,
        90,
        40,
        187,
        156,
        87,
        156,
        102,
        34,
        139,
        118,
        79
      ]
    },
    {
      "margin": false,
      "index": 13,
      "file": null,
      "u": 0.3333333,
      "v": 0.6302083,
      "uw": 0.3333333,
      "vh": 0.260416657,
      "width": 533,
      "height": 533,
      "descriptor": [
        134,
        82,
        39,
        148,
        96,
        26,
        144,
        89,
        40,
        79,
        57,
        37,
        112,
        69,
        43,
        145,
        96,
        34,
        94,
        73,
        55,
        111,
        79,
        36,
        146,
        89,
        30,
        198,
        157,
        62,
        104,
        62,
        35,
        97,
        66,
        37,
        169,
        64,
        31,
        157,
        104,
        36,
        160,
        59,
        30,
        120,
        48,
        29
      ]
    },
    {
      "margin": false,
      "index": 14,
      "file": null,
      "u": 0.6666666,
      "v": 0.6302083,
      "uw": 0.3333333,
      "vh": 0.260416657,
      "width": 533,
      "height": 533,
      "descriptor": [
        119,
        81,
        37,
        202,
        175,
        117,
        176,
        157,
        101,
        40,
        46,
        42,
        185,
        143,
        51,
        172,
        157,
        97,
        150,
        134,
        86,
        41,
        46,
        40,
        81,
        54,
        31,
        93,
        71,
        31,
        133,
        118,
        73,
        72,
        71,
        49,
        72,
        53,
        37,
        48,
        46,
        38,
        129,
        92,
        55,
        77,
        76,
        56
      ]
    }
  ],
  "margins": [
    {
      "margin": true,
      "index": 0,
      "file": null,
      "u": 0.0,
      "v": 0.0,
      "uw": 0.3333333,
      "vh": 0.109375,
      "width": 533,
      "height": 224,
      "descriptor": null
    },
    {
      "margin": true,
      "index": 1,
      "file": null,
      "u": 0.0,
      "v": 0.890625,