{
  "title": "BITKA S TURKAMI",
  "author": "NEZNÁMY AUTOR",
  "year": "(1700 - 1800)",
  "id": "SNP-CDAACAAAAAACO3Z",
  "width": 2048,
  "height": 1088,
  "file": "XI-0305_JPG_x001.webp",
  "tiles_x": 5,
  "tiles_y": 3,
  "offset_x": 0.0572916865,
  "offset_y": 0.0,
  "tiles": [
    {
      "margin": false,
      "index": 6,
      "file": null,
      "u": 0.0572916865,
      "v": 0.0,
      "uw": 0.177083328,
      "vh": 0.3333333,
      "width": 362,
      "height": 362,
      "descriptor": [
        103,
        109,
        94,
        75,
        92,
        78,
        77,
        95,
        96,
        99,
        107,
        100,
        82,
        57,
        37,
        145,
        114,
        70,
        167,
        137,
        96,
        164,
        147,
        106,
        118,
        101,
        77,
        120,
        100,
        68,
        52,
        58,
        40,
        91,
        80,
        55,
        79,
        78,
        53,
        80,
        63,
        24,
        116,
        83,
        50,
        61,
        40,
        21
      ]
    },
    {
      "margin": false,
      "index": 7,
      "file": null,
      "u": 0.234375015,
      "v": 0.0,
      "uw": 0.177083328,
      "vh": 0.3333333,
      "width": 362,
      "height": 362,
      "descriptor": [
        60,
        81,
        92,
        79,
        66,
        38,
        79,
        77,
        65,
        86,
        89,
        89,
        109,
        119,
        103,
        79,
        76,
        52,
        102,
        96,
        85,
        111,
        104,
        88,
        162,
        128,
        71,
        130,
        101,
        56,
        166,
        132,
        95,
        122,
        103,
        73,
        104,
        89,
        70,
        75,
        60,
        40,
        76,
        58,
        38,
        76,
        73,
        60
      ]
    },
    {
      "margin": false,
      "index": 8,
      "file": null,
      "u": 0.411458343,
      "v": 0.0,
      "uw": 0.177083328,
      "vh": 0.3333333,
      "width": 362,
      "height": 362,
      "descriptor": [
        70,
        94,
        92,
        93,
        97,
        82,
        80,
        84,
        86,
        83,
        87,
        75,
        80,
        69,
        51,
        89,
        76,
        71,
        91,
        98,
        97,
        77,
        67,
        51,
        124,
        115,
        88,
        85,
        77,
        59,
        104,
        94,
        75,
        61,
        50,
        38,
        101,
        84,
        64,
        96,
        73,
        61,
        89,
        84,
        48,
        77,
        63,
        47
      ]
    },
    {
      "margin": false,
      "index": 9,
      "file": null,
      "u": 0.5885417,
      "v": 0.0,
      "uw": 0.177083328,
      "vh": 0.3333333,
      "width": 362,
      "height": 362,
      "descriptor": [
        74,
        76,
        76,
        63,
        72,
        66,
        66,
        72,
        65,
        57,
        75,
        77,
        112,
        95,
        58,
        77,
        67,
        52,
        75,
        63,
        54,
        62,
        61,
        55,
        87,
        82,
        62,
        80,
        69,
        54,
        66,
        44,
        28,
        100,
        93,
        68,
        74,
        51,
        39,
        82,
        61,
        41,
        72,
        57,
        43,
        91,
        82,
        43
      ]
    },
    {
      "margin": false,
      "index": 10,
      "file": null,
      "u": 0.765625,
      "v": 0.0,
      "uw": 0.177083328,
      "vh": 0.3333333,
      "width": 362,
      "height": 362,
      "descriptor": [
        82,
        100,
        94,
        65,
        81,
        84,
        73,
        77,
        71,
        92,
        99,
        94,
        121,
        104,
        77,
        88,
        88,
        72,
        88,
        96,
        86,
        133,
        126,
        98,
        130,
        115,
        81,
        141,
        117,
        74,
        133,
        115,
        89,
        98,
        121,
        107,
        81,
        85,
        76,
        73,
        84,
        80,
        124,
        79,
        48,
        69,
        73,
        58
      ]
    },
    {
      "margin": false,
      "index": 11,
      "file": null,
      "u": 0.0572916865,
      "v": 0.3333333,
      "uw": 0.177083328,
      "vh": 0.3333333,
      "width": 362,
      "height": 362,
      "descriptor": [
        117,
        78,
        39,
        95,
        78,
        48,
        48,
        49,
        42,
        75,
        58,
        42,
        128,
        107,
        78,
        76,
        65,
        48,
        56,
        51,
        39,
        87,
        79,
        59,
        46,
        48,
        33,
        82,
        71,
        56,
        62,
        50,
        24,
        164,
        135,
        107,
        56,
        49,
        31,
        166,
        125,
        83,
        58,
        41,
        33,
        60,
        47,
        37
      ]
    },
    {
      "margin": false,
      "index": 12,
      "file": null,
      "u": 0.234375015,
      "v": 0.3333333,
      "uw": 0.177083328,
      "vh": 0.3333333,
      "width": 362,
      "height": 362,
      "descriptor": [
        86,
        82,
        69,
        91,
        79,
        49,
        40,
        37,
        24,
        48,
        39,
        33,
        90,
        57,
        41,
        38,
        36,
        31,
        32,
        31,
        25,
        81,
        55,
        41,
        48,
        39,
        27,
        84,
        59,
        44,
        64,
        50,
        49,
        117,
        102,
        73,
        50,
        42,
        32,
        120,
        91,
        53,
        160,
        139,
        109,
        82,
        55,
        33
      ]
    },
    {
      "margin": false,
      "index": 13,
      "file": null,
      "u": 0.411458343,
      "v": 0.3333333,
      "uw": 0.177083328,
      "vh": 0.3333333,
      "width": 362,
      "height": 362,
      "descriptor": [
        47,
        39,
        31,
        79,
        64,
        22,
        70,
        47,
        32,
        41,
        41,
        38,
        103,
        94,
        65,
        101,
        68,
        49,
        47,
        36,
        19,
        44,
        36,
        27,
        80,
        44,
        24,
        74,
        71,
        40,
        50,
        43,
        34,
        51,
        53,
        53,
        39,
        39,
        34,
        43,
        31,
        23,
        45,
        49,
        49,
        29,
        32,
        28
      ]
    },
    {
      "margin": false,
      "index": 14,
      "file": null,
      "u": 0.5885417,
      "v": 0.3333333,
      "uw": 0.177083328,
      "vh": 0.3333333,
      "width": 362,
      "height": 362,
      "descriptor": [
        66,
        50,
        31,
        89,
        60,
        34,
        97,
        59,
        37,
        111,
        86,
        58,
        120,
        103,
        70,
        101,
        65,
        39,
        106,
        64,
        37,
        106,
        84,
        59,
        88,
        65,
        35,
        102,
        76,
        35,
        104,
        84,
        50,
        85,
        52,
        31,
        74,
        58,
        48,
        100,
        76,
        47,
        132,
        78,
        55,
        25,
        46,
        48
      ]
    },
    {
      "margin": false,
      "index": 15,
      "file": null,
      "u": 0.765625,
      "v": 0.3333333,
      "uw": 0.177083328,
      "vh": 0.3333333,
      "width": 362,
      "height": 362,