{
  "title": "MÁRIA ANTÓNIA KOLLONITZOVÁ",
  "author": "NEZNÁMY AUTOR",
  "year": "(1830 - 1860)",
  "id": "SNP-CDAACAAAAAABT6Q",
  "width": 1664,
  "height": 2048,
  "file": "XI-0035_JPG_x001.webp",
  "tiles_x": 3,
  "tiles_y": 3,
  "offset_x": 0.0,
  "offset_y": 0.09375,
  "tiles": [
    {
      "margin": false,
      "index": 6,
      "file": null,
      "u": 0.0,
      "v": 0.09375,
      "uw": 0.333333343,
      "vh": 0.270833343,
      "width": 554,
      "height": 554,
      "descriptor": [
        57,
        58,
        52,
        47,
        49,
        42,
        46,
        48,
        32,
        59,
        56,
        46,
        62,
        64,
        56,
        49,
        56,
        48,
        49,
        52,
        44,
        83,
        83,
        69,
        63,
        66,
        60,
        51,
        53,
        43,
        66,
        62,
        56,
        63,
        61,
        50,
        70,
        70,
        61,
        61,
        61,
        51,
        63,
        65,
        56,
        58,
        58,
        46
      ]
    },
    {
      "margin": false,
      "index": 7,
      "file": null,
      "u": 0.333333343,
      "v": 0.09375,
      "uw": 0.333333343,
      "vh": 0.270833343,
      "width": 554,
      "height": 554,
      "descriptor": [
        66,
        67,
        59,
        125,
        132,
        119,
        31,
        46,
        45,
        76,
        77,
        60,
        119,
        129,
        117,
        143,
        151,
        142,
        145,
        133,
        109,
        87,
        85,
        71,
        94,
        91,
        79,
        113,
        91,
        62,
        105,
        72,
        52,
        100,
        98,
        77,
        84,
        83,
        68,
        197,
        142,
        127,
        99,
        65,
        48,
        100,
        99,
        75
      ]
    },
    {
      "margin": false,
      "index": 8,
      "file": null,
      "u": 0.6666667,
      "v": 0.09375,
      "uw": 0.333333343,
      "vh": 0.270833343,
      "width": 554,
      "height": 554,
      "descriptor": [
        75,
        73,
        59,
        91,
        91,
        78,
        61,
        60,
        47,
        70,
        63,
        49,
        155,
        128,
        57,
        207,
        209,
        188,
        42,
        42,
        37,
        72,
        72,
        63,
        94,
        92,
        64,
        34,
        39,
        38,
        89,
        90,
        79,
        83,
        81,
        72,
        92,
        93,
        75,
        98,
        96,
        84,
        83,
        83,
        70,
        71,
        73,
        60
      ]
    },
    {
      "margin": false,
      "index": 9,
      "file": null,
      "u": 0.0,
      "v": 0.364583343,
      "uw": 0.333333343,
      "vh": 0.270833343,
      "width": 554,
      "height": 554,
      "descriptor": [
        70,
        69,
        59,
        54,
        58,
        49,
        64,
        62,
        51,
        60,
        58,
        43,
        55,
        55,
        46,
        63,
        62,
        52,
        66,
        66,
        54,
        71,
        70,
        57,
        59,
        57,
        47,
        58,
        61,
        49,
        57,
        58,
        50,
        72,
        70,
        61,
        63,
        62,
        52,
        65,
        65,
        55,
        67,
        63,
        55,
        36,
        49,
        49
      ]
    },
    {
      "margin": false,
      "index": 10,
      "file": null,
      "u": 0.333333343,
      "v": 0.364583343,
      "uw": 0.333333343,
      "vh": 0.270833343,
      "width": 554,
      "height": 554,
      "descriptor": [
        73,
        69,
        59,
        176,
        151,
        128,
        99,
        86,
        71,
        96,
        100,
        79,
        29,
        45,
        41,
        61,
        85,
        74,
        29,
        48,
        44,
        47,
        59,
        55,
        29,
        41,
        41,
        36,
        59,
        68,
        39,
        60,
        74,
        28,
        51,
        58,
        50,
        40,
        54,
        60,
        76,
        82,
        60,
        74,
        86,
        41,
        49,
        45
      ]
    },
    {
      "margin": false,
      "index": 11,
      "file": null,
      "u": 0.6666667,
      "v": 0.364583343,
      "uw": 0.333333343,
      "vh": 0.270833343,
      "width": 554,
      "height": 554,
      "descriptor": [
        107,
        110,
        96,
        87,
        85,
        64,
        76,
        78,
        64,
        73,
        75,
        62,
        100,
        101,
        79,
        88,
        88,
        69,
        72,
        75,
        63,
        69,
        70,
        57,
        58,
        67,
        64,
        93,
        96,
        78,
        92,
        96,
        84,
        70,
        73,
        63,
        41,
        60,
        71,
        101,
        104,
        84,
        68,
        72,
        58,
        78,
        79,
        74
      ]
    },
    {
      "margin": false,
      "index": 12,
      "file": null,
      "u": 0.0,
      "v": 0.6354167,
      "uw": 0.333333343,
      "vh": 0.270833343,
      "width": 554,
      "height": 554,
      "descriptor": [
        66,
        67,
        57,
        84,
        82,
        70,
        52,
        52,
        40,
        39,
        47,
        39,
        83,
        78,
        66,
        57,
        57,
        48,
        25,
        52,
        60,
        30,
        40,
        38,
        44,
        46,
        37,
        33,
        49,
        51,
        31,
        45,
        41,
        68,
        67,
        58,
        16,
        46,
        46,
        27,
        42,
        39,
        38,
        45,
        43,
        47,
        51,
        45
      ]
    },
    {
      "margin": false,
      "index": 13,
      "file": null,
      "u": 0.333333343,
      "v": 0.6354167,
      "uw": 0.333333343,
      "vh": 0.270833343,
      "width": 554,
      "height": 554,
      "descriptor": [
        51,
        57,
        52,
        32,
        42,
        46,
        46,
        51,
        47,
        37,
        42,
        32,
        40,
        51,
        47,
        30,
        50,
        48,
        56,
        61,
        56,
        24,
        40,
        38,
        66,
        66,
        58,
        39,
        55,
        55,
        42,
        63,
        67,
        15,
        42,
        37,
        46,
        53,
        52,
        158,
        80,
        76,
        38,
        47,
        44,
        36,
        45,
        45
      ]
    },
    {
      "margin": false,
      "index": 14,
      "file": null,
      "u": 0.6666667,
      "v": 0.6354167,
      "uw": 0.333333343,
      "vh": 0.270833343,
      "width": 554,
      "height": 554,
      "descriptor": [
        15,
        63,
        73,
        106,
        104,
        81,
        79,
        78,
        69,
        72,
        68,
        61,
        20,
        50,
        52,
        21,
        39,
        37,
        51,
        56,
        50,
        61,
        62,
        53,
        30,
        54,
        58,
        48,
        58,
        59,
        38,
        56,
        64,
        73,
        66,
        57,
        66,
        70,
        62,
        27,
        55,
        64,
        38,
        39,
        30,
        67,
        63,
        56
      ]
    }
  ],
  "margins": [
    {
      "margin": true,
      "index": 0,
      "file": null,
      "u": 0.0,
      "v": 0.0,
      "uw": 0.333333343,
      "vh": 0.09375,
      "width": 554,
      "height": 192,
      "descriptor": null
    },
    {
      "margin": true,
      "index": 1,
      "file": null,
      "u": 0.0,
      "v": 0.90625,