{
  "title": "ZÁTIŠIE S OVOCÍM A ČERNOŠKOM",
  "author": "NEZNÁMY AUTOR",
  "year": "(1710 - 1750)",
  "id": "SNP-039376575XXBOJ000XI004700000",
  "width": 2048,
  "height": 1408,
  "file": "XI-0047_JPG_x001.webp",
  "tiles_x": 4,
  "tiles_y": 3,
  "offset_x": 0.0416666567,
  "offset_y": 0.0,
  "tiles": [
    {
      "margin": false,
      "index": 6,
      "file": null,
      "u": 0.0416666567,
      "v": 0.0,
      "uw": 0.229166672,
      "vh": 0.333333343,
      "width": 469,
      "height": 469,
      "descriptor": [
        40,
        34,
        29,
        55,
        53,
        50,
        47,
        43,
        41,
        47,
        41,
        39,
        42,
        36,
        33,
        49,
        47,
        38,
        65,
        47,
        39,
        47,
        43,
        38,
        129,
        103,
        72,
        57,
        47,
        40,
        86,
        81,
        74,
        49,
        43,
        40,
        39,
        37,
        34,
        57,
        56,
        56,
        38,
        36,
        33,
        46,
        45,
        43
      ]
    },
    {
      "margin": false,
      "index": 7,
      "file": null,
      "u": 0.2708333,
      "v": 0.0,
      "uw": 0.229166672,
      "vh": 0.333333343,
      "width": 469,
      "height": 469,
      "descriptor": [
        34,
        29,
        26,
        65,
        61,
        61,
        51,
        48,
        46,
        96,
        93,
        86,
        41,
        39,
        36,
        61,
        55,
        52,
        34,
        33,
        29,
        71,
        62,
        50,
        52,
        43,
        36,
        50,
        43,
        38,
        39,
        38,
        33,
        77,
        74,
        64,
        47,
        43,
        38,
        60,
        47,
        36,
        89,
        88,
        73,
        66,
        64,
        56
      ]
    },
    {
      "margin": false,
      "index": 8,
      "file": null,
      "u": 0.5,
      "v": 0.0,
      "uw": 0.229166672,
      "vh": 0.333333343,
      "width": 469,
      "height": 469,
      "descriptor": [
        89,
        87,
        73,
        87,
        85,
        76,
        93,
        91,
        77,
        84,
        79,
        65,
        85,
        79,
        68,
        85,
        82,
        75,
        77,
        83,
        77,
        78,
        71,
        56,
        76,
        79,
        70,
        91,
        90,
        86,
        75,
        73,
        63,
        63,
        61,
        59,
        73,
        64,
        54,
        50,
        49,
        48,
        52,
        51,
        51,
        54,
        54,
        51
      ]
    },
    {
      "margin": false,
      "index": 9,
      "file": null,
      "u": 0.7291666,
      "v": 0.0,
      "uw": 0.229166672,
      "vh": 0.333333343,
      "width": 469,
      "height": 469,
      "descriptor": [
        89,
        76,
        64,
        80,
        80,
        74,
        78,
        79,
        70,
        84,
        82,
        75,
        83,
        85,
        77,
        98,
        107,
        101,
        91,
        94,
        88,
        115,
        118,
        108,
        80,
        81,
        79,
        46,
        46,
        48,
        71,
        62,
        54,
        82,
        83,
        67,
        63,
        61,
        59,
        54,
        55,
        56,
        90,
        102,
        99,
        81,
        81,
        78
      ]
    },
    {
      "margin": false,
      "index": 10,
      "file": null,
      "u": 0.0416666567,
      "v": 0.333333343,
      "uw": 0.229166672,
      "vh": 0.333333343,
      "width": 469,
      "height": 469,
      "descriptor": [
        57,
        52,
        48,
        46,
        45,
        40,
        39,
        37,
        35,
        46,
        45,
        45,
        95,
        82,
        65,
        73,
        67,
        64,
        87,
        81,
        78,
        109,
        81,
        66,
        49,
        46,
        43,
        40,
        37,
        36,
        74,
        79,
        73,
        141,
        124,
        100,
        48,
        48,
        40,
        46,
        45,
        42,
        63,
        62,
        60,
        89,
        71,
        60
      ]
    },
    {
      "margin": false,
      "index": 11,
      "file": null,
      "u": 0.2708333,
      "v": 0.333333343,
      "uw": 0.229166672,
      "vh": 0.333333343,
      "width": 469,
      "height": 469,
      "descriptor": [
        94,
        69,
        57,
        59,
        58,
        55,
        95,
        91,
        74,
        70,
        67,
        58,
        102,
        97,
        79,
        85,
        59,
        51,
        83,
        58,
        49,
        73,
        67,
        60,
        56,
        49,
        46,
        113,
        96,
        77,
        43,
        42,
        42,
        96,
        86,
        76,
        81,
        58,
        49,
        91,
        74,
        59,
        47,
        42,
        38,
        114,
        97,
        73
      ]
    },
    {
      "margin": false,
      "index": 12,
      "file": null,
      "u": 0.5,
      "v": 0.333333343,
      "uw": 0.229166672,
      "vh": 0.333333343,
      "width": 469,
      "height": 469,
      "descriptor": [
        51,
        48,
        45,
        76,
        61,
        50,
        68,
        60,
        58,
        63,
        51,
        46,
        57,
        50,
        47,
        69,
        62,
        57,
        71,
        55,
        51,
        56,
        50,
        49,
        78,
        55,
        46,
        68,
        56,
        47,
        72,
        58,
        54,
        71,
        50,
        40,
        70,
        62,
        52,
        74,
        62,
        55,
        130,
        101,
        86,
        124,
        96,
        78
      ]
    },
    {
      "margin": false,
      "index": 13,
      "file": null,
      "u": 0.7291666,
      "v": 0.333333343,
      "uw": 0.229166672,
      "vh": 0.333333343,
      "width": 469,
      "height": 469,
      "descriptor": [
        86,
        65,
        52,
        49,
        47,
        47,
        127,
        109,
        78,
        71,
        59,
        53,
        67,
        53,
        42,
        133,
        109,
        78,
        53,
        51,
        48,
        68,
        53,
        49,
        42,
        38,
        36,
        86,
        65,
        50,
        91,
        63,
        45,
        114,
        96,
        76,
        59,
        46,
        37,
        73,
        59,
        48,
        107,
        79,
        60,
        65,
        56,
        52
      ]
    },
    {
      "margin": false,
      "index": 14,
      "file": null,
      "u": 0.0416666567,
      "v": 0.6666667,
      "uw": 0.229166672,
      "vh": 0.333333343,
      "width": 469,
      "height": 469,
      "descriptor": [
        52,
        49,
        47,
        45,
        44,
        41,
        102,
        84,
        70,
        100,
        72,
        56,
        63,
        60,
        60,
        117,
        102,
        80,
        43,
        38,
        34,
        111,
        88,
        72,
        129,
        116,
        91,
        80,
        59,
        49,
        76,
        64,
        52,
        93,
        79,
        64,
        51,
        48,
        47,
        53,
        52,
        47,
        64,
        61,
        59,
        35,
        30,
        27
      ]
    },
    {
      "margin": false,
      "index": 15,
      "file": null,
      "u": 0.2708333,
      "v": 0.6666667,
      "uw": 0.229166672,
      "vh": 0.333333343,
      "width": 469,
      "height": 469,