{
  "title": "JÁN HENRICH KOLLONITZ",
  "author": "NEZNÁMY AUTOR",
  "year": "(1800 - 1850)",
  "id": "SNP-CDAACAAAAAABT7U",
  "width": 1600,
  "height": 2048,
  "file": "XI-0034_JPG_x001.webp",
  "tiles_x": 3,
  "tiles_y": 3,
  "offset_x": 0.0,
  "offset_y": 0.109375,
  "tiles": [
    {
      "margin": false,
      "index": 6,
      "file": null,
      "u": 0.0,
      "v": 0.109375,
      "uw": 0.3333333,
      "vh": 0.260416657,
      "width": 533,
      "height": 533,
      "descriptor": [
        42,
        46,
        40,
        47,
        53,
        46,
        41,
        48,
        37,
        48,
        53,
        46,
        46,
        51,
        44,
        50,
        54,
        48,
        38,
        45,
        38,
        61,
        57,
        49,
        48,
        52,
        44,
        43,
        50,
        44,
        51,
        54,
        49,
        99,
        92,
        73,
        46,
        48,
        42,
        45,
        49,
        41,
        42,
        45,
        40,
        77,
        68,
        44
      ]
    },
    {
      "margin": false,
      "index": 7,
      "file": null,
      "u": 0.3333333,
      "v": 0.109375,
      "uw": 0.3333333,
      "vh": 0.260416657,
      "width": 533,
      "height": 533,
      "descriptor": [
        80,
        74,
        58,
        69,
        58,
        45,
        49,
        41,
        38,
        63,
        63,
        54,
        90,
        84,
        55,
        81,
        72,
        53,
        91,
        74,
        50,
        110,
        102,
        78,
        91,
        83,
        56,
        167,
        125,
        94,
        174,
        123,
        91,
        108,
        98,
        73,
        89,
        78,
        50,
        46,
        45,
        39,
        145,
        108,
        78,
        75,
        55,
        38
      ]
    },
    {
      "margin": false,
      "index": 8,
      "file": null,
      "u": 0.6666666,
      "v": 0.109375,
      "uw": 0.3333333,
      "vh": 0.260416657,
      "width": 533,
      "height": 533,
      "descriptor": [
        42,
        45,
        37,
        47,
        51,
        41,
        140,
        145,
        130,
        49,
        52,
        46,
        44,
        49,
        42,
        134,
        66,
        52,
        139,
        57,
        43,
        48,
        51,
        44,
        63,
        63,
        54,
        57,
        59,
        54,
        50,
        52,
        46,
        61,
        57,
        54,
        48,
        52,
        44,
        49,
        52,
        43,
        47,
        48,
        41,
        47,
        51,
        44
      ]
    },
    {
      "margin": false,
      "index": 9,
      "file": null,
      "u": 0.0,
      "v": 0.369791657,
      "uw": 0.3333333,
      "vh": 0.260416657,
      "width": 533,
      "height": 533,
      "descriptor": [
        41,
        44,
        38,
        37,
        44,
        37,
        38,
        42,
        36,
        75,
        69,
        52,
        56,
        53,
        46,
        49,
        51,
        42,
        42,
        42,
        34,
        77,
        72,
        58,
        48,
        51,
        42,
        45,
        49,
        41,
        45,
        47,
        38,
        66,
        60,
        49,
        55,
        52,
        49,
        51,
        56,
        50,
        51,
        49,
        44,
        71,
        64,
        50
      ]
    },
    {
      "margin": false,
      "index": 10,
      "file": null,
      "u": 0.3333333,
      "v": 0.369791657,
      "uw": 0.3333333,
      "vh": 0.260416657,
      "width": 533,
      "height": 533,
      "descriptor": [
        75,
        68,
        52,
        151,
        99,
        74,
        102,
        70,
        50,
        86,
        65,
        51,
        55,
        50,
        40,
        101,
        83,
        54,
        147,
        96,
        72,
        45,
        49,
        42,
        64,
        59,
        51,
        91,
        81,
        53,
        70,
        64,
        48,
        40,
        49,
        44,
        49,
        50,
        44,
        66,
        55,
        47,
        45,
        49,
        43,
        68,
        56,
        52
      ]
    },
    {
      "margin": false,
      "index": 11,
      "file": null,
      "u": 0.6666666,
      "v": 0.369791657,
      "uw": 0.3333333,
      "vh": 0.260416657,
      "width": 533,
      "height": 533,
      "descriptor": [
        42,
        46,
        40,
        49,
        49,
        42,
        49,
        54,
        45,
        42,
        47,
        40,
        62,
        59,
        45,
        56,
        54,
        47,
        56,
        57,
        49,
        49,
        54,
        47,
        69,
        64,
        49,
        53,
        52,
        42,
        53,
        52,
        47,
        54,
        54,
        49,
        117,
        47,
        37,
        81,
        44,
        33,
        48,
        55,
        48,
        52,
        55,
        47
      ]
    },
    {
      "margin": false,
      "index": 12,
      "file": null,
      "u": 0.0,
      "v": 0.6302083,
      "uw": 0.3333333,
      "vh": 0.260416657,
      "width": 533,
      "height": 533,
      "descriptor": [
        50,
        49,
        46,
        48,
        53,
        45,
        79,
        74,
        52,
        48,
        46,
        37,
        56,
        56,
        45,
        60,
        51,
        41,
        38,
        44,
        36,
        45,
        50,
        43,
        68,
        59,
        46,
        47,
        48,
        41,
        55,
        61,
        51,
        71,
        58,
        47,
        50,
        48,
        44,
        47,
        45,
        41,
        35,
        40,
        33,
        28,
        36,
        32
      ]
    },
    {
      "margin": false,
      "index": 13,
      "file": null,
      "u": 0.3333333,
      "v": 0.6302083,
      "uw": 0.3333333,
      "vh": 0.260416657,
      "width": 533,
      "height": 533,
      "descriptor": [
        43,
        40,
        36,
        46,
        44,
        37,
        40,
        42,
        36,
        61,
        60,
        53,
        44,
        50,
        43,
        38,
        39,
        34,
        45,
        43,
        40,
        159,
        82,
        54,
        44,
        43,
        39,
        45,
        51,
        46,
        54,
        52,
        46,
        118,
        45,
        30,
        61,
        57,
        50,
        62,
        61,
        50,
        87,
        86,
        64,
        149,
        58,
        39
      ]
    },
    {
      "margin": false,
      "index": 14,
      "file": null,
      "u": 0.6666666,
      "v": 0.6302083,
      "uw": 0.3333333,
      "vh": 0.260416657,
      "width": 533,
      "height": 533,
      "descriptor": [
        150,
        47,
        34,
        90,
        59,
        43,
        66,
        40,
        34,
        50,
        50,
        45,
        129,
        54,
        40,
        108,
        45,
        32,
        79,
        43,
        30,
        51,
        52,
        46,
        129,
        52,
        37,
        107,
        51,
        38,
        88,
        44,
        35,
        46,
        43,
        38,
        147,
        46,
        31,
        77,
        43,
        38,
        89,
        47,
        40,
        85,
        45,
        37
      ]
    }
  ],
  "margins": [
    {
      "margin": true,
      "index": 0,
      "file": null,
      "u": 0.0,
      "v": 0.0,
      "uw": 0.3333333,
      "vh": 0.109375,
      "width": 533,
      "height": 224,
      "descriptor": null
    },
    {
      "margin": true,
      "index": 1,
      "file": null,
      "u": 0.0,
      "v": 0.890625,
      "uw": 0.3333333,
      "vh": 0.109375,