{
  "title": "MÁRIA ANNA KOLLONITZOVÁ",
  "author": "NEZNÁMY AUTOR",
  "year": "(1800 - 1850)",
  "id": "SNP-CDAACAAAAAABT5Y",
  "width": 1664,
  "height": 2048,
  "file": "XI-0071_JPG_x001.webp",
  "tiles_x": 3,
  "tiles_y": 3,
  "offset_x": 0.0,
  "offset_y": 0.09375,
  "tiles": [
    {
      "margin": false,
      "index": 6,
      "file": null,
      "u": 0.0,
      "v": 0.09375,
      "uw": 0.333333343,
      "vh": 0.270833343,
      "width": 554,
      "height": 554,
      "descriptor": [
        89,
        82,
        70,
        58,
        54,
        48,
        67,
        60,
        54,
        75,
        74,
        61,
        66,
        64,
        56,
        133,
        80,
        58,
        75,
        72,
        54,
        76,
        75,
        48,
        65,
        61,
        56,
        60,
        55,
        47,
        78,
        75,
        56,
        80,
        75,
        53,
        61,
        57,
        51,
        78,
        76,
        59,
        81,
        78,
        59,
        83,
        79,
        60
      ]
    },
    {
      "margin": false,
      "index": 7,
      "file": null,
      "u": 0.333333343,
      "v": 0.09375,
      "uw": 0.333333343,
      "vh": 0.270833343,
      "width": 554,
      "height": 554,
      "descriptor": [
        80,
        77,
        58,
        43,
        40,
        34,
        50,
        35,
        27,
        71,
        70,
        52,
        79,
        77,
        60,
        72,
        58,
        38,
        67,
        57,
        40,
        39,
        41,
        42,
        81,
        77,
        57,
        58,
        53,
        47,
        70,
        63,
        56,
        62,
        59,
        56,
        78,
        72,
        48,
        180,
        154,
        104,
        161,
        129,
        90,
        51,
        50,
        43
      ]
    },
    {
      "margin": false,
      "index": 8,
      "file": null,
      "u": 0.6666667,
      "v": 0.09375,
      "uw": 0.333333343,
      "vh": 0.270833343,
      "width": 554,
      "height": 554,
      "descriptor": [
        80,
        73,
        52,
        65,
        59,
        51,
        69,
        66,
        59,
        72,
        64,
        54,
        58,
        54,
        47,
        83,
        80,
        64,
        69,
        63,
        52,
        68,
        62,
        50,
        91,
        86,
        67,
        83,
        76,
        58,
        66,
        61,
        51,
        68,
        62,
        50,
        96,
        92,
        75,
        87,
        83,
        66,
        77,
        75,
        57,
        66,
        61,
        50
      ]
    },
    {
      "margin": false,
      "index": 9,
      "file": null,
      "u": 0.0,
      "v": 0.364583343,
      "uw": 0.333333343,
      "vh": 0.270833343,
      "width": 554,
      "height": 554,
      "descriptor": [
        65,
        62,
        57,
        82,
        79,
        61,
        82,
        76,
        56,
        87,
        82,
        60,
        63,
        55,
        48,
        91,
        87,
        66,
        83,
        76,
        49,
        80,
        74,
        48,
        62,
        58,
        52,
        87,
        83,
        62,
        91,
        85,
        63,
        87,
        85,
        57,
        63,
        53,
        48,
        91,
        88,
        70,
        88,
        83,
        61,
        89,
        80,
        56
      ]
    },
    {
      "margin": false,
      "index": 10,
      "file": null,
      "u": 0.333333343,
      "v": 0.364583343,
      "uw": 0.333333343,
      "vh": 0.270833343,
      "width": 554,
      "height": 554,
      "descriptor": [
        91,
        84,
        52,
        173,
        138,
        106,
        179,
        145,
        103,
        68,
        64,
        51,
        99,
        92,
        67,
        140,
        116,
        94,
        103,
        78,
        51,
        112,
        105,
        74,
        90,
        83,
        54,
        101,
        93,
        60,
        168,
        133,
        99,
        94,
        72,
        49,
        95,
        89,
        63,
        183,
        156,
        116,
        178,
        141,
        115,
        59,
        56,
        50
      ]
    },
    {
      "margin": false,
      "index": 11,
      "file": null,
      "u": 0.6666667,
      "v": 0.364583343,
      "uw": 0.333333343,
      "vh": 0.270833343,
      "width": 554,
      "height": 554,
      "descriptor": [
        99,
        94,
        74,
        85,
        81,
        59,
        88,
        85,
        67,
        64,
        57,
        48,
        101,
        98,
        76,
        81,
        77,
        55,
        85,
        81,
        64,
        69,
        63,
        51,
        95,
        90,
        72,
        86,
        82,
        64,
        83,
        78,
        56,
        64,
        59,
        51,
        98,
        95,
        82,
        91,
        85,
        65,
        91,
        85,
        67,
        70,
        65,
        50
      ]
    },
    {
      "margin": false,
      "index": 12,
      "file": null,
      "u": 0.0,
      "v": 0.6354167,
      "uw": 0.333333343,
      "vh": 0.270833343,
      "width": 554,
      "height": 554,
      "descriptor": [
        69,
        63,
        54,
        45,
        49,
        44,
        83,
        78,
        53,
        89,
        83,
        55,
        70,
        64,
        57,
        61,
        57,
        51,
        88,
        83,
        56,
        95,
        86,
        55,
        64,
        60,
        53,
        61,
        53,
        47,
        56,
        54,
        45,
        86,
        81,
        51,
        79,
        75,
        69,
        64,
        55,
        44,
        70,
        66,
        58,
        65,
        58,
        44
      ]
    },
    {
      "margin": false,
      "index": 13,
      "file": null,
      "u": 0.333333343,
      "v": 0.6354167,
      "uw": 0.333333343,
      "vh": 0.270833343,
      "width": 554,
      "height": 554,
      "descriptor": [
        85,
        59,
        38,
        168,
        135,
        97,
        52,
        49,
        40,
        52,
        80,
        88,
        176,
        144,
        103,
        175,
        142,
        103,
        52,
        76,
        88,
        9,
        63,
        76,
        63,
        80,
        91,
        77,
        67,
        50,
        31,
        64,
        77,
        24,
        60,
        69,
        32,
        57,
        72,
        71,
        60,
        48,
        47,
        75,
        88,
        38,
        54,
        62
      ]
    },
    {
      "margin": false,
      "index": 14,
      "file": null,
      "u": 0.6666667,
      "v": 0.6354167,
      "uw": 0.333333343,
      "vh": 0.270833343,
      "width": 554,
      "height": 554,
      "descriptor": [
        32,
        72,
        86,
        78,
        73,
        46,
        87,
        84,
        65,
        69,
        61,
        50,
        47,
        68,
        81,
        85,
        82,
        62,
        79,
        74,
        55,
        65,
        57,
        47,
        34,
        58,
        69,
        89,
        84,
        64,
        64,
        63,
        54,
        56,
        48,
        34,
        95,
        85,
        67,
        64,
        60,
        51,
        69,
        65,
        57,
        65,
        60,
        50
      ]
    }
  ],
  "margins": [
    {
      "margin": true,
      "index": 0,
      "file": null,
      "u": 0.0,
      "v": 0.0,
      "uw": 0.333333343,
      "vh": 0.09375,
      "width": 554,
      "height": 192,
      "descriptor": null
    },
    {
      "margin": true,
      "index": 1,
      "file": null,
      "u": 0.0,
      "v": 0.90625,
      "uw": 0.333333343,