{
  "title": "KAROLÍNA ZAYOVÁ",
  "author": "LAFITTE ERNEST",
  "year": "(1830 - 1840)",
  "id": "SNP-CDAACAAAAAABT66",
  "width": 1600,
  "height": 2048,
  "file": "XI-0138_JPG_x001.webp",
  "tiles_x": 3,
  "tiles_y": 3,
  "offset_x": 0.0,
  "offset_y": 0.109375,
  "tiles": [
    {
      "margin": false,
      "index": 6,
      "file": null,
      "u": 0.0,
      "v": 0.109375,
      "uw": 0.3333333,
      "vh": 0.260416657,
      "width": 533,
      "height": 533,
      "descriptor": [
        48,
        53,
        43,
        38,
        46,
        39,
        42,
        57,
        56,
        16,
        35,
        27,
        78,
        81,
        78,
        44,
        58,
        50,
        28,
        54,
        46,
        31,
        40,
        33,
        75,
        80,
        80,
        67,
        70,
        70,
        61,
        68,
        64,
        42,
        56,
        50,
        64,
        71,
        74,
        64,
        68,
        74,
        78,
        73,
        59,
        45,
        64,
        56
      ]
    },
    {
      "margin": false,
      "index": 7,
      "file": null,
      "u": 0.3333333,
      "v": 0.109375,
      "uw": 0.3333333,
      "vh": 0.260416657,
      "width": 533,
      "height": 533,
      "descriptor": [
        60,
        64,
        54,
        29,
        39,
        27,
        29,
        33,
        28,
        38,
        47,
        42,
        45,
        47,
        37,
        54,
        53,
        33,
        35,
        45,
        39,
        39,
        48,
        39,
        69,
        74,
        71,
        206,
        186,
        155,
        84,
        70,
        43,
        30,
        46,
        44,
        141,
        118,
        70,
        52,
        46,
        39,
        205,
        156,
        128,
        102,
        92,
        60
      ]
    },
    {
      "margin": false,
      "index": 8,
      "file": null,
      "u": 0.6666666,
      "v": 0.109375,
      "uw": 0.3333333,
      "vh": 0.260416657,
      "width": 533,
      "height": 533,
      "descriptor": [
        37,
        52,
        45,
        140,
        105,
        77,
        41,
        43,
        37,
        48,
        50,
        48,
        29,
        46,
        38,
        42,
        53,
        60,
        32,
        46,
        41,
        34,
        39,
        32,
        26,
        48,
        42,
        17,
        32,
        25,
        35,
        48,
        44,
        38,
        47,
        43,
        34,
        50,
        39,
        45,
        53,
        45,
        37,
        49,
        42,
        41,
        47,
        40
      ]
    },
    {
      "margin": false,
      "index": 9,
      "file": null,
      "u": 0.0,
      "v": 0.369791657,
      "uw": 0.3333333,
      "vh": 0.260416657,
      "width": 533,
      "height": 533,
      "descriptor": [
        79,
        87,
        85,
        76,
        87,
        86,
        94,
        87,
        76,
        45,
        64,
        60,
        103,
        107,
        103,
        100,
        102,
        94,
        104,
        94,
        83,
        82,
        80,
        75,
        133,
        151,
        128,
        105,
        116,
        108,
        108,
        99,
        85,
        90,
        86,
        76,
        101,
        97,
        88,
        93,
        96,
        95,
        108,
        101,
        88,
        221,
        191,
        162
      ]
    },
    {
      "margin": false,
      "index": 10,
      "file": null,
      "u": 0.3333333,
      "v": 0.369791657,
      "uw": 0.3333333,
      "vh": 0.260416657,
      "width": 533,
      "height": 533,
      "descriptor": [
        68,
        73,
        71,
        179,
        140,
        118,
        215,
        161,
        135,
        47,
        66,
        59,
        67,
        76,
        70,
        168,
        141,
        110,
        140,
        109,
        87,
        68,
        76,
        69,
        186,
        155,
        121,
        183,
        147,
        113,
        165,
        140,
        118,
        144,
        119,
        99,
        218,
        183,
        151,
        223,
        187,
        161,
        193,
        152,
        128,
        185,
        159,
        136
      ]
    },
    {
      "margin": false,
      "index": 11,
      "file": null,
      "u": 0.6666666,
      "v": 0.369791657,
      "uw": 0.3333333,
      "vh": 0.260416657,
      "width": 533,
      "height": 533,
      "descriptor": [
        31,
        56,
        43,
        46,
        59,
        51,
        28,
        45,
        36,
        39,
        55,
        45,
        66,
        74,
        67,
        48,
        62,
        54,
        35,
        53,
        47,
        47,
        63,
        52,
        67,
        76,
        65,
        65,
        75,
        68,
        48,
        61,
        52,
        41,
        48,
        33,
        166,
        136,
        105,
        76,
        85,
        75,
        55,
        63,
        52,
        54,
        60,
        50
      ]
    },
    {
      "margin": false,
      "index": 12,
      "file": null,
      "u": 0.0,
      "v": 0.6302083,
      "uw": 0.3333333,
      "vh": 0.260416657,
      "width": 533,
      "height": 533,
      "descriptor": [
        63,
        54,
        47,
        86,
        80,
        62,
        93,
        85,
        74,
        192,
        175,
        157,
        77,
        77,
        70,
        92,
        85,
        75,
        133,
        123,
        107,
        178,
        155,
        120,
        86,
        76,
        59,
        85,
        78,
        60,
        107,
        106,
        98,
        176,
        171,
        154,
        80,
        72,
        53,
        86,
        76,
        55,
        94,
        82,
        67,
        181,
        167,
        155
      ]
    },
    {
      "margin": false,
      "index": 13,
      "file": null,
      "u": 0.3333333,
      "v": 0.6302083,
      "uw": 0.3333333,
      "vh": 0.260416657,
      "width": 533,
      "height": 533,
      "descriptor": [
        193,
        185,
        169,
        181,
        163,
        138,
        185,
        174,
        158,
        167,
        156,
        140,
        150,
        135,
        110,
        142,
        132,
        116,
        174,
        158,
        148,
        142,
        131,
        121,
        121,
        112,
        92,
        175,
        174,
        160,
        177,
        166,
        146,
        121,
        113,
        90,
        108,
        106,
        94,
        180,
        173,
        155,
        132,
        118,
        92,
        152,
        131,
        108
      ]
    },
    {
      "margin": false,
      "index": 14,
      "file": null,
      "u": 0.6666666,
      "v": 0.6302083,
      "uw": 0.3333333,
      "vh": 0.260416657,
      "width": 533,
      "height": 533,
      "descriptor": [
        183,
        174,
        152,
        149,
        138,
        116,
        49,
        55,
        45,
        53,
        56,
        47,
        190,
        149,
        65,
        141,
        135,
        121,
        103,
        107,
        100,
        48,
        55,
        45,
        155,
        141,
        119,
        160,
        149,
        126,
        91,
        91,
        76,
        48,
        54,
        48,
        156,
        147,
        123,
        176,
        149,
        113,
        104,
        102,
        89,
        43,
        40,
        32
      ]
    }
  ],
  "margins": [
    {
      "margin": true,
      "index": 0,
      "file": null,
      "u": 0.0,
      "v": 0.0,
      "uw": 0.3333333,
      "vh": 0.109375,
      "width": 533,
      "height": 224,
      "descriptor": null
    },
    {
      "margin": true,