{
  "title": "KAROL VI.",
  "author": "NEZNÁMY AUTOR",
  "year": "(1730 - 1750)",
  "id": "SNP-CDAACAAAAAACOS2",
  "width": 1664,
  "height": 2048,
  "file": "XI-0162_JPG_x001.webp",
  "tiles_x": 3,
  "tiles_y": 3,
  "offset_x": 0.0,
  "offset_y": 0.09375,
  "tiles": [
    {
      "margin": false,
      "index": 6,
      "file": null,
      "u": 0.0,
      "v": 0.09375,
      "uw": 0.333333343,
      "vh": 0.270833343,
      "width": 554,
      "height": 554,
      "descriptor": [
        48,
        43,
        38,
        25,
        32,
        25,
        81,
        52,
        34,
        102,
        48,
        23,
        32,
        34,
        25,
        40,
        38,
        25,
        84,
        39,
        26,
        113,
        44,
        14,
        39,
        36,
        26,
        41,
        39,
        25,
        43,
        39,
        31,
        78,
        67,
        48,
        36,
        34,
        27,
        35,
        35,
        24,
        48,
        48,
        39,
        91,
        83,
        60
      ]
    },
    {
      "margin": false,
      "index": 7,
      "file": null,
      "u": 0.333333343,
      "v": 0.09375,
      "uw": 0.333333343,
      "vh": 0.270833343,
      "width": 554,
      "height": 554,
      "descriptor": [
        91,
        39,
        5,
        104,
        53,
        18,
        158,
        62,
        48,
        109,
        53,
        43,
        136,
        42,
        7,
        38,
        34,
        24,
        51,
        46,
        37,
        102,
        76,
        68,
        61,
        52,
        32,
        138,
        110,
        78,
        61,
        43,
        30,
        36,
        34,
        26,
        37,
        28,
        14,
        155,
        103,
        66,
        81,
        43,
        26,
        53,
        45,
        23
      ]
    },
    {
      "margin": false,
      "index": 8,
      "file": null,
      "u": 0.6666667,
      "v": 0.09375,
      "uw": 0.333333343,
      "vh": 0.270833343,
      "width": 554,
      "height": 554,
      "descriptor": [
        33,
        24,
        4,
        37,
        37,
        26,
        29,
        29,
        23,
        3,
        11,
        1,
        100,
        49,
        29,
        32,
        40,
        27,
        49,
        46,
        38,
        21,
        23,
        15,
        33,
        34,
        25,
        22,
        19,
        8,
        43,
        41,
        34,
        19,
        9,
        3,
        37,
        36,
        27,
        30,
        30,
        20,
        29,
        27,
        9,
        23,
        21,
        10
      ]
    },
    {
      "margin": false,
      "index": 9,
      "file": null,
      "u": 0.0,
      "v": 0.364583343,
      "uw": 0.333333343,
      "vh": 0.270833343,
      "width": 554,
      "height": 554,
      "descriptor": [
        31,
        33,
        22,
        38,
        35,
        20,
        44,
        40,
        31,
        59,
        51,
        32,
        58,
        38,
        19,
        74,
        41,
        18,
        93,
        87,
        66,
        56,
        50,
        34,
        52,
        30,
        0,
        78,
        43,
        12,
        59,
        49,
        35,
        69,
        58,
        42,
        33,
        29,
        17,
        101,
        47,
        16,
        54,
        44,
        27,
        54,
        44,
        27
      ]
    },
    {
      "margin": false,
      "index": 10,
      "file": null,
      "u": 0.333333343,
      "v": 0.364583343,
      "uw": 0.333333343,
      "vh": 0.270833343,
      "width": 554,
      "height": 554,
      "descriptor": [
        53,
        44,
        34,
        122,
        123,
        101,
        59,
        41,
        27,
        42,
        37,
        26,
        72,
        44,
        33,
        46,
        37,
        22,
        35,
        31,
        18,
        62,
        56,
        42,
        54,
        46,
        31,
        94,
        99,
        77,
        55,
        49,
        31,
        45,
        38,
        18,
        34,
        31,
        7,
        63,
        51,
        44,
        38,
        33,
        15,
        66,
        56,
        47
      ]
    },
    {
      "margin": false,
      "index": 11,
      "file": null,
      "u": 0.6666667,
      "v": 0.364583343,
      "uw": 0.333333343,
      "vh": 0.270833343,
      "width": 554,
      "height": 554,
      "descriptor": [
        53,
        49,
        39,
        33,
        36,
        31,
        42,
        41,
        31,
        30,
        34,
        26,
        46,
        39,
        28,
        55,
        44,
        20,
        52,
        54,
        48,
        32,
        30,
        14,
        48,
        41,
        32,
        89,
        61,
        27,
        47,
        46,
        37,
        43,
        41,
        31,
        56,
        52,
        37,
        31,
        33,
        30,
        18,
        24,
        16,
        19,
        20,
        6
      ]
    },
    {
      "margin": false,
      "index": 12,
      "file": null,
      "u": 0.0,
      "v": 0.6354167,
      "uw": 0.333333343,
      "vh": 0.270833343,
      "width": 554,
      "height": 554,
      "descriptor": [
        44,
        25,
        11,
        30,
        27,
        14,
        77,
        45,
        39,
        55,
        31,
        11,
        7,
        11,
        7,
        77,
        64,
        16,
        90,
        38,
        8,
        119,
        44,
        23,
        19,
        17,
        0,
        110,
        77,
        33,
        94,
        40,
        4,
        95,
        44,
        27,
        16,
        17,
        5,
        27,
        25,
        4,
        95,
        40,
        13,
        88,
        43,
        25
      ]
    },
    {
      "margin": false,
      "index": 13,
      "file": null,
      "u": 0.333333343,
      "v": 0.6354167,
      "uw": 0.333333343,
      "vh": 0.270833343,
      "width": 554,
      "height": 554,
      "descriptor": [
        21,
        27,
        10,
        11,
        15,
        2,
        46,
        38,
        16,
        49,
        44,
        35,
        38,
        33,
        25,
        111,
        81,
        25,
        27,
        32,
        27,
        96,
        44,
        24,
        45,
        50,
        40,
        44,
        40,
        31,
        51,
        33,
        25,
        109,
        57,
        41,
        39,
        38,
        29,
        56,
        45,
        31,
        40,
        35,
        26,
        113,
        52,
        23
      ]
    },
    {
      "margin": false,
      "index": 14,
      "file": null,
      "u": 0.6666667,
      "v": 0.6354167,
      "uw": 0.333333343,
      "vh": 0.270833343,
      "width": 554,
      "height": 554,
      "descriptor": [
        66,
        38,
        23,
        33,
        38,
        31,
        44,
        42,
        39,
        37,
        32,
        27,
        99,
        54,
        33,
        51,
        43,
        31,
        33,
        38,
        34,
        24,
        24,
        19,
        91,
        53,
        30,
        155,
        63,
        54,
        79,
        40,
        19,
        38,
        39,
        33,
        95,
        44,
        31,
        74,
        37,
        17,
        39,
        35,
        27,
        40,
        44,
        35
      ]
    }
  ],
  "margins": [
    {
      "margin": true,
      "index": 0,
      "file": null,
      "u": 0.0,
      "v": 0.0,
      "uw": 0.333333343,
      "vh": 0.09375,
      "width": 554,
      "height": 192,
      "descriptor": null
    },
    {
      "margin": true,
      "index": 1,
      "file": null,
      "u": 0.0,
      "v": 0.90625,
      "uw": 0.333333343,
      "vh": 0.09375,
      "width": 554,