{
  "title": "MÁRIA TERÉZIA KOLLONITZOVÁ",
  "author": "NEZNÁMY AUTOR",
  "year": "(1800 - 1850)",
  "id": "SNP-CDAACAAAAAABT5R",
  "width": 1600,
  "height": 2048,
  "file": "XI-0013_JPG_x001.webp",
  "tiles_x": 3,
  "tiles_y": 3,
  "offset_x": 0.0,
  "offset_y": 0.109375,
  "tiles": [
    {
      "margin": false,
      "index": 6,
      "file": null,
      "u": 0.0,
      "v": 0.109375,
      "uw": 0.3333333,
      "vh": 0.260416657,
      "width": 533,
      "height": 533,
      "descriptor": [
        159,
        123,
        62,
        143,
        71,
        58,
        65,
        57,
        44,
        99,
        100,
        83,
        78,
        72,
        55,
        71,
        60,
        50,
        98,
        95,
        70,
        108,
        104,
        86,
        77,
        71,
        60,
        99,
        95,
        80,
        102,
        99,
        84,
        114,
        108,
        91,
        75,
        64,
        53,
        94,
        90,
        71,
        99,
        94,
        78,
        106,
        98,
        74
      ]
    },
    {
      "margin": false,
      "index": 7,
      "file": null,
      "u": 0.3333333,
      "v": 0.109375,
      "uw": 0.3333333,
      "vh": 0.260416657,
      "width": 533,
      "height": 533,
      "descriptor": [
        96,
        92,
        66,
        103,
        100,
        80,
        113,
        105,
        85,
        58,
        64,
        58,
        118,
        109,
        78,
        134,
        99,
        69,
        157,
        78,
        55,
        43,
        49,
        46,
        182,
        167,
        125,
        186,
        152,
        89,
        63,
        58,
        52,
        155,
        140,
        108,
        153,
        138,
        105,
        190,
        151,
        107,
        132,
        95,
        65,
        105,
        97,
        71
      ]
    },
    {
      "margin": false,
      "index": 8,
      "file": null,
      "u": 0.6666666,
      "v": 0.109375,
      "uw": 0.3333333,
      "vh": 0.260416657,
      "width": 533,
      "height": 533,
      "descriptor": [
        99,
        95,
        78,
        69,
        58,
        46,
        71,
        60,
        48,
        70,
        62,
        51,
        108,
        99,
        80,
        97,
        94,
        74,
        74,
        66,
        57,
        73,
        67,
        55,
        111,
        103,
        78,
        100,
        96,
        76,
        95,
        95,
        84,
        77,
        69,
        58,
        112,
        106,
        87,
        102,
        98,
        81,
        98,
        94,
        78,
        72,
        64,
        52
      ]
    },
    {
      "margin": false,
      "index": 9,
      "file": null,
      "u": 0.0,
      "v": 0.369791657,
      "uw": 0.3333333,
      "vh": 0.260416657,
      "width": 533,
      "height": 533,
      "descriptor": [
        76,
        68,
        55,
        101,
        101,
        91,
        113,
        109,
        91,
        113,
        104,
        85,
        67,
        61,
        55,
        102,
        98,
        86,
        105,
        102,
        87,
        114,
        106,
        87,
        56,
        50,
        49,
        102,
        99,
        83,
        76,
        63,
        51,
        82,
        66,
        55,
        79,
        72,
        64,
        130,
        94,
        83,
        142,
        65,
        53,
        66,
        52,
        49
      ]
    },
    {
      "margin": false,
      "index": 10,
      "file": null,
      "u": 0.3333333,
      "v": 0.369791657,
      "uw": 0.3333333,
      "vh": 0.260416657,
      "width": 533,
      "height": 533,
      "descriptor": [
        64,
        51,
        45,
        209,
        162,
        119,
        188,
        133,
        107,
        67,
        55,
        50,
        69,
        60,
        55,
        165,
        136,
        101,
        121,
        93,
        67,
        70,
        57,
        53,
        67,
        60,
        54,
        155,
        60,
        47,
        153,
        63,
        54,
        78,
        58,
        40,
        81,
        66,
        54,
        170,
        157,
        124,
        165,
        169,
        132,
        54,
        49,
        40
      ]
    },
    {
      "margin": false,
      "index": 11,
      "file": null,
      "u": 0.6666666,
      "v": 0.369791657,
      "uw": 0.3333333,
      "vh": 0.260416657,
      "width": 533,
      "height": 533,
      "descriptor": [
        114,
        108,
        87,
        103,
        98,
        83,
        99,
        100,
        87,
        75,
        69,
        59,
        114,
        106,
        85,
        106,
        101,
        84,
        102,
        99,
        84,
        76,
        70,
        59,
        118,
        109,
        90,
        104,
        101,
        88,
        101,
        97,
        76,
        76,
        69,
        56,
        60,
        50,
        47,
        105,
        97,
        80,
        99,
        96,
        73,
        75,
        66,
        57
      ]
    },
    {
      "margin": false,
      "index": 12,
      "file": null,
      "u": 0.0,
      "v": 0.6302083,
      "uw": 0.3333333,
      "vh": 0.260416657,
      "width": 533,
      "height": 533,
      "descriptor": [
        79,
        73,
        61,
        137,
        56,
        54,
        131,
        74,
        58,
        77,
        56,
        47,
        74,
        68,
        57,
        115,
        58,
        40,
        154,
        72,
        65,
        85,
        63,
        48,
        77,
        71,
        62,
        80,
        71,
        62,
        136,
        70,
        59,
        66,
        53,
        48,
        76,
        70,
        59,
        74,
        66,
        60,
        73,
        65,
        55,
        75,
        57,
        49
      ]
    },
    {
      "margin": false,
      "index": 13,
      "file": null,
      "u": 0.3333333,
      "v": 0.6302083,
      "uw": 0.3333333,
      "vh": 0.260416657,
      "width": 533,
      "height": 533,
      "descriptor": [
        82,
        61,
        47,
        140,
        119,
        93,
        145,
        123,
        87,
        87,
        67,
        48,
        91,
        59,
        50,
        142,
        63,
        52,
        91,
        65,
        50,
        80,
        57,
        45,
        136,
        59,
        52,
        129,
        79,
        69,
        111,
        68,
        42,
        60,
        49,
        51,
        132,
        57,
        49,
        105,
        96,
        73,
        131,
        54,
        51,
        68,
        56,
        51
      ]
    },
    {
      "margin": false,
      "index": 14,
      "file": null,
      "u": 0.6666666,
      "v": 0.6302083,
      "uw": 0.3333333,
      "vh": 0.260416657,
      "width": 533,
      "height": 533,
      "descriptor": [
        72,
        58,
        49,
        95,
        51,
        45,
        104,
        98,
        79,
        71,
        61,
        51,
        147,
        62,
        52,
        141,
        59,
        49,
        108,
        101,
        79,
        76,
        70,
        61,
        111,
        92,
        72,
        126,
        62,
        52,
        71,
        65,
        48,
        75,
        67,
        54,
        110,
        61,
        52,
        100,
        84,
        64,
        75,
        69,
        58,
        73,
        66,
        53
      ]
    }
  ],
  "margins": [
    {
      "margin": true,
      "index": 0,
      "file": null,
      "u": 0.0,
      "v": 0.0,
      "uw": 0.3333333,
      "vh": 0.109375,
      "width": 533,
      "height": 224,
      "descriptor": null
    },
    {
      "margin": true,
      "index": 1,
      "file": null,