{
  "title": "ĽUDOVÍT XVI., MÁRIA ANTOINETTA A ARCIVOJVODA MAXIMILIÁN",
  "author": "AUERBACH, JOHANN CARL",
  "year": "(1755 - 1788)",
  "id": "SNP-CDAACAAAAAABQVT",
  "width": 1344,
  "height": 2048,
  "file": "XI-0314_JPG_x001.webp",
  "tiles_x": 3,
  "tiles_y": 4,
  "offset_x": 0.0,
  "offset_y": 0.0625,
  "tiles": [
    {
      "margin": false,
      "index": 6,
      "file": null,
      "u": 0.0,
      "v": 0.0625,
      "uw": 0.333333343,
      "vh": 0.21875,
      "width": 448,
      "height": 448,
      "descriptor": [
        38,
        43,
        45,
        46,
        49,
        49,
        34,
        42,
        40,
        42,
        40,
        34,
        76,
        70,
        72,
        37,
        39,
        40,
        49,
        50,
        43,
        38,
        42,
        30,
        85,
        99,
        105,
        45,
        50,
        48,
        50,
        53,
        48,
        49,
        46,
        40,
        59,
        66,
        67,
        43,
        47,
        38,
        50,
        46,
        41,
        41,
        46,
        40
      ]
    },
    {
      "margin": false,
      "index": 7,
      "file": null,
      "u": 0.333333343,
      "v": 0.0625,
      "uw": 0.333333343,
      "vh": 0.21875,
      "width": 448,
      "height": 448,
      "descriptor": [
        36,
        35,
        21,
        44,
        39,
        20,
        42,
        39,
        35,
        42,
        37,
        27,
        55,
        49,
        37,
        51,
        46,
        40,
        48,
        47,
        27,
        62,
        49,
        38,
        35,
        38,
        27,
        40,
        43,
        45,
        47,
        51,
        41,
        53,
        48,
        36,
        51,
        48,
        40,
        103,
        76,
        60,
        50,
        52,
        46,
        40,
        47,
        39
      ]
    },
    {
      "margin": false,
      "index": 8,
      "file": null,
      "u": 0.6666667,
      "v": 0.0625,
      "uw": 0.333333343,
      "vh": 0.21875,
      "width": 448,
      "height": 448,
      "descriptor": [
        55,
        43,
        38,
        45,
        42,
        34,
        42,
        48,
        42,
        49,
        60,
        63,
        48,
        45,
        42,
        48,
        46,
        40,
        53,
        52,
        46,
        42,
        54,
        59,
        51,
        49,
        40,
        69,
        59,
        45,
        38,
        42,
        41,
        37,
        51,
        52,
        44,
        47,
        38,
        44,
        57,
        47,
        53,
        57,
        51,
        39,
        47,
        49
      ]
    },
    {
      "margin": false,
      "index": 9,
      "file": null,
      "u": 0.0,
      "v": 0.28125,
      "uw": 0.333333343,
      "vh": 0.21875,
      "width": 448,
      "height": 448,
      "descriptor": [
        35,
        47,
        47,
        46,
        52,
        48,
        60,
        53,
        45,
        59,
        52,
        42,
        32,
        40,
        40,
        46,
        51,
        51,
        56,
        53,
        41,
        73,
        58,
        34,
        59,
        62,
        67,
        51,
        50,
        39,
        58,
        53,
        44,
        29,
        39,
        33,
        66,
        79,
        78,
        52,
        50,
        45,
        49,
        45,
        37,
        37,
        46,
        40
      ]
    },
    {
      "margin": false,
      "index": 10,
      "file": null,
      "u": 0.333333343,
      "v": 0.28125,
      "uw": 0.333333343,
      "vh": 0.21875,
      "width": 448,
      "height": 448,
      "descriptor": [
        40,
        41,
        36,
        45,
        47,
        39,
        42,
        41,
        39,
        62,
        69,
        60,
        62,
        48,
        36,
        59,
        49,
        40,
        71,
        49,
        35,
        155,
        121,
        109,
        62,
        48,
        41,
        28,
        31,
        27,
        97,
        64,
        49,
        210,
        195,
        178,
        73,
        66,
        46,
        69,
        57,
        46,
        27,
        44,
        35,
        53,
        58,
        46
      ]
    },
    {
      "margin": false,
      "index": 11,
      "file": null,
      "u": 0.6666667,
      "v": 0.28125,
      "uw": 0.333333343,
      "vh": 0.21875,
      "width": 448,
      "height": 448,
      "descriptor": [
        44,
        44,
        30,
        50,
        56,
        52,
        47,
        51,
        44,
        30,
        42,
        41,
        32,
        43,
        36,
        26,
        49,
        40,
        39,
        47,
        39,
        24,
        36,
        29,
        154,
        167,
        156,
        26,
        39,
        34,
        26,
        37,
        38,
        43,
        47,
        48,
        113,
        124,
        109,
        24,
        37,
        36,
        25,
        38,
        32,
        54,
        83,
        78
      ]
    },
    {
      "margin": false,
      "index": 12,
      "file": null,
      "u": 0.0,
      "v": 0.5,
      "uw": 0.333333343,
      "vh": 0.21875,
      "width": 448,
      "height": 448,
      "descriptor": [
        52,
        60,
        64,
        50,
        51,
        50,
        76,
        73,
        64,
        65,
        52,
        50,
        36,
        46,
        44,
        78,
        55,
        38,
        37,
        45,
        40,
        91,
        62,
        43,
        43,
        45,
        46,
        42,
        45,
        45,
        125,
        135,
        127,
        54,
        49,
        46,
        42,
        46,
        46,
        46,
        49,
        40,
        85,
        85,
        81,
        46,
        44,
        42
      ]
    },
    {
      "margin": false,
      "index": 13,
      "file": null,
      "u": 0.333333343,
      "v": 0.5,
      "uw": 0.333333343,
      "vh": 0.21875,
      "width": 448,
      "height": 448,
      "descriptor": [
        27,
        37,
        31,
        65,
        50,
        40,
        100,
        108,
        96,
        97,
        106,
        96,
        74,
        77,
        62,
        37,
        46,
        44,
        99,
        106,
        96,
        107,
        119,
        106,
        101,
        84,
        53,
        160,
        165,
        143,
        92,
        96,
        83,
        143,
        152,
        139,
        39,
        40,
        35,
        101,
        90,
        65,
        59,
        64,
        55,
        119,
        131,
        127
      ]
    },
    {
      "margin": false,
      "index": 14,
      "file": null,
      "u": 0.6666667,
      "v": 0.5,
      "uw": 0.333333343,
      "vh": 0.21875,
      "width": 448,
      "height": 448,
      "descriptor": [
        53,
        47,
        40,
        135,
        141,
        119,
        36,
        40,
        32,
        47,
        57,
        51,
        140,
        147,
        142,
        65,
        63,
        55,
        61,
        49,
        42,
        46,
        63,
        57,
        133,
        139,
        132,
        87,
        83,
        71,
        50,
        49,
        42,
        28,
        41,
        41,
        91,
        99,
        88,
        114,
        118,
        106,
        55,
        51,
        42,
        25,
        32,
        29
      ]
    },
    {
      "margin": false,
      "index": 15,
      "file": null,
      "u": 0.0,
      "v": 0.71875,
      "uw": 0.333333343,
      "vh": 0.21875,
      "width": 448,
      "height": 448,