{
  "title": "MÁRIA ZAYOVÁ",
  "author": "AMERLING, FRIEDRICH VON",
  "year": "1862",
  "id": "SNP-039375921XXBOJ000XI000600000",
  "width": 1472,
  "height": 2048,
  "file": "XI-0006_JPG_x001.webp",
  "tiles_x": 3,
  "tiles_y": 4,
  "offset_x": 0.0,
  "offset_y": 0.0208333433,
  "tiles": [
    {
      "margin": false,
      "index": 6,
      "file": null,
      "u": 0.0,
      "v": 0.0208333433,
      "uw": 0.3333333,
      "vh": 0.239583328,
      "width": 490,
      "height": 490,
      "descriptor": [
        68,
        50,
        40,
        64,
        51,
        40,
        49,
        43,
        34,
        47,
        41,
        34,
        56,
        41,
        34,
        56,
        39,
        26,
        44,
        36,
        28,
        61,
        54,
        48,
        60,
        48,
        36,
        68,
        55,
        48,
        67,
        59,
        54,
        59,
        54,
        50,
        66,
        47,
        32,
        53,
        41,
        34,
        51,
        43,
        36,
        50,
        46,
        37
      ]
    },
    {
      "margin": false,
      "index": 7,
      "file": null,
      "u": 0.3333333,
      "v": 0.0208333433,
      "uw": 0.3333333,
      "vh": 0.239583328,
      "width": 490,
      "height": 490,
      "descriptor": [
        51,
        42,
        30,
        53,
        48,
        40,
        52,
        44,
        34,
        55,
        45,
        28,
        52,
        46,
        39,
        74,
        66,
        50,
        51,
        46,
        35,
        53,
        43,
        26,
        117,
        109,
        78,
        75,
        58,
        47,
        59,
        54,
        46,
        48,
        42,
        29,
        33,
        28,
        22,
        114,
        90,
        69,
        70,
        54,
        45,
        36,
        34,
        29
      ]
    },
    {
      "margin": false,
      "index": 8,
      "file": null,
      "u": 0.6666666,
      "v": 0.0208333433,
      "uw": 0.3333333,
      "vh": 0.239583328,
      "width": 490,
      "height": 490,
      "descriptor": [
        54,
        43,
        30,
        68,
        55,
        39,
        55,
        43,
        29,
        60,
        49,
        34,
        69,
        58,
        48,
        58,
        51,
        37,
        48,
        42,
        29,
        65,
        56,
        40,
        58,
        50,
        33,
        66,
        58,
        43,
        71,
        69,
        56,
        64,
        58,
        45,
        63,
        57,
        42,
        54,
        50,
        35,
        52,
        47,
        31,
        86,
        78,
        63
      ]
    },
    {
      "margin": false,
      "index": 9,
      "file": null,
      "u": 0.0,
      "v": 0.2604167,
      "uw": 0.3333333,
      "vh": 0.239583328,
      "width": 490,
      "height": 490,
      "descriptor": [
        82,
        63,
        48,
        62,
        47,
        34,
        55,
        50,
        42,
        67,
        61,
        51,
        79,
        59,
        46,
        53,
        38,
        33,
        50,
        46,
        39,
        55,
        50,
        46,
        73,
        61,
        48,
        56,
        44,
        38,
        60,
        46,
        38,
        163,
        131,
        90,
        72,
        61,
        51,
        79,
        73,
        64,
        157,
        144,
        102,
        145,
        134,
        99
      ]
    },
    {
      "margin": false,
      "index": 10,
      "file": null,
      "u": 0.3333333,
      "v": 0.2604167,
      "uw": 0.3333333,
      "vh": 0.239583328,
      "width": 490,
      "height": 490,
      "descriptor": [
        84,
        71,
        63,
        165,
        118,
        94,
        148,
        114,
        90,
        60,
        58,
        54,
        107,
        101,
        83,
        170,
        143,
        103,
        88,
        70,
        53,
        62,
        55,
        40,
        165,
        141,
        103,
        164,
        136,
        93,
        75,
        62,
        49,
        85,
        71,
        51,
        155,
        130,
        91,
        154,
        140,
        108,
        134,
        123,
        89,
        118,
        101,
        75
      ]
    },
    {
      "margin": false,
      "index": 11,
      "file": null,
      "u": 0.6666666,
      "v": 0.2604167,
      "uw": 0.3333333,
      "vh": 0.239583328,
      "width": 490,
      "height": 490,
      "descriptor": [
        59,
        51,
        38,
        71,
        62,
        47,
        66,
        57,
        42,
        73,
        66,
        51,
        70,
        63,
        47,
        66,
        56,
        40,
        62,
        55,
        39,
        67,
        60,
        46,
        62,
        53,
        37,
        68,
        59,
        42,
        65,
        56,
        39,
        74,
        65,
        45,
        81,
        74,
        56,
        63,
        55,
        35,
        72,
        63,
        47,
        59,
        53,
        44
      ]
    },
    {
      "margin": false,
      "index": 12,
      "file": null,
      "u": 0.0,
      "v": 0.5,
      "uw": 0.3333333,
      "vh": 0.239583328,
      "width": 490,
      "height": 490,
      "descriptor": [
        67,
        53,
        42,
        71,
        60,
        53,
        148,
        106,
        83,
        116,
        72,
        59,
        51,
        44,
        39,
        66,
        51,
        43,
        129,
        87,
        72,
        111,
        105,
        80,
        66,
        55,
        50,
        51,
        37,
        31,
        125,
        87,
        72,
        112,
        89,
        64,
        70,
        49,
        43,
        60,
        46,
        38,
        54,
        46,
        40,
        169,
        142,
        101
      ]
    },
    {
      "margin": false,
      "index": 13,
      "file": null,
      "u": 0.3333333,
      "v": 0.5,
      "uw": 0.3333333,
      "vh": 0.239583328,
      "width": 490,
      "height": 490,
      "descriptor": [
        99,
        95,
        81,
        112,
        95,
        77,
        93,
        75,
        58,
        80,
        71,
        56,
        166,
        156,
        120,
        109,
        68,
        55,
        121,
        70,
        58,
        59,
        47,
        43,
        66,
        47,
        39,
        68,
        49,
        43,
        91,
        61,
        49,
        48,
        35,
        30,
        147,
        121,
        82,
        67,
        46,
        37,
        76,
        60,
        53,
        47,
        43,
        34
      ]
    },
    {
      "margin": false,
      "index": 14,
      "file": null,
      "u": 0.6666666,
      "v": 0.5,
      "uw": 0.3333333,
      "vh": 0.239583328,
      "width": 490,
      "height": 490,
      "descriptor": [
        82,
        73,
        57,
        68,
        57,
        40,
        55,
        49,
        38,
        53,
        47,
        40,
        65,
        59,
        45,
        66,
        47,
        37,
        48,
        43,
        35,
        55,
        44,
        33,
        93,
        73,
        51,
        57,
        49,
        38,
        48,
        38,
        30,
        66,
        54,
        43,
        69,
        52,
        34,
        47,
        39,
        28,
        65,
        60,
        54,
        52,
        44,
        37
      ]
    },
    {
      "margin": false,
      "index": 15,
      "file": null,
      "u": 0.0,
      "v": 0.7395834,
      "uw": 0.3333333,
      "vh": 0.239583328,
      "width": 490,
      "height": 490,