{
  "title": "JAZDEC NA KONI",
  "author": "CAMILLIO JUAN",
  "year": "(1800 - 1850)",
  "id": "SNP-CDAACAAAAAABUAH",
  "width": 1728,
  "height": 2048,
  "file": "XI-0095_JPG_x001.webp",
  "tiles_x": 3,
  "tiles_y": 3,
  "offset_x": 0.0,
  "offset_y": 0.078125,
  "tiles": [
    {
      "margin": false,
      "index": 6,
      "file": null,
      "u": 0.0,
      "v": 0.078125,
      "uw": 0.333333343,
      "vh": 0.28125,
      "width": 576,
      "height": 576,
      "descriptor": [
        50,
        48,
        53,
        90,
        94,
        88,
        72,
        76,
        73,
        67,
        72,
        69,
        65,
        71,
        67,
        76,
        80,
        74,
        82,
        85,
        79,
        86,
        94,
        87,
        30,
        28,
        38,
        81,
        86,
        84,
        78,
        85,
        77,
        75,
        78,
        72,
        63,
        72,
        65,
        78,
        82,
        77,
        84,
        88,
        81,
        88,
        94,
        85
      ]
    },
    {
      "margin": false,
      "index": 7,
      "file": null,
      "u": 0.333333343,
      "v": 0.078125,
      "uw": 0.333333343,
      "vh": 0.28125,
      "width": 576,
      "height": 576,
      "descriptor": [
        75,
        83,
        77,
        81,
        90,
        84,
        79,
        85,
        85,
        80,
        85,
        79,
        84,
        91,
        88,
        80,
        84,
        89,
        75,
        79,
        74,
        72,
        76,
        71,
        72,
        79,
        74,
        88,
        90,
        84,
        83,
        81,
        73,
        88,
        94,
        87,
        76,
        81,
        76,
        66,
        66,
        54,
        79,
        86,
        78,
        85,
        92,
        85
      ]
    },
    {
      "margin": false,
      "index": 8,
      "file": null,
      "u": 0.6666667,
      "v": 0.078125,
      "uw": 0.333333343,
      "vh": 0.28125,
      "width": 576,
      "height": 576,
      "descriptor": [
        87,
        94,
        93,
        83,
        86,
        81,
        74,
        77,
        73,
        21,
        22,
        11,
        76,
        81,
        75,
        68,
        73,
        67,
        74,
        78,
        72,
        44,
        57,
        69,
        76,
        81,
        75,
        80,
        86,
        80,
        75,
        79,
        69,
        54,
        60,
        59,
        94,
        99,
        90,
        88,
        91,
        81,
        102,
        101,
        98,
        45,
        58,
        59
      ]
    },
    {
      "margin": false,
      "index": 9,
      "file": null,
      "u": 0.0,
      "v": 0.359375,
      "uw": 0.333333343,
      "vh": 0.28125,
      "width": 576,
      "height": 576,
      "descriptor": [
        50,
        53,
        56,
        94,
        100,
        94,
        98,
        104,
        94,
        102,
        108,
        98,
        33,
        35,
        35,
        104,
        108,
        100,
        91,
        94,
        84,
        84,
        91,
        79,
        42,
        50,
        48,
        107,
        113,
        104,
        97,
        98,
        86,
        77,
        61,
        47,
        33,
        39,
        38,
        112,
        110,
        97,
        52,
        56,
        49,
        68,
        56,
        43
      ]
    },
    {
      "margin": false,
      "index": 10,
      "file": null,
      "u": 0.333333343,
      "v": 0.359375,
      "uw": 0.333333343,
      "vh": 0.28125,
      "width": 576,
      "height": 576,
      "descriptor": [
        92,
        84,
        66,
        73,
        76,
        68,
        93,
        79,
        54,
        48,
        49,
        42,
        88,
        91,
        78,
        100,
        93,
        60,
        63,
        58,
        53,
        67,
        55,
        46,
        64,
        61,
        61,
        94,
        68,
        52,
        79,
        62,
        36,
        75,
        59,
        46,
        61,
        55,
        45,
        81,
        65,
        50,
        72,
        64,
        49,
        65,
        53,
        44
      ]
    },
    {
      "margin": false,
      "index": 11,
      "file": null,
      "u": 0.6666667,
      "v": 0.359375,
      "uw": 0.333333343,
      "vh": 0.28125,
      "width": 576,
      "height": 576,
      "descriptor": [
        91,
        74,
        66,
        95,
        99,
        94,
        94,
        99,
        89,
        68,
        66,
        59,
        85,
        75,
        59,
        90,
        93,
        84,
        99,
        104,
        96,
        62,
        62,
        59,
        72,
        68,
        57,
        102,
        109,
        99,
        103,
        96,
        80,
        50,
        50,
        47,
        48,
        52,
        44,
        62,
        54,
        49,
        131,
        113,
        91,
        42,
        42,
        40
      ]
    },
    {
      "margin": false,
      "index": 12,
      "file": null,
      "u": 0.0,
      "v": 0.640625,
      "uw": 0.333333343,
      "vh": 0.28125,
      "width": 576,
      "height": 576,
      "descriptor": [
        45,
        51,
        49,
        132,
        110,
        88,
        56,
        54,
        50,
        67,
        53,
        44,
        33,
        48,
        42,
        75,
        73,
        67,
        64,
        65,
        57,
        112,
        91,
        65,
        52,
        58,
        55,
        64,
        65,
        56,
        36,
        43,
        35,
        55,
        55,
        40,
        45,
        47,
        44,
        70,
        63,
        50,
        53,
        54,
        47,
        64,
        63,
        56
      ]
    },
    {
      "margin": false,
      "index": 13,
      "file": null,
      "u": 0.333333343,
      "v": 0.640625,
      "uw": 0.333333343,
      "vh": 0.28125,
      "width": 576,
      "height": 576,
      "descriptor": [
        50,
        42,
        35,
        60,
        51,
        45,
        63,
        58,
        50,
        137,
        103,
        77,
        46,
        45,
        38,
        85,
        80,
        69,
        106,
        107,
        95,
        75,
        70,
        57,
        70,
        68,
        62,
        45,
        51,
        46,
        81,
        76,
        61,
        62,
        66,
        55,
        58,
        55,
        51,
        56,
        55,
        48,
        57,
        60,
        55,
        34,
        51,
        38
      ]
    },
    {
      "margin": false,
      "index": 14,
      "file": null,
      "u": 0.6666667,
      "v": 0.640625,
      "uw": 0.333333343,
      "vh": 0.28125,
      "width": 576,
      "height": 576,
      "descriptor": [
        194,
        154,
        127,
        163,
        138,
        113,
        134,
        109,
        89,
        53,
        52,
        45,
        93,
        91,
        71,
        83,
        73,
        54,
        52,
        55,
        48,
        45,
        49,
        46,
        62,
        68,
        56,
        66,
        71,
        60,
        35,
        50,
        38,
        52,
        70,
        49,
        47,
        53,
        46,
        66,
        63,
        51,
        51,
        51,
        47,
        46,
        34,
        34
      ]
    }
  ],
  "margins": [
    {
      "margin": true,
      "index": 0,
      "file": null,
      "u": 0.0,
      "v": 0.0,
      "uw": 0.333333343,
      "vh": 0.078125,
      "width": 576,
      "height": 160,
      "descriptor": null
    },
    {
      "margin": true,
      "index": 1,
      "file": null,
      "u": 0.0,
      "v": 0.921875,
      "uw": 0.333333343,
      "vh": 0.078125,
      "width": 576,