{
  "title": "KAROL JÁN XIII., KRÁĽ ŠVÉDSKY",
  "author": "STETTER, C.",
  "year": "(1820 - 1830)",
  "id": "SNP-CDAACAAAAAABT6K",
  "width": 1664,
  "height": 2048,
  "file": "XI-0081_JPG_x001.webp",
  "tiles_x": 3,
  "tiles_y": 3,
  "offset_x": 0.0,
  "offset_y": 0.09375,
  "tiles": [
    {
      "margin": false,
      "index": 6,
      "file": null,
      "u": 0.0,
      "v": 0.09375,
      "uw": 0.333333343,
      "vh": 0.270833343,
      "width": 554,
      "height": 554,
      "descriptor": [
        43,
        41,
        33,
        60,
        58,
        50,
        59,
        58,
        49,
        61,
        62,
        54,
        39,
        35,
        30,
        53,
        48,
        37,
        52,
        48,
        36,
        66,
        56,
        46,
        57,
        58,
        50,
        55,
        49,
        39,
        71,
        62,
        47,
        69,
        62,
        53,
        54,
        50,
        37,
        49,
        55,
        45,
        73,
        67,
        56,
        55,
        58,
        55
      ]
    },
    {
      "margin": false,
      "index": 7,
      "file": null,
      "u": 0.333333343,
      "v": 0.09375,
      "uw": 0.333333343,
      "vh": 0.270833343,
      "width": 554,
      "height": 554,
      "descriptor": [
        53,
        53,
        45,
        54,
        56,
        48,
        64,
        64,
        56,
        39,
        54,
        42,
        58,
        56,
        46,
        50,
        54,
        44,
        49,
        53,
        42,
        45,
        47,
        40,
        62,
        59,
        56,
        54,
        64,
        56,
        39,
        45,
        40,
        74,
        74,
        68,
        50,
        49,
        46,
        182,
        128,
        83,
        123,
        100,
        62,
        77,
        75,
        60
      ]
    },
    {
      "margin": false,
      "index": 8,
      "file": null,
      "u": 0.6666667,
      "v": 0.09375,
      "uw": 0.333333343,
      "vh": 0.270833343,
      "width": 554,
      "height": 554,
      "descriptor": [
        36,
        45,
        34,
        57,
        54,
        47,
        63,
        59,
        54,
        51,
        48,
        34,
        57,
        59,
        52,
        45,
        53,
        42,
        63,
        65,
        59,
        41,
        41,
        27,
        57,
        59,
        53,
        45,
        50,
        43,
        66,
        68,
        61,
        59,
        50,
        34,
        60,
        61,
        52,
        40,
        41,
        33,
        68,
        68,
        60,
        71,
        58,
        48
      ]
    },
    {
      "margin": false,
      "index": 9,
      "file": null,
      "u": 0.0,
      "v": 0.364583343,
      "uw": 0.333333343,
      "vh": 0.270833343,
      "width": 554,
      "height": 554,
      "descriptor": [
        60,
        59,
        47,
        53,
        57,
        50,
        62,
        61,
        54,
        61,
        65,
        63,
        35,
        36,
        29,
        45,
        51,
        41,
        46,
        48,
        34,
        88,
        79,
        65,
        44,
        48,
        39,
        51,
        60,
        54,
        67,
        70,
        62,
        118,
        93,
        68,
        69,
        66,
        59,
        48,
        52,
        42,
        94,
        73,
        34,
        43,
        56,
        53
      ]
    },
    {
      "margin": false,
      "index": 10,
      "file": null,
      "u": 0.333333343,
      "v": 0.364583343,
      "uw": 0.333333343,
      "vh": 0.270833343,
      "width": 554,
      "height": 554,
      "descriptor": [
        52,
        47,
        38,
        174,
        127,
        93,
        173,
        127,
        91,
        101,
        98,
        82,
        97,
        88,
        65,
        156,
        119,
        80,
        115,
        89,
        56,
        130,
        108,
        86,
        33,
        41,
        40,
        47,
        50,
        45,
        35,
        35,
        35,
        111,
        86,
        63,
        88,
        101,
        111,
        49,
        46,
        45,
        26,
        30,
        29,
        40,
        42,
        46
      ]
    },
    {
      "margin": false,
      "index": 11,
      "file": null,
      "u": 0.6666667,
      "v": 0.364583343,
      "uw": 0.333333343,
      "vh": 0.270833343,
      "width": 554,
      "height": 554,
      "descriptor": [
        72,
        73,
        65,
        67,
        70,
        63,
        72,
        70,
        57,
        78,
        63,
        45,
        102,
        84,
        61,
        74,
        70,
        54,
        75,
        77,
        70,
        56,
        57,
        47,
        89,
        75,
        55,
        82,
        68,
        42,
        91,
        89,
        79,
        84,
        79,
        77,
        38,
        50,
        55,
        67,
        57,
        40,
        73,
        67,
        56,
        97,
        82,
        55
      ]
    },
    {
      "margin": false,
      "index": 12,
      "file": null,
      "u": 0.0,
      "v": 0.6354167,
      "uw": 0.333333343,
      "vh": 0.270833343,
      "width": 554,
      "height": 554,
      "descriptor": [
        59,
        59,
        52,
        68,
        54,
        43,
        87,
        80,
        55,
        75,
        97,
        108,
        78,
        67,
        53,
        56,
        55,
        50,
        38,
        43,
        40,
        31,
        39,
        40,
        58,
        53,
        47,
        67,
        61,
        51,
        42,
        46,
        47,
        30,
        43,
        45,
        48,
        51,
        42,
        155,
        116,
        56,
        40,
        49,
        51,
        38,
        47,
        49
      ]
    },
    {
      "margin": false,
      "index": 13,
      "file": null,
      "u": 0.333333343,
      "v": 0.6354167,
      "uw": 0.333333343,
      "vh": 0.270833343,
      "width": 554,
      "height": 554,
      "descriptor": [
        68,
        96,
        126,
        56,
        65,
        69,
        132,
        117,
        79,
        98,
        95,
        80,
        95,
        119,
        130,
        64,
        95,
        126,
        87,
        86,
        69,
        97,
        90,
        66,
        48,
        56,
        53,
        67,
        97,
        125,
        69,
        89,
        101,
        30,
        44,
        43,
        39,
        32,
        41,
        71,
        84,
        105,
        74,
        89,
        99,
        63,
        75,
        77
      ]
    },
    {
      "margin": false,
      "index": 14,
      "file": null,
      "u": 0.6666667,
      "v": 0.6354167,
      "uw": 0.333333343,
      "vh": 0.270833343,
      "width": 554,
      "height": 554,
      "descriptor": [
        32,
        33,
        31,
        69,
        60,
        50,
        54,
        52,
        29,
        98,
        78,
        47,
        38,
        44,
        39,
        29,
        38,
        40,
        44,
        50,
        50,
        70,
        57,
        37,
        22,
        28,
        27,
        1,
        24,
        20,
        40,
        52,
        55,
        40,
        43,
        42,
        28,
        32,
        40,
        54,
        52,
        47,
        27,
        39,
        38,
        42,
        49,
        43
      ]
    }
  ],
  "margins": [
    {
      "margin": true,
      "index": 0,
      "file": null,
      "u": 0.0,
      "v": 0.0,
      "uw": 0.333333343,
      "vh": 0.09375,
      "width": 554,
      "height": 192,
      "descriptor": null
    },
    {
      "margin": true,
      "index": 1,
      "file": null,
      "u": 0.0,
      "v": 0.90625,
      "uw": 0.333333343,