{
  "title": "JÁN CALISCH",
  "author": "RETH MICHAEL",
  "year": "(1780 - 1800)",
  "id": "SNP-CDAACAAAAAABT6H",
  "width": 1600,
  "height": 2048,
  "file": "XI-0085_JPG_x001.webp",
  "tiles_x": 3,
  "tiles_y": 3,
  "offset_x": 0.0,
  "offset_y": 0.109375,
  "tiles": [
    {
      "margin": false,
      "index": 6,
      "file": null,
      "u": 0.0,
      "v": 0.109375,
      "uw": 0.3333333,
      "vh": 0.260416657,
      "width": 533,
      "height": 533,
      "descriptor": [
        174,
        155,
        121,
        88,
        79,
        57,
        94,
        87,
        62,
        112,
        97,
        75,
        134,
        115,
        85,
        89,
        78,
        53,
        115,
        105,
        80,
        102,
        91,
        69,
        140,
        115,
        79,
        127,
        113,
        89,
        107,
        97,
        74,
        146,
        152,
        133,
        74,
        65,
        53,
        121,
        106,
        84,
        108,
        96,
        72,
        102,
        90,
        71
      ]
    },
    {
      "margin": false,
      "index": 7,
      "file": null,
      "u": 0.3333333,
      "v": 0.109375,
      "uw": 0.3333333,
      "vh": 0.260416657,
      "width": 533,
      "height": 533,
      "descriptor": [
        148,
        163,
        150,
        153,
        152,
        141,
        144,
        138,
        126,
        146,
        154,
        142,
        201,
        184,
        167,
        194,
        167,
        149,
        202,
        187,
        171,
        158,
        179,
        171,
        124,
        115,
        97,
        185,
        166,
        148,
        126,
        108,
        94,
        128,
        122,
        107,
        164,
        145,
        126,
        165,
        144,
        119,
        152,
        139,
        111,
        138,
        129,
        113
      ]
    },
    {
      "margin": false,
      "index": 8,
      "file": null,
      "u": 0.6666666,
      "v": 0.109375,
      "uw": 0.3333333,
      "vh": 0.260416657,
      "width": 533,
      "height": 533,
      "descriptor": [
        105,
        98,
        80,
        126,
        118,
        91,
        161,
        142,
        109,
        119,
        108,
        89,
        128,
        139,
        115,
        101,
        97,
        82,
        107,
        101,
        84,
        143,
        89,
        63,
        101,
        97,
        87,
        104,
        107,
        90,
        101,
        97,
        80,
        130,
        115,
        94,
        105,
        109,
        94,
        126,
        147,
        120,
        116,
        119,
        100,
        127,
        111,
        78
      ]
    },
    {
      "margin": false,
      "index": 9,
      "file": null,
      "u": 0.0,
      "v": 0.369791657,
      "uw": 0.3333333,
      "vh": 0.260416657,
      "width": 533,
      "height": 533,
      "descriptor": [
        95,
        88,
        63,
        87,
        77,
        55,
        112,
        103,
        81,
        106,
        90,
        67,
        100,
        85,
        57,
        124,
        111,
        82,
        151,
        130,
        99,
        115,
        102,
        78,
        76,
        71,
        53,
        112,
        102,
        78,
        145,
        129,
        105,
        128,
        115,
        93,
        128,
        108,
        79,
        136,
        123,
        100,
        121,
        109,
        84,
        127,
        121,
        112
      ]
    },
    {
      "margin": false,
      "index": 10,
      "file": null,
      "u": 0.3333333,
      "v": 0.369791657,
      "uw": 0.3333333,
      "vh": 0.260416657,
      "width": 533,
      "height": 533,
      "descriptor": [
        200,
        170,
        149,
        151,
        137,
        120,
        177,
        144,
        119,
        185,
        131,
        108,
        170,
        175,
        154,
        150,
        141,
        117,
        156,
        145,
        127,
        140,
        151,
        138,
        112,
        109,
        100,
        145,
        131,
        114,
        187,
        188,
        175,
        134,
        130,
        116,
        130,
        127,
        113,
        170,
        171,
        153,
        140,
        139,
        125,
        118,
        116,
        109
      ]
    },
    {
      "margin": false,
      "index": 11,
      "file": null,
      "u": 0.6666666,
      "v": 0.369791657,
      "uw": 0.3333333,
      "vh": 0.260416657,
      "width": 533,
      "height": 533,
      "descriptor": [
        86,
        88,
        75,
        126,
        127,
        99,
        118,
        123,
        102,
        152,
        125,
        102,
        104,
        105,
        89,
        121,
        135,
        110,
        122,
        136,
        109,
        186,
        149,
        125,
        108,
        105,
        98,
        116,
        128,
        102,
        171,
        174,
        158,
        179,
        152,
        115,
        131,
        129,
        121,
        110,
        110,
        102,
        116,
        137,
        112,
        169,
        163,
        152
      ]
    },
    {
      "margin": false,
      "index": 12,
      "file": null,
      "u": 0.0,
      "v": 0.6302083,
      "uw": 0.3333333,
      "vh": 0.260416657,
      "width": 533,
      "height": 533,
      "descriptor": [
        76,
        73,
        50,
        74,
        67,
        52,
        123,
        115,
        101,
        158,
        156,
        145,
        85,
        80,
        67,
        134,
        125,
        104,
        123,
        120,
        109,
        143,
        131,
        113,
        100,
        90,
        78,
        137,
        135,
        120,
        162,
        154,
        117,
        126,
        133,
        113,
        99,
        97,
        90,
        89,
        85,
        75,
        146,
        146,
        129,
        118,
        122,
        109
      ]
    },
    {
      "margin": false,
      "index": 13,
      "file": null,
      "u": 0.3333333,
      "v": 0.6302083,
      "uw": 0.3333333,
      "vh": 0.260416657,
      "width": 533,
      "height": 533,
      "descriptor": [
        168,
        167,
        145,
        165,
        150,
        118,
        170,
        163,
        149,
        134,
        135,
        124,
        144,
        148,
        132,
        137,
        148,
        136,
        136,
        130,
        111,
        147,
        147,
        140,
        175,
        181,
        181,
        167,
        175,
        169,
        153,
        146,
        129,
        137,
        127,
        115,
        153,
        156,
        143,
        175,
        176,
        165,
        130,
        124,
        108,
        120,
        116,
        110
      ]
    },
    {
      "margin": false,
      "index": 14,
      "file": null,
      "u": 0.6666666,
      "v": 0.6302083,
      "uw": 0.3333333,
      "vh": 0.260416657,
      "width": 533,
      "height": 533,
      "descriptor": [
        109,
        106,
        95,
        149,
        143,
        129,
        127,
        116,
        99,
        128,
        127,
        95,
        143,
        135,
        124,
        143,
        138,
        126,
        122,
        118,
        110,
        129,
        80,
        55,
        144,
        132,
        122,
        155,
        141,
        116,
        165,
        154,
        122,
        130,
        123,
        83,
        136,
        134,
        119,
        105,
        105,
        93,
        133,
        135,
        126,
        137,
        135,
        128
      ]
    }
  ],
  "margins": [
    {
      "margin": true,
      "index": 0,
      "file": null,