{
  "title": "ALBRECHT Z WALDSTEINA",
  "author": "NEZNÁMY AUTOR",
  "year": "(1601 - 1700)",
  "id": "SNP-CDAACAAAAAABUWU",
  "width": 1472,
  "height": 2048,
  "file": "XI-0872_JPG_x001.webp",
  "tiles_x": 3,
  "tiles_y": 4,
  "offset_x": 0.0,
  "offset_y": 0.0208333433,
  "tiles": [
    {
      "margin": false,
      "index": 6,
      "file": null,
      "u": 0.0,
      "v": 0.0208333433,
      "uw": 0.3333333,
      "vh": 0.239583328,
      "width": 490,
      "height": 490,
      "descriptor": [
        119,
        90,
        77,
        142,
        108,
        89,
        163,
        136,
        112,
        112,
        82,
        66,
        126,
        95,
        84,
        149,
        121,
        99,
        114,
        80,
        60,
        108,
        83,
        57,
        134,
        109,
        91,
        125,
        94,
        40,
        86,
        72,
        52,
        42,
        27,
        12,
        109,
        76,
        58,
        45,
        40,
        27,
        44,
        42,
        30,
        90,
        59,
        29
      ]
    },
    {
      "margin": false,
      "index": 7,
      "file": null,
      "u": 0.3333333,
      "v": 0.0208333433,
      "uw": 0.3333333,
      "vh": 0.239583328,
      "width": 490,
      "height": 490,
      "descriptor": [
        102,
        78,
        59,
        75,
        68,
        50,
        53,
        42,
        18,
        45,
        32,
        16,
        59,
        41,
        24,
        84,
        62,
        29,
        62,
        39,
        7,
        50,
        33,
        15,
        56,
        48,
        19,
        67,
        68,
        56,
        56,
        37,
        27,
        41,
        25,
        9,
        114,
        77,
        58,
        98,
        88,
        65,
        115,
        85,
        53,
        83,
        56,
        32
      ]
    },
    {
      "margin": false,
      "index": 8,
      "file": null,
      "u": 0.6666666,
      "v": 0.0208333433,
      "uw": 0.3333333,
      "vh": 0.239583328,
      "width": 490,
      "height": 490,
      "descriptor": [
        122,
        102,
        90,
        136,
        106,
        92,
        133,
        107,
        87,
        75,
        43,
        37,
        65,
        41,
        18,
        95,
        74,
        43,
        89,
        61,
        32,
        102,
        67,
        57,
        67,
        36,
        12,
        48,
        26,
        5,
        173,
        156,
        141,
        60,
        33,
        19,
        80,
        56,
        31,
        46,
        45,
        33,
        171,
        152,
        124,
        41,
        28,
        13
      ]
    },
    {
      "margin": false,
      "index": 9,
      "file": null,
      "u": 0.0,
      "v": 0.2604167,
      "uw": 0.3333333,
      "vh": 0.239583328,
      "width": 490,
      "height": 490,
      "descriptor": [
        145,
        118,
        91,
        50,
        48,
        36,
        64,
        53,
        32,
        99,
        68,
        49,
        124,
        97,
        79,
        97,
        72,
        52,
        59,
        41,
        38,
        75,
        40,
        15,
        138,
        110,
        86,
        132,
        98,
        72,
        49,
        31,
        4,
        126,
        100,
        64,
        134,
        103,
        83,
        115,
        85,
        63,
        50,
        35,
        13,
        93,
        85,
        54
      ]
    },
    {
      "margin": false,
      "index": 10,
      "file": null,
      "u": 0.3333333,
      "v": 0.2604167,
      "uw": 0.3333333,
      "vh": 0.239583328,
      "width": 490,
      "height": 490,
      "descriptor": [
        99,
        64,
        41,
        142,
        117,
        87,
        93,
        61,
        28,
        99,
        75,
        53,
        121,
        75,
        37,
        90,
        73,
        49,
        88,
        67,
        20,
        66,
        49,
        17,
        126,
        115,
        86,
        146,
        108,
        54,
        86,
        43,
        17,
        96,
        69,
        33,
        127,
        108,
        67,
        163,
        137,
        105,
        109,
        82,
        35,
        112,
        72,
        50
      ]
    },
    {
      "margin": false,
      "index": 11,
      "file": null,
      "u": 0.6666666,
      "v": 0.2604167,
      "uw": 0.3333333,
      "vh": 0.239583328,
      "width": 490,
      "height": 490,
      "descriptor": [
        84,
        52,
        18,
        51,
        44,
        28,
        135,
        114,
        64,
        92,
        70,
        53,
        93,
        65,
        29,
        38,
        33,
        17,
        147,
        127,
        108,
        134,
        108,
        91,
        109,
        87,
        57,
        41,
        26,
        17,
        102,
        67,
        49,
        83,
        72,
        53,
        35,
        30,
        16,
        37,
        30,
        14,
        39,
        36,
        19,
        46,
        31,
        16
      ]
    },
    {
      "margin": false,
      "index": 12,
      "file": null,
      "u": 0.0,
      "v": 0.5,
      "uw": 0.3333333,
      "vh": 0.239583328,
      "width": 490,
      "height": 490,
      "descriptor": [
        130,
        103,
        89,
        128,
        94,
        77,
        44,
        9,
        0,
        88,
        46,
        23,
        128,
        95,
        80,
        133,
        105,
        84,
        52,
        38,
        14,
        95,
        61,
        29,
        121,
        96,
        68,
        146,
        122,
        92,
        55,
        49,
        34,
        60,
        57,
        37,
        98,
        73,
        53,
        122,
        91,
        74,
        40,
        34,
        18,
        88,
        75,
        52
      ]
    },
    {
      "margin": false,
      "index": 13,
      "file": null,
      "u": 0.3333333,
      "v": 0.5,
      "uw": 0.3333333,
      "vh": 0.239583328,
      "width": 490,
      "height": 490,
      "descriptor": [
        110,
        78,
        25,
        134,
        100,
        44,
        112,
        83,
        35,
        79,
        72,
        35,
        115,
        86,
        29,
        137,
        100,
        39,
        103,
        77,
        13,
        124,
        99,
        55,
        63,
        55,
        35,
        132,
        56,
        31,
        127,
        60,
        48,
        104,
        97,
        67,
        86,
        82,
        65,
        106,
        75,
        36,
        60,
        57,
        40,
        94,
        70,
        32
      ]
    },
    {
      "margin": false,
      "index": 14,
      "file": null,
      "u": 0.6666666,
      "v": 0.5,
      "uw": 0.3333333,
      "vh": 0.239583328,
      "width": 490,
      "height": 490,
      "descriptor": [
        97,
        69,
        38,
        87,
        58,
        39,
        33,
        43,
        27,
        43,
        48,
        26,
        114,
        89,
        51,
        90,
        60,
        27,
        106,
        68,
        43,
        45,
        58,
        30,
        66,
        81,
        65,
        98,
        42,
        18,
        51,
        58,
        44,
        40,
        51,
        42,
        38,
        51,
        38,
        27,
        39,
        34,
        45,
        68,
        52,
        47,
        59,
        56
      ]
    },
    {
      "margin": false,
      "index": 15,
      "file": null,
      "u": 0.0,
      "v": 0.7395834,
      "uw": 0.3333333,
      "vh": 0.239583328,
      "width": 490,
      "height": 490,