{
  "title": "KAROL ZAY",
  "author": "FRICART MARIANNE",
  "year": "1822",
  "id": "SNP-CDAACAAAAAABT6O",
  "width": 1600,
  "height": 2048,
  "file": "XI-0101_JPG_x001.webp",
  "tiles_x": 3,
  "tiles_y": 3,
  "offset_x": 0.0,
  "offset_y": 0.109375,
  "tiles": [
    {
      "margin": false,
      "index": 6,
      "file": null,
      "u": 0.0,
      "v": 0.109375,
      "uw": 0.3333333,
      "vh": 0.260416657,
      "width": 533,
      "height": 533,
      "descriptor": [
        95,
        84,
        69,
        91,
        82,
        72,
        99,
        94,
        78,
        93,
        97,
        84,
        91,
        81,
        70,
        90,
        82,
        71,
        91,
        86,
        73,
        94,
        91,
        77,
        91,
        81,
        71,
        81,
        73,
        63,
        82,
        74,
        62,
        79,
        72,
        59,
        87,
        80,
        66,
        82,
        73,
        62,
        83,
        75,
        65,
        80,
        74,
        63
      ]
    },
    {
      "margin": false,
      "index": 7,
      "file": null,
      "u": 0.3333333,
      "v": 0.109375,
      "uw": 0.3333333,
      "vh": 0.260416657,
      "width": 533,
      "height": 533,
      "descriptor": [
        95,
        94,
        76,
        89,
        85,
        70,
        97,
        92,
        74,
        106,
        108,
        93,
        85,
        80,
        66,
        77,
        68,
        58,
        62,
        54,
        49,
        74,
        70,
        56,
        62,
        52,
        44,
        151,
        125,
        93,
        165,
        124,
        104,
        53,
        49,
        43,
        76,
        66,
        49,
        144,
        111,
        81,
        114,
        92,
        69,
        54,
        50,
        44
      ]
    },
    {
      "margin": false,
      "index": 8,
      "file": null,
      "u": 0.6666666,
      "v": 0.109375,
      "uw": 0.3333333,
      "vh": 0.260416657,
      "width": 533,
      "height": 533,
      "descriptor": [
        109,
        101,
        79,
        102,
        94,
        76,
        104,
        93,
        73,
        101,
        90,
        76,
        98,
        87,
        71,
        103,
        91,
        73,
        107,
        93,
        74,
        100,
        92,
        77,
        104,
        90,
        76,
        105,
        88,
        70,
        107,
        90,
        69,
        106,
        95,
        80,
        88,
        77,
        61,
        106,
        90,
        73,
        107,
        93,
        76,
        96,
        86,
        71
      ]
    },
    {
      "margin": false,
      "index": 9,
      "file": null,
      "u": 0.0,
      "v": 0.369791657,
      "uw": 0.3333333,
      "vh": 0.260416657,
      "width": 533,
      "height": 533,
      "descriptor": [
        84,
        75,
        63,
        85,
        79,
        68,
        79,
        73,
        61,
        80,
        75,
        65,
        78,
        69,
        57,
        83,
        70,
        56,
        86,
        77,
        64,
        87,
        77,
        66,
        84,
        73,
        55,
        86,
        74,
        60,
        90,
        81,
        69,
        80,
        69,
        57,
        86,
        76,
        66,
        75,
        64,
        54,
        85,
        72,
        61,
        79,
        69,
        57
      ]
    },
    {
      "margin": false,
      "index": 10,
      "file": null,
      "u": 0.3333333,
      "v": 0.369791657,
      "uw": 0.3333333,
      "vh": 0.260416657,
      "width": 533,
      "height": 533,
      "descriptor": [
        70,
        60,
        55,
        82,
        57,
        46,
        143,
        89,
        72,
        116,
        79,
        61,
        75,
        70,
        62,
        151,
        114,
        84,
        111,
        84,
        63,
        75,
        72,
        65,
        76,
        68,
        59,
        158,
        144,
        112,
        127,
        115,
        91,
        42,
        48,
        47,
        42,
        51,
        45,
        148,
        134,
        100,
        164,
        163,
        128,
        49,
        53,
        52
      ]
    },
    {
      "margin": false,
      "index": 11,
      "file": null,
      "u": 0.6666666,
      "v": 0.369791657,
      "uw": 0.3333333,
      "vh": 0.260416657,
      "width": 533,
      "height": 533,
      "descriptor": [
        105,
        90,
        77,
        90,
        81,
        68,
        92,
        82,
        68,
        94,
        85,
        73,
        102,
        87,
        72,
        92,
        82,
        71,
        81,
        73,
        64,
        78,
        73,
        67,
        80,
        70,
        59,
        79,
        70,
        59,
        68,
        64,
        56,
        64,
        59,
        53,
        43,
        49,
        46,
        51,
        58,
        57,
        70,
        68,
        61,
        69,
        64,
        58
      ]
    },
    {
      "margin": false,
      "index": 12,
      "file": null,
      "u": 0.0,
      "v": 0.6302083,
      "uw": 0.3333333,
      "vh": 0.260416657,
      "width": 533,
      "height": 533,
      "descriptor": [
        80,
        72,
        64,
        76,
        66,
        54,
        78,
        69,
        59,
        39,
        55,
        54,
        79,
        70,
        62,
        75,
        63,
        56,
        73,
        66,
        58,
        44,
        48,
        45,
        71,
        60,
        50,
        72,
        64,
        53,
        44,
        51,
        50,
        44,
        50,
        49,
        67,
        60,
        53,
        73,
        60,
        51,
        38,
        45,
        46,
        36,
        44,
        42
      ]
    },
    {
      "margin": false,
      "index": 13,
      "file": null,
      "u": 0.3333333,
      "v": 0.6302083,
      "uw": 0.3333333,
      "vh": 0.260416657,
      "width": 533,
      "height": 533,
      "descriptor": [
        46,
        52,
        48,
        169,
        165,
        139,
        45,
        53,
        51,
        42,
        49,
        46,
        62,
        65,
        59,
        130,
        119,
        93,
        51,
        56,
        53,
        43,
        51,
        47,
        96,
        93,
        79,
        140,
        129,
        103,
        40,
        54,
        50,
        48,
        52,
        50,
        125,
        122,
        106,
        136,
        128,
        108,
        28,
        49,
        47,
        66,
        58,
        50
      ]
    },
    {
      "margin": false,
      "index": 14,
      "file": null,
      "u": 0.6666666,
      "v": 0.6302083,
      "uw": 0.3333333,
      "vh": 0.260416657,
      "width": 533,
      "height": 533,
      "descriptor": [
        52,
        58,
        54,
        48,
        54,
        53,
        46,
        52,
        51,
        63,
        62,
        57,
        44,
        49,
        45,
        77,
        78,
        62,
        41,
        45,
        41,
        65,
        61,
        54,
        46,
        44,
        44,
        47,
        55,
        56,
        39,
        46,
        45,
        71,
        68,
        59,
        38,
        44,
        40,
        36,
        48,
        47,
        37,
        41,
        40,
        72,
        60,
        50
      ]
    }
  ],
  "margins": [
    {
      "margin": true,
      "index": 0,
      "file": null,
      "u": 0.0,
      "v": 0.0,
      "uw": 0.3333333,
      "vh": 0.109375,
      "width": 533,
      "height": 224,
      "descriptor": null
    },
    {
      "margin": true,
      "index": 1,
      "file": null,
      "u": 0.0,
      "v": 0.890625,
      "uw": 0.3333333,