{
  "title": "EUGEN SAVOJSKÝ",
  "author": "NEZNÁMY AUTOR",
  "year": "(1708 - 1713)",
  "id": "SNP-039376111XXBOJ000XI001900000",
  "width": 1664,
  "height": 2048,
  "file": "XI-0019_JPG_x001.webp",
  "tiles_x": 3,
  "tiles_y": 3,
  "offset_x": 0.0,
  "offset_y": 0.09375,
  "tiles": [
    {
      "margin": false,
      "index": 6,
      "file": null,
      "u": 0.0,
      "v": 0.09375,
      "uw": 0.333333343,
      "vh": 0.270833343,
      "width": 554,
      "height": 554,
      "descriptor": [
        48,
        27,
        18,
        44,
        41,
        33,
        60,
        56,
        45,
        60,
        57,
        52,
        58,
        50,
        44,
        67,
        59,
        51,
        39,
        38,
        30,
        56,
        52,
        46,
        46,
        30,
        18,
        65,
        51,
        44,
        89,
        78,
        70,
        57,
        48,
        43,
        54,
        50,
        37,
        80,
        50,
        34,
        72,
        54,
        47,
        55,
        42,
        34
      ]
    },
    {
      "margin": false,
      "index": 7,
      "file": null,
      "u": 0.333333343,
      "v": 0.09375,
      "uw": 0.333333343,
      "vh": 0.270833343,
      "width": 554,
      "height": 554,
      "descriptor": [
        59,
        58,
        51,
        71,
        62,
        54,
        97,
        84,
        70,
        64,
        54,
        50,
        50,
        45,
        40,
        81,
        71,
        63,
        192,
        145,
        99,
        53,
        46,
        36,
        48,
        40,
        33,
        133,
        99,
        66,
        132,
        89,
        51,
        86,
        61,
        44,
        58,
        46,
        39,
        90,
        59,
        50,
        135,
        100,
        65,
        81,
        62,
        53
      ]
    },
    {
      "margin": false,
      "index": 8,
      "file": null,
      "u": 0.6666667,
      "v": 0.09375,
      "uw": 0.333333343,
      "vh": 0.270833343,
      "width": 554,
      "height": 554,
      "descriptor": [
        47,
        42,
        36,
        48,
        46,
        40,
        55,
        52,
        47,
        78,
        50,
        41,
        41,
        39,
        32,
        42,
        40,
        34,
        48,
        46,
        39,
        47,
        44,
        34,
        56,
        49,
        43,
        53,
        44,
        37,
        59,
        48,
        44,
        54,
        45,
        32,
        43,
        28,
        20,
        70,
        52,
        47,
        51,
        42,
        36,
        36,
        27,
        19
      ]
    },
    {
      "margin": false,
      "index": 9,
      "file": null,
      "u": 0.0,
      "v": 0.364583343,
      "uw": 0.333333343,
      "vh": 0.270833343,
      "width": 554,
      "height": 554,
      "descriptor": [
        75,
        53,
        38,
        65,
        45,
        38,
        87,
        78,
        67,
        61,
        49,
        41,
        77,
        47,
        27,
        81,
        59,
        47,
        64,
        49,
        39,
        76,
        50,
        32,
        81,
        55,
        36,
        101,
        69,
        47,
        90,
        76,
        59,
        81,
        56,
        46,
        69,
        39,
        22,
        83,
        53,
        35,
        86,
        59,
        43,
        86,
        69,
        38
      ]
    },
    {
      "margin": false,
      "index": 10,
      "file": null,
      "u": 0.333333343,
      "v": 0.364583343,
      "uw": 0.333333343,
      "vh": 0.270833343,
      "width": 554,
      "height": 554,
      "descriptor": [
        86,
        60,
        47,
        63,
        50,
        45,
        93,
        59,
        44,
        81,
        51,
        44,
        56,
        39,
        29,
        105,
        41,
        33,
        154,
        131,
        91,
        50,
        49,
        42,
        134,
        114,
        97,
        210,
        183,
        128,
        164,
        153,
        122,
        85,
        68,
        39,
        95,
        83,
        52,
        89,
        74,
        40,
        85,
        68,
        47,
        83,
        69,
        45
      ]
    },
    {
      "margin": false,
      "index": 11,
      "file": null,
      "u": 0.6666667,
      "v": 0.364583343,
      "uw": 0.333333343,
      "vh": 0.270833343,
      "width": 554,
      "height": 554,
      "descriptor": [
        58,
        46,
        37,
        59,
        50,
        40,
        68,
        52,
        43,
        50,
        38,
        29,
        67,
        55,
        48,
        81,
        63,
        57,
        77,
        48,
        38,
        60,
        49,
        38,
        80,
        67,
        59,
        55,
        44,
        39,
        40,
        34,
        31,
        72,
        51,
        38,
        119,
        102,
        71,
        44,
        35,
        34,
        56,
        41,
        32,
        85,
        60,
        46
      ]
    },
    {
      "margin": false,
      "index": 12,
      "file": null,
      "u": 0.0,
      "v": 0.6354167,
      "uw": 0.333333343,
      "vh": 0.270833343,
      "width": 554,
      "height": 554,
      "descriptor": [
        89,
        63,
        46,
        62,
        46,
        33,
        101,
        80,
        58,
        53,
        50,
        32,
        80,
        67,
        62,
        48,
        40,
        30,
        116,
        92,
        66,
        79,
        69,
        60,
        64,
        53,
        43,
        63,
        55,
        48,
        63,
        57,
        50,
        56,
        46,
        34,
        58,
        39,
        30,
        66,
        55,
        45,
        55,
        46,
        34,
        74,
        61,
        52
      ]
    },
    {
      "margin": false,
      "index": 13,
      "file": null,
      "u": 0.333333343,
      "v": 0.6354167,
      "uw": 0.333333343,
      "vh": 0.270833343,
      "width": 554,
      "height": 554,
      "descriptor": [
        71,
        59,
        46,
        94,
        70,
        29,
        127,
        111,
        67,
        92,
        76,
        38,
        45,
        41,
        37,
        89,
        56,
        20,
        71,
        55,
        36,
        85,
        67,
        31,
        63,
        60,
        57,
        66,
        57,
        47,
        147,
        93,
        46,
        68,
        51,
        30,
        147,
        114,
        71,
        56,
        54,
        46,
        65,
        59,
        46,
        85,
        59,
        40
      ]
    },
    {
      "margin": false,
      "index": 14,
      "file": null,
      "u": 0.6666667,
      "v": 0.6354167,
      "uw": 0.333333343,
      "vh": 0.270833343,
      "width": 554,
      "height": 554,
      "descriptor": [
        86,
        81,
        66,
        46,
        36,
        28,
        78,
        58,
        49,
        100,
        63,
        44,
        92,
        77,
        32,
        56,
        57,
        48,
        69,
        57,
        43,
        107,
        65,
        36,
        83,
        65,
        28,
        131,
        112,
        77,
        100,
        83,
        48,
        51,
        38,
        26,
        90,
        68,
        41,
        52,
        41,
        22,
        73,
        61,
        40,
        78,
        61,
        49
      ]
    }
  ],
  "margins": [
    {
      "margin": true,
      "index": 0,
      "file": null,
      "u": 0.0,
      "v": 0.0,
      "uw": 0.333333343,
      "vh": 0.09375,
      "width": 554,
      "height": 192,
      "descriptor": null
    },
    {
      "margin": true,
      "index": 1,
      "file": null,
      "u": 0.0,
      "v": 0.90625,