{
  "title": "KLÁRA WARTENSLEBENOVÁ",
  "author": "DONAT, JOHANN DANIEL",
  "year": "1826",
  "id": "SNP-CDAACAAAAAABS2M",
  "width": 1664,
  "height": 2048,
  "file": "XI-0041_JPG_x001.webp",
  "tiles_x": 3,
  "tiles_y": 3,
  "offset_x": 0.0,
  "offset_y": 0.09375,
  "tiles": [
    {
      "margin": false,
      "index": 6,
      "file": null,
      "u": 0.0,
      "v": 0.09375,
      "uw": 0.333333343,
      "vh": 0.270833343,
      "width": 554,
      "height": 554,
      "descriptor": [
        57,
        60,
        54,
        66,
        61,
        53,
        72,
        71,
        60,
        76,
        71,
        55,
        56,
        59,
        54,
        64,
        59,
        51,
        67,
        70,
        47,
        64,
        58,
        47,
        67,
        70,
        63,
        71,
        69,
        63,
        70,
        73,
        63,
        60,
        58,
        42,
        72,
        73,
        67,
        68,
        64,
        60,
        71,
        70,
        56,
        80,
        75,
        58
      ]
    },
    {
      "margin": false,
      "index": 7,
      "file": null,
      "u": 0.333333343,
      "v": 0.09375,
      "uw": 0.333333343,
      "vh": 0.270833343,
      "width": 554,
      "height": 554,
      "descriptor": [
        121,
        119,
        96,
        65,
        55,
        45,
        65,
        54,
        49,
        70,
        61,
        50,
        208,
        176,
        124,
        216,
        175,
        145,
        29,
        28,
        20,
        101,
        99,
        84,
        209,
        156,
        129,
        180,
        143,
        104,
        67,
        56,
        53,
        86,
        62,
        50,
        208,
        161,
        130,
        214,
        160,
        130,
        139,
        99,
        86,
        102,
        93,
        66
      ]
    },
    {
      "margin": false,
      "index": 8,
      "file": null,
      "u": 0.6666667,
      "v": 0.09375,
      "uw": 0.333333343,
      "vh": 0.270833343,
      "width": 554,
      "height": 554,
      "descriptor": [
        89,
        105,
        81,
        76,
        74,
        70,
        73,
        69,
        58,
        69,
        66,
        59,
        78,
        75,
        70,
        83,
        74,
        61,
        75,
        69,
        65,
        69,
        65,
        50,
        87,
        84,
        71,
        96,
        90,
        75,
        80,
        83,
        64,
        79,
        79,
        74,
        86,
        78,
        60,
        93,
        96,
        84,
        95,
        81,
        68,
        93,
        74,
        50
      ]
    },
    {
      "margin": false,
      "index": 9,
      "file": null,
      "u": 0.0,
      "v": 0.364583343,
      "uw": 0.333333343,
      "vh": 0.270833343,
      "width": 554,
      "height": 554,
      "descriptor": [
        70,
        69,
        63,
        65,
        61,
        56,
        76,
        72,
        63,
        87,
        89,
        54,
        61,
        61,
        56,
        75,
        66,
        49,
        72,
        64,
        41,
        103,
        93,
        81,
        59,
        58,
        53,
        67,
        57,
        53,
        67,
        67,
        56,
        180,
        154,
        114,
        55,
        54,
        49,
        69,
        68,
        55,
        154,
        48,
        11,
        176,
        58,
        28
      ]
    },
    {
      "margin": false,
      "index": 10,
      "file": null,
      "u": 0.333333343,
      "v": 0.364583343,
      "uw": 0.333333343,
      "vh": 0.270833343,
      "width": 554,
      "height": 554,
      "descriptor": [
        178,
        142,
        107,
        186,
        136,
        111,
        133,
        105,
        93,
        114,
        116,
        99,
        143,
        110,
        80,
        170,
        135,
        114,
        147,
        113,
        95,
        118,
        102,
        86,
        209,
        183,
        141,
        209,
        171,
        135,
        174,
        127,
        95,
        151,
        117,
        88,
        194,
        175,
        151,
        217,
        191,
        150,
        207,
        176,
        140,
        193,
        154,
        130
      ]
    },
    {
      "margin": false,
      "index": 11,
      "file": null,
      "u": 0.6666667,
      "v": 0.364583343,
      "uw": 0.333333343,
      "vh": 0.270833343,
      "width": 554,
      "height": 554,
      "descriptor": [
        94,
        82,
        60,
        94,
        77,
        57,
        89,
        73,
        55,
        75,
        74,
        67,
        107,
        92,
        88,
        99,
        93,
        74,
        84,
        85,
        77,
        75,
        66,
        54,
        111,
        107,
        69,
        86,
        67,
        61,
        73,
        70,
        60,
        72,
        68,
        59,
        170,
        130,
        95,
        90,
        75,
        55,
        76,
        76,
        68,
        71,
        74,
        61
      ]
    },
    {
      "margin": false,
      "index": 12,
      "file": null,
      "u": 0.0,
      "v": 0.6354167,
      "uw": 0.333333343,
      "vh": 0.270833343,
      "width": 554,
      "height": 554,
      "descriptor": [
        50,
        54,
        52,
        112,
        66,
        43,
        177,
        76,
        49,
        146,
        64,
        81,
        51,
        53,
        44,
        102,
        50,
        42,
        174,
        57,
        42,
        163,
        41,
        19,
        54,
        58,
        52,
        117,
        54,
        26,
        150,
        50,
        24,
        161,
        46,
        17,
        62,
        62,
        58,
        89,
        49,
        36,
        144,
        52,
        22,
        176,
        48,
        15
      ]
    },
    {
      "margin": false,
      "index": 13,
      "file": null,
      "u": 0.333333343,
      "v": 0.6354167,
      "uw": 0.333333343,
      "vh": 0.270833343,
      "width": 554,
      "height": 554,
      "descriptor": [
        156,
        57,
        39,
        184,
        159,
        124,
        170,
        125,
        75,
        180,
        182,
        150,
        130,
        49,
        19,
        162,
        36,
        9,
        154,
        145,
        116,
        159,
        139,
        108,
        122,
        56,
        42,
        157,
        49,
        49,
        155,
        55,
        28,
        165,
        50,
        41,
        163,
        55,
        39,
        114,
        53,
        42,
        145,
        62,
        35,
        165,
        108,
        65
      ]
    },
    {
      "margin": false,
      "index": 14,
      "file": null,
      "u": 0.6666667,
      "v": 0.6354167,
      "uw": 0.333333343,
      "vh": 0.270833343,
      "width": 554,
      "height": 554,
      "descriptor": [
        144,
        128,
        90,
        130,
        54,
        20,
        62,
        62,
        50,
        50,
        63,
        54,
        150,
        58,
        39,
        143,
        63,
        55,
        55,
        59,
        54,
        63,
        58,
        46,
        157,
        72,
        18,
        129,
        55,
        10,
        91,
        43,
        35,
        65,
        74,
        60,
        95,
        50,
        36,
        122,
        50,
        22,
        78,
        55,
        43,
        61,
        66,
        58
      ]
    }
  ],
  "margins": [
    {
      "margin": true,
      "index": 0,
      "file": null,
      "u": 0.0,
      "v": 0.0,
      "uw": 0.333333343,
      "vh": 0.09375,
      "width": 554,
      "height": 192,
      "descriptor": null
    },
    {
      "margin": true,
      "index": 1,