{
  "title": "CISÁR FRANTIŠEK I.",
  "author": "NEZNÁMY AUTOR",
  "year": "(1750 - 1760)",
  "id": "SNP-CDAACAAAAAABS3Q",
  "width": 1600,
  "height": 2048,
  "file": "XI-0137_JPG_x001.webp",
  "tiles_x": 3,
  "tiles_y": 3,
  "offset_x": 0.0,
  "offset_y": 0.109375,
  "tiles": [
    {
      "margin": false,
      "index": 6,
      "file": null,
      "u": 0.0,
      "v": 0.109375,
      "uw": 0.3333333,
      "vh": 0.260416657,
      "width": 533,
      "height": 533,
      "descriptor": [
        63,
        55,
        36,
        70,
        64,
        47,
        46,
        49,
        46,
        38,
        38,
        28,
        72,
        67,
        50,
        89,
        83,
        64,
        48,
        50,
        41,
        42,
        41,
        33,
        68,
        60,
        40,
        49,
        42,
        37,
        41,
        40,
        34,
        35,
        39,
        30,
        64,
        58,
        40,
        47,
        57,
        50,
        55,
        64,
        62,
        74,
        51,
        34
      ]
    },
    {
      "margin": false,
      "index": 7,
      "file": null,
      "u": 0.3333333,
      "v": 0.109375,
      "uw": 0.3333333,
      "vh": 0.260416657,
      "width": 533,
      "height": 533,
      "descriptor": [
        38,
        40,
        28,
        62,
        50,
        44,
        55,
        50,
        46,
        69,
        55,
        40,
        45,
        41,
        30,
        106,
        94,
        75,
        76,
        75,
        66,
        60,
        61,
        50,
        109,
        116,
        105,
        160,
        136,
        106,
        131,
        115,
        83,
        77,
        56,
        37,
        91,
        90,
        73,
        99,
        79,
        54,
        57,
        46,
        37,
        46,
        37,
        22
      ]
    },
    {
      "margin": false,
      "index": 8,
      "file": null,
      "u": 0.6666666,
      "v": 0.109375,
      "uw": 0.3333333,
      "vh": 0.260416657,
      "width": 533,
      "height": 533,
      "descriptor": [
        49,
        46,
        37,
        51,
        48,
        33,
        66,
        60,
        46,
        69,
        63,
        43,
        72,
        52,
        38,
        43,
        33,
        21,
        74,
        64,
        48,
        69,
        66,
        47,
        65,
        60,
        52,
        65,
        58,
        48,
        47,
        42,
        27,
        53,
        49,
        33,
        47,
        45,
        31,
        53,
        43,
        30,
        57,
        50,
        40,
        94,
        86,
        59
      ]
    },
    {
      "margin": false,
      "index": 9,
      "file": null,
      "u": 0.0,
      "v": 0.369791657,
      "uw": 0.3333333,
      "vh": 0.260416657,
      "width": 533,
      "height": 533,
      "descriptor": [
        75,
        72,
        54,
        41,
        43,
        35,
        47,
        42,
        34,
        49,
        43,
        31,
        55,
        62,
        58,
        50,
        54,
        45,
        78,
        69,
        54,
        50,
        30,
        25,
        54,
        62,
        49,
        39,
        40,
        34,
        63,
        51,
        54,
        47,
        68,
        81,
        79,
        75,
        52,
        54,
        52,
        47,
        44,
        65,
        70,
        39,
        64,
        77
      ]
    },
    {
      "margin": false,
      "index": 10,
      "file": null,
      "u": 0.3333333,
      "v": 0.369791657,
      "uw": 0.3333333,
      "vh": 0.260416657,
      "width": 533,
      "height": 533,
      "descriptor": [
        71,
        57,
        43,
        141,
        101,
        78,
        96,
        58,
        41,
        54,
        49,
        35,
        65,
        55,
        28,
        176,
        160,
        137,
        53,
        48,
        38,
        64,
        56,
        40,
        47,
        58,
        59,
        116,
        98,
        36,
        152,
        173,
        166,
        57,
        48,
        38,
        18,
        48,
        56,
        28,
        41,
        46,
        71,
        59,
        43,
        108,
        55,
        31
      ]
    },
    {
      "margin": false,
      "index": 11,
      "file": null,
      "u": 0.6666666,
      "v": 0.369791657,
      "uw": 0.3333333,
      "vh": 0.260416657,
      "width": 533,
      "height": 533,
      "descriptor": [
        38,
        40,
        18,
        49,
        43,
        32,
        55,
        51,
        44,
        60,
        52,
        34,
        69,
        65,
        49,
        57,
        46,
        29,
        50,
        46,
        34,
        56,
        50,
        36,
        74,
        59,
        51,
        53,
        49,
        36,
        50,
        50,
        40,
        47,
        44,
        34,
        32,
        38,
        35,
        61,
        49,
        43,
        56,
        54,
        45,
        60,
        50,
        32
      ]
    },
    {
      "margin": false,
      "index": 12,
      "file": null,
      "u": 0.0,
      "v": 0.6302083,
      "uw": 0.3333333,
      "vh": 0.260416657,
      "width": 533,
      "height": 533,
      "descriptor": [
        58,
        54,
        38,
        59,
        50,
        49,
        13,
        48,
        54,
        30,
        42,
        47,
        59,
        56,
        38,
        37,
        41,
        31,
        36,
        53,
        56,
        23,
        40,
        40,
        63,
        58,
        36,
        93,
        87,
        60,
        31,
        42,
        47,
        28,
        36,
        32,
        74,
        67,
        41,
        75,
        73,
        57,
        44,
        49,
        46,
        17,
        30,
        23
      ]
    },
    {
      "margin": false,
      "index": 13,
      "file": null,
      "u": 0.3333333,
      "v": 0.6302083,
      "uw": 0.3333333,
      "vh": 0.260416657,
      "width": 533,
      "height": 533,
      "descriptor": [
        31,
        59,
        71,
        35,
        46,
        47,
        68,
        64,
        49,
        139,
        131,
        131,
        26,
        42,
        57,
        20,
        37,
        37,
        59,
        61,
        51,
        90,
        93,
        87,
        36,
        42,
        42,
        22,
        39,
        40,
        46,
        49,
        36,
        76,
        61,
        39,
        36,
        41,
        37,
        27,
        43,
        42,
        80,
        67,
        39,
        135,
        112,
        48
      ]
    },
    {
      "margin": false,
      "index": 14,
      "file": null,
      "u": 0.6666666,
      "v": 0.6302083,
      "uw": 0.3333333,
      "vh": 0.260416657,
      "width": 533,
      "height": 533,
      "descriptor": [
        67,
        55,
        32,
        48,
        49,
        40,
        45,
        44,
        35,
        70,
        58,
        35,
        85,
        74,
        51,
        30,
        39,
        35,
        56,
        51,
        42,
        113,
        110,
        92,
        51,
        48,
        29,
        24,
        32,
        27,
        34,
        40,
        35,
        64,
        53,
        44,
        39,
        39,
        31,
        42,
        37,
        27,
        149,
        142,
        103,
        72,
        62,
        42
      ]
    }
  ],
  "margins": [
    {
      "margin": true,
      "index": 0,
      "file": null,
      "u": 0.0,
      "v": 0.0,
      "uw": 0.3333333,
      "vh": 0.109375,
      "width": 533,
      "height": 224,
      "descriptor": null
    },
    {
      "margin": true,
      "index": 1,
      "file": null,
      "u": 0.0,
      "v": 0.890625,
      "uw": 0.3333333,
      "vh": 0.109375,