{
  "title": "ĽUDOVÍT PRÓNAY",
  "author": "NEZNÁMY AUTOR",
  "year": "(1810 - 1820)",
  "id": "SNP-039376933XXBOJ000XI006400000",
  "width": 1600,
  "height": 2048,
  "file": "XI-0064_JPG_x001.webp",
  "tiles_x": 3,
  "tiles_y": 3,
  "offset_x": 0.0,
  "offset_y": 0.109375,
  "tiles": [
    {
      "margin": false,
      "index": 6,
      "file": null,
      "u": 0.0,
      "v": 0.109375,
      "uw": 0.3333333,
      "vh": 0.260416657,
      "width": 533,
      "height": 533,
      "descriptor": [
        158,
        126,
        93,
        134,
        99,
        65,
        144,
        113,
        84,
        112,
        85,
        60,
        155,
        122,
        96,
        139,
        107,
        80,
        128,
        96,
        68,
        121,
        92,
        64,
        133,
        103,
        79,
        143,
        114,
        89,
        132,
        97,
        70,
        113,
        86,
        63,
        163,
        127,
        103,
        146,
        115,
        86,
        118,
        91,
        65,
        118,
        91,
        65
      ]
    },
    {
      "margin": false,
      "index": 7,
      "file": null,
      "u": 0.3333333,
      "v": 0.109375,
      "uw": 0.3333333,
      "vh": 0.260416657,
      "width": 533,
      "height": 533,
      "descriptor": [
        111,
        85,
        55,
        126,
        94,
        65,
        144,
        113,
        84,
        137,
        108,
        81,
        122,
        90,
        62,
        205,
        158,
        114,
        205,
        152,
        108,
        147,
        120,
        88,
        150,
        124,
        94,
        209,
        163,
        122,
        189,
        136,
        94,
        147,
        117,
        87,
        166,
        134,
        105,
        206,
        147,
        113,
        180,
        128,
        99,
        134,
        101,
        69
      ]
    },
    {
      "margin": false,
      "index": 8,
      "file": null,
      "u": 0.6666666,
      "v": 0.109375,
      "uw": 0.3333333,
      "vh": 0.260416657,
      "width": 533,
      "height": 533,
      "descriptor": [
        129,
        93,
        59,
        128,
        94,
        55,
        130,
        99,
        64,
        188,
        158,
        115,
        130,
        92,
        59,
        131,
        98,
        67,
        110,
        80,
        47,
        150,
        122,
        93,
        116,
        94,
        70,
        120,
        87,
        47,
        128,
        93,
        58,
        145,
        117,
        90,
        135,
        102,
        74,
        120,
        87,
        56,
        105,
        76,
        53,
        128,
        99,
        73
      ]
    },
    {
      "margin": false,
      "index": 9,
      "file": null,
      "u": 0.0,
      "v": 0.369791657,
      "uw": 0.3333333,
      "vh": 0.260416657,
      "width": 533,
      "height": 533,
      "descriptor": [
        154,
        123,
        93,
        138,
        108,
        83,
        126,
        99,
        76,
        118,
        90,
        67,
        117,
        91,
        65,
        118,
        90,
        68,
        117,
        92,
        68,
        113,
        88,
        64,
        121,
        97,
        74,
        121,
        93,
        72,
        123,
        98,
        71,
        108,
        91,
        60,
        101,
        82,
        66,
        114,
        88,
        65,
        49,
        55,
        55,
        62,
        59,
        46
      ]
    },
    {
      "margin": false,
      "index": 10,
      "file": null,
      "u": 0.3333333,
      "v": 0.369791657,
      "uw": 0.3333333,
      "vh": 0.260416657,
      "width": 533,
      "height": 533,
      "descriptor": [
        125,
        98,
        74,
        110,
        68,
        49,
        170,
        123,
        84,
        59,
        60,
        58,
        116,
        101,
        70,
        76,
        64,
        50,
        56,
        54,
        49,
        50,
        63,
        66,
        93,
        83,
        56,
        48,
        55,
        49,
        58,
        62,
        62,
        55,
        53,
        49,
        92,
        69,
        45,
        83,
        66,
        46,
        52,
        53,
        48,
        57,
        54,
        51
      ]
    },
    {
      "margin": false,
      "index": 11,
      "file": null,
      "u": 0.6666666,
      "v": 0.369791657,
      "uw": 0.3333333,
      "vh": 0.260416657,
      "width": 533,
      "height": 533,
      "descriptor": [
        137,
        99,
        63,
        128,
        95,
        61,
        121,
        91,
        55,
        134,
        108,
        81,
        127,
        95,
        62,
        124,
        91,
        60,
        116,
        88,
        55,
        108,
        82,
        59,
        54,
        55,
        53,
        123,
        91,
        55,
        102,
        73,
        47,
        109,
        84,
        64,
        54,
        47,
        39,
        57,
        59,
        58,
        51,
        54,
        53,
        112,
        86,
        67
      ]
    },
    {
      "margin": false,
      "index": 12,
      "file": null,
      "u": 0.0,
      "v": 0.6302083,
      "uw": 0.3333333,
      "vh": 0.260416657,
      "width": 533,
      "height": 533,
      "descriptor": [
        79,
        62,
        50,
        94,
        69,
        49,
        44,
        50,
        49,
        54,
        55,
        54,
        84,
        68,
        62,
        47,
        58,
        55,
        50,
        53,
        52,
        55,
        58,
        56,
        70,
        57,
        50,
        37,
        47,
        46,
        52,
        58,
        56,
        42,
        43,
        41,
        75,
        63,
        58,
        50,
        54,
        51,
        47,
        53,
        51,
        51,
        52,
        50
      ]
    },
    {
      "margin": false,
      "index": 13,
      "file": null,
      "u": 0.3333333,
      "v": 0.6302083,
      "uw": 0.3333333,
      "vh": 0.260416657,
      "width": 533,
      "height": 533,
      "descriptor": [
        60,
        58,
        60,
        81,
        68,
        58,
        76,
        59,
        50,
        116,
        70,
        45,
        59,
        55,
        49,
        64,
        57,
        50,
        62,
        55,
        45,
        59,
        57,
        52,
        56,
        52,
        45,
        82,
        76,
        67,
        75,
        57,
        40,
        60,
        64,
        63,
        63,
        67,
        66,
        83,
        87,
        89,
        57,
        57,
        54,
        57,
        64,
        62
      ]
    },
    {
      "margin": false,
      "index": 14,
      "file": null,
      "u": 0.6666666,
      "v": 0.6302083,
      "uw": 0.3333333,
      "vh": 0.260416657,
      "width": 533,
      "height": 533,
      "descriptor": [
        64,
        58,
        51,
        51,
        52,
        50,
        42,
        46,
        44,
        52,
        51,
        47,
        60,
        63,
        64,
        38,
        41,
        39,
        49,
        52,
        49,
        64,
        61,
        58,
        59,
        64,
        61,
        49,
        54,
        51,
        40,
        41,
        36,
        50,
        52,
        47,
        51,
        52,
        48,
        37,
        38,
        35,
        38,
        40,
        35,
        42,
        43,
        40
      ]
    }
  ],
  "margins": [
    {
      "margin": true,
      "index": 0,
      "file": null,
      "u": 0.0,
      "v": 0.0,
      "uw": 0.3333333,
      "vh": 0.109375,
      "width": 533,
      "height": 224,
      "descriptor": null
    },
    {
      "margin": true,
      "index": 1,