{
  "title": "MÁRIA ANNA TERÉZIA REISINGOVÁ",
  "author": "NEZNÁMY AUTOR",
  "year": "(1730 - 1740)",
  "id": "SNP-CDAACAAAAAABS2S",
  "width": 1600,
  "height": 2048,
  "file": "XI-0042_JPG_x001.webp",
  "tiles_x": 3,
  "tiles_y": 3,
  "offset_x": 0.0,
  "offset_y": 0.109375,
  "tiles": [
    {
      "margin": false,
      "index": 6,
      "file": null,
      "u": 0.0,
      "v": 0.109375,
      "uw": 0.3333333,
      "vh": 0.260416657,
      "width": 533,
      "height": 533,
      "descriptor": [
        36,
        33,
        19,
        29,
        30,
        18,
        54,
        57,
        48,
        21,
        27,
        14,
        27,
        32,
        26,
        32,
        35,
        23,
        23,
        26,
        12,
        36,
        35,
        18,
        41,
        41,
        33,
        55,
        56,
        49,
        36,
        39,
        31,
        33,
        31,
        25,
        33,
        38,
        32,
        27,
        27,
        21,
        27,
        29,
        9,
        39,
        42,
        34
      ]
    },
    {
      "margin": false,
      "index": 7,
      "file": null,
      "u": 0.3333333,
      "v": 0.109375,
      "uw": 0.3333333,
      "vh": 0.260416657,
      "width": 533,
      "height": 533,
      "descriptor": [
        31,
        30,
        26,
        98,
        88,
        60,
        89,
        82,
        61,
        47,
        47,
        34,
        85,
        79,
        62,
        174,
        139,
        96,
        79,
        62,
        42,
        26,
        25,
        9,
        30,
        29,
        13,
        195,
        142,
        111,
        131,
        93,
        66,
        28,
        27,
        17,
        36,
        36,
        24,
        145,
        125,
        89,
        72,
        58,
        48,
        52,
        53,
        40
      ]
    },
    {
      "margin": false,
      "index": 8,
      "file": null,
      "u": 0.6666666,
      "v": 0.109375,
      "uw": 0.3333333,
      "vh": 0.260416657,
      "width": 533,
      "height": 533,
      "descriptor": [
        48,
        43,
        27,
        139,
        47,
        14,
        39,
        41,
        28,
        33,
        32,
        20,
        114,
        52,
        25,
        54,
        51,
        26,
        27,
        30,
        16,
        29,
        33,
        23,
        29,
        28,
        16,
        72,
        39,
        22,
        74,
        30,
        22,
        32,
        36,
        29,
        82,
        77,
        62,
        94,
        57,
        34,
        67,
        36,
        17,
        50,
        19,
        10
      ]
    },
    {
      "margin": false,
      "index": 9,
      "file": null,
      "u": 0.0,
      "v": 0.369791657,
      "uw": 0.3333333,
      "vh": 0.260416657,
      "width": 533,
      "height": 533,
      "descriptor": [
        23,
        24,
        11,
        33,
        31,
        19,
        26,
        30,
        20,
        26,
        31,
        21,
        29,
        33,
        25,
        28,
        27,
        18,
        76,
        51,
        35,
        37,
        43,
        28,
        37,
        42,
        36,
        108,
        74,
        57,
        52,
        30,
        13,
        20,
        26,
        23,
        35,
        35,
        25,
        78,
        42,
        23,
        30,
        32,
        17,
        25,
        30,
        28
      ]
    },
    {
      "margin": false,
      "index": 10,
      "file": null,
      "u": 0.3333333,
      "v": 0.369791657,
      "uw": 0.3333333,
      "vh": 0.260416657,
      "width": 533,
      "height": 533,
      "descriptor": [
        113,
        97,
        70,
        170,
        143,
        105,
        134,
        117,
        87,
        116,
        98,
        68,
        118,
        104,
        73,
        160,
        148,
        107,
        166,
        150,
        113,
        156,
        133,
        97,
        16,
        19,
        10,
        165,
        139,
        107,
        167,
        157,
        124,
        34,
        37,
        31,
        41,
        48,
        39,
        24,
        20,
        0,
        166,
        165,
        138,
        45,
        43,
        36
      ]
    },
    {
      "margin": false,
      "index": 11,
      "file": null,
      "u": 0.6666666,
      "v": 0.369791657,
      "uw": 0.3333333,
      "vh": 0.260416657,
      "width": 533,
      "height": 533,
      "descriptor": [
        79,
        54,
        27,
        66,
        32,
        16,
        90,
        57,
        33,
        58,
        28,
        14,
        116,
        106,
        70,
        83,
        42,
        29,
        123,
        69,
        50,
        66,
        49,
        36,
        98,
        93,
        71,
        47,
        49,
        34,
        89,
        46,
        19,
        62,
        27,
        21,
        86,
        78,
        49,
        53,
        37,
        6,
        25,
        25,
        5,
        132,
        85,
        66
      ]
    },
    {
      "margin": false,
      "index": 12,
      "file": null,
      "u": 0.0,
      "v": 0.6302083,
      "uw": 0.3333333,
      "vh": 0.260416657,
      "width": 533,
      "height": 533,
      "descriptor": [
        67,
        40,
        29,
        126,
        84,
        39,
        57,
        37,
        19,
        89,
        59,
        33,
        91,
        57,
        35,
        74,
        41,
        17,
        112,
        106,
        99,
        82,
        70,
        46,
        49,
        47,
        40,
        54,
        35,
        18,
        90,
        74,
        41,
        62,
        44,
        17,
        46,
        50,
        49,
        53,
        48,
        36,
        71,
        60,
        46,
        41,
        37,
        32
      ]
    },
    {
      "margin": false,
      "index": 13,
      "file": null,
      "u": 0.3333333,
      "v": 0.6302083,
      "uw": 0.3333333,
      "vh": 0.260416657,
      "width": 533,
      "height": 533,
      "descriptor": [
        73,
        56,
        42,
        71,
        53,
        36,
        74,
        69,
        32,
        20,
        19,
        10,
        59,
        39,
        22,
        61,
        42,
        29,
        42,
        44,
        28,
        38,
        41,
        23,
        84,
        51,
        25,
        40,
        34,
        13,
        27,
        31,
        18,
        67,
        69,
        51,
        45,
        51,
        49,
        61,
        60,
        53,
        34,
        35,
        18,
        34,
        37,
        32
      ]
    },
    {
      "margin": false,
      "index": 14,
      "file": null,
      "u": 0.6666666,
      "v": 0.6302083,
      "uw": 0.3333333,
      "vh": 0.260416657,
      "width": 533,
      "height": 533,
      "descriptor": [
        48,
        46,
        26,
        165,
        136,
        100,
        81,
        71,
        45,
        123,
        73,
        47,
        33,
        35,
        22,
        75,
        67,
        47,
        84,
        42,
        28,
        55,
        31,
        17,
        17,
        20,
        7,
        42,
        48,
        44,
        108,
        58,
        45,
        53,
        34,
        8,
        30,
        29,
        30,
        23,
        28,
        9,
        66,
        38,
        12,
        48,
        48,
        32
      ]
    }
  ],
  "margins": [
    {
      "margin": true,
      "index": 0,
      "file": null,
      "u": 0.0,
      "v": 0.0,
      "uw": 0.3333333,
      "vh": 0.109375,
      "width": 533,
      "height": 224,
      "descriptor": null
    },
    {
      "margin": true,
      "index": 1,
      "file": null,
      "u": 0.0,
      "v": 0.890625,
      "uw": 0.3333333,