{
  "title": "DIEVČA S RUŽENCOM",
  "author": "KÁRPÁTY RUDOLF",
  "year": "1882",
  "id": "SNP-045546437XXBOJ000XI144600000",
  "width": 1664,
  "height": 2048,
  "file": "XI-1446_JPG_x001.webp",
  "tiles_x": 3,
  "tiles_y": 3,
  "offset_x": 0.0,
  "offset_y": 0.09375,
  "tiles": [
    {
      "margin": false,
      "index": 6,
      "file": null,
      "u": 0.0,
      "v": 0.09375,
      "uw": 0.333333343,
      "vh": 0.270833343,
      "width": 554,
      "height": 554,
      "descriptor": [
        93,
        88,
        77,
        83,
        79,
        70,
        93,
        87,
        75,
        91,
        82,
        73,
        85,
        78,
        70,
        79,
        75,
        65,
        76,
        68,
        58,
        86,
        79,
        73,
        95,
        90,
        82,
        95,
        89,
        79,
        79,
        75,
        69,
        92,
        88,
        86,
        82,
        76,
        69,
        86,
        82,
        70,
        104,
        98,
        92,
        82,
        78,
        71
      ]
    },
    {
      "margin": false,
      "index": 7,
      "file": null,
      "u": 0.333333343,
      "v": 0.09375,
      "uw": 0.333333343,
      "vh": 0.270833343,
      "width": 554,
      "height": 554,
      "descriptor": [
        103,
        98,
        89,
        73,
        68,
        57,
        71,
        67,
        58,
        79,
        74,
        67,
        88,
        83,
        74,
        69,
        69,
        65,
        71,
        66,
        60,
        79,
        74,
        66,
        51,
        51,
        53,
        88,
        77,
        63,
        106,
        99,
        88,
        111,
        110,
        105,
        48,
        49,
        50,
        144,
        121,
        95,
        118,
        97,
        79,
        62,
        63,
        62
      ]
    },
    {
      "margin": false,
      "index": 8,
      "file": null,
      "u": 0.6666667,
      "v": 0.09375,
      "uw": 0.333333343,
      "vh": 0.270833343,
      "width": 554,
      "height": 554,
      "descriptor": [
        76,
        71,
        64,
        74,
        70,
        63,
        100,
        93,
        86,
        86,
        83,
        79,
        71,
        67,
        59,
        65,
        61,
        64,
        101,
        97,
        89,
        79,
        74,
        67,
        81,
        77,
        71,
        64,
        61,
        56,
        92,
        87,
        81,
        110,
        105,
        105,
        92,
        87,
        79,
        78,
        72,
        69,
        81,
        77,
        75,
        83,
        78,
        76
      ]
    },
    {
      "margin": false,
      "index": 9,
      "file": null,
      "u": 0.0,
      "v": 0.364583343,
      "uw": 0.333333343,
      "vh": 0.270833343,
      "width": 554,
      "height": 554,
      "descriptor": [
        81,
        76,
        71,
        89,
        88,
        80,
        68,
        64,
        60,
        78,
        75,
        69,
        102,
        98,
        89,
        94,
        88,
        78,
        85,
        80,
        73,
        64,
        64,
        65,
        82,
        74,
        68,
        87,
        81,
        71,
        90,
        84,
        79,
        66,
        65,
        65,
        77,
        72,
        66,
        80,
        74,
        68,
        83,
        80,
        81,
        59,
        58,
        58
      ]
    },
    {
      "margin": false,
      "index": 10,
      "file": null,
      "u": 0.333333343,
      "v": 0.364583343,
      "uw": 0.333333343,
      "vh": 0.270833343,
      "width": 554,
      "height": 554,
      "descriptor": [
        68,
        68,
        69,
        161,
        140,
        117,
        99,
        83,
        74,
        51,
        51,
        53,
        69,
        68,
        68,
        67,
        65,
        66,
        133,
        111,
        88,
        78,
        66,
        58,
        66,
        65,
        64,
        71,
        69,
        70,
        177,
        156,
        130,
        75,
        66,
        64,
        56,
        55,
        56,
        63,
        62,
        64,
        77,
        76,
        73,
        57,
        55,
        58
      ]
    },
    {
      "margin": false,
      "index": 11,
      "file": null,
      "u": 0.6666667,
      "v": 0.364583343,
      "uw": 0.333333343,
      "vh": 0.270833343,
      "width": 554,
      "height": 554,
      "descriptor": [
        77,
        71,
        65,
        75,
        69,
        63,
        97,
        91,
        88,
        86,
        82,
        78,
        70,
        60,
        55,
        83,
        77,
        72,
        105,
        98,
        91,
        160,
        149,
        123,
        53,
        53,
        53,
        58,
        55,
        55,
        91,
        90,
        86,
        95,
        91,
        84,
        66,
        65,
        65,
        70,
        68,
        66,
        76,
        71,
        66,
        103,
        96,
        94
      ]
    },
    {
      "margin": false,
      "index": 12,
      "file": null,
      "u": 0.0,
      "v": 0.6354167,
      "uw": 0.333333343,
      "vh": 0.270833343,
      "width": 554,
      "height": 554,
      "descriptor": [
        86,
        79,
        74,
        80,
        78,
        75,
        87,
        84,
        83,
        51,
        50,
        52,
        70,
        67,
        65,
        65,
        63,
        63,
        68,
        68,
        70,
        107,
        101,
        84,
        69,
        67,
        66,
        65,
        63,
        65,
        64,
        63,
        66,
        66,
        64,
        63,
        61,
        61,
        62,
        70,
        68,
        70,
        69,
        67,
        68,
        59,
        57,
        59
      ]
    },
    {
      "margin": false,
      "index": 13,
      "file": null,
      "u": 0.333333343,
      "v": 0.6354167,
      "uw": 0.333333343,
      "vh": 0.270833343,
      "width": 554,
      "height": 554,
      "descriptor": [
        59,
        57,
        62,
        49,
        48,
        50,
        74,
        72,
        72,
        104,
        83,
        76,
        65,
        64,
        65,
        58,
        56,
        57,
        70,
        70,
        71,
        69,
        68,
        67,
        67,
        65,
        65,
        68,
        66,
        67,
        59,
        57,
        56,
        66,
        66,
        68,
        64,
        63,
        64,
        70,
        66,
        67,
        63,
        59,
        61,
        65,
        61,
        62
      ]
    },
    {
      "margin": false,
      "index": 14,
      "file": null,
      "u": 0.6666667,
      "v": 0.6354167,
      "uw": 0.333333343,
      "vh": 0.270833343,
      "width": 554,
      "height": 554,
      "descriptor": [
        66,
        66,
        66,
        65,
        60,
        62,
        52,
        48,
        49,
        60,
        55,
        45,
        74,
        64,
        64,
        101,
        101,
        101,
        58,
        55,
        57,
        40,
        35,
        34,
        96,
        90,
        83,
        72,
        69,
        64,
        78,
        78,
        73,
        58,
        53,
        50,
        78,
        73,
        69,
        75,
        72,
        69,
        61,
        56,
        58,
        138,
        130,
        115
      ]
    }
  ],
  "margins": [
    {
      "margin": true,
      "index": 0,
      "file": null,
      "u": 0.0,
      "v": 0.0,
      "uw": 0.333333343,
      "vh": 0.09375,
      "width": 554,
      "height": 192,
      "descriptor": null
    },
    {
      "margin": true,
      "index": 1,
      "file": null,
      "u": 0.0,
      "v": 0.90625,