{
  "title": "UMÝVAČKA RIADU",
  "author": "LAUTTER, E. K.",
  "year": "(1720 - 1750)",
  "id": "SNP-CDAACAAAAAABSZV",
  "width": 2048,
  "height": 1536,
  "file": "XI-1152_JPG_x001.webp",
  "tiles_x": 4,
  "tiles_y": 3,
  "offset_x": 0.0,
  "offset_y": 0.0,
  "tiles": [
    {
      "margin": false,
      "index": 0,
      "file": null,
      "u": 0.0,
      "v": 0.0,
      "uw": 0.25,
      "vh": 0.333333343,
      "width": 512,
      "height": 512,
      "descriptor": [
        61,
        59,
        52,
        45,
        40,
        32,
        38,
        50,
        37,
        49,
        46,
        36,
        37,
        38,
        30,
        67,
        52,
        55,
        43,
        42,
        32,
        57,
        49,
        42,
        37,
        29,
        18,
        30,
        21,
        0,
        45,
        41,
        24,
        48,
        43,
        33,
        37,
        27,
        7,
        51,
        33,
        27,
        42,
        36,
        27,
        37,
        38,
        17
      ]
    },
    {
      "margin": false,
      "index": 1,
      "file": null,
      "u": 0.25,
      "v": 0.0,
      "uw": 0.25,
      "vh": 0.333333343,
      "width": 512,
      "height": 512,
      "descriptor": [
        40,
        40,
        31,
        54,
        51,
        43,
        49,
        57,
        46,
        35,
        36,
        17,
        53,
        38,
        18,
        43,
        36,
        27,
        34,
        35,
        12,
        26,
        26,
        5,
        49,
        47,
        34,
        36,
        37,
        18,
        45,
        47,
        32,
        35,
        35,
        9,
        60,
        54,
        44,
        41,
        39,
        24,
        35,
        31,
        9,
        45,
        37,
        24
      ]
    },
    {
      "margin": false,
      "index": 2,
      "file": null,
      "u": 0.5,
      "v": 0.0,
      "uw": 0.25,
      "vh": 0.333333343,
      "width": 512,
      "height": 512,
      "descriptor": [
        65,
        56,
        37,
        44,
        49,
        34,
        72,
        57,
        36,
        61,
        54,
        35,
        60,
        57,
        38,
        47,
        46,
        18,
        74,
        66,
        49,
        61,
        55,
        32,
        51,
        56,
        37,
        58,
        55,
        39,
        65,
        53,
        35,
        35,
        28,
        21,
        60,
        57,
        37,
        60,
        55,
        29,
        120,
        70,
        41,
        75,
        61,
        52
      ]
    },
    {
      "margin": false,
      "index": 3,
      "file": null,
      "u": 0.75,
      "v": 0.0,
      "uw": 0.25,
      "vh": 0.333333343,
      "width": 512,
      "height": 512,
      "descriptor": [
        91,
        60,
        40,
        57,
        53,
        35,
        50,
        47,
        31,
        77,
        69,
        54,
        63,
        52,
        26,
        42,
        46,
        33,
        42,
        46,
        37,
        49,
        57,
        54,
        65,
        56,
        37,
        47,
        47,
        39,
        34,
        34,
        30,
        24,
        27,
        13,
        60,
        49,
        23,
        39,
        37,
        31,
        41,
        48,
        40,
        42,
        39,
        25
      ]
    },
    {
      "margin": false,
      "index": 4,
      "file": null,
      "u": 0.0,
      "v": 0.333333343,
      "uw": 0.25,
      "vh": 0.333333343,
      "width": 512,
      "height": 512,
      "descriptor": [
        42,
        43,
        33,
        41,
        28,
        17,
        34,
        27,
        13,
        50,
        57,
        52,
        43,
        41,
        31,
        28,
        42,
        31,
        60,
        64,
        53,
        79,
        62,
        44,
        21,
        26,
        22,
        33,
        52,
        49,
        56,
        68,
        64,
        73,
        55,
        27,
        96,
        79,
        43,
        51,
        46,
        42,
        18,
        24,
        21,
        72,
        51,
        33
      ]
    },
    {
      "margin": false,
      "index": 5,
      "file": null,
      "u": 0.25,
      "v": 0.333333343,
      "uw": 0.25,
      "vh": 0.333333343,
      "width": 512,
      "height": 512,
      "descriptor": [
        72,
        68,
        51,
        57,
        61,
        48,
        62,
        59,
        49,
        54,
        50,
        40,
        105,
        72,
        27,
        30,
        30,
        5,
        41,
        40,
        23,
        135,
        54,
        40,
        93,
        63,
        23,
        69,
        55,
        41,
        71,
        70,
        61,
        95,
        43,
        20,
        85,
        52,
        19,
        74,
        54,
        28,
        61,
        42,
        17,
        70,
        53,
        36
      ]
    },
    {
      "margin": false,
      "index": 6,
      "file": null,
      "u": 0.5,
      "v": 0.333333343,
      "uw": 0.25,
      "vh": 0.333333343,
      "width": 512,
      "height": 512,
      "descriptor": [
        170,
        178,
        152,
        76,
        65,
        42,
        66,
        53,
        29,
        57,
        49,
        23,
        135,
        147,
        131,
        81,
        49,
        33,
        52,
        47,
        25,
        76,
        67,
        54,
        76,
        62,
        27,
        72,
        45,
        23,
        67,
        63,
        46,
        70,
        62,
        41,
        72,
        62,
        26,
        67,
        52,
        30,
        97,
        80,
        50,
        95,
        70,
        40
      ]
    },
    {
      "margin": false,
      "index": 7,
      "file": null,
      "u": 0.75,
      "v": 0.333333343,
      "uw": 0.25,
      "vh": 0.333333343,
      "width": 512,
      "height": 512,
      "descriptor": [
        70,
        43,
        16,
        31,
        29,
        22,
        40,
        30,
        19,
        54,
        48,
        31,
        55,
        46,
        18,
        48,
        50,
        42,
        48,
        39,
        29,
        54,
        53,
        47,
        71,
        63,
        54,
        95,
        81,
        38,
        36,
        23,
        10,
        39,
        42,
        34,
        67,
        58,
        46,
        72,
        60,
        35,
        53,
        50,
        41,
        38,
        40,
        30
      ]
    },
    {
      "margin": false,
      "index": 8,
      "file": null,
      "u": 0.0,
      "v": 0.6666667,
      "uw": 0.25,
      "vh": 0.333333343,
      "width": 512,
      "height": 512,
      "descriptor": [
        71,
        54,
        32,
        12,
        43,
        38,
        28,
        51,
        41,
        54,
        57,
        49,
        22,
        27,
        23,
        12,
        42,
        35,
        55,
        61,
        52,
        33,
        45,
        38,
        19,
        24,
        16,
        48,
        49,
        37,
        14,
        37,
        29,
        32,
        45,
        32,
        31,
        24,
        6,
        63,
        57,
        35,
        65,
        57,
        40,
        36,
        46,
        17
      ]
    },
    {
      "margin": false,
      "index": 9,
      "file": null,
      "u": 0.25,
      "v": 0.6666667,
      "uw": 0.25,
      "vh": 0.333333343,
      "width": 512,
      "height": 512,