{
  "title": "ZÁTIŠE S CITRUSOVÝMI PLODMI",
  "author": "NEZNÁMY AUTOR",
  "year": "(1700 - 1750)",
  "id": "SNP-CDAACAAAAAABSZU",
  "width": 1600,
  "height": 2048,
  "file": "XI-1389_JPG_x001.webp",
  "tiles_x": 3,
  "tiles_y": 3,
  "offset_x": 0.0,
  "offset_y": 0.109375,
  "tiles": [
    {
      "margin": false,
      "index": 6,
      "file": null,
      "u": 0.0,
      "v": 0.109375,
      "uw": 0.3333333,
      "vh": 0.260416657,
      "width": 533,
      "height": 533,
      "descriptor": [
        62,
        79,
        73,
        56,
        78,
        71,
        60,
        69,
        55,
        61,
        65,
        52,
        100,
        103,
        89,
        96,
        99,
        74,
        102,
        98,
        69,
        83,
        74,
        47,
        46,
        45,
        31,
        75,
        73,
        65,
        44,
        48,
        38,
        53,
        42,
        27,
        45,
        42,
        27,
        63,
        53,
        41,
        49,
        44,
        22,
        62,
        54,
        30
      ]
    },
    {
      "margin": false,
      "index": 7,
      "file": null,
      "u": 0.3333333,
      "v": 0.109375,
      "uw": 0.3333333,
      "vh": 0.260416657,
      "width": 533,
      "height": 533,
      "descriptor": [
        55,
        48,
        24,
        52,
        45,
        22,
        46,
        52,
        32,
        44,
        35,
        24,
        60,
        58,
        36,
        48,
        48,
        32,
        51,
        49,
        32,
        56,
        48,
        27,
        35,
        44,
        22,
        38,
        27,
        8,
        49,
        42,
        24,
        40,
        35,
        21,
        54,
        53,
        20,
        60,
        47,
        35,
        48,
        44,
        32,
        42,
        35,
        14
      ]
    },
    {
      "margin": false,
      "index": 8,
      "file": null,
      "u": 0.6666666,
      "v": 0.109375,
      "uw": 0.3333333,
      "vh": 0.260416657,
      "width": 533,
      "height": 533,
      "descriptor": [
        36,
        27,
        4,
        44,
        37,
        21,
        42,
        45,
        21,
        45,
        28,
        16,
        54,
        42,
        26,
        49,
        42,
        25,
        52,
        40,
        14,
        32,
        29,
        14,
        34,
        29,
        13,
        37,
        34,
        13,
        31,
        30,
        10,
        46,
        37,
        28,
        46,
        41,
        28,
        45,
        35,
        17,
        49,
        39,
        16,
        47,
        40,
        14
      ]
    },
    {
      "margin": false,
      "index": 9,
      "file": null,
      "u": 0.0,
      "v": 0.369791657,
      "uw": 0.3333333,
      "vh": 0.260416657,
      "width": 533,
      "height": 533,
      "descriptor": [
        54,
        50,
        30,
        49,
        43,
        22,
        48,
        43,
        21,
        53,
        50,
        39,
        59,
        50,
        36,
        52,
        44,
        25,
        69,
        59,
        37,
        45,
        42,
        26,
        56,
        45,
        38,
        49,
        39,
        18,
        67,
        53,
        41,
        48,
        38,
        17,
        50,
        47,
        29,
        61,
        55,
        43,
        55,
        45,
        31,
        77,
        48,
        20
      ]
    },
    {
      "margin": false,
      "index": 10,
      "file": null,
      "u": 0.3333333,
      "v": 0.369791657,
      "uw": 0.3333333,
      "vh": 0.260416657,
      "width": 533,
      "height": 533,
      "descriptor": [
        57,
        45,
        12,
        48,
        37,
        20,
        77,
        81,
        69,
        70,
        69,
        56,
        44,
        36,
        12,
        51,
        41,
        26,
        46,
        37,
        16,
        47,
        34,
        17,
        55,
        48,
        33,
        77,
        72,
        49,
        55,
        42,
        30,
        123,
        119,
        73,
        43,
        32,
        14,
        69,
        53,
        23,
        129,
        129,
        80,
        48,
        33,
        11
      ]
    },
    {
      "margin": false,
      "index": 11,
      "file": null,
      "u": 0.6666666,
      "v": 0.369791657,
      "uw": 0.3333333,
      "vh": 0.260416657,
      "width": 533,
      "height": 533,
      "descriptor": [
        63,
        48,
        36,
        41,
        32,
        11,
        38,
        28,
        6,
        48,
        43,
        26,
        77,
        82,
        51,
        51,
        42,
        28,
        39,
        33,
        6,
        43,
        34,
        17,
        112,
        49,
        12,
        45,
        35,
        22,
        45,
        38,
        21,
        52,
        41,
        29,
        109,
        54,
        13,
        63,
        40,
        26,
        65,
        43,
        26,
        48,
        44,
        32
      ]
    },
    {
      "margin": false,
      "index": 12,
      "file": null,
      "u": 0.0,
      "v": 0.6302083,
      "uw": 0.3333333,
      "vh": 0.260416657,
      "width": 533,
      "height": 533,
      "descriptor": [
        39,
        34,
        17,
        44,
        40,
        34,
        62,
        47,
        27,
        154,
        141,
        80,
        47,
        40,
        21,
        60,
        51,
        43,
        156,
        145,
        68,
        110,
        108,
        74,
        44,
        40,
        22,
        50,
        47,
        31,
        33,
        30,
        12,
        51,
        43,
        19,
        52,
        47,
        18,
        69,
        59,
        33,
        72,
        63,
        49,
        69,
        56,
        33
      ]
    },
    {
      "margin": false,
      "index": 13,
      "file": null,
      "u": 0.3333333,
      "v": 0.6302083,
      "uw": 0.3333333,
      "vh": 0.260416657,
      "width": 533,
      "height": 533,
      "descriptor": [
        50,
        45,
        21,
        53,
        47,
        39,
        46,
        33,
        12,
        91,
        44,
        19,
        56,
        50,
        37,
        40,
        34,
        14,
        173,
        143,
        71,
        87,
        54,
        20,
        46,
        42,
        28,
        43,
        43,
        26,
        129,
        100,
        39,
        49,
        40,
        22,
        58,
        44,
        20,
        49,
        41,
        12,
        64,
        45,
        15,
        88,
        86,
        54
      ]
    },
    {
      "margin": false,
      "index": 14,
      "file": null,
      "u": 0.6666666,
      "v": 0.6302083,
      "uw": 0.3333333,
      "vh": 0.260416657,
      "width": 533,
      "height": 533,
      "descriptor": [
        64,
        59,
        40,
        69,
        46,
        24,
        67,
        53,
        42,
        49,
        44,
        28,
        132,
        107,
        51,
        69,
        55,
        43,
        48,
        35,
        21,
        46,
        47,
        38,
        131,
        101,
        36,
        29,
        35,
        11,
        60,
        54,
        47,
        40,
        38,
        29,
        42,
        35,
        8,
        52,
        40,
        20,
        54,
        41,
        9,
        54,
        50,
        28
      ]
    }
  ],
  "margins": [
    {
      "margin": true,
      "index": 0,
      "file": null,
      "u": 0.0,
      "v": 0.0,
      "uw": 0.3333333,
      "vh": 0.109375,
      "width": 533,
      "height": 224,
      "descriptor": null
    },
    {
      "margin": true,
      "index": 1,
      "file": null,
      "u": 0.0,
      "v": 0.890625,
      "uw": 0.3333333,
      "vh": 0.109375,