{
  "title": "KÔŇ V KRAJINKE II.",
  "author": "NEZNÁMY AUTOR",
  "year": "(1710 - 1770)",
  "id": "SNP-041110554XXBOJ00XI1131B00000",
  "width": 2048,
  "height": 1536,
  "file": "XI-1131-b_JPG_x001.webp",
  "tiles_x": 4,
  "tiles_y": 3,
  "offset_x": 0.0,
  "offset_y": 0.0,
  "tiles": [
    {
      "margin": false,
      "index": 0,
      "file": null,
      "u": 0.0,
      "v": 0.0,
      "uw": 0.25,
      "vh": 0.333333343,
      "width": 512,
      "height": 512,
      "descriptor": [
        73,
        66,
        62,
        87,
        77,
        71,
        131,
        117,
        101,
        128,
        116,
        105,
        94,
        86,
        79,
        84,
        74,
        67,
        125,
        112,
        99,
        120,
        100,
        84,
        66,
        62,
        60,
        108,
        98,
        87,
        104,
        92,
        82,
        104,
        91,
        79,
        79,
        73,
        70,
        86,
        76,
        70,
        123,
        108,
        90,
        94,
        84,
        78
      ]
    },
    {
      "margin": false,
      "index": 1,
      "file": null,
      "u": 0.25,
      "v": 0.0,
      "uw": 0.25,
      "vh": 0.333333343,
      "width": 512,
      "height": 512,
      "descriptor": [
        166,
        160,
        151,
        165,
        159,
        152,
        181,
        177,
        166,
        167,
        160,
        151,
        153,
        145,
        133,
        147,
        137,
        126,
        171,
        167,
        161,
        186,
        179,
        169,
        188,
        187,
        177,
        177,
        170,
        162,
        183,
        176,
        168,
        179,
        169,
        160,
        177,
        171,
        163,
        212,
        200,
        184,
        183,
        174,
        166,
        193,
        190,
        183
      ]
    },
    {
      "margin": false,
      "index": 2,
      "file": null,
      "u": 0.5,
      "v": 0.0,
      "uw": 0.25,
      "vh": 0.333333343,
      "width": 512,
      "height": 512,
      "descriptor": [
        167,
        161,
        150,
        162,
        155,
        146,
        150,
        141,
        132,
        149,
        142,
        136,
        179,
        174,
        162,
        165,
        159,
        150,
        175,
        167,
        158,
        155,
        148,
        138,
        177,
        171,
        166,
        172,
        165,
        157,
        179,
        171,
        160,
        175,
        175,
        162,
        211,
        203,
        190,
        194,
        192,
        186,
        177,
        170,
        162,
        197,
        196,
        183
      ]
    },
    {
      "margin": false,
      "index": 3,
      "file": null,
      "u": 0.75,
      "v": 0.0,
      "uw": 0.25,
      "vh": 0.333333343,
      "width": 512,
      "height": 512,
      "descriptor": [
        158,
        153,
        146,
        149,
        140,
        131,
        152,
        153,
        146,
        159,
        157,
        147,
        158,
        155,
        143,
        162,
        163,
        155,
        144,
        142,
        133,
        159,
        154,
        145,
        172,
        172,
        161,
        153,
        145,
        135,
        151,
        140,
        129,
        169,
        158,
        149,
        172,
        181,
        178,
        169,
        174,
        168,
        164,
        159,
        147,
        156,
        145,
        131
      ]
    },
    {
      "margin": false,
      "index": 4,
      "file": null,
      "u": 0.0,
      "v": 0.333333343,
      "uw": 0.25,
      "vh": 0.333333343,
      "width": 512,
      "height": 512,
      "descriptor": [
        86,
        77,
        73,
        85,
        77,
        73,
        80,
        71,
        66,
        136,
        126,
        114,
        76,
        69,
        64,
        78,
        71,
        65,
        127,
        117,
        97,
        108,
        107,
        96,
        83,
        75,
        68,
        107,
        102,
        93,
        80,
        75,
        72,
        137,
        150,
        140,
        103,
        97,
        90,
        79,
        75,
        73,
        113,
        104,
        93,
        92,
        92,
        89
      ]
    },
    {
      "margin": false,
      "index": 5,
      "file": null,
      "u": 0.25,
      "v": 0.333333343,
      "uw": 0.25,
      "vh": 0.333333343,
      "width": 512,
      "height": 512,
      "descriptor": [
        160,
        145,
        123,
        212,
        198,
        186,
        191,
        179,
        169,
        196,
        188,
        180,
        115,
        112,
        102,
        196,
        189,
        182,
        158,
        148,
        136,
        174,
        197,
        209,
        104,
        102,
        97,
        146,
        152,
        149,
        83,
        86,
        84,
        144,
        163,
        171,
        99,
        101,
        95,
        74,
        68,
        66,
        105,
        98,
        93,
        134,
        130,
        128
      ]
    },
    {
      "margin": false,
      "index": 6,
      "file": null,
      "u": 0.5,
      "v": 0.333333343,
      "uw": 0.25,
      "vh": 0.333333343,
      "width": 512,
      "height": 512,
      "descriptor": [
        201,
        212,
        215,
        205,
        215,
        217,
        224,
        215,
        206,
        223,
        214,
        204,
        184,
        203,
        213,
        175,
        194,
        202,
        179,
        195,
        202,
        184,
        203,
        211,
        193,
        211,
        220,
        145,
        145,
        147,
        123,
        115,
        111,
        177,
        201,
        214,
        126,
        121,
        120,
        166,
        172,
        168,
        185,
        203,
        213,
        202,
        218,
        222
      ]
    },
    {
      "margin": false,
      "index": 7,
      "file": null,
      "u": 0.75,
      "v": 0.333333343,
      "uw": 0.25,
      "vh": 0.333333343,
      "width": 512,
      "height": 512,
      "descriptor": [
        184,
        200,
        206,
        199,
        190,
        182,
        197,
        198,
        194,
        176,
        188,
        188,
        175,
        194,
        201,
        168,
        183,
        183,
        150,
        157,
        154,
        151,
        160,
        157,
        188,
        201,
        203,
        209,
        208,
        207,
        191,
        193,
        191,
        192,
        194,
        192,
        231,
        231,
        227,
        216,
        211,
        204,
        195,
        183,
        173,
        212,
        198,
        184
      ]
    },
    {
      "margin": false,
      "index": 8,
      "file": null,
      "u": 0.0,
      "v": 0.6666667,
      "uw": 0.25,
      "vh": 0.333333343,
      "width": 512,
      "height": 512,
      "descriptor": [
        84,
        76,
        69,
        85,
        75,
        68,
        112,
        105,
        94,
        103,
        96,
        85,
        108,
        98,
        88,
        90,
        83,
        74,
        72,
        68,
        65,
        153,
        143,
        125,
        99,
        88,
        78,
        75,
        71,
        68,
        65,
        60,
        57,
        116,
        95,
        79,
        136,
        112,
        92,
        94,
        85,
        77,
        139,
        116,
        96,
        124,
        103,
        83
      ]
    },
    {
      "margin": false,
      "index": 9,
      "file": null,
      "u": 0.25,
      "v": 0.6666667,
      "uw": 0.25,
      "vh": 0.333333343,
      "width": 512,
      "height": 512,