{
  "title": "PODOBIZEŇ IGNÁCA KOLLERA",
  "author": "NEZNÁMY AUTOR",
  "year": "(1750 - 1800)",
  "id": "SNP-CDAACAAAAAAAFRW",
  "width": 1536,
  "height": 2048,
  "file": "XI-1371_a_JPG_x001.webp",
  "tiles_x": 3,
  "tiles_y": 4,
  "offset_x": 0.0,
  "offset_y": 0.0,
  "tiles": [
    {
      "margin": false,
      "index": 0,
      "file": null,
      "u": 0.0,
      "v": 0.0,
      "uw": 0.333333343,
      "vh": 0.25,
      "width": 512,
      "height": 512,
      "descriptor": [
        51,
        50,
        41,
        50,
        46,
        36,
        59,
        56,
        48,
        56,
        51,
        39,
        47,
        43,
        36,
        45,
        42,
        36,
        57,
        52,
        46,
        45,
        41,
        32,
        33,
        34,
        28,
        45,
        45,
        39,
        63,
        61,
        55,
        51,
        45,
        37,
        55,
        54,
        51,
        43,
        44,
        38,
        56,
        53,
        49,
        74,
        67,
        53
      ]
    },
    {
      "margin": false,
      "index": 1,
      "file": null,
      "u": 0.333333343,
      "v": 0.0,
      "uw": 0.333333343,
      "vh": 0.25,
      "width": 512,
      "height": 512,
      "descriptor": [
        78,
        66,
        49,
        79,
        73,
        61,
        83,
        78,
        67,
        86,
        81,
        71,
        50,
        42,
        32,
        55,
        47,
        40,
        70,
        63,
        51,
        96,
        88,
        74,
        71,
        65,
        55,
        54,
        47,
        35,
        61,
        53,
        46,
        67,
        59,
        46,
        65,
        56,
        45,
        71,
        65,
        54,
        86,
        78,
        66,
        74,
        66,
        55
      ]
    },
    {
      "margin": false,
      "index": 2,
      "file": null,
      "u": 0.6666667,
      "v": 0.0,
      "uw": 0.333333343,
      "vh": 0.25,
      "width": 512,
      "height": 512,
      "descriptor": [
        94,
        85,
        70,
        88,
        82,
        68,
        51,
        43,
        35,
        52,
        47,
        41,
        84,
        78,
        64,
        79,
        70,
        58,
        46,
        42,
        36,
        63,
        61,
        58,
        71,
        67,
        55,
        90,
        83,
        74,
        45,
        40,
        35,
        61,
        54,
        48,
        89,
        82,
        72,
        68,
        63,
        57,
        41,
        37,
        31,
        74,
        68,
        67
      ]
    },
    {
      "margin": false,
      "index": 3,
      "file": null,
      "u": 0.0,
      "v": 0.25,
      "uw": 0.333333343,
      "vh": 0.25,
      "width": 512,
      "height": 512,
      "descriptor": [
        45,
        44,
        35,
        63,
        57,
        45,
        50,
        45,
        38,
        64,
        56,
        45,
        54,
        53,
        46,
        131,
        125,
        106,
        50,
        46,
        42,
        56,
        51,
        46,
        42,
        39,
        34,
        40,
        38,
        31,
        64,
        52,
        42,
        46,
        43,
        39,
        59,
        56,
        49,
        54,
        52,
        42,
        56,
        55,
        47,
        62,
        60,
        57
      ]
    },
    {
      "margin": false,
      "index": 4,
      "file": null,
      "u": 0.333333343,
      "v": 0.25,
      "uw": 0.333333343,
      "vh": 0.25,
      "width": 512,
      "height": 512,
      "descriptor": [
        57,
        44,
        33,
        174,
        148,
        119,
        65,
        57,
        51,
        90,
        82,
        70,
        59,
        51,
        42,
        166,
        142,
        114,
        80,
        65,
        53,
        95,
        88,
        73,
        61,
        54,
        45,
        72,
        73,
        64,
        63,
        60,
        53,
        87,
        75,
        66,
        90,
        84,
        79,
        122,
        107,
        79,
        55,
        52,
        49,
        43,
        39,
        35
      ]
    },
    {
      "margin": false,
      "index": 5,
      "file": null,
      "u": 0.6666667,
      "v": 0.25,
      "uw": 0.333333343,
      "vh": 0.25,
      "width": 512,
      "height": 512,
      "descriptor": [
        77,
        71,
        61,
        66,
        58,
        49,
        52,
        38,
        31,
        76,
        68,
        63,
        76,
        66,
        55,
        72,
        63,
        53,
        43,
        35,
        27,
        46,
        37,
        33,
        80,
        68,
        59,
        90,
        82,
        71,
        59,
        44,
        34,
        51,
        45,
        41,
        63,
        60,
        56,
        111,
        87,
        70,
        60,
        51,
        39,
        37,
        30,
        22
      ]
    },
    {
      "margin": false,
      "index": 6,
      "file": null,
      "u": 0.0,
      "v": 0.5,
      "uw": 0.333333343,
      "vh": 0.25,
      "width": 512,
      "height": 512,
      "descriptor": [
        93,
        83,
        64,
        79,
        68,
        54,
        48,
        46,
        45,
        46,
        37,
        30,
        69,
        58,
        46,
        58,
        50,
        41,
        42,
        34,
        28,
        68,
        60,
        54,
        56,
        43,
        31,
        75,
        56,
        39,
        48,
        35,
        31,
        54,
        52,
        54,
        42,
        40,
        36,
        49,
        47,
        44,
        38,
        39,
        36,
        48,
        44,
        40
      ]
    },
    {
      "margin": false,
      "index": 7,
      "file": null,
      "u": 0.333333343,
      "v": 0.5,
      "uw": 0.333333343,
      "vh": 0.25,
      "width": 512,
      "height": 512,
      "descriptor": [
        60,
        57,
        53,
        53,
        47,
        45,
        69,
        66,
        61,
        61,
        57,
        54,
        192,
        166,
        135,
        115,
        95,
        74,
        71,
        64,
        59,
        72,
        62,
        59,
        62,
        51,
        42,
        155,
        149,
        125,
        82,
        78,
        72,
        85,
        82,
        79,
        115,
        111,
        101,
        177,
        173,
        153,
        167,
        162,
        140,
        164,
        160,
        143
      ]
    },
    {
      "margin": false,
      "index": 8,
      "file": null,
      "u": 0.6666667,
      "v": 0.5,
      "uw": 0.333333343,
      "vh": 0.25,
      "width": 512,
      "height": 512,
      "descriptor": [
        68,
        58,
        54,
        70,
        68,
        60,
        49,
        47,
        41,
        55,
        54,
        50,
        56,
        52,
        49,
        42,
        31,
        22,
        60,
        58,
        50,
        68,
        48,
        29,
        57,
        53,
        50,
        56,
        56,
        50,
        59,
        54,
        48,
        59,
        49,
        39,
        66,
        59,
        53,
        55,
        52,
        49,
        60,
        56,
        46,
        62,
        53,
        44
      ]
    },
    {
      "margin": false,
      "index": 9,
      "file": null,
      "u": 0.0,
      "v": 0.75,
      "uw": 0.333333343,
      "vh": 0.25,
      "width": 512,
      "height": 512,