{
  "title": "SVÄTÝ JÁN NEPOMUCKÝ",
  "author": "NEZNÁMY AUTOR",
  "year": "(1730 - 1790)",
  "id": "SNP-CDAACAAAAAABS23",
  "width": 1408,
  "height": 2048,
  "file": "XI-1176_JPG_x001.webp",
  "tiles_x": 3,
  "tiles_y": 4,
  "offset_x": 0.0,
  "offset_y": 0.0416666567,
  "tiles": [
    {
      "margin": false,
      "index": 6,
      "file": null,
      "u": 0.0,
      "v": 0.0416666567,
      "uw": 0.333333343,
      "vh": 0.229166672,
      "width": 469,
      "height": 469,
      "descriptor": [
        81,
        88,
        80,
        81,
        86,
        75,
        74,
        63,
        34,
        75,
        74,
        55,
        76,
        73,
        49,
        80,
        63,
        35,
        72,
        56,
        36,
        68,
        53,
        29,
        78,
        76,
        49,
        73,
        81,
        67,
        76,
        64,
        42,
        78,
        72,
        47,
        79,
        86,
        72,
        83,
        77,
        57,
        75,
        73,
        52,
        73,
        77,
        58
      ]
    },
    {
      "margin": false,
      "index": 7,
      "file": null,
      "u": 0.333333343,
      "v": 0.0416666567,
      "uw": 0.333333343,
      "vh": 0.229166672,
      "width": 469,
      "height": 469,
      "descriptor": [
        75,
        59,
        41,
        59,
        48,
        22,
        71,
        50,
        34,
        70,
        50,
        28,
        74,
        66,
        44,
        60,
        45,
        25,
        76,
        66,
        47,
        66,
        50,
        26,
        71,
        65,
        41,
        78,
        68,
        45,
        82,
        63,
        40,
        109,
        113,
        85,
        78,
        85,
        74,
        104,
        111,
        104,
        82,
        83,
        68,
        73,
        80,
        64
      ]
    },
    {
      "margin": false,
      "index": 8,
      "file": null,
      "u": 0.6666667,
      "v": 0.0416666567,
      "uw": 0.333333343,
      "vh": 0.229166672,
      "width": 469,
      "height": 469,
      "descriptor": [
        57,
        40,
        16,
        100,
        84,
        43,
        148,
        125,
        68,
        169,
        141,
        82,
        86,
        58,
        25,
        121,
        109,
        68,
        132,
        113,
        65,
        87,
        73,
        53,
        121,
        124,
        98,
        127,
        121,
        79,
        94,
        68,
        29,
        69,
        51,
        30,
        115,
        111,
        82,
        116,
        115,
        79,
        79,
        57,
        26,
        65,
        46,
        25
      ]
    },
    {
      "margin": false,
      "index": 9,
      "file": null,
      "u": 0.0,
      "v": 0.2708333,
      "uw": 0.333333343,
      "vh": 0.229166672,
      "width": 469,
      "height": 469,
      "descriptor": [
        99,
        106,
        85,
        89,
        83,
        59,
        84,
        89,
        78,
        85,
        99,
        85,
        110,
        116,
        89,
        116,
        103,
        78,
        88,
        85,
        58,
        97,
        91,
        69,
        108,
        94,
        50,
        132,
        116,
        75,
        125,
        113,
        68,
        68,
        67,
        51,
        60,
        53,
        37,
        67,
        61,
        43,
        53,
        57,
        50,
        59,
        53,
        45
      ]
    },
    {
      "margin": false,
      "index": 10,
      "file": null,
      "u": 0.333333343,
      "v": 0.2708333,
      "uw": 0.333333343,
      "vh": 0.229166672,
      "width": 469,
      "height": 469,
      "descriptor": [
        84,
        88,
        74,
        75,
        71,
        52,
        57,
        49,
        32,
        123,
        98,
        71,
        94,
        87,
        58,
        95,
        89,
        64,
        32,
        38,
        30,
        83,
        82,
        61,
        65,
        63,
        44,
        55,
        54,
        46,
        42,
        39,
        33,
        115,
        94,
        66,
        50,
        48,
        33,
        39,
        41,
        30,
        159,
        145,
        127,
        55,
        48,
        34
      ]
    },
    {
      "margin": false,
      "index": 11,
      "file": null,
      "u": 0.6666667,
      "v": 0.2708333,
      "uw": 0.333333343,
      "vh": 0.229166672,
      "width": 469,
      "height": 469,
      "descriptor": [
        94,
        96,
        74,
        105,
        106,
        84,
        78,
        69,
        47,
        47,
        46,
        36,
        90,
        91,
        74,
        75,
        75,
        56,
        69,
        55,
        35,
        45,
        41,
        30,
        60,
        61,
        45,
        86,
        82,
        65,
        74,
        65,
        54,
        63,
        47,
        29,
        86,
        83,
        71,
        130,
        114,
        97,
        65,
        52,
        38,
        57,
        37,
        30
      ]
    },
    {
      "margin": false,
      "index": 12,
      "file": null,
      "u": 0.0,
      "v": 0.5,
      "uw": 0.333333343,
      "vh": 0.229166672,
      "width": 469,
      "height": 469,
      "descriptor": [
        66,
        72,
        51,
        54,
        51,
        39,
        76,
        75,
        60,
        47,
        46,
        32,
        60,
        66,
        49,
        94,
        83,
        60,
        119,
        121,
        106,
        154,
        152,
        135,
        56,
        57,
        42,
        64,
        59,
        50,
        107,
        107,
        100,
        131,
        134,
        116,
        33,
        40,
        28,
        36,
        42,
        34,
        117,
        120,
        106,
        136,
        135,
        115
      ]
    },
    {
      "margin": false,
      "index": 13,
      "file": null,
      "u": 0.333333343,
      "v": 0.5,
      "uw": 0.333333343,
      "vh": 0.229166672,
      "width": 469,
      "height": 469,
      "descriptor": [
        47,
        46,
        41,
        30,
        33,
        23,
        33,
        32,
        22,
        83,
        82,
        60,
        66,
        67,
        59,
        42,
        39,
        28,
        54,
        54,
        47,
        44,
        43,
        29,
        157,
        153,
        137,
        70,
        66,
        61,
        38,
        43,
        33,
        45,
        47,
        37,
        110,
        107,
        90,
        73,
        72,
        54,
        48,
        48,
        30,
        41,
        43,
        28
      ]
    },
    {
      "margin": false,
      "index": 14,
      "file": null,
      "u": 0.6666667,
      "v": 0.5,
      "uw": 0.333333343,
      "vh": 0.229166672,
      "width": 469,
      "height": 469,
      "descriptor": [
        143,
        134,
        98,
        159,
        156,
        110,
        124,
        124,
        95,
        82,
        66,
        49,
        52,
        54,
        39,
        50,
        53,
        45,
        71,
        65,
        54,
        54,
        39,
        20,
        66,
        67,
        57,
        69,
        71,
        60,
        64,
        60,
        47,
        58,
        54,
        45,
        55,
        54,
        45,
        64,
        62,
        56,
        73,
        73,
        62,
        58,
        62,
        52
      ]
    },
    {
      "margin": false,
      "index": 15,
      "file": null,
      "u": 0.0,
      "v": 0.7291666,
      "uw": 0.333333343,
      "vh": 0.229166672,
      "width": 469,
      "height": 469,