{
  "title": "PODOBIZEŇ ANDREJA HLINKU",
  "author": "ŽABOTA, IVAN",
  "year": "(1940 - 1944)",
  "id": "SNP-CDAACAAAAAABSZY",
  "width": 1408,
  "height": 2048,
  "file": "XI-1523_JPG_x001.webp",
  "tiles_x": 3,
  "tiles_y": 4,
  "offset_x": 0.0,
  "offset_y": 0.0416666567,
  "tiles": [
    {
      "margin": false,
      "index": 6,
      "file": null,
      "u": 0.0,
      "v": 0.0416666567,
      "uw": 0.333333343,
      "vh": 0.229166672,
      "width": 469,
      "height": 469,
      "descriptor": [
        63,
        60,
        53,
        65,
        61,
        56,
        68,
        62,
        61,
        70,
        67,
        67,
        63,
        59,
        54,
        72,
        67,
        61,
        73,
        67,
        64,
        87,
        83,
        83,
        66,
        63,
        58,
        77,
        76,
        74,
        69,
        61,
        59,
        76,
        68,
        67,
        68,
        63,
        59,
        65,
        61,
        58,
        72,
        64,
        62,
        75,
        68,
        66
      ]
    },
    {
      "margin": false,
      "index": 7,
      "file": null,
      "u": 0.333333343,
      "v": 0.0416666567,
      "uw": 0.333333343,
      "vh": 0.229166672,
      "width": 469,
      "height": 469,
      "descriptor": [
        75,
        66,
        64,
        79,
        70,
        64,
        80,
        72,
        69,
        78,
        70,
        68,
        80,
        76,
        73,
        78,
        71,
        69,
        77,
        66,
        61,
        81,
        74,
        69,
        77,
        71,
        69,
        87,
        79,
        78,
        209,
        151,
        112,
        167,
        137,
        117,
        82,
        76,
        77,
        80,
        73,
        71,
        185,
        125,
        91,
        125,
        112,
        101
      ]
    },
    {
      "margin": false,
      "index": 8,
      "file": null,
      "u": 0.6666667,
      "v": 0.0416666567,
      "uw": 0.333333343,
      "vh": 0.229166672,
      "width": 469,
      "height": 469,
      "descriptor": [
        78,
        70,
        65,
        75,
        71,
        70,
        73,
        65,
        63,
        78,
        72,
        69,
        73,
        65,
        59,
        84,
        79,
        76,
        70,
        64,
        58,
        64,
        55,
        52,
        78,
        70,
        68,
        78,
        69,
        66,
        66,
        54,
        55,
        63,
        52,
        49,
        86,
        78,
        77,
        78,
        70,
        66,
        71,
        65,
        61,
        67,
        63,
        61
      ]
    },
    {
      "margin": false,
      "index": 9,
      "file": null,
      "u": 0.0,
      "v": 0.2708333,
      "uw": 0.333333343,
      "vh": 0.229166672,
      "width": 469,
      "height": 469,
      "descriptor": [
        66,
        65,
        61,
        63,
        59,
        53,
        76,
        73,
        72,
        111,
        109,
        106,
        66,
        62,
        57,
        74,
        69,
        69,
        82,
        76,
        74,
        83,
        76,
        74,
        60,
        58,
        58,
        74,
        71,
        71,
        79,
        73,
        70,
        84,
        77,
        76,
        53,
        59,
        55,
        64,
        64,
        63,
        80,
        76,
        71,
        84,
        77,
        75
      ]
    },
    {
      "margin": false,
      "index": 10,
      "file": null,
      "u": 0.333333343,
      "v": 0.2708333,
      "uw": 0.333333343,
      "vh": 0.229166672,
      "width": 469,
      "height": 469,
      "descriptor": [
        87,
        83,
        83,
        67,
        67,
        66,
        64,
        59,
        54,
        76,
        66,
        50,
        57,
        53,
        50,
        72,
        70,
        69,
        68,
        63,
        59,
        75,
        74,
        70,
        77,
        59,
        56,
        70,
        64,
        57,
        110,
        107,
        94,
        72,
        71,
        65,
        77,
        75,
        69,
        158,
        114,
        112,
        77,
        69,
        64,
        72,
        67,
        60
      ]
    },
    {
      "margin": false,
      "index": 11,
      "file": null,
      "u": 0.6666667,
      "v": 0.2708333,
      "uw": 0.333333343,
      "vh": 0.229166672,
      "width": 469,
      "height": 469,
      "descriptor": [
        92,
        82,
        79,
        87,
        79,
        75,
        66,
        58,
        53,
        71,
        62,
        61,
        83,
        80,
        77,
        95,
        86,
        85,
        76,
        66,
        67,
        65,
        53,
        53,
        75,
        74,
        74,
        78,
        71,
        65,
        70,
        59,
        59,
        62,
        52,
        51,
        77,
        73,
        69,
        93,
        86,
        84,
        74,
        69,
        69,
        91,
        83,
        79
      ]
    },
    {
      "margin": false,
      "index": 12,
      "file": null,
      "u": 0.0,
      "v": 0.5,
      "uw": 0.333333343,
      "vh": 0.229166672,
      "width": 469,
      "height": 469,
      "descriptor": [
        69,
        68,
        63,
        69,
        64,
        61,
        68,
        61,
        59,
        84,
        78,
        76,
        63,
        55,
        54,
        61,
        51,
        50,
        70,
        65,
        66,
        64,
        57,
        58,
        70,
        64,
        59,
        62,
        56,
        56,
        69,
        62,
        62,
        59,
        56,
        54,
        63,
        55,
        54,
        67,
        61,
        58,
        49,
        43,
        36,
        54,
        46,
        48
      ]
    },
    {
      "margin": false,
      "index": 13,
      "file": null,
      "u": 0.333333343,
      "v": 0.5,
      "uw": 0.333333343,
      "vh": 0.229166672,
      "width": 469,
      "height": 469,
      "descriptor": [
        74,
        71,
        67,
        127,
        71,
        77,
        136,
        82,
        85,
        79,
        77,
        69,
        101,
        80,
        57,
        171,
        123,
        97,
        79,
        70,
        63,
        141,
        82,
        87,
        61,
        60,
        55,
        181,
        118,
        87,
        155,
        95,
        102,
        145,
        92,
        86,
        68,
        65,
        61,
        205,
        173,
        138,
        158,
        96,
        102,
        145,
        87,
        91
      ]
    },
    {
      "margin": false,
      "index": 14,
      "file": null,
      "u": 0.6666667,
      "v": 0.5,
      "uw": 0.333333343,
      "vh": 0.229166672,
      "width": 469,
      "height": 469,
      "descriptor": [
        73,
        66,
        60,
        88,
        82,
        81,
        75,
        67,
        66,
        56,
        46,
        45,
        91,
        88,
        89,
        79,
        73,
        74,
        66,
        54,
        57,
        56,
        49,
        48,
        79,
        79,
        84,
        71,
        60,
        59,
        66,
        53,
        53,
        64,
        59,
        54,
        75,
        73,
        71,
        68,
        60,
        60,
        69,
        55,
        54,
        72,
        64,
        63
      ]
    },
    {
      "margin": false,
      "index": 15,
      "file": null,
      "u": 0.0,
      "v": 0.7291666,
      "uw": 0.333333343,
      "vh": 0.229166672,
      "width": 469,
      "height": 469,