{
  "title": "PODOBIZEŇ NEZNÁMEJ DÁMY S DVOMI AMORETMI",
  "author": "NEZNÁMY AUTOR",
  "year": "(1700 - 1725)",
  "id": "SNP-CDAACAAAAAAAFZQ",
  "width": 1536,
  "height": 2048,
  "file": "XI-2055_JPG_x001.webp",
  "tiles_x": 3,
  "tiles_y": 4,
  "offset_x": 0.0,
  "offset_y": 0.0,
  "tiles": [
    {
      "margin": false,
      "index": 0,
      "file": null,
      "u": 0.0,
      "v": 0.0,
      "uw": 0.333333343,
      "vh": 0.25,
      "width": 512,
      "height": 512,
      "descriptor": [
        91,
        82,
        62,
        73,
        65,
        57,
        61,
        52,
        41,
        73,
        58,
        42,
        83,
        70,
        50,
        88,
        79,
        66,
        62,
        51,
        44,
        50,
        43,
        35,
        86,
        79,
        62,
        78,
        71,
        58,
        70,
        62,
        52,
        74,
        69,
        62,
        83,
        78,
        60,
        101,
        96,
        78,
        72,
        63,
        55,
        67,
        58,
        49
      ]
    },
    {
      "margin": false,
      "index": 1,
      "file": null,
      "u": 0.333333343,
      "v": 0.0,
      "uw": 0.333333343,
      "vh": 0.25,
      "width": 512,
      "height": 512,
      "descriptor": [
        78,
        64,
        53,
        84,
        69,
        54,
        91,
        79,
        63,
        80,
        67,
        50,
        68,
        58,
        47,
        73,
        61,
        45,
        68,
        58,
        46,
        71,
        63,
        52,
        71,
        57,
        48,
        84,
        76,
        63,
        80,
        70,
        57,
        82,
        70,
        56,
        76,
        63,
        49,
        210,
        196,
        175,
        86,
        72,
        54,
        81,
        72,
        59
      ]
    },
    {
      "margin": false,
      "index": 2,
      "file": null,
      "u": 0.6666667,
      "v": 0.0,
      "uw": 0.333333343,
      "vh": 0.25,
      "width": 512,
      "height": 512,
      "descriptor": [
        83,
        68,
        56,
        88,
        75,
        66,
        85,
        73,
        59,
        96,
        85,
        77,
        70,
        55,
        39,
        74,
        54,
        40,
        93,
        78,
        63,
        89,
        78,
        68,
        73,
        59,
        47,
        75,
        64,
        50,
        71,
        63,
        51,
        74,
        60,
        46,
        93,
        76,
        59,
        67,
        57,
        45,
        71,
        60,
        49,
        93,
        82,
        72
      ]
    },
    {
      "margin": false,
      "index": 3,
      "file": null,
      "u": 0.0,
      "v": 0.25,
      "uw": 0.333333343,
      "vh": 0.25,
      "width": 512,
      "height": 512,
      "descriptor": [
        96,
        84,
        67,
        90,
        83,
        68,
        61,
        49,
        42,
        69,
        58,
        40,
        94,
        86,
        67,
        91,
        84,
        72,
        81,
        67,
        51,
        96,
        79,
        55,
        94,
        86,
        71,
        89,
        82,
        69,
        73,
        62,
        51,
        71,
        47,
        48,
        94,
        81,
        64,
        65,
        59,
        50,
        72,
        64,
        52,
        99,
        66,
        63
      ]
    },
    {
      "margin": false,
      "index": 4,
      "file": null,
      "u": 0.333333343,
      "v": 0.25,
      "uw": 0.333333343,
      "vh": 0.25,
      "width": 512,
      "height": 512,
      "descriptor": [
        160,
        159,
        145,
        209,
        203,
        183,
        78,
        69,
        56,
        83,
        74,
        62,
        77,
        46,
        44,
        100,
        88,
        79,
        56,
        40,
        37,
        161,
        156,
        143,
        110,
        96,
        84,
        88,
        54,
        52,
        57,
        49,
        47,
        100,
        98,
        88,
        57,
        36,
        38,
        126,
        98,
        96,
        78,
        71,
        66,
        47,
        53,
        80
      ]
    },
    {
      "margin": false,
      "index": 5,
      "file": null,
      "u": 0.6666667,
      "v": 0.25,
      "uw": 0.333333343,
      "vh": 0.25,
      "width": 512,
      "height": 512,
      "descriptor": [
        157,
        124,
        105,
        69,
        57,
        46,
        61,
        53,
        42,
        93,
        82,
        73,
        96,
        77,
        54,
        92,
        75,
        61,
        66,
        53,
        42,
        74,
        62,
        49,
        71,
        59,
        44,
        85,
        74,
        60,
        86,
        75,
        62,
        72,
        61,
        47,
        62,
        50,
        40,
        71,
        60,
        47,
        92,
        83,
        73,
        69,
        56,
        46
      ]
    },
    {
      "margin": false,
      "index": 6,
      "file": null,
      "u": 0.0,
      "v": 0.5,
      "uw": 0.333333343,
      "vh": 0.25,
      "width": 512,
      "height": 512,
      "descriptor": [
        96,
        86,
        65,
        70,
        61,
        53,
        51,
        58,
        73,
        99,
        66,
        51,
        99,
        96,
        77,
        76,
        67,
        59,
        30,
        31,
        36,
        122,
        96,
        94,
        72,
        67,
        57,
        30,
        39,
        65,
        40,
        44,
        64,
        81,
        51,
        49,
        81,
        73,
        63,
        30,
        33,
        36,
        119,
        116,
        105,
        105,
        63,
        62
      ]
    },
    {
      "margin": false,
      "index": 7,
      "file": null,
      "u": 0.333333343,
      "v": 0.5,
      "uw": 0.333333343,
      "vh": 0.25,
      "width": 512,
      "height": 512,
      "descriptor": [
        109,
        71,
        68,
        58,
        35,
        35,
        180,
        181,
        168,
        35,
        36,
        36,
        111,
        78,
        74,
        68,
        38,
        35,
        46,
        52,
        70,
        45,
        49,
        52,
        95,
        59,
        58,
        76,
        72,
        70,
        68,
        76,
        90,
        67,
        71,
        74,
        88,
        52,
        48,
        169,
        168,
        149,
        46,
        54,
        71,
        37,
        40,
        41
      ]
    },
    {
      "margin": false,
      "index": 8,
      "file": null,
      "u": 0.6666667,
      "v": 0.5,
      "uw": 0.333333343,
      "vh": 0.25,
      "width": 512,
      "height": 512,
      "descriptor": [
        59,
        55,
        47,
        73,
        64,
        56,
        77,
        66,
        55,
        82,
        67,
        50,
        145,
        123,
        92,
        71,
        61,
        51,
        84,
        74,
        62,
        71,
        58,
        45,
        154,
        132,
        108,
        120,
        110,
        95,
        87,
        76,
        62,
        78,
        68,
        56,
        162,
        148,
        126,
        89,
        67,
        51,
        71,
        57,
        42,
        68,
        58,
        48
      ]
    },
    {
      "margin": false,
      "index": 9,
      "file": null,
      "u": 0.0,
      "v": 0.75,
      "uw": 0.333333343,
      "vh": 0.25,
      "width": 512,
      "height": 512,