{
  "title": "HLAVA STARCA",
  "author": "MEDNYÁNSZKY, LADISLAV",
  "year": "(1900 - 1919)",
  "id": "SNP-CDAACAAAAAAAGNG",
  "width": 1600,
  "height": 2048,
  "file": "XI-2832_JPG_x001.webp",
  "tiles_x": 3,
  "tiles_y": 3,
  "offset_x": 0.0,
  "offset_y": 0.109375,
  "tiles": [
    {
      "margin": false,
      "index": 6,
      "file": null,
      "u": 0.0,
      "v": 0.109375,
      "uw": 0.3333333,
      "vh": 0.260416657,
      "width": 533,
      "height": 533,
      "descriptor": [
        82,
        82,
        66,
        82,
        81,
        73,
        83,
        82,
        69,
        71,
        66,
        52,
        84,
        84,
        73,
        85,
        87,
        77,
        77,
        77,
        63,
        64,
        60,
        47,
        84,
        85,
        79,
        84,
        85,
        77,
        84,
        85,
        74,
        50,
        50,
        37,
        82,
        86,
        79,
        75,
        77,
        67,
        98,
        101,
        92,
        74,
        64,
        46
      ]
    },
    {
      "margin": false,
      "index": 7,
      "file": null,
      "u": 0.3333333,
      "v": 0.109375,
      "uw": 0.3333333,
      "vh": 0.260416657,
      "width": 533,
      "height": 533,
      "descriptor": [
        77,
        72,
        58,
        78,
        74,
        61,
        105,
        87,
        63,
        72,
        68,
        58,
        53,
        53,
        41,
        68,
        63,
        50,
        76,
        76,
        65,
        74,
        72,
        63,
        97,
        82,
        61,
        100,
        91,
        80,
        96,
        82,
        60,
        123,
        98,
        72,
        89,
        81,
        60,
        84,
        77,
        63,
        59,
        51,
        30,
        74,
        74,
        59
      ]
    },
    {
      "margin": false,
      "index": 8,
      "file": null,
      "u": 0.6666666,
      "v": 0.109375,
      "uw": 0.3333333,
      "vh": 0.260416657,
      "width": 533,
      "height": 533,
      "descriptor": [
        66,
        68,
        56,
        88,
        91,
        81,
        101,
        101,
        91,
        98,
        100,
        87,
        70,
        72,
        62,
        76,
        75,
        66,
        76,
        77,
        64,
        88,
        95,
        87,
        81,
        74,
        58,
        73,
        74,
        62,
        76,
        72,
        54,
        76,
        81,
        74,
        62,
        61,
        49,
        65,
        61,
        43,
        77,
        80,
        67,
        72,
        78,
        68
      ]
    },
    {
      "margin": false,
      "index": 9,
      "file": null,
      "u": 0.0,
      "v": 0.369791657,
      "uw": 0.3333333,
      "vh": 0.260416657,
      "width": 533,
      "height": 533,
      "descriptor": [
        86,
        88,
        80,
        73,
        79,
        72,
        78,
        83,
        78,
        107,
        94,
        76,
        74,
        82,
        83,
        69,
        71,
        53,
        83,
        86,
        82,
        115,
        96,
        81,
        94,
        99,
        94,
        71,
        78,
        70,
        95,
        99,
        92,
        69,
        65,
        56,
        63,
        65,
        59,
        74,
        77,
        68,
        81,
        83,
        81,
        62,
        62,
        53
      ]
    },
    {
      "margin": false,
      "index": 10,
      "file": null,
      "u": 0.3333333,
      "v": 0.369791657,
      "uw": 0.3333333,
      "vh": 0.260416657,
      "width": 533,
      "height": 533,
      "descriptor": [
        93,
        78,
        58,
        113,
        93,
        66,
        122,
        107,
        87,
        111,
        91,
        75,
        110,
        83,
        62,
        101,
        81,
        68,
        82,
        76,
        69,
        108,
        94,
        69,
        63,
        63,
        51,
        124,
        106,
        87,
        72,
        74,
        67,
        75,
        74,
        64,
        112,
        97,
        82,
        76,
        63,
        51,
        89,
        84,
        74,
        108,
        84,
        68
      ]
    },
    {
      "margin": false,
      "index": 11,
      "file": null,
      "u": 0.6666666,
      "v": 0.369791657,
      "uw": 0.3333333,
      "vh": 0.260416657,
      "width": 533,
      "height": 533,
      "descriptor": [
        121,
        110,
        87,
        74,
        72,
        58,
        74,
        78,
        75,
        69,
        76,
        70,
        65,
        57,
        47,
        110,
        95,
        72,
        79,
        83,
        74,
        81,
        86,
        79,
        59,
        51,
        39,
        69,
        69,
        53,
        83,
        88,
        83,
        78,
        81,
        74,
        60,
        56,
        45,
        98,
        99,
        88,
        81,
        87,
        83,
        79,
        86,
        81
      ]
    },
    {
      "margin": false,
      "index": 12,
      "file": null,
      "u": 0.0,
      "v": 0.6302083,
      "uw": 0.3333333,
      "vh": 0.260416657,
      "width": 533,
      "height": 533,
      "descriptor": [
        73,
        71,
        61,
        87,
        71,
        55,
        50,
        46,
        37,
        75,
        72,
        59,
        59,
        61,
        49,
        62,
        59,
        52,
        74,
        68,
        56,
        63,
        60,
        51,
        58,
        61,
        52,
        69,
        66,
        57,
        104,
        84,
        62,
        67,
        58,
        48,
        80,
        77,
        64,
        67,
        68,
        59,
        68,
        70,
        62,
        87,
        83,
        71
      ]
    },
    {
      "margin": false,
      "index": 13,
      "file": null,
      "u": 0.3333333,
      "v": 0.6302083,
      "uw": 0.3333333,
      "vh": 0.260416657,
      "width": 533,
      "height": 533,
      "descriptor": [
        114,
        94,
        64,
        68,
        65,
        53,
        47,
        33,
        23,
        73,
        71,
        62,
        107,
        89,
        72,
        100,
        76,
        37,
        109,
        92,
        71,
        44,
        38,
        27,
        77,
        67,
        58,
        116,
        96,
        67,
        93,
        80,
        61,
        75,
        69,
        60,
        63,
        66,
        58,
        146,
        119,
        98,
        108,
        74,
        66,
        110,
        84,
        72
      ]
    },
    {
      "margin": false,
      "index": 14,
      "file": null,
      "u": 0.6666666,
      "v": 0.6302083,
      "uw": 0.3333333,
      "vh": 0.260416657,
      "width": 533,
      "height": 533,
      "descriptor": [
        72,
        66,
        55,
        72,
        69,
        59,
        82,
        72,
        57,
        77,
        80,
        66,
        82,
        78,
        66,
        70,
        72,
        63,
        80,
        81,
        68,
        70,
        69,
        62,
        67,
        62,
        56,
        80,
        77,
        65,
        59,
        59,
        51,
        83,
        75,
        65,
        96,
        94,
        84,
        90,
        88,
        81,
        66,
        68,
        61,
        69,
        67,
        60
      ]
    }
  ],
  "margins": [
    {
      "margin": true,
      "index": 0,
      "file": null,
      "u": 0.0,
      "v": 0.0,
      "uw": 0.3333333,
      "vh": 0.109375,
      "width": 533,
      "height": 224,
      "descriptor": null
    },
    {
      "margin": true,
      "index": 1,
      "file": null,
      "u": 0.0,
      "v": 0.890625,
      "uw": 0.3333333,
      "vh": 0.109375,