{
  "title": "HORSKÁ KRAJINA S PASTIERMI OVIEC A POCESTNÝMI",
  "author": "NEZNÁMY AUTOR",
  "year": "(1700 - 1760)",
  "id": "SNP-045554563XXBOJ000XI266400000",
  "width": 2048,
  "height": 1280,
  "file": "XI-2664_JPG_x001.webp",
  "tiles_x": 4,
  "tiles_y": 3,
  "offset_x": 0.08333334,
  "offset_y": 0.0,
  "tiles": [
    {
      "margin": false,
      "index": 6,
      "file": null,
      "u": 0.08333334,
      "v": 0.0,
      "uw": 0.208333328,
      "vh": 0.3333333,
      "width": 426,
      "height": 426,
      "descriptor": [
        64,
        73,
        73,
        59,
        73,
        74,
        59,
        68,
        66,
        88,
        95,
        89,
        69,
        71,
        66,
        58,
        67,
        64,
        61,
        72,
        73,
        73,
        75,
        68,
        77,
        78,
        68,
        52,
        52,
        45,
        56,
        57,
        49,
        47,
        46,
        37,
        57,
        57,
        51,
        64,
        63,
        54,
        46,
        44,
        32,
        41,
        38,
        28
      ]
    },
    {
      "margin": false,
      "index": 7,
      "file": null,
      "u": 0.2916667,
      "v": 0.0,
      "uw": 0.208333328,
      "vh": 0.3333333,
      "width": 426,
      "height": 426,
      "descriptor": [
        70,
        68,
        62,
        94,
        94,
        85,
        69,
        76,
        72,
        78,
        89,
        87,
        62,
        63,
        46,
        73,
        67,
        47,
        87,
        88,
        78,
        77,
        88,
        84,
        58,
        55,
        48,
        44,
        45,
        34,
        73,
        74,
        65,
        81,
        83,
        75,
        45,
        43,
        35,
        51,
        50,
        43,
        87,
        87,
        79,
        92,
        92,
        84
      ]
    },
    {
      "margin": false,
      "index": 8,
      "file": null,
      "u": 0.5,
      "v": 0.0,
      "uw": 0.208333328,
      "vh": 0.3333333,
      "width": 426,
      "height": 426,
      "descriptor": [
        77,
        87,
        83,
        56,
        47,
        27,
        29,
        23,
        17,
        43,
        36,
        28,
        77,
        87,
        82,
        87,
        99,
        95,
        52,
        43,
        32,
        53,
        43,
        31,
        97,
        98,
        88,
        109,
        108,
        87,
        70,
        61,
        46,
        77,
        77,
        62,
        78,
        79,
        73,
        158,
        146,
        112,
        107,
        107,
        94,
        136,
        132,
        105
      ]
    },
    {
      "margin": false,
      "index": 9,
      "file": null,
      "u": 0.7083334,
      "v": 0.0,
      "uw": 0.208333328,
      "vh": 0.3333333,
      "width": 426,
      "height": 426,
      "descriptor": [
        19,
        16,
        5,
        19,
        17,
        11,
        27,
        24,
        20,
        67,
        62,
        58,
        41,
        37,
        35,
        51,
        41,
        31,
        48,
        39,
        34,
        50,
        45,
        40,
        58,
        50,
        35,
        73,
        56,
        32,
        61,
        52,
        37,
        16,
        13,
        6,
        118,
        116,
        96,
        124,
        107,
        75,
        25,
        19,
        13,
        62,
        53,
        40
      ]
    },
    {
      "margin": false,
      "index": 10,
      "file": null,
      "u": 0.08333334,
      "v": 0.3333333,
      "uw": 0.208333328,
      "vh": 0.3333333,
      "width": 426,
      "height": 426,
      "descriptor": [
        79,
        80,
        73,
        59,
        59,
        51,
        41,
        38,
        30,
        47,
        41,
        36,
        52,
        52,
        48,
        40,
        43,
        39,
        47,
        47,
        39,
        39,
        39,
        31,
        42,
        38,
        33,
        57,
        54,
        43,
        51,
        49,
        44,
        63,
        57,
        42,
        77,
        64,
        38,
        71,
        62,
        48,
        77,
        67,
        53,
        66,
        50,
        34
      ]
    },
    {
      "margin": false,
      "index": 11,
      "file": null,
      "u": 0.2916667,
      "v": 0.3333333,
      "uw": 0.208333328,
      "vh": 0.3333333,
      "width": 426,
      "height": 426,
      "descriptor": [
        36,
        35,
        24,
        87,
        87,
        80,
        78,
        78,
        72,
        91,
        90,
        81,
        53,
        51,
        43,
        64,
        62,
        56,
        55,
        56,
        50,
        82,
        81,
        72,
        84,
        71,
        51,
        51,
        49,
        37,
        55,
        48,
        28,
        60,
        51,
        37,
        65,
        57,
        48,
        52,
        45,
        35,
        51,
        40,
        27,
        48,
        34,
        20
      ]
    },
    {
      "margin": false,
      "index": 12,
      "file": null,
      "u": 0.5,
      "v": 0.3333333,
      "uw": 0.208333328,
      "vh": 0.3333333,
      "width": 426,
      "height": 426,
      "descriptor": [
        99,
        97,
        85,
        103,
        103,
        93,
        70,
        58,
        33,
        55,
        40,
        26,
        92,
        93,
        84,
        97,
        98,
        88,
        65,
        52,
        40,
        59,
        46,
        31,
        44,
        45,
        34,
        55,
        49,
        39,
        48,
        45,
        35,
        49,
        40,
        26,
        53,
        46,
        32,
        50,
        44,
        32,
        58,
        50,
        35,
        64,
        54,
        38
      ]
    },
    {
      "margin": false,
      "index": 13,
      "file": null,
      "u": 0.7083334,
      "v": 0.3333333,
      "uw": 0.208333328,
      "vh": 0.3333333,
      "width": 426,
      "height": 426,
      "descriptor": [
        32,
        30,
        21,
        33,
        29,
        16,
        47,
        39,
        27,
        39,
        35,
        27,
        32,
        30,
        19,
        33,
        32,
        22,
        43,
        36,
        29,
        18,
        14,
        7,
        41,
        37,
        26,
        29,
        28,
        19,
        65,
        61,
        58,
        27,
        19,
        16,
        30,
        28,
        21,
        45,
        38,
        27,
        43,
        32,
        23,
        46,
        40,
        30
      ]
    },
    {
      "margin": false,
      "index": 14,
      "file": null,
      "u": 0.08333334,
      "v": 0.6666666,
      "uw": 0.208333328,
      "vh": 0.3333333,
      "width": 426,
      "height": 426,
      "descriptor": [
        109,
        80,
        41,
        82,
        67,
        46,
        75,
        63,
        43,
        57,
        42,
        23,
        53,
        46,
        33,
        46,
        36,
        25,
        50,
        43,
        31,
        45,
        39,
        30,
        48,
        41,
        32,
        9,
        4,
        0,
        39,
        30,
        26,
        40,
        35,
        28,
        38,
        33,
        28,
        35,
        24,
        13,
        44,
        39,
        34,
        40,
        38,
        33
      ]
    },
    {
      "margin": false,
      "index": 15,
      "file": null,
      "u": 0.2916667,
      "v": 0.6666666,
      "uw": 0.208333328,
      "vh": 0.3333333,
      "width": 426,
      "height": 426,