{
  "title": "PODOBIZEŇ DÁMY S KYTIČKOU",
  "author": "NEZNÁMY AUTOR",
  "year": "(1730 - 1830)",
  "id": "SNP-CDAACAAAAAABSVO",
  "width": 1664,
  "height": 2048,
  "file": "XI-2600_JPG_x001.webp",
  "tiles_x": 3,
  "tiles_y": 3,
  "offset_x": 0.0,
  "offset_y": 0.09375,
  "tiles": [
    {
      "margin": false,
      "index": 6,
      "file": null,
      "u": 0.0,
      "v": 0.09375,
      "uw": 0.333333343,
      "vh": 0.270833343,
      "width": 554,
      "height": 554,
      "descriptor": [
        43,
        57,
        39,
        45,
        53,
        40,
        38,
        47,
        32,
        108,
        101,
        78,
        88,
        87,
        64,
        60,
        52,
        36,
        69,
        56,
        42,
        80,
        75,
        48,
        75,
        68,
        47,
        69,
        67,
        46,
        75,
        57,
        38,
        68,
        54,
        37,
        73,
        62,
        46,
        52,
        46,
        33,
        65,
        56,
        43,
        70,
        58,
        41
      ]
    },
    {
      "margin": false,
      "index": 7,
      "file": null,
      "u": 0.333333343,
      "v": 0.09375,
      "uw": 0.333333343,
      "vh": 0.270833343,
      "width": 554,
      "height": 554,
      "descriptor": [
        93,
        87,
        66,
        109,
        106,
        90,
        81,
        84,
        66,
        53,
        45,
        27,
        105,
        107,
        94,
        90,
        90,
        72,
        114,
        82,
        52,
        63,
        51,
        35,
        103,
        104,
        86,
        152,
        120,
        95,
        72,
        60,
        43,
        81,
        69,
        45,
        94,
        93,
        79,
        165,
        136,
        116,
        80,
        63,
        42,
        84,
        73,
        44
      ]
    },
    {
      "margin": false,
      "index": 8,
      "file": null,
      "u": 0.6666667,
      "v": 0.09375,
      "uw": 0.333333343,
      "vh": 0.270833343,
      "width": 554,
      "height": 554,
      "descriptor": [
        51,
        43,
        28,
        61,
        45,
        21,
        100,
        94,
        67,
        56,
        47,
        36,
        67,
        54,
        35,
        74,
        51,
        31,
        55,
        48,
        35,
        65,
        49,
        33,
        67,
        54,
        37,
        74,
        54,
        37,
        60,
        53,
        39,
        63,
        50,
        42,
        71,
        62,
        45,
        77,
        59,
        36,
        69,
        61,
        46,
        65,
        56,
        43
      ]
    },
    {
      "margin": false,
      "index": 9,
      "file": null,
      "u": 0.0,
      "v": 0.364583343,
      "uw": 0.333333343,
      "vh": 0.270833343,
      "width": 554,
      "height": 554,
      "descriptor": [
        78,
        74,
        53,
        65,
        57,
        47,
        67,
        56,
        31,
        65,
        54,
        40,
        71,
        64,
        43,
        73,
        63,
        42,
        71,
        63,
        47,
        155,
        159,
        137,
        58,
        55,
        43,
        54,
        44,
        29,
        68,
        59,
        50,
        137,
        140,
        121,
        63,
        52,
        39,
        50,
        52,
        36,
        116,
        123,
        108,
        125,
        119,
        99
      ]
    },
    {
      "margin": false,
      "index": 10,
      "file": null,
      "u": 0.333333343,
      "v": 0.364583343,
      "uw": 0.333333343,
      "vh": 0.270833343,
      "width": 554,
      "height": 554,
      "descriptor": [
        76,
        75,
        58,
        184,
        160,
        133,
        67,
        60,
        50,
        75,
        61,
        36,
        64,
        51,
        36,
        172,
        150,
        127,
        173,
        153,
        127,
        70,
        53,
        35,
        121,
        100,
        58,
        140,
        138,
        116,
        144,
        148,
        123,
        131,
        77,
        49,
        120,
        123,
        111,
        139,
        139,
        118,
        120,
        121,
        102,
        132,
        109,
        83
      ]
    },
    {
      "margin": false,
      "index": 11,
      "file": null,
      "u": 0.6666667,
      "v": 0.364583343,
      "uw": 0.333333343,
      "vh": 0.270833343,
      "width": 554,
      "height": 554,
      "descriptor": [
        73,
        61,
        40,
        68,
        56,
        42,
        61,
        56,
        46,
        52,
        39,
        26,
        59,
        65,
        56,
        67,
        57,
        39,
        60,
        55,
        45,
        61,
        52,
        38,
        153,
        155,
        134,
        65,
        53,
        38,
        56,
        50,
        37,
        51,
        46,
        28,
        152,
        129,
        100,
        141,
        130,
        114,
        63,
        55,
        45,
        55,
        45,
        31
      ]
    },
    {
      "margin": false,
      "index": 12,
      "file": null,
      "u": 0.0,
      "v": 0.6354167,
      "uw": 0.333333343,
      "vh": 0.270833343,
      "width": 554,
      "height": 554,
      "descriptor": [
        60,
        52,
        32,
        101,
        106,
        96,
        91,
        90,
        70,
        62,
        52,
        37,
        61,
        50,
        40,
        108,
        102,
        82,
        85,
        78,
        62,
        74,
        68,
        56,
        71,
        61,
        52,
        64,
        54,
        39,
        125,
        121,
        101,
        101,
        82,
        50,
        61,
        54,
        37,
        108,
        110,
        104,
        101,
        98,
        80,
        134,
        128,
        104
      ]
    },
    {
      "margin": false,
      "index": 13,
      "file": null,
      "u": 0.333333343,
      "v": 0.6354167,
      "uw": 0.333333343,
      "vh": 0.270833343,
      "width": 554,
      "height": 554,
      "descriptor": [
        64,
        58,
        49,
        66,
        45,
        26,
        101,
        98,
        83,
        73,
        58,
        44,
        116,
        115,
        95,
        56,
        48,
        36,
        105,
        103,
        86,
        72,
        71,
        53,
        129,
        124,
        103,
        65,
        53,
        38,
        60,
        52,
        40,
        72,
        61,
        33,
        58,
        52,
        37,
        131,
        129,
        108,
        136,
        131,
        105,
        85,
        77,
        63
      ]
    },
    {
      "margin": false,
      "index": 14,
      "file": null,
      "u": 0.6666667,
      "v": 0.6354167,
      "uw": 0.333333343,
      "vh": 0.270833343,
      "width": 554,
      "height": 554,
      "descriptor": [
        86,
        94,
        60,
        160,
        151,
        132,
        62,
        48,
        32,
        55,
        48,
        33,
        64,
        61,
        47,
        80,
        70,
        58,
        127,
        74,
        47,
        61,
        54,
        46,
        109,
        97,
        75,
        95,
        83,
        69,
        68,
        61,
        46,
        73,
        70,
        65,
        86,
        80,
        52,
        95,
        80,
        56,
        74,
        66,
        47,
        63,
        48,
        33
      ]
    }
  ],
  "margins": [
    {
      "margin": true,
      "index": 0,
      "file": null,
      "u": 0.0,
      "v": 0.0,
      "uw": 0.333333343,
      "vh": 0.09375,
      "width": 554,
      "height": 192,
      "descriptor": null
    },
    {
      "margin": true,
      "index": 1,